ssa10	LG19	18217491	18217567	ssa10_102674923_102675500.maf
ssa10	LG19	18217653	18217770	ssa10_102674923_102675500.maf
ssa10	LG19	18520952	18520979	ssa10_103089725_103089947.maf
ssa10	LG19	18637404	18637415	ssa10_103222388_103222842.maf
ssa10	LG19	18637626	18637641	ssa10_103222388_103222842.maf
ssa10	LG19	18655967	18656021	ssa10_103239962_103240933.maf
ssa10	LG19	18913076	18913102	ssa10_103626793_103627207.maf
ssa10	LG19	18913102	18913166	ssa10_103626793_103627207.maf
ssa10	LG19	4982137	4982163	ssa10_104211190_104212078.maf
ssa10	LG19	4982163	4982222	ssa10_104211190_104212078.maf
ssa10	LG19	4982364	4982448	ssa10_104211190_104212078.maf
ssa10	LG19	5372270	5372300	ssa10_104697639_104698655.maf
ssa10	LG19	5372323	5372347	ssa10_104697639_104698655.maf
ssa10	LG19	5372347	5372427	ssa10_104697639_104698655.maf
ssa10	LG19	5372427	5372443	ssa10_104697639_104698655.maf
ssa10	LG19	5372443	5372461	ssa10_104697639_104698655.maf
ssa10	LG19	5372472	5372501	ssa10_104697639_104698655.maf
ssa10	LG19	5372501	5372515	ssa10_104697639_104698655.maf
ssa10	LG19	5372852	5372892	ssa10_104697639_104698655.maf
ssa10	LG19	5372892	5372912	ssa10_104697639_104698655.maf
ssa10	LG19	5626171	5626210	ssa10_105116015_105116544.maf
ssa10	LG19	5731085	5731195	ssa10_105304933_105305487.maf
ssa10	LG19	5824000	5824017	ssa10_105433091_105433736.maf
ssa10	LG19	5920041	5920071	ssa10_105609514_105609984.maf
ssa10	LG08	7824925	7824956	ssa10_10612610_10613404.maf
ssa10	LG19	6269421	6269480	ssa10_106225352_106225752.maf
ssa10	LG19	6269480	6269513	ssa10_106225352_106225752.maf
ssa10	LG19	6269521	6269583	ssa10_106225352_106225752.maf
ssa10	LG19	6270871	6270901	ssa10_106226254_106227674.maf
ssa10	LG19	6270901	6270933	ssa10_106226254_106227674.maf
ssa10	LG19	6270933	6270964	ssa10_106226254_106227674.maf
ssa10	LG19	6554347	6554383	ssa10_106640803_106641397.maf
ssa10	LG19	6695674	6695686	ssa10_106845583_106846148.maf
ssa10	LG19	6695686	6695710	ssa10_106845583_106846148.maf
ssa10	LG19	6695715	6695791	ssa10_106845583_106846148.maf
ssa10	LG19	6695791	6695845	ssa10_106845583_106846148.maf
ssa10	LG19	6695861	6695896	ssa10_106845583_106846148.maf
ssa10	LG19	9282044	9282082	ssa10_107006243_107007207.maf
ssa10	LG19	9175422	9175495	ssa10_107208171_107209209.maf
ssa10	LG19	9175647	9175677	ssa10_107208171_107209209.maf
ssa10	LG19	9175677	9175716	ssa10_107208171_107209209.maf
ssa10	LG19	9175720	9175821	ssa10_107208171_107209209.maf
ssa10	LG19	8791453	8791552	ssa10_107949221_107950100.maf
ssa10	LG19	8764177	8764251	ssa10_108002576_108003178.maf
ssa10	LG19	8764251	8764281	ssa10_108002576_108003178.maf
ssa10	LG19	8530616	8530690	ssa10_108391536_108392375.maf
ssa10	LG19	8531211	8531301	ssa10_108391536_108392375.maf
ssa10	LG19	8502587	8502636	ssa10_108444072_108444624.maf
ssa10	LG19	8360763	8360774	ssa10_108708742_108709064.maf
ssa10	LG19	8360774	8360798	ssa10_108708742_108709064.maf
ssa10	LG19	8360798	8360832	ssa10_108708742_108709064.maf
ssa10	LG19	8360832	8360847	ssa10_108708742_108709064.maf
ssa10	LG19	8321149	8321160	ssa10_108765455_108766492.maf
ssa10	LG19	8321160	8321207	ssa10_108765455_108766492.maf
ssa10	LG19	8321207	8321219	ssa10_108765455_108766492.maf
ssa10	LG19	8321222	8321292	ssa10_108765455_108766492.maf
ssa10	LG08	2598733	2598796	ssa10_10895554_10896772.maf
ssa10	LG08	2598805	2598827	ssa10_10895554_10896772.maf
ssa10	LG08	2598836	2598859	ssa10_10895554_10896772.maf
ssa10	LG19	7921330	7921371	ssa10_109228494_109229358.maf
ssa10	LG19	7921385	7921400	ssa10_109228494_109229358.maf
ssa10	LG19	7921521	7921542	ssa10_109228494_109229358.maf
ssa10	LG19	7919535	7919546	ssa10_109234923_109235682.maf
ssa10	LG19	7919570	7919603	ssa10_109234923_109235682.maf
ssa10	LG08	2565177	2565262	ssa10_10928674_10928923.maf
ssa10	LG19	7869167	7869270	ssa10_109345441_109345920.maf
ssa10	LG19	7869311	7869322	ssa10_109345441_109345920.maf
ssa10	LG19	7777214	7777259	ssa10_109431787_109433197.maf
ssa10	LG19	7777280	7777301	ssa10_109431787_109433197.maf
ssa10	LG19	7777970	7777986	ssa10_109431787_109433197.maf
ssa10	LG19	7777986	7777998	ssa10_109431787_109433197.maf
ssa10	LG19	7560342	7560431	ssa10_109821685_109822516.maf
ssa10	LG08	2492440	2492525	ssa10_11005801_11006100.maf
ssa10	LG08	2492580	2492593	ssa10_11005801_11006100.maf
ssa10	LG08	2492593	2492612	ssa10_11005801_11006100.maf
ssa10	LG08	2492612	2492627	ssa10_11005801_11006100.maf
ssa10	LG08	2492627	2492719	ssa10_11005801_11006100.maf
ssa10	LG08	2469404	2469445	ssa10_11028411_11029451.maf
ssa10	LG08	2469846	2469910	ssa10_11028411_11029451.maf
ssa10	LG08	2469927	2469980	ssa10_11028411_11029451.maf
ssa10	LG08	2469980	2469990	ssa10_11028411_11029451.maf
ssa10	LG19	7340809	7340881	ssa10_110337947_110339250.maf
ssa10	LG19	7341561	7341609	ssa10_110337947_110339250.maf
ssa10	LG19	7341609	7341639	ssa10_110337947_110339250.maf
ssa10	LG19	7324765	7324832	ssa10_110408461_110408914.maf
ssa10	LG19	7324875	7324942	ssa10_110408461_110408914.maf
ssa10	LG19	7273999	7274077	ssa10_110495952_110496681.maf
ssa10	LG19	7274120	7274200	ssa10_110495952_110496681.maf
ssa10	LG19	7274201	7274230	ssa10_110495952_110496681.maf
ssa10	LG19	7074903	7074917	ssa10_110847715_110848277.maf
ssa10	LG19	7074921	7074974	ssa10_110847715_110848277.maf
ssa10	LG19	7075065	7075138	ssa10_110847715_110848277.maf
ssa10	LG19	7075138	7075167	ssa10_110847715_110848277.maf
ssa10	LG08	2408530	2408548	ssa10_11112403_11113447.maf
ssa10	LG08	2408548	2408609	ssa10_11112403_11113447.maf
ssa10	LG19	9574811	9574839	ssa10_111731271_111731693.maf
ssa10	LG19	9574839	9574893	ssa10_111731271_111731693.maf
ssa10	LG19	9607338	9607384	ssa10_111787617_111788166.maf
ssa10	LG19	9607412	9607444	ssa10_111787617_111788166.maf
ssa10	LG19	9637158	9637183	ssa10_111846744_111847080.maf
ssa10	LG19	9637183	9637218	ssa10_111846744_111847080.maf
ssa10	LG19	9637335	9637386	ssa10_111848744_111849096.maf
ssa10	LG19	9637386	9637400	ssa10_111848744_111849096.maf
ssa10	LG19	9637401	9637412	ssa10_111848744_111849096.maf
ssa10	LG19	9637514	9637534	ssa10_111848744_111849096.maf
ssa10	LG19	9688542	9688619	ssa10_111950220_111951200.maf
ssa10	LG19	9761755	9761789	ssa10_112092351_112092733.maf
ssa10	LG19	9773438	9773454	ssa10_112108243_112108805.maf
ssa10	LG19	9773454	9773482	ssa10_112108243_112108805.maf
ssa10	LG19	9773560	9773591	ssa10_112108243_112108805.maf
ssa10	LG19	9773597	9773614	ssa10_112108243_112108805.maf
ssa10	LG19	9828734	9828784	ssa10_112196425_112198077.maf
ssa10	LG19	9828784	9828838	ssa10_112196425_112198077.maf
ssa10	LG19	9828838	9828854	ssa10_112196425_112198077.maf
ssa10	LG19	9829247	9829266	ssa10_112196425_112198077.maf
ssa10	LG19	9829266	9829307	ssa10_112196425_112198077.maf
ssa10	LG19	9829307	9829317	ssa10_112196425_112198077.maf
ssa10	LG19	9829551	9829582	ssa10_112196425_112198077.maf
ssa10	LG19	9829582	9829713	ssa10_112196425_112198077.maf
ssa10	LG19	9830062	9830128	ssa10_112196425_112198077.maf
ssa10	LG19	9830128	9830251	ssa10_112196425_112198077.maf
ssa10	LG19	9920693	9920705	ssa10_112357006_112357973.maf
ssa10	LG19	9920754	9920817	ssa10_112357006_112357973.maf
ssa10	LG19	9920817	9920827	ssa10_112357006_112357973.maf
ssa10	LG19	9940389	9940405	ssa10_112375440_112376085.maf
ssa10	LG19	9943133	9943149	ssa10_112380914_112381331.maf
ssa10	LG19	10152526	10152554	ssa10_112689797_112690429.maf
ssa10	LG19	10152561	10152623	ssa10_112689797_112690429.maf
ssa10	LG19	10245791	10245833	ssa10_112764805_112765622.maf
ssa10	LG19	10797569	10797599	ssa10_113583660_113584408.maf
ssa10	LG19	10797600	10797615	ssa10_113583660_113584408.maf
ssa10	LG19	10797615	10797631	ssa10_113583660_113584408.maf
ssa10	LG19	10797767	10797796	ssa10_113583660_113584408.maf
ssa10	LG19	10797808	10797819	ssa10_113583660_113584408.maf
ssa10	LG19	10797841	10797998	ssa10_113583660_113584408.maf
ssa10	LG19	10797998	10798019	ssa10_113583660_113584408.maf
ssa10	LG19	11808588	11808859	ssa10_114990376_114991516.maf
ssa10	LG19	11820822	11820875	ssa10_115016506_115017077.maf
ssa10	LG19	12175414	12175453	ssa10_115879972_115881330.maf
ssa10	LG19	12175698	12175741	ssa10_115879972_115881330.maf
ssa10	LG19	12331630	12331665	ssa10_116189694_116190974.maf
ssa10	LG19	12331667	12331780	ssa10_116189694_116190974.maf
ssa10	LG19	12332747	12332759	ssa10_116189694_116190974.maf
ssa10	LG19	12332759	12332932	ssa10_116189694_116190974.maf
ssa10	LG19	12332932	12332943	ssa10_116189694_116190974.maf
ssa10	LG19	12333867	12333878	ssa10_116192107_116193073.maf
ssa10	LG19	12333878	12334006	ssa10_116192107_116193073.maf
ssa10	LG19	12725752	12725874	ssa10_116854521_116854977.maf
ssa10	LG19	12733611	12733658	ssa10_116868969_116869258.maf
ssa10	LG19	12733658	12733746	ssa10_116868969_116869258.maf
ssa10	LG19	13287163	13287212	ssa10_117824711_117825346.maf
ssa10	LG19	13296214	13296326	ssa10_117836035_117836518.maf
ssa10	LG19	13296332	13296401	ssa10_117836035_117836518.maf
ssa10	LG19	13296405	13296428	ssa10_117836035_117836518.maf
ssa10	LG19	13296574	13296598	ssa10_117836035_117836518.maf
ssa10	LG19	13467447	13467515	ssa10_118141817_118142351.maf
ssa10	LG19	14060397	14060479	ssa10_119149891_119151516.maf
ssa10	LG19	14301053	14301080	ssa10_119695638_119696271.maf
ssa10	LG19	14365753	14365776	ssa10_119821712_119822257.maf
ssa10	LG19	14367313	14367353	ssa10_119821712_119822257.maf
ssa10	LG19	14367353	14367365	ssa10_119821712_119822257.maf
ssa10	LG19	14367556	14367636	ssa10_119821712_119822257.maf
ssa10	LG19	14370073	14370091	ssa10_119866630_119867158.maf
ssa10	LG19	14370091	14370104	ssa10_119866630_119867158.maf
ssa10	LG19	14370104	14370122	ssa10_119866630_119867158.maf
ssa10	LG19	14370153	14370206	ssa10_119866630_119867158.maf
ssa10	LG19	14370206	14370275	ssa10_119866630_119867158.maf
ssa10	LG19	14993227	14993240	ssa10_120191314_120191986.maf
ssa10	LG19	14993245	14993256	ssa10_120191314_120191986.maf
ssa10	LG19	14993295	14993316	ssa10_120191314_120191986.maf
ssa10	LG19	14993316	14993368	ssa10_120191314_120191986.maf
ssa10	LG19	14983058	14983074	ssa10_120201215_120201729.maf
ssa10	LG19	14983074	14983086	ssa10_120201215_120201729.maf
ssa10	LG19	14983086	14983114	ssa10_120201215_120201729.maf
ssa10	LG19	14983122	14983139	ssa10_120201215_120201729.maf
ssa10	LG19	14983140	14983157	ssa10_120201215_120201729.maf
ssa10	LG08	1796547	1796596	ssa10_12036693_12037905.maf
ssa10	LG08	1796596	1796608	ssa10_12036693_12037905.maf
ssa10	LG19	14775921	14775993	ssa10_120520350_120520787.maf
ssa10	LG08	1773280	1773339	ssa10_12070743_12071998.maf
ssa10	LG08	1773427	1773450	ssa10_12070743_12071998.maf
ssa10	LG08	1773587	1773636	ssa10_12070743_12071998.maf
ssa10	LG08	1773637	1773648	ssa10_12070743_12071998.maf
ssa10	LG08	1774270	1774312	ssa10_12070743_12071998.maf
ssa10	LG08	1774412	1774437	ssa10_12070743_12071998.maf
ssa10	LG19	14660878	14660912	ssa10_120756491_120757234.maf
ssa10	LG19	14660917	14660979	ssa10_120756491_120757234.maf
ssa10	LG19	14658984	14658995	ssa10_120758908_120759522.maf
ssa10	LG19	14658995	14659018	ssa10_120758908_120759522.maf
ssa10	LG19	14659018	14659030	ssa10_120758908_120759522.maf
ssa10	LG19	14659030	14659092	ssa10_120758908_120759522.maf
ssa10	LG19	14659092	14659160	ssa10_120758908_120759522.maf
ssa10	LG19	14659160	14659176	ssa10_120758908_120759522.maf
ssa10	LG19	14659176	14659188	ssa10_120758908_120759522.maf
ssa10	LG19	14659188	14659320	ssa10_120758908_120759522.maf
ssa10	LG08	1740742	1740765	ssa10_12108546_12109569.maf
ssa10	LG08	1740823	1740837	ssa10_12108546_12109569.maf
ssa10	LG08	1740837	1740882	ssa10_12108546_12109569.maf
ssa10	LG08	1740893	1740925	ssa10_12108546_12109569.maf
ssa10	LG08	1740925	1740982	ssa10_12108546_12109569.maf
ssa10	LG08	1741041	1741131	ssa10_12108546_12109569.maf
ssa10	LG08	1741215	1741243	ssa10_12108546_12109569.maf
ssa10	LG08	1741243	1741334	ssa10_12108546_12109569.maf
ssa10	LG08	1741334	1741349	ssa10_12108546_12109569.maf
ssa10	LG08	1741507	1741573	ssa10_12108546_12109569.maf
ssa10	LG19	15259662	15259677	ssa10_121546949_121547197.maf
ssa10	LG19	15259677	15259713	ssa10_121546949_121547197.maf
ssa10	LG08	1694987	1694997	ssa10_12157407_12158259.maf
ssa10	LG08	1694997	1695020	ssa10_12157407_12158259.maf
ssa10	LG08	1695223	1695259	ssa10_12157407_12158259.maf
ssa10	LG19	4352430	4352451	ssa10_122613490_122614239.maf
ssa10	LG19	4352460	4352503	ssa10_122613490_122614239.maf
ssa10	LG19	4352503	4352543	ssa10_122613490_122614239.maf
ssa10	LG19	2621192	2621223	ssa10_123777294_123777544.maf
ssa10	LG19	2621223	2621252	ssa10_123777294_123777544.maf
ssa10	LG19	2621260	2621270	ssa10_123777294_123777544.maf
ssa10	LG19	2621692	2621722	ssa10_123777873_123779077.maf
ssa10	LG19	2621725	2621770	ssa10_123777873_123779077.maf
ssa10	LG08	1532636	1532670	ssa10_12390396_12390700.maf
ssa10	LG19	2783994	2784004	ssa10_124133199_124133531.maf
ssa10	LG19	2784019	2784071	ssa10_124133199_124133531.maf
ssa10	LG19	2784109	2784120	ssa10_124133199_124133531.maf
ssa10	LG19	3089923	3089995	ssa10_124665478_124665797.maf
ssa10	LG19	3089995	3090008	ssa10_124665478_124665797.maf
ssa10	LG08	1163149	1163170	ssa10_12920828_12922210.maf
ssa10	LG08	1163170	1163181	ssa10_12920828_12922210.maf
ssa10	LG08	1163181	1163274	ssa10_12920828_12922210.maf
ssa10	LG08	1163832	1163885	ssa10_12920828_12922210.maf
ssa10	LG08	9354916	9354926	ssa10_13884749_13885375.maf
ssa10	LG08	9354935	9354995	ssa10_13884749_13885375.maf
ssa10	LG08	9296571	9296600	ssa10_14023409_14023642.maf
ssa10	LG08	9244446	9244536	ssa10_14109734_14111476.maf
ssa10	LG08	9244674	9244728	ssa10_14109734_14111476.maf
ssa10	LG08	9244728	9244760	ssa10_14109734_14111476.maf
ssa10	LG08	9192648	9192854	ssa10_14156466_14157435.maf
ssa10	LG08	9192896	9192935	ssa10_14156466_14157435.maf
ssa10	LG08	9192935	9192955	ssa10_14156466_14157435.maf
ssa10	LG08	9137739	9137751	ssa10_14213799_14214286.maf
ssa10	LG08	9137751	9137795	ssa10_14213799_14214286.maf
ssa10	LG08	9137795	9137890	ssa10_14213799_14214286.maf
ssa10	LG08	9105074	9105084	ssa10_14252104_14252596.maf
ssa10	LG08	9105084	9105133	ssa10_14252104_14252596.maf
ssa10	LG08	9105198	9105218	ssa10_14252104_14252596.maf
ssa10	LG08	9100294	9100317	ssa10_14259185_14259992.maf
ssa10	LG08	8639037	8639199	ssa10_14879982_14880919.maf
ssa10	LG08	8639239	8639251	ssa10_14879982_14880919.maf
ssa10	LG08	8639251	8639280	ssa10_14879982_14880919.maf
ssa10	LG08	8625127	8625185	ssa10_14895731_14896438.maf
ssa10	LG08	8625202	8625226	ssa10_14895731_14896438.maf
ssa10	LG08	8625263	8625333	ssa10_14895731_14896438.maf
ssa10	LG08	8494344	8494374	ssa10_15111965_15112174.maf
ssa10	LG08	8489618	8489639	ssa10_15118066_15118246.maf
ssa10	LG08	8420842	8420913	ssa10_15211098_15211393.maf
ssa10	LG08	7978279	7978383	ssa10_15924771_15925951.maf
ssa10	LG08	7975668	7975693	ssa10_15927980_15928830.maf
ssa10	LG08	7975693	7975749	ssa10_15927980_15928830.maf
ssa10	LG08	7933622	7933700	ssa10_16008994_16010051.maf
ssa10	LG08	2921136	2921200	ssa10_16351978_16353212.maf
ssa10	LG08	3026936	3026980	ssa10_16473749_16475254.maf
ssa10	LG08	3027114	3027131	ssa10_16473749_16475254.maf
ssa10	LG08	3027131	3027141	ssa10_16473749_16475254.maf
ssa10	LG08	3027148	3027159	ssa10_16473749_16475254.maf
ssa10	LG08	3100585	3100670	ssa10_16625997_16627025.maf
ssa10	LG08	3101062	3101116	ssa10_16625997_16627025.maf
ssa10	LG08	3219232	3219270	ssa10_16874509_16875806.maf
ssa10	LG08	3219270	3219304	ssa10_16874509_16875806.maf
ssa10	LG08	3219636	3219647	ssa10_16874509_16875806.maf
ssa10	LG08	3219647	3219671	ssa10_16874509_16875806.maf
ssa10	LG08	3219671	3219720	ssa10_16874509_16875806.maf
ssa10	LG08	3220018	3220085	ssa10_16874509_16875806.maf
ssa10	LG08	3221390	3221401	ssa10_16879536_16880084.maf
ssa10	LG08	3221426	3221437	ssa10_16879536_16880084.maf
ssa10	LG08	3232636	3232696	ssa10_16908939_16909197.maf
ssa10	LG08	3232700	3232771	ssa10_16908939_16909197.maf
ssa10	LG08	3590282	3590354	ssa10_17354869_17355324.maf
ssa10	LG08	3590409	3590458	ssa10_17354869_17355324.maf
ssa10	LG08	9922177	9922234	ssa10_17980929_17982005.maf
ssa10	LG08	9922252	9922395	ssa10_17980929_17982005.maf
ssa10	LG08	9922400	9922438	ssa10_17980929_17982005.maf
ssa10	LG08	9922438	9922450	ssa10_17980929_17982005.maf
ssa10	LG08	9922451	9922461	ssa10_17980929_17982005.maf
ssa10	LG08	9923626	9923783	ssa10_17980929_17982005.maf
ssa10	LG08	10366083	10366141	ssa10_18628742_18629711.maf
ssa10	LG08	10366150	10366250	ssa10_18628742_18629711.maf
ssa10	LG08	10366376	10366449	ssa10_18628742_18629711.maf
ssa10	LG08	10366455	10366551	ssa10_18628742_18629711.maf
ssa10	LG08	10366551	10366625	ssa10_18628742_18629711.maf
ssa10	LG08	10398285	10398298	ssa10_18669339_18669678.maf
ssa10	LG08	10398298	10398310	ssa10_18669339_18669678.maf
ssa10	LG08	10402991	10403014	ssa10_18670624_18671062.maf
ssa10	LG08	10403461	10403574	ssa10_18671387_18671935.maf
ssa10	LG08	11059687	11059704	ssa10_19750989_19751282.maf
ssa10	LG08	11059711	11059734	ssa10_19750989_19751282.maf
ssa10	LG08	11269601	11269667	ssa10_20094842_20095547.maf
ssa10	LG08	11269674	11269704	ssa10_20094842_20095547.maf
ssa10	LG08	11269706	11269721	ssa10_20094842_20095547.maf
ssa10	LG08	11568127	11568154	ssa10_20537463_20538067.maf
ssa10	LG08	11568154	11568192	ssa10_20537463_20538067.maf
ssa10	LG08	11746839	11746887	ssa10_20772013_20772388.maf
ssa10	LG08	11757769	11757863	ssa10_20787831_20788326.maf
ssa10	LG08	11757863	11757940	ssa10_20787831_20788326.maf
ssa10	LG08	11757940	11758044	ssa10_20787831_20788326.maf
ssa10	LG08	11769418	11769522	ssa10_20798783_20799548.maf
ssa10	LG08	11798027	11798096	ssa10_20830423_20830759.maf
ssa10	LG08	11798096	11798124	ssa10_20830423_20830759.maf
ssa10	LG08	11798124	11798156	ssa10_20830423_20830759.maf
ssa10	LG08	11798156	11798178	ssa10_20830423_20830759.maf
ssa10	LG08	11798178	11798216	ssa10_20830423_20830759.maf
ssa10	LG08	11799565	11799593	ssa10_20831231_20831730.maf
ssa10	LG08	11799593	11799633	ssa10_20831231_20831730.maf
ssa10	LG08	11813126	11813172	ssa10_20852713_20852989.maf
ssa10	LG08	11813186	11813207	ssa10_20852713_20852989.maf
ssa10	LG08	11813207	11813226	ssa10_20852713_20852989.maf
ssa10	LG08	11813226	11813237	ssa10_20852713_20852989.maf
ssa10	LG08	12068314	12068437	ssa10_21223017_21223655.maf
ssa10	LG08	12075524	12075641	ssa10_21233552_21233898.maf
ssa10	LG08	12176936	12176985	ssa10_21390478_21391890.maf
ssa10	LG08	12177001	12177018	ssa10_21390478_21391890.maf
ssa10	LG08	12177181	12177202	ssa10_21390478_21391890.maf
ssa10	LG08	12177221	12177239	ssa10_21390478_21391890.maf
ssa10	LG08	12177268	12177349	ssa10_21390478_21391890.maf
ssa10	LG08	12177352	12177368	ssa10_21390478_21391890.maf
ssa10	LG08	12177383	12177399	ssa10_21390478_21391890.maf
ssa10	LG08	12240849	12240871	ssa10_21466786_21467482.maf
ssa10	LG08	12240871	12240888	ssa10_21466786_21467482.maf
ssa10	LG08	12240888	12241020	ssa10_21466786_21467482.maf
ssa10	LG08	12241020	12241070	ssa10_21466786_21467482.maf
ssa10	LG08	12241076	12241115	ssa10_21466786_21467482.maf
ssa10	LG08	12241129	12241141	ssa10_21466786_21467482.maf
ssa10	LG08	12262938	12262969	ssa10_21491505_21491737.maf
ssa10	LG08	12278790	12278803	ssa10_21505527_21505919.maf
ssa10	LG08	12278803	12278830	ssa10_21505527_21505919.maf
ssa10	LG08	12282866	12282876	ssa10_21508858_21509189.maf
ssa10	LG08	12283055	12283082	ssa10_21508858_21509189.maf
ssa10	LG08	12283098	12283206	ssa10_21508858_21509189.maf
ssa10	LG08	12313525	12313693	ssa10_21540759_21541950.maf
ssa10	LG08	12315777	12315824	ssa10_21543330_21543877.maf
ssa10	LG08	12342599	12342643	ssa10_21570117_21570706.maf
ssa10	LG08	12342699	12342709	ssa10_21570117_21570706.maf
ssa10	LG08	12393710	12393799	ssa10_21638237_21638899.maf
ssa10	LG08	12398693	12398703	ssa10_21644987_21645612.maf
ssa10	LG08	12398703	12398714	ssa10_21644987_21645612.maf
ssa10	LG08	12398714	12398762	ssa10_21644987_21645612.maf
ssa10	LG08	12398834	12398846	ssa10_21644987_21645612.maf
ssa10	LG08	12398878	12398931	ssa10_21644987_21645612.maf
ssa10	LG08	12645791	12645803	ssa10_21921635_21921826.maf
ssa10	LG08	12645803	12645851	ssa10_21921635_21921826.maf
ssa10	LG08	12646819	12646849	ssa10_21922640_21923135.maf
ssa10	LG08	12647126	12647178	ssa10_21922640_21923135.maf
ssa10	LG08	12647196	12647208	ssa10_21922640_21923135.maf
ssa10	LG08	12647208	12647282	ssa10_21922640_21923135.maf
ssa10	LG08	12661232	12661268	ssa10_21949314_21949640.maf
ssa10	LG08	12661335	12661347	ssa10_21949314_21949640.maf
ssa10	LG08	12661408	12661418	ssa10_21949314_21949640.maf
ssa10	LG08	13030832	13030873	ssa10_22399849_22401018.maf
ssa10	LG08	13031212	13031224	ssa10_22399849_22401018.maf
ssa10	LG08	13031224	13031264	ssa10_22399849_22401018.maf
ssa10	LG08	13031264	13031293	ssa10_22399849_22401018.maf
ssa10	LG08	13119785	13119802	ssa10_22544059_22544881.maf
ssa10	LG08	13119837	13119863	ssa10_22544059_22544881.maf
ssa10	LG08	13119863	13119948	ssa10_22544059_22544881.maf
ssa10	LG08	13121852	13121942	ssa10_22556988_22557674.maf
ssa10	LG08	13124641	13124668	ssa10_22567103_22567879.maf
ssa10	LG08	13124722	13124810	ssa10_22567103_22567879.maf
ssa10	LG08	13309274	13309327	ssa10_22739129_22740213.maf
ssa10	LG08	13309357	13309392	ssa10_22739129_22740213.maf
ssa10	LG08	13309684	13309703	ssa10_22739129_22740213.maf
ssa10	LG08	13309703	13309741	ssa10_22739129_22740213.maf
ssa10	LG08	13309742	13309786	ssa10_22739129_22740213.maf
ssa10	LG08	13317677	13317700	ssa10_22752093_22752582.maf
ssa10	LG08	13317790	13317876	ssa10_22752093_22752582.maf
ssa10	LG08	13337286	13337320	ssa10_22810599_22811057.maf
ssa10	LG08	13337320	13337332	ssa10_22810599_22811057.maf
ssa10	LG08	13567484	13567511	ssa10_23093989_23095240.maf
ssa10	LG08	13567579	13567658	ssa10_23093989_23095240.maf
ssa10	LG08	13567662	13567677	ssa10_23093989_23095240.maf
ssa10	LG08	13567991	13568158	ssa10_23093989_23095240.maf
ssa10	LG08	13568357	13568390	ssa10_23093989_23095240.maf
ssa10	LG08	13650603	13650650	ssa10_23255697_23256227.maf
ssa10	LG08	13650650	13650723	ssa10_23255697_23256227.maf
ssa10	LG08	13653056	13653081	ssa10_23261523_23261941.maf
ssa10	LG08	13783444	13783468	ssa10_23441525_23442173.maf
ssa10	LG08	13783468	13783489	ssa10_23441525_23442173.maf
ssa10	LG08	13783489	13783504	ssa10_23441525_23442173.maf
ssa10	LG08	13783504	13783523	ssa10_23441525_23442173.maf
ssa10	LG08	13783527	13783537	ssa10_23441525_23442173.maf
ssa10	LG08	13850784	13850818	ssa10_23517141_23517383.maf
ssa10	LG08	13915866	13915891	ssa10_23621713_23622871.maf
ssa10	LG08	13915896	13915951	ssa10_23621713_23622871.maf
ssa10	LG08	13926245	13926258	ssa10_23649214_23649673.maf
ssa10	LG08	13935473	13935525	ssa10_23656231_23656613.maf
ssa10	LG08	13935525	13935541	ssa10_23656231_23656613.maf
ssa10	LG08	14008299	14008316	ssa10_23733659_23734821.maf
ssa10	LG08	14008316	14008331	ssa10_23733659_23734821.maf
ssa10	LG08	14008331	14008355	ssa10_23733659_23734821.maf
ssa10	LG08	14008434	14008446	ssa10_23733659_23734821.maf
ssa10	LG08	14008617	14008640	ssa10_23733659_23734821.maf
ssa10	LG08	14015640	14015698	ssa10_23737084_23737405.maf
ssa10	LG08	14015698	14015709	ssa10_23737084_23737405.maf
ssa10	LG08	14080962	14081000	ssa10_23839410_23840185.maf
ssa10	LG08	14166945	14166991	ssa10_23928455_23929099.maf
ssa10	LG08	14166991	14167005	ssa10_23928455_23929099.maf
ssa10	LG08	14169685	14169700	ssa10_23929184_23929826.maf
ssa10	LG08	14169700	14169772	ssa10_23929184_23929826.maf
ssa10	LG08	14169979	14170016	ssa10_23929184_23929826.maf
ssa10	LG08	14170016	14170034	ssa10_23929184_23929826.maf
ssa10	LG08	14396214	14396227	ssa10_24208555_24209266.maf
ssa10	LG08	14396239	14396269	ssa10_24208555_24209266.maf
ssa10	LG08	14396285	14396298	ssa10_24208555_24209266.maf
ssa10	LG08	14396350	14396415	ssa10_24208555_24209266.maf
ssa10	LG08	14497488	14497499	ssa10_24344667_24345162.maf
ssa10	LG08	14497499	14497543	ssa10_24344667_24345162.maf
ssa10	LG08	14497551	14497561	ssa10_24344667_24345162.maf
ssa10	LG08	14497584	14497595	ssa10_24344667_24345162.maf
ssa10	LG08	14501629	14501666	ssa10_24355537_24356903.maf
ssa10	LG08	14502005	14502057	ssa10_24355537_24356903.maf
ssa10	LG08	14502222	14502252	ssa10_24355537_24356903.maf
ssa10	LG08	14502253	14502264	ssa10_24355537_24356903.maf
ssa10	LG08	14537982	14538016	ssa10_24427607_24428069.maf
ssa10	LG08	14538042	14538066	ssa10_24427607_24428069.maf
ssa10	LG08	14588233	14588259	ssa10_24506577_24507103.maf
ssa10	LG08	14588259	14588286	ssa10_24506577_24507103.maf
ssa10	LG08	14588456	14588469	ssa10_24506577_24507103.maf
ssa10	LG08	14588469	14588483	ssa10_24506577_24507103.maf
ssa10	LG08	14693244	14693255	ssa10_24651678_24652207.maf
ssa10	LG08	14693255	14693265	ssa10_24651678_24652207.maf
ssa10	LG08	14693675	14693810	ssa10_24652539_24653067.maf
ssa10	LG08	14693810	14693841	ssa10_24652539_24653067.maf
ssa10	LG08	14693860	14693872	ssa10_24652539_24653067.maf
ssa10	LG08	14693900	14693921	ssa10_24652539_24653067.maf
ssa10	LG08	14765824	14765885	ssa10_24714840_24715712.maf
ssa10	LG08	14978094	14978153	ssa10_24930866_24931193.maf
ssa10	LG08	14978493	14978509	ssa10_24930866_24931193.maf
ssa10	LG08	14978531	14978585	ssa10_24930866_24931193.maf
ssa10	LG08	14978585	14978607	ssa10_24930866_24931193.maf
ssa10	LG08	15666401	15666417	ssa10_25967558_25968234.maf
ssa10	LG08	15666449	15666462	ssa10_25967558_25968234.maf
ssa10	LG08	15666472	15666482	ssa10_25967558_25968234.maf
ssa10	LG08	15925093	15925173	ssa10_26212771_26213827.maf
ssa10	LG08	15926866	15926924	ssa10_26215063_26215679.maf
ssa10	LG08	19194512	19194572	ssa10_26385917_26386270.maf
ssa10	LG08	19194572	19194605	ssa10_26385917_26386270.maf
ssa10	LG08	19193372	19193440	ssa10_26387657_26387956.maf
ssa10	LG08	19117834	19117887	ssa10_26476875_26478237.maf
ssa10	LG08	19117887	19117927	ssa10_26476875_26478237.maf
ssa10	LG08	19117927	19117939	ssa10_26476875_26478237.maf
ssa10	LG08	18906721	18906749	ssa10_26817232_26817638.maf
ssa10	LG08	18906753	18906769	ssa10_26817232_26817638.maf
ssa10	LG08	18610977	18611040	ssa10_27057356_27057718.maf
ssa10	LG08	18561054	18561078	ssa10_27097951_27098614.maf
ssa10	LG08	17002862	17002912	ssa10_29007147_29008100.maf
ssa10	LG08	17003300	17003361	ssa10_29007147_29008100.maf
ssa10	LG08	16683615	16683631	ssa10_29349469_29349706.maf
ssa10	LG08	16683631	16683693	ssa10_29349469_29349706.maf
ssa10	LG08	16644198	16644224	ssa10_29409061_29410100.maf
ssa10	LG08	16644224	16644248	ssa10_29409061_29410100.maf
ssa10	LG08	16644250	16644276	ssa10_29409061_29410100.maf
ssa10	LG08	16644386	16644405	ssa10_29409061_29410100.maf
ssa10	LG08	16644405	16644425	ssa10_29409061_29410100.maf
ssa10	LG08	16644425	16644453	ssa10_29409061_29410100.maf
ssa10	LG08	16475974	16476009	ssa10_29568871_29569130.maf
ssa10	LG08	19261061	19261135	ssa10_29962376_29963405.maf
ssa10	LG08	19354432	19354498	ssa10_30107374_30107764.maf
ssa10	LG08	19608893	19608961	ssa10_30419712_30420029.maf
ssa10	LG08	19989652	19989677	ssa10_31139171_31139689.maf
ssa10	LG08	19989728	19989751	ssa10_31139171_31139689.maf
ssa10	LG08	20237755	20237768	ssa10_31483672_31484834.maf
ssa10	LG08	20268862	20268945	ssa10_31529016_31529693.maf
ssa10	LG08	20268945	20268967	ssa10_31529016_31529693.maf
ssa10	LG08	20617438	20617464	ssa10_32062614_32063663.maf
ssa10	LG08	20617464	20617522	ssa10_32062614_32063663.maf
ssa10	LG08	20927973	20927992	ssa10_32512719_32513522.maf
ssa10	LG08	20927992	20928007	ssa10_32512719_32513522.maf
ssa10	LG08	20928518	20928594	ssa10_32512719_32513522.maf
ssa10	LG08	20947625	20947693	ssa10_32537609_32538252.maf
ssa10	LG08	20947873	20947908	ssa10_32537609_32538252.maf
ssa10	LG08	20947908	20947927	ssa10_32537609_32538252.maf
ssa10	LG08	21314385	21314445	ssa10_33085818_33086323.maf
ssa10	LG08	21773130	21773161	ssa10_33775441_33776065.maf
ssa10	LG08	21773161	21773196	ssa10_33775441_33776065.maf
ssa10	LG08	21773196	21773210	ssa10_33775441_33776065.maf
ssa10	LG08	21835494	21835527	ssa10_33874414_33875098.maf
ssa10	LG08	21905206	21905217	ssa10_33976308_33976751.maf
ssa10	LG08	21905217	21905232	ssa10_33976308_33976751.maf
ssa10	LG08	22355064	22355107	ssa10_34599095_34600108.maf
ssa10	LG08	22355107	22355135	ssa10_34599095_34600108.maf
ssa10	LG08	22355135	22355156	ssa10_34599095_34600108.maf
ssa10	LG08	22355159	22355170	ssa10_34599095_34600108.maf
ssa10	LG08	22355448	22355460	ssa10_34599095_34600108.maf
ssa10	LG08	22355506	22355570	ssa10_34599095_34600108.maf
ssa10	LG08	22355624	22355646	ssa10_34599095_34600108.maf
ssa10	LG08	22355671	22355682	ssa10_34599095_34600108.maf
ssa10	LG08	23112475	23112502	ssa10_35318288_35318801.maf
ssa10	LG08	23112524	23112551	ssa10_35318288_35318801.maf
ssa10	LG08	23112551	23112567	ssa10_35318288_35318801.maf
ssa10	LG08	23414545	23414611	ssa10_35704123_35704806.maf
ssa10	LG08	23414932	23414944	ssa10_35704123_35704806.maf
ssa10	LG08	23414944	23414982	ssa10_35704123_35704806.maf
ssa10	LG08	23414982	23415006	ssa10_35704123_35704806.maf
ssa10	LG08	23546902	23547051	ssa10_35881521_35882702.maf
ssa10	LG08	23547051	23547083	ssa10_35881521_35882702.maf
ssa10	LG08	23547083	23547133	ssa10_35881521_35882702.maf
ssa10	LG08	23547286	23547334	ssa10_35881521_35882702.maf
ssa10	LG08	23547818	23547837	ssa10_35881521_35882702.maf
ssa10	LG08	23547837	23547930	ssa10_35881521_35882702.maf
ssa10	LG08	23618911	23618984	ssa10_35965283_35965754.maf
ssa10	LG08	23618984	23619098	ssa10_35965283_35965754.maf
ssa10	LG08	23619098	23619226	ssa10_35965283_35965754.maf
ssa10	LG08	23619226	23619266	ssa10_35965283_35965754.maf
ssa10	LG08	23675096	23675158	ssa10_36054037_36054889.maf
ssa10	LG08	23729015	23729051	ssa10_36154723_36155156.maf
ssa10	LG08	24342965	24343000	ssa10_37257112_37258115.maf
ssa10	LG08	24343000	24343018	ssa10_37257112_37258115.maf
ssa10	LG08	24343112	24343177	ssa10_37257112_37258115.maf
ssa10	LG08	24343177	24343203	ssa10_37257112_37258115.maf
ssa10	LG08	25139592	25139631	ssa10_38229633_38230243.maf
ssa10	LG08	25139631	25139666	ssa10_38229633_38230243.maf
ssa10	LG08	26017755	26017769	ssa10_39687814_39688683.maf
ssa10	LG08	26018023	26018044	ssa10_39687814_39688683.maf
ssa10	LG08	26018044	26018082	ssa10_39687814_39688683.maf
ssa10	LG08	26018082	26018094	ssa10_39687814_39688683.maf
ssa10	LG08	26018916	26018943	ssa10_39687814_39688683.maf
ssa10	LG08	26018943	26018954	ssa10_39687814_39688683.maf
ssa10	LG08	26040281	26040429	ssa10_39712752_39713180.maf
ssa10	LG08	26622893	26622937	ssa10_40667958_40668563.maf
ssa10	LG08	26622937	26622963	ssa10_40667958_40668563.maf
ssa10	LG08	26921613	26921750	ssa10_41147329_41147710.maf
ssa10	LG08	26958260	26958294	ssa10_41209778_41210664.maf
ssa10	LG08	26958294	26958366	ssa10_41209778_41210664.maf
ssa10	LG08	26958366	26958385	ssa10_41209778_41210664.maf
ssa10	LG08	27014297	27014326	ssa10_41279647_41280050.maf
ssa10	LG08	27014326	27014401	ssa10_41279647_41280050.maf
ssa10	LG08	27020556	27020583	ssa10_41289252_41289660.maf
ssa10	LG08	6200084	6200096	ssa10_4163422_4164522.maf
ssa10	LG08	6200096	6200113	ssa10_4163422_4164522.maf
ssa10	LG08	6200198	6200227	ssa10_4163422_4164522.maf
ssa10	LG08	6200227	6200249	ssa10_4163422_4164522.maf
ssa10	LG08	6200283	6200305	ssa10_4163422_4164522.maf
ssa10	LG08	6200503	6200519	ssa10_4163422_4164522.maf
ssa10	LG08	27809595	27809616	ssa10_42731521_42732125.maf
ssa10	LG08	27809629	27809656	ssa10_42731521_42732125.maf
ssa10	LG08	27809656	27809709	ssa10_42731521_42732125.maf
ssa10	LG08	28137676	28137715	ssa10_43168789_43169765.maf
ssa10	LG08	28137715	28137732	ssa10_43168789_43169765.maf
ssa10	LG08	28807473	28807493	ssa10_44484363_44484930.maf
ssa10	LG08	28807493	28807536	ssa10_44484363_44484930.maf
ssa10	LG08	28807536	28807547	ssa10_44484363_44484930.maf
ssa10	LG08	28807547	28807563	ssa10_44484363_44484930.maf
ssa10	LG08	28807660	28807673	ssa10_44484363_44484930.maf
ssa10	LG08	28841864	28841925	ssa10_44538667_44539394.maf
ssa10	LG08	28841925	28841935	ssa10_44538667_44539394.maf
ssa10	LG08	28843981	28844082	ssa10_44544066_44545024.maf
ssa10	LG08	28854614	28854633	ssa10_44565017_44565472.maf
ssa10	LG08	28854635	28854687	ssa10_44565017_44565472.maf
ssa10	LG08	28854687	28854741	ssa10_44565017_44565472.maf
ssa10	LG08	28854741	28854752	ssa10_44565017_44565472.maf
ssa10	LG08	28854755	28854839	ssa10_44565017_44565472.maf
ssa10	LG08	28854930	28854964	ssa10_44565017_44565472.maf
ssa10	LG08	28862540	28862600	ssa10_44575366_44575793.maf
ssa10	LG08	28862600	28862620	ssa10_44575366_44575793.maf
ssa10	LG08	28944467	28944516	ssa10_44684665_44685745.maf
ssa10	LG08	28944524	28944551	ssa10_44684665_44685745.maf
ssa10	LG08	28944581	28944632	ssa10_44684665_44685745.maf
ssa10	LG08	28944632	28944666	ssa10_44684665_44685745.maf
ssa10	LG08	28967234	28967251	ssa10_44737673_44738166.maf
ssa10	LG08	28967251	28967318	ssa10_44737673_44738166.maf
ssa10	LG08	28967318	28967336	ssa10_44737673_44738166.maf
ssa10	LG08	29092401	29092422	ssa10_44948655_44949092.maf
ssa10	LG08	29092422	29092438	ssa10_44948655_44949092.maf
ssa10	LG08	29112727	29112759	ssa10_44976105_44977127.maf
ssa10	LG08	29112759	29112885	ssa10_44976105_44977127.maf
ssa10	LG08	29112885	29112902	ssa10_44976105_44977127.maf
ssa10	LG08	29378941	29378982	ssa10_45409947_45410495.maf
ssa10	LG08	29378989	29379011	ssa10_45409947_45410495.maf
ssa10	LG08	29579604	29579659	ssa10_45961784_45962598.maf
ssa10	LG08	29688735	29688771	ssa10_46237533_46238522.maf
ssa10	LG08	29689093	29689128	ssa10_46237533_46238522.maf
ssa10	LG08	29689128	29689140	ssa10_46237533_46238522.maf
ssa10	LG08	29998979	29999014	ssa10_46872776_46873280.maf
ssa10	LG08	30078023	30078105	ssa10_47024806_47025655.maf
ssa10	LG08	30078105	30078117	ssa10_47024806_47025655.maf
ssa10	LG08	30078117	30078129	ssa10_47024806_47025655.maf
ssa10	LG08	30078129	30078141	ssa10_47024806_47025655.maf
ssa10	LG08	30375740	30375763	ssa10_47609077_47610133.maf
ssa10	LG08	30375763	30375773	ssa10_47609077_47610133.maf
ssa10	LG08	30457765	30457830	ssa10_47775497_47776067.maf
ssa10	LG08	30465233	30465253	ssa10_47781420_47781563.maf
ssa10	LG08	30465258	30465298	ssa10_47781420_47781563.maf
ssa10	LG08	30537156	30537218	ssa10_47903882_47904339.maf
ssa10	LG08	32191084	32191124	ssa10_49932977_49933273.maf
ssa10	LG08	32191124	32191143	ssa10_49932977_49933273.maf
ssa10	LG08	32191143	32191196	ssa10_49932977_49933273.maf
ssa10	LG08	32206929	32206955	ssa10_49979088_49979822.maf
ssa10	LG08	33064621	33064691	ssa10_51178209_51178852.maf
ssa10	LG08	33066920	33067015	ssa10_51211853_51212255.maf
ssa10	LG08	33514466	33514534	ssa10_52208895_52209333.maf
ssa10	LG08	33482711	33482736	ssa10_52285448_52286100.maf
ssa10	LG08	33482736	33482804	ssa10_52285448_52286100.maf
ssa10	LG08	5414093	5414111	ssa10_55914177_55915089.maf
ssa10	LG08	5350460	5350526	ssa10_56067043_56067801.maf
ssa10	LG08	5286544	5286572	ssa10_56249468_56250688.maf
ssa10	LG08	5269247	5269312	ssa10_56389485_56390424.maf
ssa10	LG08	5250590	5250618	ssa10_56422327_56423149.maf
ssa10	LG08	5033052	5033082	ssa10_57017361_57018611.maf
ssa10	LG08	4976285	4976300	ssa10_57208708_57210247.maf
ssa10	LG08	4911386	4911408	ssa10_57395424_57396332.maf
ssa10	LG08	4911691	4911807	ssa10_57395424_57396332.maf
ssa10	LG08	4885925	4885965	ssa10_57472493_57473062.maf
ssa10	LG08	4885965	4886004	ssa10_57472493_57473062.maf
ssa10	LG08	4808819	4808869	ssa10_57963571_57964498.maf
ssa10	LG08	4726178	4726189	ssa10_58472507_58473064.maf
ssa10	LG08	4726218	4726325	ssa10_58472507_58473064.maf
ssa10	LG08	4726334	4726361	ssa10_58472507_58473064.maf
ssa10	LG19	37926190	37926270	ssa10_72668377_72668810.maf
ssa10	LG19	37919271	37919317	ssa10_72671502_72672355.maf
ssa10	LG19	37919318	37919363	ssa10_72671502_72672355.maf
ssa10	LG19	37910455	37910513	ssa10_72683868_72684685.maf
ssa10	LG19	37901421	37901481	ssa10_72691202_72692110.maf
ssa10	LG19	37891183	37891196	ssa10_72711232_72711932.maf
ssa10	LG19	37891196	37891210	ssa10_72711232_72711932.maf
ssa10	LG19	37790192	37790258	ssa10_72912593_72913847.maf
ssa10	LG19	37790784	37790806	ssa10_72912593_72913847.maf
ssa10	LG19	37790806	37790857	ssa10_72912593_72913847.maf
ssa10	LG19	37790925	37790993	ssa10_72912593_72913847.maf
ssa10	LG19	37790993	37791023	ssa10_72912593_72913847.maf
ssa10	LG19	37791260	37791346	ssa10_72912593_72913847.maf
ssa10	LG19	37714816	37714831	ssa10_73033579_73034440.maf
ssa10	LG19	37714832	37714884	ssa10_73033579_73034440.maf
ssa10	LG19	37596211	37596265	ssa10_73191302_73191982.maf
ssa10	LG19	37596265	37596278	ssa10_73191302_73191982.maf
ssa10	LG19	37557324	37557423	ssa10_73222711_73223576.maf
ssa10	LG19	37179788	37179800	ssa10_73750659_73750977.maf
ssa10	LG19	37179800	37179848	ssa10_73750659_73750977.maf
ssa10	LG19	37179853	37179863	ssa10_73750659_73750977.maf
ssa10	LG19	36849191	36849201	ssa10_73957638_73958058.maf
ssa10	LG19	36572087	36572114	ssa10_74394698_74395286.maf
ssa10	LG19	35698157	35698173	ssa10_75286616_75287234.maf
ssa10	LG19	35632536	35632584	ssa10_75352826_75353092.maf
ssa10	LG19	35616424	35616475	ssa10_75372232_75373381.maf
ssa10	LG19	35616475	35616495	ssa10_75372232_75373381.maf
ssa10	LG19	35601376	35601386	ssa10_75405097_75405545.maf
ssa10	LG19	35601386	35601484	ssa10_75405097_75405545.maf
ssa10	LG19	35555932	35555947	ssa10_75459219_75459732.maf
ssa10	LG19	35555947	35556023	ssa10_75459219_75459732.maf
ssa10	LG19	32759847	32759873	ssa10_78814769_78815499.maf
ssa10	LG19	32743925	32743950	ssa10_78825152_78825615.maf
ssa10	LG19	32102546	32102633	ssa10_79705514_79706242.maf
ssa10	LG19	32025708	32025771	ssa10_79781582_79781989.maf
ssa10	LG19	31669605	31669615	ssa10_80171306_80171718.maf
ssa10	LG19	31669615	31669635	ssa10_80171306_80171718.maf
ssa10	LG19	31669684	31669776	ssa10_80171306_80171718.maf
ssa10	LG19	31669784	31669797	ssa10_80171306_80171718.maf
ssa10	LG19	31669806	31669827	ssa10_80171306_80171718.maf
ssa10	LG19	31645945	31645969	ssa10_80196807_80197328.maf
ssa10	LG19	31645969	31645995	ssa10_80196807_80197328.maf
ssa10	LG19	31646074	31646104	ssa10_80196807_80197328.maf
ssa10	LG19	31551147	31551234	ssa10_80372719_80372906.maf
ssa10	LG19	31520636	31520649	ssa10_80405060_80405616.maf
ssa10	LG19	31520785	31520800	ssa10_80405060_80405616.maf
ssa10	LG19	31497832	31497844	ssa10_80425166_80426458.maf
ssa10	LG19	31498003	31498028	ssa10_80425166_80426458.maf
ssa10	LG19	31498028	31498095	ssa10_80425166_80426458.maf
ssa10	LG19	31484571	31484650	ssa10_80444856_80445214.maf
ssa10	LG19	31484660	31484671	ssa10_80444856_80445214.maf
ssa10	LG19	31220310	31220334	ssa10_80683235_80684423.maf
ssa10	LG19	31165428	31165506	ssa10_80725893_80726280.maf
ssa10	LG19	31059712	31059812	ssa10_80932384_80932969.maf
ssa10	LG19	30983347	30983360	ssa10_81084054_81084865.maf
ssa10	LG19	30983360	30983410	ssa10_81084054_81084865.maf
ssa10	LG19	30973651	30973676	ssa10_81105332_81106079.maf
ssa10	LG19	30973676	30973764	ssa10_81105332_81106079.maf
ssa10	LG19	30973850	30973860	ssa10_81105332_81106079.maf
ssa10	LG19	30974613	30974631	ssa10_81105332_81106079.maf
ssa10	LG19	30974631	30974751	ssa10_81105332_81106079.maf
ssa10	LG19	30938593	30938634	ssa10_81149412_81150365.maf
ssa10	LG19	30938634	30938649	ssa10_81149412_81150365.maf
ssa10	LG19	30938649	30938691	ssa10_81149412_81150365.maf
ssa10	LG19	30938691	30938724	ssa10_81149412_81150365.maf
ssa10	LG19	30939005	30939056	ssa10_81149412_81150365.maf
ssa10	LG19	30926613	30926624	ssa10_81162865_81163636.maf
ssa10	LG19	30918002	30918043	ssa10_81185560_81186504.maf
ssa10	LG19	30918043	30918054	ssa10_81185560_81186504.maf
ssa10	LG19	30912258	30912273	ssa10_81197325_81197647.maf
ssa10	LG19	30886146	30886168	ssa10_81222607_81223576.maf
ssa10	LG19	30886168	30886180	ssa10_81222607_81223576.maf
ssa10	LG19	30886180	30886285	ssa10_81222607_81223576.maf
ssa10	LG19	30887002	30887028	ssa10_81222607_81223576.maf
ssa10	LG19	30887142	30887293	ssa10_81222607_81223576.maf
ssa10	LG19	30887293	30887306	ssa10_81222607_81223576.maf
ssa10	LG19	30688688	30688712	ssa10_81482795_81483184.maf
ssa10	LG19	30425271	30425352	ssa10_81847746_81848612.maf
ssa10	LG19	30425443	30425524	ssa10_81847746_81848612.maf
ssa10	LG19	30425524	30425564	ssa10_81847746_81848612.maf
ssa10	LG19	29902371	29902454	ssa10_82456724_82456984.maf
ssa10	LG19	29885617	29885640	ssa10_82492232_82492710.maf
ssa10	LG19	29552724	29552770	ssa10_82873295_82873821.maf
ssa10	LG19	29552770	29552807	ssa10_82873295_82873821.maf
ssa10	LG19	29372295	29372401	ssa10_83058625_83059157.maf
ssa10	LG19	29372485	29372505	ssa10_83058625_83059157.maf
ssa10	LG19	29372505	29372679	ssa10_83058625_83059157.maf
ssa10	LG19	29370150	29370178	ssa10_83059914_83060485.maf
ssa10	LG19	29173271	29173299	ssa10_83250412_83250900.maf
ssa10	LG19	29173308	29173401	ssa10_83250412_83250900.maf
ssa10	LG19	29150425	29150488	ssa10_83280624_83281077.maf
ssa10	LG19	28560148	28560166	ssa10_84077368_84078185.maf
ssa10	LG19	28561454	28561484	ssa10_84077368_84078185.maf
ssa10	LG19	28561484	28561498	ssa10_84077368_84078185.maf
ssa10	LG19	28561498	28561559	ssa10_84077368_84078185.maf
ssa10	LG19	28561679	28561708	ssa10_84077368_84078185.maf
ssa10	LG19	28561716	28561749	ssa10_84077368_84078185.maf
ssa10	LG19	28123475	28123623	ssa10_84769084_84769727.maf
ssa10	LG19	28117895	28117957	ssa10_84775095_84775275.maf
ssa10	LG19	27786978	27786995	ssa10_85221580_85221983.maf
ssa10	LG19	27787003	27787042	ssa10_85221580_85221983.maf
ssa10	LG19	27026028	27026052	ssa10_86195784_86196029.maf
ssa10	LG19	26950595	26950666	ssa10_86290474_86291585.maf
ssa10	LG19	26950666	26950678	ssa10_86290474_86291585.maf
ssa10	LG19	26950678	26950697	ssa10_86290474_86291585.maf
ssa10	LG19	26951306	26951342	ssa10_86290474_86291585.maf
ssa10	LG19	26898435	26898445	ssa10_86346416_86346809.maf
ssa10	LG19	26898457	26898540	ssa10_86346416_86346809.maf
ssa10	LG19	26742399	26742414	ssa10_86513326_86514272.maf
ssa10	LG19	26742421	26742433	ssa10_86513326_86514272.maf
ssa10	LG19	26743644	26743679	ssa10_86513326_86514272.maf
ssa10	LG19	26743679	26743724	ssa10_86513326_86514272.maf
ssa10	LG19	26457864	26457876	ssa10_86881470_86882019.maf
ssa10	LG19	26457876	26457922	ssa10_86881470_86882019.maf
ssa10	LG19	25965489	25965526	ssa10_87554395_87555325.maf
ssa10	LG19	25965526	25965543	ssa10_87554395_87555325.maf
ssa10	LG19	25965543	25965574	ssa10_87554395_87555325.maf
ssa10	LG19	25965941	25965979	ssa10_87554395_87555325.maf
ssa10	LG19	25961214	25961226	ssa10_87559684_87559926.maf
ssa10	LG19	25494051	25494158	ssa10_88412495_88413078.maf
ssa10	LG19	25090520	25090555	ssa10_88886325_88886505.maf
ssa10	LG19	25090560	25090579	ssa10_88886325_88886505.maf
ssa10	LG19	25045431	25045560	ssa10_88935002_88936350.maf
ssa10	LG19	25045567	25045594	ssa10_88935002_88936350.maf
ssa10	LG19	25045594	25045683	ssa10_88935002_88936350.maf
ssa10	LG19	24902770	24902780	ssa10_89034294_89034935.maf
ssa10	LG19	24902780	24902844	ssa10_89034294_89034935.maf
ssa10	LG19	24902844	24902997	ssa10_89034294_89034935.maf
ssa10	LG19	24419035	24419171	ssa10_89446624_89447250.maf
ssa10	LG19	24419171	24419191	ssa10_89446624_89447250.maf
ssa10	LG19	24419235	24419245	ssa10_89446624_89447250.maf
ssa10	LG19	24383678	24383775	ssa10_89457429_89458094.maf
ssa10	LG19	24287248	24287419	ssa10_89537990_89538437.maf
ssa10	LG19	24287423	24287439	ssa10_89537990_89538437.maf
ssa10	LG19	23643953	23643978	ssa10_90233563_90233714.maf
ssa10	LG19	23574804	23574819	ssa10_90545046_90545618.maf
ssa10	LG19	23574829	23574918	ssa10_90545046_90545618.maf
ssa10	LG19	23574918	23574941	ssa10_90545046_90545618.maf
ssa10	LG19	23336258	23336314	ssa10_90763489_90763737.maf
ssa10	LG08	6886959	6887074	ssa10_9087842_9089816.maf
ssa10	LG08	6887074	6887128	ssa10_9087842_9089816.maf
ssa10	LG08	6887129	6887173	ssa10_9087842_9089816.maf
ssa10	LG08	6887173	6887188	ssa10_9087842_9089816.maf
ssa10	LG19	23160568	23160598	ssa10_91001301_91001671.maf
ssa10	LG19	23160598	23160660	ssa10_91001301_91001671.maf
ssa10	LG19	23160690	23160795	ssa10_91001301_91001671.maf
ssa10	LG19	23055883	23055899	ssa10_91175777_91176596.maf
ssa10	LG19	23055899	23055919	ssa10_91175777_91176596.maf
ssa10	LG19	23055919	23056002	ssa10_91175777_91176596.maf
ssa10	LG19	23056029	23056060	ssa10_91175777_91176596.maf
ssa10	LG19	23050266	23050309	ssa10_91188291_91188508.maf
ssa10	LG19	22907483	22907494	ssa10_91312467_91313191.maf
ssa10	LG19	22907499	22907616	ssa10_91312467_91313191.maf
ssa10	LG19	22907632	22907643	ssa10_91312467_91313191.maf
ssa10	LG08	6919695	6919752	ssa10_9131706_9132117.maf
ssa10	LG08	6919752	6919775	ssa10_9131706_9132117.maf
ssa10	LG08	6941183	6941200	ssa10_9164791_9165212.maf
ssa10	LG08	6941395	6941415	ssa10_9164791_9165212.maf
ssa10	LG08	6941432	6941444	ssa10_9164791_9165212.maf
ssa10	LG08	6941923	6941933	ssa10_9165659_9166144.maf
ssa10	LG08	6941947	6941977	ssa10_9165659_9166144.maf
ssa10	LG19	22533430	22533482	ssa10_91773209_91773615.maf
ssa10	LG19	22533567	22533647	ssa10_91773209_91773615.maf
ssa10	LG19	22525785	22525917	ssa10_91787558_91788042.maf
ssa10	LG19	22424649	22424678	ssa10_91921009_91921601.maf
ssa10	LG19	22424678	22424698	ssa10_91921009_91921601.maf
ssa10	LG19	22424728	22424766	ssa10_91921009_91921601.maf
ssa10	LG19	22411732	22411765	ssa10_91934818_91936134.maf
ssa10	LG19	22411765	22411793	ssa10_91934818_91936134.maf
ssa10	LG19	22349906	22349952	ssa10_92025675_92026242.maf
ssa10	LG19	22349952	22349963	ssa10_92025675_92026242.maf
ssa10	LG19	22323452	22323464	ssa10_92059712_92060162.maf
ssa10	LG19	22250036	22250102	ssa10_92176367_92176836.maf
ssa10	LG19	22250103	22250118	ssa10_92176367_92176836.maf
ssa10	LG19	22250118	22250170	ssa10_92176367_92176836.maf
ssa10	LG19	22025566	22025590	ssa10_92496939_92498303.maf
ssa10	LG19	22025596	22025616	ssa10_92496939_92498303.maf
ssa10	LG19	21998122	21998157	ssa10_92520018_92520397.maf
ssa10	LG19	21998157	21998230	ssa10_92520018_92520397.maf
ssa10	LG19	21996340	21996404	ssa10_92523129_92523672.maf
ssa10	LG19	21781267	21781294	ssa10_92867747_92868779.maf
ssa10	LG19	21781294	21781345	ssa10_92867747_92868779.maf
ssa10	LG19	21708684	21708827	ssa10_92950664_92951196.maf
ssa10	LG19	21658207	21658302	ssa10_93033336_93034167.maf
ssa10	LG08	7083561	7083576	ssa10_9497908_9498766.maf
ssa10	LG08	7407783	7407807	ssa10_9719607_9720161.maf
ssa10	LG08	7511672	7511741	ssa10_9926141_9927139.maf
ssa11	LG07	10189545	10189563	ssa11_102176820_102177872.maf
ssa11	LG07	10189567	10189641	ssa11_102176820_102177872.maf
ssa11	LG07	10929331	10929366	ssa11_102659446_102660990.maf
ssa11	LG02	28343276	28343329	ssa11_10399764_10400008.maf
ssa11	LG07	12484149	12484196	ssa11_105134809_105135535.maf
ssa11	LG07	12484295	12484317	ssa11_105134809_105135535.maf
ssa11	LG07	12484317	12484330	ssa11_105134809_105135535.maf
ssa11	LG07	12496533	12496544	ssa11_105178534_105180842.maf
ssa11	LG07	12496544	12496566	ssa11_105178534_105180842.maf
ssa11	LG07	12496757	12496803	ssa11_105178534_105180842.maf
ssa11	LG07	12496803	12496824	ssa11_105178534_105180842.maf
ssa11	LG07	13233619	13233720	ssa11_106712326_106713428.maf
ssa11	LG07	1298031	1298068	ssa11_108813609_108814539.maf
ssa11	LG07	1298068	1298078	ssa11_108813609_108814539.maf
ssa11	LG07	1298267	1298277	ssa11_108813609_108814539.maf
ssa11	LG07	1298277	1298314	ssa11_108813609_108814539.maf
ssa11	LG07	1505631	1505681	ssa11_109039650_109040644.maf
ssa11	LG07	1514754	1514830	ssa11_109095060_109096187.maf
ssa11	LG07	1514830	1514883	ssa11_109095060_109096187.maf
ssa11	LG02	30050686	30050809	ssa11_11711258_11711911.maf
ssa11	LG02	30050809	30050858	ssa11_11711258_11711911.maf
ssa11	LG02	30050858	30050875	ssa11_11711258_11711911.maf
ssa11	LG02	30090227	30090243	ssa11_11719584_11719925.maf
ssa11	LG02	30090245	30090259	ssa11_11719584_11719925.maf
ssa11	LG02	30419342	30419368	ssa11_12012254_12014345.maf
ssa11	LG02	31067712	31067822	ssa11_12474796_12475634.maf
ssa11	LG02	31492829	31492965	ssa11_12855856_12856908.maf
ssa11	LG02	31493025	31493040	ssa11_12855856_12856908.maf
ssa11	LG02	31493417	31493462	ssa11_12855856_12856908.maf
ssa11	LG02	31621542	31621562	ssa11_12970872_12971474.maf
ssa11	LG02	31621562	31621590	ssa11_12970872_12971474.maf
ssa11	LG02	31621590	31621603	ssa11_12970872_12971474.maf
ssa11	LG02	31621709	31621736	ssa11_12970872_12971474.maf
ssa11	LG02	31622155	31622166	ssa11_12970872_12971474.maf
ssa11	LG02	31631064	31631088	ssa11_12981335_12982015.maf
ssa11	LG02	31631229	31631240	ssa11_12981335_12982015.maf
ssa11	LG02	31631240	31631260	ssa11_12981335_12982015.maf
ssa11	LG02	31631282	31631306	ssa11_12981335_12982015.maf
ssa11	LG02	31631308	31631383	ssa11_12981335_12982015.maf
ssa11	LG02	31686832	31686847	ssa11_13052355_13052621.maf
ssa11	LG02	31686868	31686878	ssa11_13052355_13052621.maf
ssa11	LG02	31686906	31686917	ssa11_13052355_13052621.maf
ssa11	LG02	31701091	31701142	ssa11_13067843_13068715.maf
ssa11	LG02	31737393	31737406	ssa11_13109138_13109483.maf
ssa11	LG02	31737424	31737480	ssa11_13109138_13109483.maf
ssa11	LG02	31887618	31887635	ssa11_13354404_13354810.maf
ssa11	LG02	31887643	31887740	ssa11_13354404_13354810.maf
ssa11	LG02	32825236	32825306	ssa11_14300632_14300919.maf
ssa11	LG02	27989128	27989189	ssa11_15089743_15090213.maf
ssa11	LG02	27893981	27894063	ssa11_15180995_15181453.maf
ssa11	LG02	27894063	27894135	ssa11_15180995_15181453.maf
ssa11	LG02	27894140	27894153	ssa11_15180995_15181453.maf
ssa11	LG02	27828073	27828089	ssa11_15298634_15298938.maf
ssa11	LG02	27828130	27828198	ssa11_15298634_15298938.maf
ssa11	LG02	27828239	27828257	ssa11_15298634_15298938.maf
ssa11	LG02	27777162	27777174	ssa11_15365660_15365917.maf
ssa11	LG02	27777176	27777222	ssa11_15365660_15365917.maf
ssa11	LG02	27777258	27777273	ssa11_15365660_15365917.maf
ssa11	LG02	27738644	27738663	ssa11_15418278_15418820.maf
ssa11	LG02	27733105	27733132	ssa11_15425249_15425915.maf
ssa11	LG02	27733147	27733181	ssa11_15425249_15425915.maf
ssa11	LG02	27733181	27733198	ssa11_15425249_15425915.maf
ssa11	LG15	33652620	33652745	ssa11_1569868_1570622.maf
ssa11	LG15	33652745	33652768	ssa11_1569868_1570622.maf
ssa11	LG15	33652806	33652867	ssa11_1569868_1570622.maf
ssa11	LG02	27072627	27072641	ssa11_16178236_16178813.maf
ssa11	LG02	27072641	27072723	ssa11_16178236_16178813.maf
ssa11	LG02	27009223	27009298	ssa11_16247378_16247896.maf
ssa11	LG02	26717528	26717603	ssa11_16514429_16515029.maf
ssa11	LG02	26717609	26717687	ssa11_16514429_16515029.maf
ssa11	LG02	26270732	26270805	ssa11_16966533_16966940.maf
ssa11	LG02	26270805	26270854	ssa11_16966533_16966940.maf
ssa11	LG02	26270854	26270875	ssa11_16966533_16966940.maf
ssa11	LG02	26270875	26270888	ssa11_16966533_16966940.maf
ssa11	LG02	25907226	25907238	ssa11_17306791_17307392.maf
ssa11	LG02	25907238	25907285	ssa11_17306791_17307392.maf
ssa11	LG02	25907285	25907299	ssa11_17306791_17307392.maf
ssa11	LG02	25907299	25907348	ssa11_17306791_17307392.maf
ssa11	LG02	25902699	25902711	ssa11_17311226_17311950.maf
ssa11	LG02	25902711	25902819	ssa11_17311226_17311950.maf
ssa11	LG02	25588460	25588470	ssa11_17659414_17659735.maf
ssa11	LG02	25570224	25570253	ssa11_17672956_17673288.maf
ssa11	LG02	25540639	25540651	ssa11_17709332_17709701.maf
ssa11	LG02	25540651	25540686	ssa11_17709332_17709701.maf
ssa11	LG02	25540686	25540700	ssa11_17709332_17709701.maf
ssa11	LG02	25540700	25540714	ssa11_17709332_17709701.maf
ssa11	LG02	25484826	25484887	ssa11_17767170_17767509.maf
ssa11	LG02	25484894	25484951	ssa11_17767170_17767509.maf
ssa11	LG02	25392513	25392533	ssa11_17865813_17866032.maf
ssa11	LG02	25392541	25392610	ssa11_17865813_17866032.maf
ssa11	LG02	25392651	25392669	ssa11_17865813_17866032.maf
ssa11	LG02	25388266	25388365	ssa11_17868590_17869042.maf
ssa11	LG02	24814227	24814312	ssa11_18283260_18283937.maf
ssa11	LG02	24814347	24814549	ssa11_18283260_18283937.maf
ssa11	LG02	24814577	24814706	ssa11_18283260_18283937.maf
ssa11	LG02	24665364	24665418	ssa11_18564839_18565290.maf
ssa11	LG02	24665425	24665480	ssa11_18564839_18565290.maf
ssa11	LG02	24665488	24665569	ssa11_18564839_18565290.maf
ssa11	LG02	24665569	24665621	ssa11_18564839_18565290.maf
ssa11	LG15	33372501	33372530	ssa11_1916405_1916810.maf
ssa11	LG15	33372533	33372591	ssa11_1916405_1916810.maf
ssa11	LG02	23607826	23607848	ssa11_19492183_19493426.maf
ssa11	LG02	23607852	23607864	ssa11_19492183_19493426.maf
ssa11	LG02	23607873	23607888	ssa11_19492183_19493426.maf
ssa11	LG02	23608115	23608176	ssa11_19492183_19493426.maf
ssa11	LG02	23608201	23608330	ssa11_19492183_19493426.maf
ssa11	LG02	23608368	23608379	ssa11_19492183_19493426.maf
ssa11	LG02	23586706	23586786	ssa11_19517127_19517428.maf
ssa11	LG02	23586786	23586797	ssa11_19517127_19517428.maf
ssa11	LG15	33268187	33268243	ssa11_2021321_2021994.maf
ssa11	LG15	33268243	33268267	ssa11_2021321_2021994.maf
ssa11	LG02	22584807	22584914	ssa11_20581258_20581514.maf
ssa11	LG02	22326633	22326690	ssa11_20842625_20843321.maf
ssa11	LG02	20922502	20922515	ssa11_22590952_22591774.maf
ssa11	LG02	20922515	20922529	ssa11_22590952_22591774.maf
ssa11	LG02	20922529	20922561	ssa11_22590952_22591774.maf
ssa11	LG02	20855678	20855705	ssa11_22698656_22699053.maf
ssa11	LG02	20855705	20855761	ssa11_22698656_22699053.maf
ssa11	LG02	20595336	20595352	ssa11_22943832_22944468.maf
ssa11	LG02	20462110	20462166	ssa11_23072419_23073029.maf
ssa11	LG02	20462175	20462198	ssa11_23072419_23073029.maf
ssa11	LG02	20462262	20462289	ssa11_23072419_23073029.maf
ssa11	LG02	20462289	20462300	ssa11_23072419_23073029.maf
ssa11	LG02	20341807	20341819	ssa11_23181704_23182161.maf
ssa11	LG02	20321097	20321130	ssa11_23212992_23213633.maf
ssa11	LG02	20321373	20321472	ssa11_23212992_23213633.maf
ssa11	LG02	20274399	20274411	ssa11_23284241_23284994.maf
ssa11	LG02	20274418	20274517	ssa11_23284241_23284994.maf
ssa11	LG02	20274517	20274534	ssa11_23284241_23284994.maf
ssa11	LG02	20263731	20263753	ssa11_23291165_23291435.maf
ssa11	LG02	20263753	20263890	ssa11_23291165_23291435.maf
ssa11	LG02	20263890	20263921	ssa11_23291165_23291435.maf
ssa11	LG02	18341005	18341025	ssa11_25539408_25540286.maf
ssa11	LG02	18337317	18337370	ssa11_25544065_25544894.maf
ssa11	LG02	18337370	18337401	ssa11_25544065_25544894.maf
ssa11	LG02	18337401	18337432	ssa11_25544065_25544894.maf
ssa11	LG02	18337432	18337442	ssa11_25544065_25544894.maf
ssa11	LG02	18337452	18337479	ssa11_25544065_25544894.maf
ssa11	LG02	18337547	18337621	ssa11_25544065_25544894.maf
ssa11	LG02	18337628	18337752	ssa11_25544065_25544894.maf
ssa11	LG02	18337752	18337823	ssa11_25544065_25544894.maf
ssa11	LG02	18337823	18337909	ssa11_25544065_25544894.maf
ssa11	LG02	18173434	18173447	ssa11_25660563_25661295.maf
ssa11	LG02	18164978	18165006	ssa11_25666537_25666833.maf
ssa11	LG02	18153234	18153244	ssa11_25669217_25669544.maf
ssa11	LG02	18060228	18060251	ssa11_25735489_25735947.maf
ssa11	LG02	18060447	18060572	ssa11_25735489_25735947.maf
ssa11	LG02	18060572	18060593	ssa11_25735489_25735947.maf
ssa11	LG02	17322881	17322900	ssa11_26466544_26467130.maf
ssa11	LG02	17322900	17322929	ssa11_26466544_26467130.maf
ssa11	LG02	17322929	17322970	ssa11_26466544_26467130.maf
ssa11	LG02	17322988	17323004	ssa11_26466544_26467130.maf
ssa11	LG02	17323076	17323092	ssa11_26466544_26467130.maf
ssa11	LG02	16875283	16875354	ssa11_26951151_26952093.maf
ssa11	LG02	16875354	16875364	ssa11_26951151_26952093.maf
ssa11	LG02	16875364	16875385	ssa11_26951151_26952093.maf
ssa11	LG02	16875385	16875659	ssa11_26951151_26952093.maf
ssa11	LG02	16875659	16875711	ssa11_26951151_26952093.maf
ssa11	LG02	16649774	16649867	ssa11_27130371_27130818.maf
ssa11	LG02	15903325	15903335	ssa11_27846604_27847896.maf
ssa11	LG02	15903347	15903409	ssa11_27846604_27847896.maf
ssa11	LG02	15903477	15903509	ssa11_27846604_27847896.maf
ssa11	LG02	15630606	15630700	ssa11_28132464_28133543.maf
ssa11	LG02	15630700	15630760	ssa11_28132464_28133543.maf
ssa11	LG02	15630760	15630781	ssa11_28132464_28133543.maf
ssa11	LG02	15550053	15550159	ssa11_28238866_28239448.maf
ssa11	LG02	15550159	15550189	ssa11_28238866_28239448.maf
ssa11	LG02	15318766	15318777	ssa11_28711452_28712033.maf
ssa11	LG02	15318783	15318866	ssa11_28711452_28712033.maf
ssa11	LG02	15318866	15318922	ssa11_28711452_28712033.maf
ssa11	LG02	15319030	15319044	ssa11_28711452_28712033.maf
ssa11	LG02	15319107	15319137	ssa11_28711452_28712033.maf
ssa11	LG02	15081996	15082018	ssa11_28909792_28910122.maf
ssa11	LG02	15082018	15082033	ssa11_28909792_28910122.maf
ssa11	LG02	15082033	15082141	ssa11_28909792_28910122.maf
ssa11	LG02	14909323	14909434	ssa11_29156364_29156969.maf
ssa11	LG02	14586837	14586876	ssa11_29566474_29567114.maf
ssa11	LG02	14586893	14586910	ssa11_29566474_29567114.maf
ssa11	LG02	14586910	14586938	ssa11_29566474_29567114.maf
ssa11	LG02	14048030	14048178	ssa11_30195290_30196127.maf
ssa11	LG02	14048178	14048191	ssa11_30195290_30196127.maf
ssa11	LG02	14048191	14048206	ssa11_30195290_30196127.maf
ssa11	LG02	13624801	13624848	ssa11_30745708_30745932.maf
ssa11	LG02	13470047	13470164	ssa11_30960388_30961556.maf
ssa11	LG02	13470804	13470859	ssa11_30960388_30961556.maf
ssa11	LG02	13470860	13470876	ssa11_30960388_30961556.maf
ssa11	LG02	13470881	13470918	ssa11_30960388_30961556.maf
ssa11	LG02	13470918	13470969	ssa11_30960388_30961556.maf
ssa11	LG02	13129098	13129116	ssa11_31440852_31441738.maf
ssa11	LG02	13129116	13129152	ssa11_31440852_31441738.maf
ssa11	LG02	12995598	12995722	ssa11_31648599_31649473.maf
ssa11	LG02	12572403	12572417	ssa11_32181562_32182106.maf
ssa11	LG02	12572417	12572442	ssa11_32181562_32182106.maf
ssa11	LG02	12572442	12572456	ssa11_32181562_32182106.maf
ssa11	LG02	12572456	12572466	ssa11_32181562_32182106.maf
ssa11	LG02	12550396	12550425	ssa11_32250905_32251760.maf
ssa11	LG02	12550440	12550554	ssa11_32250905_32251760.maf
ssa11	LG02	12550554	12550566	ssa11_32250905_32251760.maf
ssa11	LG02	12550663	12550700	ssa11_32250905_32251760.maf
ssa11	LG02	12550700	12550717	ssa11_32250905_32251760.maf
ssa11	LG02	12550717	12550765	ssa11_32250905_32251760.maf
ssa11	LG02	12550765	12550796	ssa11_32250905_32251760.maf
ssa11	LG02	12094214	12094287	ssa11_33381033_33382049.maf
ssa11	LG02	12094356	12094367	ssa11_33381033_33382049.maf
ssa11	LG02	12094368	12094393	ssa11_33381033_33382049.maf
ssa11	LG02	12094393	12094425	ssa11_33381033_33382049.maf
ssa11	LG02	12094425	12094495	ssa11_33381033_33382049.maf
ssa11	LG02	12082565	12082654	ssa11_33407106_33407657.maf
ssa11	LG02	12063443	12063477	ssa11_33428880_33429195.maf
ssa11	LG02	12047425	12047459	ssa11_33441176_33442468.maf
ssa11	LG02	12047460	12047503	ssa11_33441176_33442468.maf
ssa11	LG02	12047503	12047518	ssa11_33441176_33442468.maf
ssa11	LG02	12047518	12047562	ssa11_33441176_33442468.maf
ssa11	LG02	12048178	12048263	ssa11_33441176_33442468.maf
ssa11	LG02	12048263	12048304	ssa11_33441176_33442468.maf
ssa11	LG02	11866780	11866806	ssa11_33858520_33859296.maf
ssa11	LG02	10999169	10999197	ssa11_35306183_35306834.maf
ssa11	LG02	10986500	10986511	ssa11_35318933_35319225.maf
ssa11	LG02	10986518	10986540	ssa11_35318933_35319225.maf
ssa11	LG02	10921539	10921551	ssa11_35422352_35422822.maf
ssa11	LG02	10921776	10921799	ssa11_35422352_35422822.maf
ssa11	LG02	10921799	10921841	ssa11_35422352_35422822.maf
ssa11	LG02	10921849	10921872	ssa11_35422352_35422822.maf
ssa11	LG02	9655580	9655598	ssa11_37389135_37389601.maf
ssa11	LG02	9655598	9655658	ssa11_37389135_37389601.maf
ssa11	LG02	9266763	9266801	ssa11_38018554_38018956.maf
ssa11	LG02	9264669	9264703	ssa11_38020964_38022292.maf
ssa11	LG02	9264703	9264769	ssa11_38020964_38022292.maf
ssa11	LG02	9259017	9259049	ssa11_38026353_38027819.maf
ssa11	LG02	9107332	9107377	ssa11_38233441_38233835.maf
ssa11	LG02	8825647	8825677	ssa11_38933363_38933811.maf
ssa11	LG02	8822897	8822989	ssa11_38936644_38937163.maf
ssa11	LG02	8822989	8823007	ssa11_38936644_38937163.maf
ssa11	LG02	8790961	8791059	ssa11_39069457_39070450.maf
ssa11	LG02	8791059	8791091	ssa11_39069457_39070450.maf
ssa11	LG02	8178876	8179093	ssa11_40043274_40044438.maf
ssa11	LG02	8179093	8179106	ssa11_40043274_40044438.maf
ssa11	LG02	8179106	8179136	ssa11_40043274_40044438.maf
ssa11	LG02	8179136	8179243	ssa11_40043274_40044438.maf
ssa11	LG02	8179250	8179335	ssa11_40043274_40044438.maf
ssa11	LG02	8179335	8179353	ssa11_40043274_40044438.maf
ssa11	LG02	8179365	8179383	ssa11_40043274_40044438.maf
ssa11	LG02	8179391	8179414	ssa11_40043274_40044438.maf
ssa11	LG02	8192692	8192705	ssa11_40053473_40054844.maf
ssa11	LG02	8192705	8192715	ssa11_40053473_40054844.maf
ssa11	LG02	8192723	8192776	ssa11_40053473_40054844.maf
ssa11	LG02	8192776	8192820	ssa11_40053473_40054844.maf
ssa11	LG02	8192820	8192929	ssa11_40053473_40054844.maf
ssa11	LG02	8192929	8192947	ssa11_40053473_40054844.maf
ssa11	LG02	8192947	8192965	ssa11_40053473_40054844.maf
ssa11	LG02	8193288	8193313	ssa11_40053473_40054844.maf
ssa11	LG02	8193313	8193324	ssa11_40053473_40054844.maf
ssa11	LG02	8193346	8193362	ssa11_40053473_40054844.maf
ssa11	LG02	8193369	8193379	ssa11_40053473_40054844.maf
ssa11	LG02	8193594	8193611	ssa11_40053473_40054844.maf
ssa11	LG02	8209834	8209882	ssa11_40070914_40072866.maf
ssa11	LG02	8209882	8209922	ssa11_40070914_40072866.maf
ssa11	LG02	8209922	8209939	ssa11_40070914_40072866.maf
ssa11	LG02	8210045	8210126	ssa11_40070914_40072866.maf
ssa11	LG02	8210126	8210138	ssa11_40070914_40072866.maf
ssa11	LG02	8210242	8210277	ssa11_40070914_40072866.maf
ssa11	LG02	8210304	8210324	ssa11_40070914_40072866.maf
ssa11	LG02	8210548	8210619	ssa11_40070914_40072866.maf
ssa11	LG02	8210619	8210646	ssa11_40070914_40072866.maf
ssa11	LG02	8497667	8497687	ssa11_40617054_40617569.maf
ssa11	LG02	8503294	8503383	ssa11_40631473_40632570.maf
ssa11	LG02	7530772	7530784	ssa11_40878767_40880229.maf
ssa11	LG02	7530798	7530915	ssa11_40878767_40880229.maf
ssa11	LG02	7530915	7530951	ssa11_40878767_40880229.maf
ssa11	LG02	7507194	7507207	ssa11_40912088_40912620.maf
ssa11	LG02	7506240	7506259	ssa11_40912709_40913418.maf
ssa11	LG02	7506259	7506272	ssa11_40912709_40913418.maf
ssa11	LG02	7506272	7506374	ssa11_40912709_40913418.maf
ssa11	LG02	7506374	7506386	ssa11_40912709_40913418.maf
ssa11	LG02	7161508	7161533	ssa11_41605576_41605937.maf
ssa11	LG02	7161533	7161552	ssa11_41605576_41605937.maf
ssa11	LG02	7161632	7161646	ssa11_41605576_41605937.maf
ssa11	LG02	7138788	7138798	ssa11_41649080_41649974.maf
ssa11	LG02	7138806	7138878	ssa11_41649080_41649974.maf
ssa11	LG02	7140175	7140262	ssa11_41649080_41649974.maf
ssa11	LG02	7096830	7096847	ssa11_41693433_41694211.maf
ssa11	LG02	7096847	7096894	ssa11_41693433_41694211.maf
ssa11	LG02	7097037	7097076	ssa11_41693433_41694211.maf
ssa11	LG02	7097076	7097092	ssa11_41693433_41694211.maf
ssa11	LG02	7082546	7082578	ssa11_41720728_41722101.maf
ssa11	LG02	7068533	7068548	ssa11_41743654_41744386.maf
ssa11	LG02	7068548	7068612	ssa11_41743654_41744386.maf
ssa11	LG02	7068842	7068876	ssa11_41743654_41744386.maf
ssa11	LG02	7068876	7068950	ssa11_41743654_41744386.maf
ssa11	LG02	7068950	7068960	ssa11_41743654_41744386.maf
ssa11	LG02	6998109	6998138	ssa11_41965761_41966502.maf
ssa11	LG02	5396903	5396937	ssa11_47216888_47217491.maf
ssa11	LG02	5338137	5338155	ssa11_47383573_47384391.maf
ssa11	LG02	3644224	3644288	ssa11_49966335_49966611.maf
ssa11	LG02	38771837	38771901	ssa11_5227264_5228097.maf
ssa11	LG02	38771901	38771912	ssa11_5227264_5228097.maf
ssa11	LG14	9637247	9637326	ssa11_59244696_59245069.maf
ssa11	LG14	9637326	9637336	ssa11_59244696_59245069.maf
ssa11	LG14	9637336	9637361	ssa11_59244696_59245069.maf
ssa11	LG14	9426849	9426932	ssa11_59874554_59876281.maf
ssa11	LG14	9426932	9426943	ssa11_59874554_59876281.maf
ssa11	LG14	9397489	9397514	ssa11_59984484_59984933.maf
ssa11	LG14	9397519	9397556	ssa11_59984484_59984933.maf
ssa11	LG14	9264669	9264680	ssa11_60236076_60237057.maf
ssa11	LG14	9264680	9264691	ssa11_60236076_60237057.maf
ssa11	LG14	9264793	9264831	ssa11_60236076_60237057.maf
ssa11	LG14	9264831	9264865	ssa11_60236076_60237057.maf
ssa11	LG14	9248547	9248557	ssa11_60277023_60277724.maf
ssa11	LG14	9248557	9248650	ssa11_60277023_60277724.maf
ssa11	LG14	9249091	9249179	ssa11_60277023_60277724.maf
ssa11	LG14	8097297	8097335	ssa11_62085876_62086727.maf
ssa11	LG14	8063938	8064004	ssa11_62148027_62148506.maf
ssa11	LG14	8060966	8061043	ssa11_62151388_62152137.maf
ssa11	LG14	8061067	8061149	ssa11_62151388_62152137.maf
ssa11	LG14	8061191	8061341	ssa11_62151388_62152137.maf
ssa11	LG14	8055448	8055460	ssa11_62154002_62154940.maf
ssa11	LG14	8055848	8055927	ssa11_62154002_62154940.maf
ssa11	LG14	7347581	7347594	ssa11_64072761_64073607.maf
ssa11	LG14	7347594	7347604	ssa11_64072761_64073607.maf
ssa11	LG02	36734320	36734336	ssa11_6493398_6494357.maf
ssa11	LG02	36734336	36734348	ssa11_6493398_6494357.maf
ssa11	LG02	36734348	36734362	ssa11_6493398_6494357.maf
ssa11	LG14	10117840	10117904	ssa11_65042953_65044043.maf
ssa11	LG14	10117906	10117933	ssa11_65042953_65044043.maf
ssa11	LG14	10117933	10117944	ssa11_65042953_65044043.maf
ssa11	LG14	10117952	10118010	ssa11_65042953_65044043.maf
ssa11	LG14	10277223	10277264	ssa11_65271320_65271501.maf
ssa11	LG14	10277264	10277286	ssa11_65271320_65271501.maf
ssa11	LG02	36772298	36772313	ssa11_6553307_6553726.maf
ssa11	LG14	10734804	10734871	ssa11_66189988_66190903.maf
ssa11	LG14	10734872	10734898	ssa11_66189988_66190903.maf
ssa11	LG14	10734898	10734925	ssa11_66189988_66190903.maf
ssa11	LG14	10734925	10734936	ssa11_66189988_66190903.maf
ssa11	LG02	36955656	36955734	ssa11_6669405_6670412.maf
ssa11	LG02	36955971	36956047	ssa11_6669405_6670412.maf
ssa11	LG02	36956139	36956211	ssa11_6669405_6670412.maf
ssa11	LG14	11122807	11122984	ssa11_67090115_67091714.maf
ssa11	LG02	37106709	37106726	ssa11_6764213_6764737.maf
ssa11	LG02	37106860	37106885	ssa11_6764213_6764737.maf
ssa11	LG14	11472499	11472515	ssa11_67758434_67759339.maf
ssa11	LG02	37157376	37157448	ssa11_6814972_6815431.maf
ssa11	LG02	37196870	37196905	ssa11_6860065_6860881.maf
ssa11	LG02	37196912	37196948	ssa11_6860065_6860881.maf
ssa11	LG14	12069505	12069516	ssa11_69024892_69026184.maf
ssa11	LG14	12069582	12069596	ssa11_69024892_69026184.maf
ssa11	LG14	12069602	12069665	ssa11_69024892_69026184.maf
ssa11	LG14	12069665	12069698	ssa11_69024892_69026184.maf
ssa11	LG14	12069701	12069711	ssa11_69024892_69026184.maf
ssa11	LG14	12069711	12069722	ssa11_69024892_69026184.maf
ssa11	LG14	12197614	12197698	ssa11_69365449_69366518.maf
ssa11	LG14	12272767	12272777	ssa11_69505234_69506257.maf
ssa11	LG14	12272777	12272848	ssa11_69505234_69506257.maf
ssa11	LG14	12272854	12272963	ssa11_69505234_69506257.maf
ssa11	LG14	12288718	12288752	ssa11_69548344_69549010.maf
ssa11	LG14	12298946	12298980	ssa11_69559190_69559899.maf
ssa11	LG14	12298980	12299012	ssa11_69559190_69559899.maf
ssa11	LG14	12299012	12299034	ssa11_69559190_69559899.maf
ssa11	LG14	12299034	12299050	ssa11_69559190_69559899.maf
ssa11	LG14	12299065	12299161	ssa11_69559190_69559899.maf
ssa11	LG14	12396152	12396212	ssa11_69700388_69700806.maf
ssa11	LG14	12703056	12703092	ssa11_70180008_70180400.maf
ssa11	LG14	12719639	12719662	ssa11_70221000_70222423.maf
ssa11	LG02	37541098	37541210	ssa11_7053913_7054420.maf
ssa11	LG14	12938032	12938048	ssa11_70638448_70638732.maf
ssa11	LG14	13663444	13663510	ssa11_72011212_72012043.maf
ssa11	LG14	13663641	13663703	ssa11_72011212_72012043.maf
ssa11	LG14	13884848	13885035	ssa11_72373575_72374175.maf
ssa11	LG14	13891546	13891584	ssa11_72391612_72393260.maf
ssa11	LG14	13891893	13891966	ssa11_72391612_72393260.maf
ssa11	LG14	14384613	14384679	ssa11_73069042_73069654.maf
ssa11	LG02	37984599	37984611	ssa11_7307622_7308372.maf
ssa11	LG14	14743248	14743295	ssa11_73675909_73676671.maf
ssa11	LG14	14743298	14743308	ssa11_73675909_73676671.maf
ssa11	LG14	14743639	14743715	ssa11_73675909_73676671.maf
ssa11	LG14	14779566	14779648	ssa11_73712499_73713280.maf
ssa11	LG14	14781598	14781681	ssa11_73714199_73715004.maf
ssa11	LG14	14781681	14781698	ssa11_73714199_73715004.maf
ssa11	LG14	14802862	14802909	ssa11_73796258_73796967.maf
ssa11	LG14	15903848	15903867	ssa11_75646399_75647280.maf
ssa11	LG14	15903867	15903906	ssa11_75646399_75647280.maf
ssa11	LG14	15903906	15903958	ssa11_75646399_75647280.maf
ssa11	LG14	16457151	16457237	ssa11_76576760_76577847.maf
ssa11	LG14	16469184	16469208	ssa11_76604286_76604851.maf
ssa11	LG14	16493094	16493145	ssa11_76660390_76661687.maf
ssa11	LG14	16493145	16493175	ssa11_76660390_76661687.maf
ssa11	LG14	16493175	16493196	ssa11_76660390_76661687.maf
ssa11	LG14	16493215	16493240	ssa11_76660390_76661687.maf
ssa11	LG14	16493240	16493253	ssa11_76660390_76661687.maf
ssa11	LG14	16493253	16493278	ssa11_76660390_76661687.maf
ssa11	LG14	16497187	16497207	ssa11_76666696_76667129.maf
ssa11	LG14	16497207	16497233	ssa11_76666696_76667129.maf
ssa11	LG14	16500367	16500444	ssa11_76670527_76671700.maf
ssa11	LG14	16500444	16500456	ssa11_76670527_76671700.maf
ssa11	LG14	16500456	16500500	ssa11_76670527_76671700.maf
ssa11	LG14	16763234	16763257	ssa11_77015864_77016656.maf
ssa11	LG14	16765615	16765707	ssa11_77021053_77021719.maf
ssa11	LG14	17058775	17058861	ssa11_77654763_77655697.maf
ssa11	LG14	17058944	17059076	ssa11_77654763_77655697.maf
ssa11	LG14	17059167	17059320	ssa11_77654763_77655697.maf
ssa11	LG14	17085404	17085563	ssa11_77713795_77714872.maf
ssa11	LG14	17085563	17085593	ssa11_77713795_77714872.maf
ssa11	LG14	17085865	17085989	ssa11_77713795_77714872.maf
ssa11	LG14	17094280	17094303	ssa11_77737801_77738475.maf
ssa11	LG14	17094303	17094419	ssa11_77737801_77738475.maf
ssa11	LG14	17368817	17368833	ssa11_78098914_78099303.maf
ssa11	LG14	17368855	17368968	ssa11_78098914_78099303.maf
ssa11	LG14	17368968	17368984	ssa11_78098914_78099303.maf
ssa11	LG14	17368984	17369025	ssa11_78098914_78099303.maf
ssa11	LG14	17430250	17430309	ssa11_78133180_78133953.maf
ssa11	LG14	17430309	17430326	ssa11_78133180_78133953.maf
ssa11	LG14	17430326	17430341	ssa11_78133180_78133953.maf
ssa11	LG14	17540500	17540627	ssa11_78255107_78255621.maf
ssa11	LG14	17540627	17540648	ssa11_78255107_78255621.maf
ssa11	LG14	17580115	17580171	ssa11_78388513_78389054.maf
ssa11	LG14	17582037	17582061	ssa11_78401773_78402628.maf
ssa11	LG14	17591111	17591190	ssa11_78413445_78414318.maf
ssa11	LG14	17593769	17593799	ssa11_78417915_78418108.maf
ssa11	LG14	17870420	17870446	ssa11_78914594_78915343.maf
ssa11	LG14	17870592	17870612	ssa11_78914594_78915343.maf
ssa11	LG14	18127964	18127977	ssa11_79249597_79249984.maf
ssa11	LG14	18127977	18128002	ssa11_79249597_79249984.maf
ssa11	LG14	18516853	18516882	ssa11_79823939_79825121.maf
ssa11	LG14	18517036	18517065	ssa11_79823939_79825121.maf
ssa11	LG14	18520202	18520311	ssa11_79826830_79827517.maf
ssa11	LG14	18532788	18532860	ssa11_79836350_79837371.maf
ssa11	LG14	18532960	18532990	ssa11_79836350_79837371.maf
ssa11	LG14	18537075	18537091	ssa11_79854155_79855335.maf
ssa11	LG14	18537091	18537132	ssa11_79854155_79855335.maf
ssa11	LG14	18537132	18537174	ssa11_79854155_79855335.maf
ssa11	LG14	18537174	18537189	ssa11_79854155_79855335.maf
ssa11	LG14	18537236	18537253	ssa11_79854155_79855335.maf
ssa11	LG14	18537253	18537267	ssa11_79854155_79855335.maf
ssa11	LG14	18537302	18537319	ssa11_79854155_79855335.maf
ssa11	LG14	18537319	18537334	ssa11_79854155_79855335.maf
ssa11	LG14	18537334	18537366	ssa11_79854155_79855335.maf
ssa11	LG14	18537366	18537387	ssa11_79854155_79855335.maf
ssa11	LG14	18537568	18537578	ssa11_79854155_79855335.maf
ssa11	LG14	18537578	18537599	ssa11_79854155_79855335.maf
ssa11	LG14	18537599	18537613	ssa11_79854155_79855335.maf
ssa11	LG14	18537613	18537626	ssa11_79854155_79855335.maf
ssa11	LG14	18537626	18537672	ssa11_79854155_79855335.maf
ssa11	LG14	18538017	18538065	ssa11_79854155_79855335.maf
ssa11	LG14	18618408	18618428	ssa11_79942142_79943089.maf
ssa11	LG14	18618503	18618516	ssa11_79942142_79943089.maf
ssa11	LG14	18618520	18618759	ssa11_79942142_79943089.maf
ssa11	LG14	18618777	18618787	ssa11_79942142_79943089.maf
ssa11	LG14	18647513	18647530	ssa11_79990502_79991063.maf
ssa11	LG14	18927202	18927226	ssa11_80374054_80374635.maf
ssa11	LG14	18927413	18927424	ssa11_80374054_80374635.maf
ssa11	LG14	18962851	18962884	ssa11_80436468_80437370.maf
ssa11	LG14	18963116	18963168	ssa11_80436468_80437370.maf
ssa11	LG14	18963168	18963197	ssa11_80436468_80437370.maf
ssa11	LG14	19186613	19186629	ssa11_80660597_80661140.maf
ssa11	LG14	19186904	19186923	ssa11_80660597_80661140.maf
ssa11	LG14	19186923	19186982	ssa11_80660597_80661140.maf
ssa11	LG14	19379094	19379208	ssa11_80947802_80948464.maf
ssa11	LG15	31855528	31855553	ssa11_809934_810489.maf
ssa11	LG15	31855556	31855572	ssa11_809934_810489.maf
ssa11	LG15	31855572	31855628	ssa11_809934_810489.maf
ssa11	LG15	31855628	31855662	ssa11_809934_810489.maf
ssa11	LG14	19544560	19544592	ssa11_81438976_81439581.maf
ssa11	LG14	19544592	19544605	ssa11_81438976_81439581.maf
ssa11	LG14	19544605	19544648	ssa11_81438976_81439581.maf
ssa11	LG14	19544648	19544710	ssa11_81438976_81439581.maf
ssa11	LG14	19544716	19544766	ssa11_81438976_81439581.maf
ssa11	LG14	19545059	19545082	ssa11_81438976_81439581.maf
ssa11	LG14	19545082	19545219	ssa11_81438976_81439581.maf
ssa11	LG14	19545219	19545233	ssa11_81438976_81439581.maf
ssa11	LG14	19545243	19545256	ssa11_81438976_81439581.maf
ssa11	LG14	20744884	20744898	ssa11_83133772_83135173.maf
ssa11	LG14	20744960	20744980	ssa11_83133772_83135173.maf
ssa11	LG14	20745092	20745129	ssa11_83133772_83135173.maf
ssa11	LG14	20745131	20745146	ssa11_83133772_83135173.maf
ssa11	LG14	20745146	20745171	ssa11_83133772_83135173.maf
ssa11	LG14	20745171	20745188	ssa11_83133772_83135173.maf
ssa11	LG14	21685563	21685576	ssa11_84606002_84606449.maf
ssa11	LG14	21685576	21685643	ssa11_84606002_84606449.maf
ssa11	LG14	22021353	22021406	ssa11_85132431_85133151.maf
ssa11	LG14	22021406	22021438	ssa11_85132431_85133151.maf
ssa11	LG14	22021513	22021531	ssa11_85132431_85133151.maf
ssa11	LG14	22021611	22021638	ssa11_85132431_85133151.maf
ssa11	LG14	22021860	22021891	ssa11_85132431_85133151.maf
ssa11	LG14	22505251	22505319	ssa11_86061224_86062183.maf
ssa11	LG14	22899440	22899508	ssa11_86303472_86304398.maf
ssa11	LG14	22956417	22956439	ssa11_86370230_86370620.maf
ssa11	LG14	22956450	22956537	ssa11_86370230_86370620.maf
ssa11	LG14	23534637	23534683	ssa11_87056952_87057310.maf
ssa11	LG07	36292276	36292362	ssa11_87993007_87994229.maf
ssa11	LG07	36622877	36622888	ssa11_88473082_88473495.maf
ssa11	LG07	36622888	36622918	ssa11_88473082_88473495.maf
ssa11	LG07	36622926	36622937	ssa11_88473082_88473495.maf
ssa11	LG07	36622937	36622973	ssa11_88473082_88473495.maf
ssa11	LG07	36623058	36623113	ssa11_88473082_88473495.maf
ssa11	LG07	36812928	36812986	ssa11_88877957_88878295.maf
ssa11	LG07	37073142	37073164	ssa11_89201971_89203077.maf
ssa11	LG07	37073164	37073177	ssa11_89201971_89203077.maf
ssa11	LG07	37073177	37073212	ssa11_89201971_89203077.maf
ssa11	LG07	37073212	37073228	ssa11_89201971_89203077.maf
ssa11	LG07	37073229	37073275	ssa11_89201971_89203077.maf
ssa11	LG07	37073275	37073302	ssa11_89201971_89203077.maf
ssa11	LG07	37073508	37073518	ssa11_89201971_89203077.maf
ssa11	LG07	37073518	37073614	ssa11_89201971_89203077.maf
ssa11	LG07	37456141	37456260	ssa11_89624416_89625294.maf
ssa11	LG07	38340340	38340370	ssa11_90614338_90614832.maf
ssa11	LG07	38340370	38340414	ssa11_90614338_90614832.maf
ssa11	LG07	38345564	38345637	ssa11_90623778_90624743.maf
ssa11	LG07	38489623	38489635	ssa11_90797846_90798889.maf
ssa11	LG07	38489636	38489667	ssa11_90797846_90798889.maf
ssa11	LG07	38489670	38489703	ssa11_90797846_90798889.maf
ssa11	LG07	38593025	38593048	ssa11_90939839_90940282.maf
ssa11	LG07	38593049	38593112	ssa11_90939839_90940282.maf
ssa11	LG07	38593112	38593135	ssa11_90939839_90940282.maf
ssa11	LG07	38593135	38593147	ssa11_90939839_90940282.maf
ssa11	LG07	38722831	38722904	ssa11_91073703_91074826.maf
ssa11	LG07	39223989	39224008	ssa11_91691250_91692067.maf
ssa11	LG07	39224009	39224033	ssa11_91691250_91692067.maf
ssa11	LG07	39224033	39224103	ssa11_91691250_91692067.maf
ssa11	LG07	39224106	39224122	ssa11_91691250_91692067.maf
ssa11	LG07	39225575	39225614	ssa11_91697226_91698657.maf
ssa11	LG07	39226169	39226253	ssa11_91697226_91698657.maf
ssa11	LG07	39226441	39226456	ssa11_91697226_91698657.maf
ssa11	LG07	39226463	39226473	ssa11_91697226_91698657.maf
ssa11	LG07	39312575	39312634	ssa11_91844134_91844627.maf
ssa11	LG07	39344540	39344581	ssa11_91918632_91919707.maf
ssa11	LG07	39344744	39344779	ssa11_91918632_91919707.maf
ssa11	LG07	40718120	40718132	ssa11_93971875_93972157.maf
ssa11	LG07	40718135	40718207	ssa11_93971875_93972157.maf
ssa11	LG07	40836566	40836606	ssa11_94176081_94176414.maf
ssa11	LG07	40836615	40836701	ssa11_94176081_94176414.maf
ssa11	LG07	43794758	43794788	ssa11_95376111_95376434.maf
ssa11	LG02	34150471	34150555	ssa11_9576212_9576739.maf
ssa11	LG07	43440354	43440379	ssa11_95943023_95943205.maf
ssa11	LG07	43391729	43391746	ssa11_96059624_96060621.maf
ssa11	LG07	43391847	43391867	ssa11_96059624_96060621.maf
ssa11	LG07	43374120	43374251	ssa11_96099953_96100607.maf
ssa11	LG07	43368191	43368217	ssa11_96157682_96158360.maf
ssa11	LG02	34065500	34065572	ssa11_9650503_9651325.maf
ssa11	LG07	43123691	43123756	ssa11_96523702_96525059.maf
ssa11	LG07	42446455	42446492	ssa11_97200590_97200835.maf
ssa11	LG07	42446492	42446527	ssa11_97200590_97200835.maf
ssa11	LG07	42187867	42187957	ssa11_97455427_97455677.maf
ssa11	LG07	41997361	41997413	ssa11_97694446_97695440.maf
ssa11	LG07	41997567	41997640	ssa11_97694446_97695440.maf
ssa11	LG02	33781523	33781563	ssa11_9893022_9893463.maf
ssa11	LG02	33781563	33781573	ssa11_9893022_9893463.maf
ssa11	LG02	33781573	33781618	ssa11_9893022_9893463.maf
ssa12	LG02	1624488	1624596	ssa12_100029045_100029727.maf
ssa12	LG09	4687365	4687377	ssa12_13190551_13190836.maf
ssa12	LG09	4687377	4687461	ssa12_13190551_13190836.maf
ssa12	LG09	4762091	4762129	ssa12_13251512_13252248.maf
ssa12	LG09	4762273	4762334	ssa12_13251512_13252248.maf
ssa12	LG09	4762343	4762358	ssa12_13251512_13252248.maf
ssa12	LG09	6294145	6294211	ssa12_15811431_15813437.maf
ssa12	LG09	6294342	6294356	ssa12_15811431_15813437.maf
ssa12	LG09	6294356	6294399	ssa12_15811431_15813437.maf
ssa12	LG09	6294881	6294928	ssa12_15811431_15813437.maf
ssa12	LG09	6295425	6295479	ssa12_15811431_15813437.maf
ssa12	LG09	6295845	6295887	ssa12_15811431_15813437.maf
ssa12	LG09	9989412	9989468	ssa12_18273788_18274186.maf
ssa12	LG09	10031256	10031326	ssa12_18336021_18336666.maf
ssa12	LG09	10032086	10032127	ssa12_18344905_18346030.maf
ssa12	LG09	9950418	9950454	ssa12_18413253_18413875.maf
ssa12	LG09	9950454	9950547	ssa12_18413253_18413875.maf
ssa12	LG09	8847298	8847366	ssa12_20682369_20682901.maf
ssa12	LG09	10292361	10292377	ssa12_20965550_20966007.maf
ssa12	LG09	10292377	10292400	ssa12_20965550_20966007.maf
ssa12	LG09	10292408	10292502	ssa12_20965550_20966007.maf
ssa12	LG09	10292521	10292532	ssa12_20965550_20966007.maf
ssa12	LG09	10623829	10623855	ssa12_21538938_21539715.maf
ssa12	LG09	10624169	10624193	ssa12_21538938_21539715.maf
ssa12	LG09	10763790	10763804	ssa12_21784692_21785373.maf
ssa12	LG09	10763804	10763912	ssa12_21784692_21785373.maf
ssa12	LG09	10763921	10763959	ssa12_21784692_21785373.maf
ssa12	LG09	10763959	10764043	ssa12_21784692_21785373.maf
ssa12	LG09	11074951	11075036	ssa12_22309760_22310056.maf
ssa12	LG09	11075044	11075096	ssa12_22309760_22310056.maf
ssa12	LG09	11526346	11526375	ssa12_22956299_22956800.maf
ssa12	LG09	11526375	11526454	ssa12_22956299_22956800.maf
ssa12	LG09	11526454	11526483	ssa12_22956299_22956800.maf
ssa12	LG09	12005798	12005826	ssa12_23694348_23695037.maf
ssa12	LG09	12005826	12005872	ssa12_23694348_23695037.maf
ssa12	LG09	12005954	12006049	ssa12_23694348_23695037.maf
ssa12	LG09	12055516	12055582	ssa12_23748761_23749201.maf
ssa12	LG09	12056808	12056826	ssa12_23750415_23750774.maf
ssa12	LG09	12056826	12056839	ssa12_23750415_23750774.maf
ssa12	LG09	12194254	12194267	ssa12_23962678_23962926.maf
ssa12	LG09	12194282	12194318	ssa12_23962678_23962926.maf
ssa12	LG09	12194325	12194340	ssa12_23962678_23962926.maf
ssa12	LG09	12194340	12194358	ssa12_23962678_23962926.maf
ssa12	LG09	12254812	12254836	ssa12_24046180_24046813.maf
ssa12	LG09	12254839	12254853	ssa12_24046180_24046813.maf
ssa12	LG09	12254856	12254913	ssa12_24046180_24046813.maf
ssa12	LG09	12254913	12254928	ssa12_24046180_24046813.maf
ssa12	LG09	12254928	12254944	ssa12_24046180_24046813.maf
ssa12	LG09	12254949	12254960	ssa12_24046180_24046813.maf
ssa12	LG09	13300705	13300731	ssa12_24361754_24362694.maf
ssa12	LG09	13301055	13301065	ssa12_24361754_24362694.maf
ssa12	LG09	13301065	13301094	ssa12_24361754_24362694.maf
ssa12	LG09	13301094	13301107	ssa12_24361754_24362694.maf
ssa12	LG09	13301108	13301138	ssa12_24361754_24362694.maf
ssa12	LG09	13301144	13301163	ssa12_24361754_24362694.maf
ssa12	LG09	13065654	13065685	ssa12_24676896_24677238.maf
ssa12	LG09	13547798	13547818	ssa12_25590682_25591344.maf
ssa12	LG09	13795883	13795938	ssa12_25991102_25991449.maf
ssa12	LG09	13810819	13810877	ssa12_26015450_26016234.maf
ssa12	LG09	13810878	13811022	ssa12_26015450_26016234.maf
ssa12	LG09	13894359	13894436	ssa12_26115905_26116344.maf
ssa12	LG09	14712411	14712466	ssa12_28005732_28006302.maf
ssa12	LG09	14816569	14816608	ssa12_28109090_28109590.maf
ssa12	LG09	14862556	14862578	ssa12_28151058_28151559.maf
ssa12	LG09	14862578	14862591	ssa12_28151058_28151559.maf
ssa12	LG09	14862591	14862613	ssa12_28151058_28151559.maf
ssa12	LG09	14862613	14862628	ssa12_28151058_28151559.maf
ssa12	LG09	14862628	14862658	ssa12_28151058_28151559.maf
ssa12	LG09	14862658	14862688	ssa12_28151058_28151559.maf
ssa12	LG09	14862688	14862771	ssa12_28151058_28151559.maf
ssa12	LG09	14862771	14862785	ssa12_28151058_28151559.maf
ssa12	LG09	14862785	14862805	ssa12_28151058_28151559.maf
ssa12	LG09	15134048	15134058	ssa12_28473652_28474073.maf
ssa12	LG09	15134058	15134070	ssa12_28473652_28474073.maf
ssa12	LG09	15134139	15134154	ssa12_28473652_28474073.maf
ssa12	LG09	15262814	15262863	ssa12_28650374_28650877.maf
ssa12	LG09	15262867	15262894	ssa12_28650374_28650877.maf
ssa12	LG09	15262948	15262968	ssa12_28650374_28650877.maf
ssa12	LG09	15396532	15396579	ssa12_28809625_28810684.maf
ssa12	LG09	15397001	15397024	ssa12_28809625_28810684.maf
ssa12	LG09	15397033	15397061	ssa12_28809625_28810684.maf
ssa12	LG09	15496358	15496483	ssa12_28959419_28959746.maf
ssa12	LG09	16492645	16492679	ssa12_29183529_29183783.maf
ssa12	LG09	16492679	16492716	ssa12_29183529_29183783.maf
ssa12	LG09	16492716	16492738	ssa12_29183529_29183783.maf
ssa12	LG09	16324633	16324714	ssa12_29347599_29348038.maf
ssa12	LG09	16294435	16294458	ssa12_29382819_29383295.maf
ssa12	LG09	17397714	17397794	ssa12_31503466_31504949.maf
ssa12	LG09	17331292	17331350	ssa12_31615588_31615834.maf
ssa12	LG09	19881705	19881715	ssa12_33149767_33150322.maf
ssa12	LG09	19881721	19881765	ssa12_33149767_33150322.maf
ssa12	LG09	19881798	19881808	ssa12_33149767_33150322.maf
ssa12	LG09	19942322	19942384	ssa12_33200207_33200673.maf
ssa12	LG09	20123963	20124038	ssa12_33421772_33422377.maf
ssa12	LG09	20139810	20139874	ssa12_33452415_33453089.maf
ssa12	LG09	20257613	20257689	ssa12_33643906_33644383.maf
ssa12	LG09	21203020	21203141	ssa12_35252508_35252867.maf
ssa12	LG09	21216800	21216853	ssa12_35269623_35270317.maf
ssa12	LG09	21216853	21216877	ssa12_35269623_35270317.maf
ssa12	LG09	21216950	21217015	ssa12_35269623_35270317.maf
ssa12	LG09	21217049	21217098	ssa12_35269623_35270317.maf
ssa12	LG09	21309368	21309476	ssa12_35348335_35348748.maf
ssa12	LG09	21637957	21637982	ssa12_35741559_35742076.maf
ssa12	LG09	22391366	22391380	ssa12_35963558_35964148.maf
ssa12	LG09	22391410	22391432	ssa12_35963558_35964148.maf
ssa12	LG09	22609277	22609351	ssa12_36719762_36720274.maf
ssa12	LG09	23590852	23590917	ssa12_37512157_37512636.maf
ssa12	LG09	24871165	24871233	ssa12_38441690_38442104.maf
ssa12	LG09	24871233	24871243	ssa12_38441690_38442104.maf
ssa12	LG09	24857065	24857095	ssa12_38452893_38453443.maf
ssa12	LG17	44882856	44882868	ssa12_41790022_41790452.maf
ssa12	LG17	44882868	44882940	ssa12_41790022_41790452.maf
ssa12	LG17	5830884	5830905	ssa12_43292011_43292426.maf
ssa12	LG17	5830954	5830978	ssa12_43292011_43292426.maf
ssa12	LG17	5830978	5831097	ssa12_43292011_43292426.maf
ssa12	LG17	5831097	5831111	ssa12_43292011_43292426.maf
ssa12	LG17	5897615	5897634	ssa12_43479732_43480336.maf
ssa12	LG17	6080805	6080872	ssa12_43871137_43871606.maf
ssa12	LG17	6081464	6081482	ssa12_43872164_43873050.maf
ssa12	LG17	6081488	6081554	ssa12_43872164_43873050.maf
ssa12	LG17	6081554	6081564	ssa12_43872164_43873050.maf
ssa12	LG17	6081845	6081860	ssa12_43872164_43873050.maf
ssa12	LG17	6081860	6081872	ssa12_43872164_43873050.maf
ssa12	LG17	6081874	6081888	ssa12_43872164_43873050.maf
ssa12	LG17	6081888	6081913	ssa12_43872164_43873050.maf
ssa12	LG17	6081923	6081945	ssa12_43872164_43873050.maf
ssa12	LG17	6081954	6081996	ssa12_43872164_43873050.maf
ssa12	LG17	6085135	6085174	ssa12_43891756_43892496.maf
ssa12	LG17	6497530	6497541	ssa12_44641365_44642532.maf
ssa12	LG17	6497541	6497597	ssa12_44641365_44642532.maf
ssa12	LG17	6497654	6497665	ssa12_44641365_44642532.maf
ssa12	LG17	6497757	6497776	ssa12_44641365_44642532.maf
ssa12	LG17	6497872	6497889	ssa12_44641365_44642532.maf
ssa12	LG17	6738098	6738190	ssa12_45049688_45050557.maf
ssa12	LG17	6738321	6738341	ssa12_45049688_45050557.maf
ssa12	LG17	6841468	6841482	ssa12_45242311_45242814.maf
ssa12	LG17	6841482	6841528	ssa12_45242311_45242814.maf
ssa12	LG17	6841528	6841684	ssa12_45242311_45242814.maf
ssa12	LG17	6865167	6865179	ssa12_45317384_45318581.maf
ssa12	LG17	6865180	6865256	ssa12_45317384_45318581.maf
ssa12	LG17	6865616	6865716	ssa12_45317384_45318581.maf
ssa12	LG17	7141693	7141705	ssa12_45901504_45903106.maf
ssa12	LG17	7141705	7141726	ssa12_45901504_45903106.maf
ssa12	LG17	7141726	7141738	ssa12_45901504_45903106.maf
ssa12	LG17	7194372	7194457	ssa12_46003534_46004406.maf
ssa12	LG17	7411769	7411842	ssa12_46374467_46375668.maf
ssa12	LG17	7942073	7942086	ssa12_47046359_47046923.maf
ssa12	LG17	7942086	7942122	ssa12_47046359_47046923.maf
ssa12	LG17	7942160	7942245	ssa12_47046359_47046923.maf
ssa12	LG17	8025399	8025483	ssa12_47165053_47165295.maf
ssa12	LG17	8025483	8025494	ssa12_47165053_47165295.maf
ssa12	LG17	8029021	8029039	ssa12_47168462_47169350.maf
ssa12	LG17	8029090	8029110	ssa12_47168462_47169350.maf
ssa12	LG17	8029110	8029208	ssa12_47168462_47169350.maf
ssa12	LG17	8029881	8029948	ssa12_47168462_47169350.maf
ssa12	LG17	8029948	8029962	ssa12_47168462_47169350.maf
ssa12	LG17	8029984	8030105	ssa12_47168462_47169350.maf
ssa12	LG17	8304722	8304796	ssa12_47677847_47678568.maf
ssa12	LG17	8355348	8355451	ssa12_47784951_47785407.maf
ssa12	LG17	8572460	8572505	ssa12_48314398_48315244.maf
ssa12	LG17	8572505	8572520	ssa12_48314398_48315244.maf
ssa12	LG17	8579235	8579272	ssa12_48335007_48335413.maf
ssa12	LG17	8661920	8661935	ssa12_48443818_48444353.maf
ssa12	LG17	8661935	8661971	ssa12_48443818_48444353.maf
ssa12	LG17	8679914	8680027	ssa12_48468055_48468666.maf
ssa12	LG17	9065456	9065535	ssa12_49202650_49203069.maf
ssa12	LG17	9065550	9065620	ssa12_49202650_49203069.maf
ssa12	LG17	9198214	9198225	ssa12_49435646_49436931.maf
ssa12	LG17	9198225	9198238	ssa12_49435646_49436931.maf
ssa12	LG17	9527049	9527074	ssa12_49919698_49920739.maf
ssa12	LG17	9527074	9527101	ssa12_49919698_49920739.maf
ssa12	LG17	9527141	9527166	ssa12_49919698_49920739.maf
ssa12	LG17	9527166	9527194	ssa12_49919698_49920739.maf
ssa12	LG17	9527195	9527208	ssa12_49919698_49920739.maf
ssa12	LG17	9564698	9564780	ssa12_49973088_49974532.maf
ssa12	LG17	9564780	9564809	ssa12_49973088_49974532.maf
ssa12	LG17	9564809	9564823	ssa12_49973088_49974532.maf
ssa12	LG17	9564908	9564927	ssa12_49973088_49974532.maf
ssa12	LG17	9564974	9564988	ssa12_49973088_49974532.maf
ssa12	LG17	9569990	9570013	ssa12_49974906_49975394.maf
ssa12	LG17	9570013	9570034	ssa12_49974906_49975394.maf
ssa12	LG17	9570034	9570186	ssa12_49974906_49975394.maf
ssa12	LG17	9570189	9570212	ssa12_49974906_49975394.maf
ssa12	LG17	9620264	9620340	ssa12_50054826_50055938.maf
ssa12	LG17	9620731	9620805	ssa12_50054826_50055938.maf
ssa12	LG17	9620810	9620821	ssa12_50054826_50055938.maf
ssa12	LG17	9830156	9830171	ssa12_50397570_50398063.maf
ssa12	LG17	9830171	9830226	ssa12_50397570_50398063.maf
ssa12	LG17	9830228	9830375	ssa12_50397570_50398063.maf
ssa12	LG17	9871960	9871989	ssa12_50450129_50451107.maf
ssa12	LG17	9871989	9872152	ssa12_50450129_50451107.maf
ssa12	LG17	10375022	10375032	ssa12_51272395_51272723.maf
ssa12	LG17	10375032	10375055	ssa12_51272395_51272723.maf
ssa12	LG17	10375055	10375085	ssa12_51272395_51272723.maf
ssa12	LG17	10375100	10375159	ssa12_51272395_51272723.maf
ssa12	LG17	10896850	10896943	ssa12_51962940_51963554.maf
ssa12	LG17	10896943	10896955	ssa12_51962940_51963554.maf
ssa12	LG17	10938986	10939024	ssa12_51997287_51997579.maf
ssa12	LG17	10954327	10954398	ssa12_52014138_52014779.maf
ssa12	LG17	10954398	10954413	ssa12_52014138_52014779.maf
ssa12	LG17	10954414	10954424	ssa12_52014138_52014779.maf
ssa12	LG17	10973826	10973838	ssa12_52025281_52025656.maf
ssa12	LG17	10973854	10973903	ssa12_52025281_52025656.maf
ssa12	LG17	10973903	10973926	ssa12_52025281_52025656.maf
ssa12	LG17	10974373	10974444	ssa12_52025670_52026494.maf
ssa12	LG17	11977385	11977408	ssa12_53322958_53323363.maf
ssa12	LG17	12151391	12151436	ssa12_53606477_53607134.maf
ssa12	LG17	12151438	12151471	ssa12_53606477_53607134.maf
ssa12	LG17	12552046	12552125	ssa12_54129810_54130267.maf
ssa12	LG17	13066639	13066658	ssa12_55053321_55054213.maf
ssa12	LG17	13066658	13066679	ssa12_55053321_55054213.maf
ssa12	LG17	13083312	13083421	ssa12_55074457_55074958.maf
ssa12	LG17	13200544	13200560	ssa12_55263436_55264200.maf
ssa12	LG17	13200561	13200583	ssa12_55263436_55264200.maf
ssa12	LG17	13286956	13287121	ssa12_55399683_55400242.maf
ssa12	LG17	13871858	13871901	ssa12_56296602_56296942.maf
ssa12	LG17	13871905	13871922	ssa12_56296602_56296942.maf
ssa12	LG17	14362960	14362998	ssa12_56923071_56924149.maf
ssa12	LG17	14363006	14363034	ssa12_56923071_56924149.maf
ssa12	LG17	15403657	15403728	ssa12_58455202_58456207.maf
ssa12	LG17	15403728	15403787	ssa12_58455202_58456207.maf
ssa12	LG17	15403787	15403819	ssa12_58455202_58456207.maf
ssa12	LG17	15404019	15404039	ssa12_58455202_58456207.maf
ssa12	LG17	15404055	15404068	ssa12_58455202_58456207.maf
ssa12	LG17	15921303	15921314	ssa12_59170182_59171382.maf
ssa12	LG17	15921364	15921496	ssa12_59170182_59171382.maf
ssa12	LG17	15921930	15921942	ssa12_59170182_59171382.maf
ssa12	LG17	15922071	15922086	ssa12_59170182_59171382.maf
ssa12	LG17	15922171	15922229	ssa12_59170182_59171382.maf
ssa12	LG17	15922230	15922246	ssa12_59170182_59171382.maf
ssa12	LG17	16084464	16084503	ssa12_59380581_59381439.maf
ssa12	LG17	16084503	16084553	ssa12_59380581_59381439.maf
ssa12	LG17	16156452	16156576	ssa12_59475008_59475420.maf
ssa12	LG17	16340326	16340387	ssa12_59683151_59683876.maf
ssa12	LG17	16340387	16340400	ssa12_59683151_59683876.maf
ssa12	LG17	16340738	16340754	ssa12_59683151_59683876.maf
ssa12	LG17	16340754	16340766	ssa12_59683151_59683876.maf
ssa12	LG17	16372293	16372323	ssa12_59720326_59720494.maf
ssa12	LG17	16372331	16372344	ssa12_59720326_59720494.maf
ssa12	LG17	16577391	16577433	ssa12_59985312_59986032.maf
ssa12	LG17	16829434	16829474	ssa12_60273798_60274180.maf
ssa12	LG17	17018125	17018200	ssa12_60542796_60543272.maf
ssa12	LG17	17018200	17018296	ssa12_60542796_60543272.maf
ssa12	LG17	17018297	17018307	ssa12_60542796_60543272.maf
ssa12	LG17	17092339	17092353	ssa12_60593637_60594410.maf
ssa12	LG17	17092353	17092412	ssa12_60593637_60594410.maf
ssa12	LG17	17398544	17398685	ssa12_61032204_61032774.maf
ssa12	LG17	17398736	17398754	ssa12_61032204_61032774.maf
ssa12	LG17	17398754	17398818	ssa12_61032204_61032774.maf
ssa12	LG17	17623817	17623895	ssa12_61394001_61394369.maf
ssa12	LG17	17623895	17623929	ssa12_61394001_61394369.maf
ssa12	LG17	17729821	17729889	ssa12_61503692_61504623.maf
ssa12	LG17	18044311	18044351	ssa12_61921814_61922203.maf
ssa12	LG17	18534838	18534854	ssa12_62586038_62586542.maf
ssa12	LG17	18534854	18534932	ssa12_62586038_62586542.maf
ssa12	LG17	18580064	18580137	ssa12_62634398_62635302.maf
ssa12	LG17	18598966	18598990	ssa12_62674440_62675151.maf
ssa12	LG17	18731520	18731538	ssa12_62945432_62946147.maf
ssa12	LG17	18731557	18731574	ssa12_62945432_62946147.maf
ssa12	LG17	18767665	18767699	ssa12_63074780_63075553.maf
ssa12	LG17	18817496	18817518	ssa12_63143775_63144348.maf
ssa12	LG17	18817518	18817531	ssa12_63143775_63144348.maf
ssa12	LG17	18817531	18817553	ssa12_63143775_63144348.maf
ssa12	LG17	18817562	18817578	ssa12_63143775_63144348.maf
ssa12	LG17	18817578	18817591	ssa12_63143775_63144348.maf
ssa12	LG17	18817593	18817638	ssa12_63143775_63144348.maf
ssa12	LG17	18817657	18817707	ssa12_63143775_63144348.maf
ssa12	LG17	18817707	18817734	ssa12_63143775_63144348.maf
ssa12	LG17	18817734	18817772	ssa12_63143775_63144348.maf
ssa12	LG17	18817787	18817809	ssa12_63143775_63144348.maf
ssa12	LG17	18817809	18817819	ssa12_63143775_63144348.maf
ssa12	LG17	18972944	18972957	ssa12_63441873_63443076.maf
ssa12	LG17	18972964	18972999	ssa12_63441873_63443076.maf
ssa12	LG17	19346838	19346910	ssa12_64046130_64046329.maf
ssa12	LG17	19926964	19927064	ssa12_64655318_64657095.maf
ssa12	LG17	19945037	19945066	ssa12_64732330_64734112.maf
ssa12	LG17	19945154	19945203	ssa12_64732330_64734112.maf
ssa12	LG17	19945285	19945301	ssa12_64732330_64734112.maf
ssa12	LG17	19945301	19945340	ssa12_64732330_64734112.maf
ssa12	LG17	20215159	20215183	ssa12_65131035_65131504.maf
ssa12	LG17	20215183	20215209	ssa12_65131035_65131504.maf
ssa12	LG17	20215209	20215234	ssa12_65131035_65131504.maf
ssa12	LG17	20215238	20215280	ssa12_65131035_65131504.maf
ssa12	LG17	20347419	20347525	ssa12_65346911_65347605.maf
ssa12	LG17	20403285	20403401	ssa12_65439921_65440995.maf
ssa12	LG17	21103404	21103418	ssa12_66454839_66455347.maf
ssa12	LG17	21103421	21103473	ssa12_66454839_66455347.maf
ssa12	LG17	21103476	21103490	ssa12_66454839_66455347.maf
ssa12	LG17	21103490	21103547	ssa12_66454839_66455347.maf
ssa12	LG17	21103547	21103566	ssa12_66454839_66455347.maf
ssa12	LG17	21360697	21360744	ssa12_66742229_66742462.maf
ssa12	LG17	21534297	21534307	ssa12_66923108_66924067.maf
ssa12	LG17	21534622	21534644	ssa12_66923108_66924067.maf
ssa12	LG17	21698925	21698999	ssa12_67109198_67109436.maf
ssa12	LG17	22414661	22414690	ssa12_68220147_68221136.maf
ssa12	LG17	22414690	22414720	ssa12_68220147_68221136.maf
ssa12	LG17	22414720	22414735	ssa12_68220147_68221136.maf
ssa12	LG17	22414735	22414802	ssa12_68220147_68221136.maf
ssa12	LG17	22414802	22414823	ssa12_68220147_68221136.maf
ssa12	LG17	22545035	22545203	ssa12_68358432_68359345.maf
ssa12	LG17	22545452	22545551	ssa12_68358432_68359345.maf
ssa12	LG17	22564359	22564403	ssa12_68382178_68382853.maf
ssa12	LG17	22564403	22564417	ssa12_68382178_68382853.maf
ssa12	LG17	22922655	22922702	ssa12_68792774_68794064.maf
ssa12	LG17	22922702	22922743	ssa12_68792774_68794064.maf
ssa12	LG17	22922743	22922755	ssa12_68792774_68794064.maf
ssa12	LG17	22922983	22923053	ssa12_68792774_68794064.maf
ssa12	LG17	22923053	22923069	ssa12_68792774_68794064.maf
ssa12	LG17	22959913	22959948	ssa12_68821852_68822934.maf
ssa12	LG17	22959952	22959962	ssa12_68821852_68822934.maf
ssa12	LG17	22959974	22959996	ssa12_68821852_68822934.maf
ssa12	LG17	22991041	22991082	ssa12_68852413_68853082.maf
ssa12	LG17	22991092	22991102	ssa12_68852413_68853082.maf
ssa12	LG17	22991107	22991118	ssa12_68852413_68853082.maf
ssa12	LG17	22991118	22991129	ssa12_68852413_68853082.maf
ssa12	LG17	22991129	22991227	ssa12_68852413_68853082.maf
ssa12	LG17	23647546	23647616	ssa12_69400701_69401415.maf
ssa12	LG17	23693274	23693430	ssa12_69470487_69471347.maf
ssa12	LG17	23693430	23693441	ssa12_69470487_69471347.maf
ssa12	LG17	23742459	23742481	ssa12_69578879_69579137.maf
ssa12	LG17	23742524	23742575	ssa12_69578879_69579137.maf
ssa12	LG17	23742575	23742590	ssa12_69578879_69579137.maf
ssa12	LG17	24051340	24051468	ssa12_69992651_69993389.maf
ssa12	LG17	24175363	24175408	ssa12_70318304_70319021.maf
ssa12	LG17	24175408	24175425	ssa12_70318304_70319021.maf
ssa12	LG17	24175431	24175463	ssa12_70318304_70319021.maf
ssa12	LG17	24218289	24218389	ssa12_70336929_70337654.maf
ssa12	LG17	24228737	24228844	ssa12_70359237_70359988.maf
ssa12	LG17	24228844	24228906	ssa12_70359237_70359988.maf
ssa12	LG17	24228906	24228919	ssa12_70359237_70359988.maf
ssa12	LG17	24228919	24228951	ssa12_70359237_70359988.maf
ssa12	LG17	24228951	24228999	ssa12_70359237_70359988.maf
ssa12	LG17	24228999	24229037	ssa12_70359237_70359988.maf
ssa12	LG17	24229037	24229059	ssa12_70359237_70359988.maf
ssa12	LG17	24229283	24229303	ssa12_70359237_70359988.maf
ssa12	LG17	24229403	24229439	ssa12_70359237_70359988.maf
ssa12	LG17	24234457	24234474	ssa12_70367322_70367582.maf
ssa12	LG17	24324498	24324649	ssa12_70464935_70466307.maf
ssa12	LG17	24325631	24325649	ssa12_70464935_70466307.maf
ssa12	LG17	24325651	24325704	ssa12_70464935_70466307.maf
ssa12	LG17	24456257	24456328	ssa12_70617600_70618206.maf
ssa12	LG17	24476480	24476497	ssa12_70638417_70639202.maf
ssa12	LG17	24476510	24476529	ssa12_70638417_70639202.maf
ssa12	LG17	24476532	24476562	ssa12_70638417_70639202.maf
ssa12	LG17	24476562	24476618	ssa12_70638417_70639202.maf
ssa12	LG17	24476910	24476930	ssa12_70638417_70639202.maf
ssa12	LG17	24476930	24476947	ssa12_70638417_70639202.maf
ssa12	LG17	24476955	24476980	ssa12_70638417_70639202.maf
ssa12	LG17	24476980	24477011	ssa12_70638417_70639202.maf
ssa12	LG17	24721208	24721223	ssa12_70968911_70969154.maf
ssa12	LG17	24721355	24721366	ssa12_70968911_70969154.maf
ssa12	LG17	25415816	25415878	ssa12_71809188_71809786.maf
ssa12	LG17	25507671	25507757	ssa12_71929460_71929891.maf
ssa12	LG17	25507757	25507834	ssa12_71929460_71929891.maf
ssa12	LG17	25578227	25578243	ssa12_72008086_72008811.maf
ssa12	LG17	25578250	25578322	ssa12_72008086_72008811.maf
ssa12	LG17	25578322	25578358	ssa12_72008086_72008811.maf
ssa12	LG17	25578358	25578369	ssa12_72008086_72008811.maf
ssa12	LG17	25660017	25660136	ssa12_72058783_72059128.maf
ssa12	LG17	25670611	25670628	ssa12_72067403_72067805.maf
ssa12	LG17	26070754	26070781	ssa12_72549706_72550140.maf
ssa12	LG17	26090149	26090194	ssa12_72605453_72605910.maf
ssa12	LG17	26090194	26090210	ssa12_72605453_72605910.maf
ssa12	LG17	26090218	26090272	ssa12_72605453_72605910.maf
ssa12	LG17	26090272	26090333	ssa12_72605453_72605910.maf
ssa12	LG17	26090333	26090347	ssa12_72605453_72605910.maf
ssa12	LG17	26090348	26090367	ssa12_72605453_72605910.maf
ssa12	LG17	26090378	26090395	ssa12_72605453_72605910.maf
ssa12	LG17	26109515	26109556	ssa12_72631780_72632930.maf
ssa12	LG17	26109556	26109597	ssa12_72631780_72632930.maf
ssa12	LG17	26109597	26109607	ssa12_72631780_72632930.maf
ssa12	LG17	26109864	26109916	ssa12_72631780_72632930.maf
ssa12	LG17	26109916	26110001	ssa12_72631780_72632930.maf
ssa12	LG17	26110001	26110052	ssa12_72631780_72632930.maf
ssa12	LG17	26110052	26110079	ssa12_72631780_72632930.maf
ssa12	LG17	26110079	26110091	ssa12_72631780_72632930.maf
ssa12	LG17	26110091	26110151	ssa12_72631780_72632930.maf
ssa12	LG17	26110151	26110187	ssa12_72631780_72632930.maf
ssa12	LG17	26110187	26110225	ssa12_72631780_72632930.maf
ssa12	LG17	26110243	26110260	ssa12_72631780_72632930.maf
ssa12	LG17	26110262	26110282	ssa12_72631780_72632930.maf
ssa12	LG17	26110282	26110330	ssa12_72631780_72632930.maf
ssa12	LG17	26110330	26110355	ssa12_72631780_72632930.maf
ssa12	LG17	26110355	26110371	ssa12_72631780_72632930.maf
ssa12	LG17	26315646	26315763	ssa12_72906278_72906911.maf
ssa12	LG17	26517411	26517476	ssa12_73202024_73202897.maf
ssa12	LG17	26632098	26632120	ssa12_73382338_73383128.maf
ssa12	LG17	26659302	26659355	ssa12_73425589_73426317.maf
ssa12	LG17	26659355	26659369	ssa12_73425589_73426317.maf
ssa12	LG17	26668339	26668349	ssa12_73436491_73436895.maf
ssa12	LG17	26668349	26668397	ssa12_73436491_73436895.maf
ssa12	LG17	26669257	26669310	ssa12_73437457_73438568.maf
ssa12	LG17	26669310	26669321	ssa12_73437457_73438568.maf
ssa12	LG17	26669321	26669341	ssa12_73437457_73438568.maf
ssa12	LG17	26669762	26669791	ssa12_73437457_73438568.maf
ssa12	LG17	26669791	26669984	ssa12_73437457_73438568.maf
ssa12	LG17	27189563	27189606	ssa12_74112648_74113326.maf
ssa12	LG17	27189690	27189703	ssa12_74112648_74113326.maf
ssa12	LG17	27189703	27189760	ssa12_74112648_74113326.maf
ssa12	LG17	27189760	27189777	ssa12_74112648_74113326.maf
ssa12	LG17	27189787	27189798	ssa12_74112648_74113326.maf
ssa12	LG17	27459866	27459886	ssa12_74395095_74395489.maf
ssa12	LG17	27481524	27481553	ssa12_74430806_74432251.maf
ssa12	LG17	27482169	27482213	ssa12_74430806_74432251.maf
ssa12	LG17	27482213	27482267	ssa12_74430806_74432251.maf
ssa12	LG17	27482274	27482315	ssa12_74430806_74432251.maf
ssa12	LG17	27485192	27485204	ssa12_74435909_74437449.maf
ssa12	LG17	27486014	27486074	ssa12_74435909_74437449.maf
ssa12	LG17	28002885	28002907	ssa12_75184288_75184887.maf
ssa12	LG17	28002907	28002921	ssa12_75184288_75184887.maf
ssa12	LG17	28041292	28041344	ssa12_75208407_75208995.maf
ssa12	LG17	28041344	28041383	ssa12_75208407_75208995.maf
ssa12	LG17	28041397	28041422	ssa12_75208407_75208995.maf
ssa12	LG17	28041437	28041460	ssa12_75208407_75208995.maf
ssa12	LG17	28140644	28140658	ssa12_75360292_75361032.maf
ssa12	LG17	28140666	28140686	ssa12_75360292_75361032.maf
ssa12	LG17	28140709	28140795	ssa12_75360292_75361032.maf
ssa12	LG17	28174337	28174389	ssa12_75407351_75408186.maf
ssa12	LG17	28174396	28174486	ssa12_75407351_75408186.maf
ssa12	LG17	28408599	28408628	ssa12_75725155_75725845.maf
ssa12	LG17	28473850	28473889	ssa12_75817490_75817876.maf
ssa12	LG17	28473889	28473902	ssa12_75817490_75817876.maf
ssa12	LG17	28473909	28473920	ssa12_75817490_75817876.maf
ssa12	LG17	28474034	28474047	ssa12_75817490_75817876.maf
ssa12	LG17	28474047	28474070	ssa12_75817490_75817876.maf
ssa12	LG17	28474070	28474092	ssa12_75817490_75817876.maf
ssa12	LG17	28474143	28474154	ssa12_75817490_75817876.maf
ssa12	LG17	28475832	28475888	ssa12_75822339_75823026.maf
ssa12	LG17	28475888	28475927	ssa12_75822339_75823026.maf
ssa12	LG17	28475927	28475964	ssa12_75822339_75823026.maf
ssa12	LG17	28475964	28476061	ssa12_75822339_75823026.maf
ssa12	LG17	28476061	28476088	ssa12_75822339_75823026.maf
ssa12	LG17	28476234	28476247	ssa12_75822339_75823026.maf
ssa12	LG17	28476247	28476269	ssa12_75822339_75823026.maf
ssa12	LG17	28493674	28493820	ssa12_75839749_75840676.maf
ssa12	LG17	28496584	28496652	ssa12_75840982_75841570.maf
ssa12	LG17	28558748	28558797	ssa12_76032998_76033718.maf
ssa12	LG17	28558797	28558810	ssa12_76032998_76033718.maf
ssa12	LG17	28558810	28558858	ssa12_76032998_76033718.maf
ssa12	LG17	28559022	28559056	ssa12_76032998_76033718.maf
ssa12	LG17	28559070	28559089	ssa12_76032998_76033718.maf
ssa12	LG17	28713880	28713945	ssa12_76213037_76213907.maf
ssa12	LG17	28714084	28714095	ssa12_76213037_76213907.maf
ssa12	LG17	28714095	28714143	ssa12_76213037_76213907.maf
ssa12	LG17	28714235	28714246	ssa12_76213037_76213907.maf
ssa12	LG17	28714246	28714258	ssa12_76213037_76213907.maf
ssa12	LG17	28714279	28714290	ssa12_76213037_76213907.maf
ssa12	LG17	28714384	28714398	ssa12_76213037_76213907.maf
ssa12	LG17	28928062	28928075	ssa12_76470191_76471540.maf
ssa12	LG17	28928075	28928096	ssa12_76470191_76471540.maf
ssa12	LG17	28928422	28928451	ssa12_76470191_76471540.maf
ssa12	LG17	28928478	28928565	ssa12_76470191_76471540.maf
ssa12	LG17	28928571	28928617	ssa12_76470191_76471540.maf
ssa12	LG17	28928781	28928793	ssa12_76470191_76471540.maf
ssa12	LG17	28928793	28929026	ssa12_76470191_76471540.maf
ssa12	LG17	29357025	29357052	ssa12_77020505_77021111.maf
ssa12	LG17	29357052	29357115	ssa12_77020505_77021111.maf
ssa12	LG17	29357115	29357143	ssa12_77020505_77021111.maf
ssa12	LG17	29357155	29357171	ssa12_77020505_77021111.maf
ssa12	LG17	29357171	29357200	ssa12_77020505_77021111.maf
ssa12	LG17	29357200	29357229	ssa12_77020505_77021111.maf
ssa12	LG17	29367836	29367851	ssa12_77039482_77040658.maf
ssa12	LG17	29367851	29367912	ssa12_77039482_77040658.maf
ssa12	LG17	29368140	29368298	ssa12_77039482_77040658.maf
ssa12	LG17	29368298	29368341	ssa12_77039482_77040658.maf
ssa12	LG17	29368341	29368352	ssa12_77039482_77040658.maf
ssa12	LG17	29368352	29368379	ssa12_77039482_77040658.maf
ssa12	LG17	29368379	29368471	ssa12_77039482_77040658.maf
ssa12	LG17	29400493	29400503	ssa12_77064995_77065376.maf
ssa12	LG17	29400552	29400629	ssa12_77064995_77065376.maf
ssa12	LG17	29831000	29831040	ssa12_77808403_77808825.maf
ssa12	LG17	29831042	29831098	ssa12_77808403_77808825.maf
ssa12	LG17	29831098	29831141	ssa12_77808403_77808825.maf
ssa12	LG17	30267382	30267503	ssa12_78563287_78563681.maf
ssa12	LG17	30267503	30267525	ssa12_78563287_78563681.maf
ssa12	LG17	30267533	30267545	ssa12_78563287_78563681.maf
ssa12	LG17	30267545	30267564	ssa12_78563287_78563681.maf
ssa12	LG17	30267570	30267584	ssa12_78563287_78563681.maf
ssa12	LG17	30396280	30396329	ssa12_78810761_78811247.maf
ssa12	LG17	30396329	30396436	ssa12_78810761_78811247.maf
ssa12	LG17	30448842	30448904	ssa12_78863101_78863636.maf
ssa12	LG17	30449142	30449203	ssa12_78863101_78863636.maf
ssa12	LG17	30611276	30611300	ssa12_79077176_79077471.maf
ssa12	LG17	30627839	30627866	ssa12_79097096_79097485.maf
ssa12	LG17	30641924	30641947	ssa12_79113593_79113869.maf
ssa12	LG17	30641947	30642053	ssa12_79113593_79113869.maf
ssa12	LG17	31188038	31188060	ssa12_79842070_79842950.maf
ssa12	LG17	31188072	31188087	ssa12_79842070_79842950.maf
ssa12	LG17	31188087	31188126	ssa12_79842070_79842950.maf
ssa12	LG17	31188130	31188311	ssa12_79842070_79842950.maf
ssa12	LG17	31188311	31188338	ssa12_79842070_79842950.maf
ssa12	LG17	31188338	31188350	ssa12_79842070_79842950.maf
ssa12	LG17	31230631	31230676	ssa12_79912155_79912886.maf
ssa12	LG17	31425076	31425122	ssa12_80181760_80182561.maf
ssa12	LG17	31425122	31425142	ssa12_80181760_80182561.maf
ssa12	LG17	31425142	31425159	ssa12_80181760_80182561.maf
ssa12	LG17	31471667	31471777	ssa12_80239616_80240098.maf
ssa12	LG17	31471862	31471940	ssa12_80239616_80240098.maf
ssa12	LG17	31489614	31489626	ssa12_80258819_80259417.maf
ssa12	LG17	31489626	31489711	ssa12_80258819_80259417.maf
ssa12	LG17	31489730	31489820	ssa12_80258819_80259417.maf
ssa12	LG17	31928642	31928701	ssa12_80766650_80767451.maf
ssa12	LG17	31928701	31928718	ssa12_80766650_80767451.maf
ssa12	LG17	31928795	31928828	ssa12_80766650_80767451.maf
ssa12	LG17	31928828	31928844	ssa12_80766650_80767451.maf
ssa12	LG17	31928844	31928869	ssa12_80766650_80767451.maf
ssa12	LG17	31928945	31928958	ssa12_80766650_80767451.maf
ssa12	LG17	31928980	31928994	ssa12_80766650_80767451.maf
ssa12	LG17	31980716	31980803	ssa12_80850298_80850926.maf
ssa12	LG17	32131054	32131152	ssa12_81025757_81026335.maf
ssa12	LG17	32131490	32131542	ssa12_81025757_81026335.maf
ssa12	LG17	32131542	32131565	ssa12_81025757_81026335.maf
ssa12	LG17	32134210	32134231	ssa12_81029870_81030474.maf
ssa12	LG17	32134293	32134308	ssa12_81029870_81030474.maf
ssa12	LG17	32134309	32134392	ssa12_81029870_81030474.maf
ssa12	LG17	32194498	32194568	ssa12_81122759_81123036.maf
ssa12	LG17	32309717	32309801	ssa12_81273111_81273772.maf
ssa12	LG17	33026098	33026110	ssa12_81914704_81915619.maf
ssa12	LG17	33106596	33106607	ssa12_81992587_81993219.maf
ssa12	LG17	33106950	33107033	ssa12_81992587_81993219.maf
ssa12	LG17	33259770	33259799	ssa12_82231927_82232932.maf
ssa12	LG17	33259802	33259850	ssa12_82231927_82232932.maf
ssa12	LG17	33260020	33260036	ssa12_82231927_82232932.maf
ssa12	LG17	33260060	33260129	ssa12_82231927_82232932.maf
ssa12	LG17	33298167	33298177	ssa12_82276277_82276795.maf
ssa12	LG17	33298177	33298203	ssa12_82276277_82276795.maf
ssa12	LG17	33298607	33298643	ssa12_82276277_82276795.maf
ssa12	LG17	33298643	33298664	ssa12_82276277_82276795.maf
ssa12	LG17	33380705	33380787	ssa12_82442604_82442936.maf
ssa12	LG17	33654322	33654387	ssa12_82960823_82961812.maf
ssa12	LG17	34427899	34428063	ssa12_84081601_84082377.maf
ssa12	LG17	34428643	34428665	ssa12_84082766_84083360.maf
ssa12	LG17	34428672	34428692	ssa12_84082766_84083360.maf
ssa12	LG17	34428703	34428743	ssa12_84082766_84083360.maf
ssa12	LG17	34428749	34428907	ssa12_84082766_84083360.maf
ssa12	LG17	34428907	34428923	ssa12_84082766_84083360.maf
ssa12	LG17	34428923	34428993	ssa12_84082766_84083360.maf
ssa12	LG17	34437638	34437670	ssa12_84101781_84102264.maf
ssa12	LG17	34437670	34437682	ssa12_84101781_84102264.maf
ssa12	LG17	35268778	35268839	ssa12_84513422_84514312.maf
ssa12	LG17	35268874	35268900	ssa12_84513422_84514312.maf
ssa12	LG17	35268989	35269008	ssa12_84513422_84514312.maf
ssa12	LG17	34905425	34905443	ssa12_85032528_85033065.maf
ssa12	LG17	34905449	34905518	ssa12_85032528_85033065.maf
ssa12	LG17	34905518	34905578	ssa12_85032528_85033065.maf
ssa12	LG17	34894028	34894102	ssa12_85063025_85064172.maf
ssa12	LG17	34894914	34895007	ssa12_85063025_85064172.maf
ssa12	LG17	34776804	34776827	ssa12_85263564_85263845.maf
ssa12	LG17	34776829	34776840	ssa12_85263564_85263845.maf
ssa12	LG17	34529719	34529797	ssa12_85609394_85610734.maf
ssa12	LG17	35944080	35944213	ssa12_85680128_85681790.maf
ssa12	LG17	36111217	36111294	ssa12_85876931_85877645.maf
ssa12	LG17	36511526	36511616	ssa12_86443182_86443884.maf
ssa12	LG17	36511616	36511635	ssa12_86443182_86443884.maf
ssa12	LG17	36703399	36703551	ssa12_86707598_86707835.maf
ssa12	LG17	36752835	36752892	ssa12_86765821_86766354.maf
ssa12	LG17	36752892	36752903	ssa12_86765821_86766354.maf
ssa12	LG17	36752922	36752990	ssa12_86765821_86766354.maf
ssa12	LG17	36752999	36753012	ssa12_86765821_86766354.maf
ssa12	LG17	36753012	36753067	ssa12_86765821_86766354.maf
ssa12	LG17	36753067	36753118	ssa12_86765821_86766354.maf
ssa12	LG17	36753118	36753149	ssa12_86765821_86766354.maf
ssa12	LG17	36753152	36753204	ssa12_86765821_86766354.maf
ssa12	LG17	36753204	36753225	ssa12_86765821_86766354.maf
ssa12	LG17	36815259	36815292	ssa12_86817400_86818136.maf
ssa12	LG17	36815370	36815426	ssa12_86817400_86818136.maf
ssa12	LG17	36878596	36878623	ssa12_86915404_86915835.maf
ssa12	LG17	36878685	36878703	ssa12_86915404_86915835.maf
ssa12	LG17	37046272	37046297	ssa12_87108843_87109225.maf
ssa12	LG17	39074469	39074488	ssa12_87551939_87552346.maf
ssa12	LG17	38910572	38910710	ssa12_87774164_87774585.maf
ssa12	LG17	38843805	38843830	ssa12_87841746_87842260.maf
ssa12	LG17	38791649	38791663	ssa12_87914510_87914721.maf
ssa12	LG17	37910412	37910442	ssa12_88209357_88210109.maf
ssa12	LG17	37910470	37910494	ssa12_88209357_88210109.maf
ssa12	LG17	37910730	37910851	ssa12_88209357_88210109.maf
ssa12	LG17	38055294	38055321	ssa12_88311308_88311834.maf
ssa12	LG17	38055321	38055356	ssa12_88311308_88311834.maf
ssa12	LG17	38055356	38055370	ssa12_88311308_88311834.maf
ssa12	LG17	38217909	38217924	ssa12_88381161_88381876.maf
ssa12	LG17	38217924	38217939	ssa12_88381161_88381876.maf
ssa12	LG17	38217939	38218070	ssa12_88381161_88381876.maf
ssa12	LG17	41617915	41618005	ssa12_90715542_90715892.maf
ssa12	LG17	41618022	41618042	ssa12_90715542_90715892.maf
ssa12	LG17	41618044	41618063	ssa12_90715542_90715892.maf
ssa12	LG17	41618063	41618089	ssa12_90715542_90715892.maf
ssa12	LG17	42072251	42072360	ssa12_90992152_90992978.maf
ssa12	LG17	42270781	42270799	ssa12_91149055_91149743.maf
ssa12	LG17	42270799	42270824	ssa12_91149055_91149743.maf
ssa12	LG17	42299884	42299898	ssa12_91171038_91171446.maf
ssa12	LG17	42299898	42299965	ssa12_91171038_91171446.maf
ssa12	LG17	42450336	42450388	ssa12_91339170_91339894.maf
ssa12	LG17	42450390	42450400	ssa12_91339170_91339894.maf
ssa12	LG17	42455605	42455676	ssa12_91343855_91344193.maf
ssa12	LG17	43209524	43209551	ssa12_92260990_92262627.maf
ssa12	LG17	43209551	43209570	ssa12_92260990_92262627.maf
ssa12	LG17	43209599	43209612	ssa12_92260990_92262627.maf
ssa12	LG17	384018	384087	ssa12_93677289_93678022.maf
ssa12	LG17	384098	384169	ssa12_93677289_93678022.maf
ssa12	LG17	1217788	1217830	ssa12_94545536_94546424.maf
ssa12	LG17	2592790	2592812	ssa12_96202825_96203222.maf
ssa12	LG17	2592920	2592940	ssa12_96202825_96203222.maf
ssa13	LG14	30719633	30719645	ssa13_100073039_100073920.maf
ssa13	LG14	31217830	31217911	ssa13_100770118_100770421.maf
ssa13	LG14	31311898	31311929	ssa13_101009239_101010125.maf
ssa13	LG14	31566466	31566513	ssa13_101547396_101547998.maf
ssa13	LG14	31581514	31581561	ssa13_101587006_101587902.maf
ssa13	LG14	31581573	31581589	ssa13_101587006_101587902.maf
ssa13	LG14	31581670	31581687	ssa13_101587006_101587902.maf
ssa13	LG14	31582440	31582459	ssa13_101587006_101587902.maf
ssa13	LG14	31582460	31582473	ssa13_101587006_101587902.maf
ssa13	LG14	31582473	31582497	ssa13_101587006_101587902.maf
ssa13	LG14	31824371	31824415	ssa13_102058846_102059208.maf
ssa13	LG14	31824419	31824440	ssa13_102058846_102059208.maf
ssa13	LG14	31824440	31824450	ssa13_102058846_102059208.maf
ssa13	LG14	31830702	31830718	ssa13_102069215_102069601.maf
ssa13	LG14	31830747	31830757	ssa13_102069215_102069601.maf
ssa13	LG14	32229967	32230023	ssa13_102588868_102589319.maf
ssa13	LG14	32433819	32433841	ssa13_102932583_102932816.maf
ssa13	LG14	32433849	32433883	ssa13_102932583_102932816.maf
ssa13	LG14	32519775	32519815	ssa13_103031212_103031687.maf
ssa13	LG14	32519815	32519825	ssa13_103031212_103031687.maf
ssa13	LG14	32603596	32603615	ssa13_103159504_103160338.maf
ssa13	LG14	32603616	32603655	ssa13_103159504_103160338.maf
ssa13	LG14	32603655	32603693	ssa13_103159504_103160338.maf
ssa13	LG14	32662210	32662226	ssa13_103255555_103256292.maf
ssa13	LG14	32662226	32662266	ssa13_103255555_103256292.maf
ssa13	LG14	32995447	32995467	ssa13_103711613_103712644.maf
ssa13	LG14	32995467	32995480	ssa13_103711613_103712644.maf
ssa13	LG14	32995480	32995527	ssa13_103711613_103712644.maf
ssa13	LG14	32995529	32995558	ssa13_103711613_103712644.maf
ssa13	LG14	32995558	32995571	ssa13_103711613_103712644.maf
ssa13	LG14	32995571	32995588	ssa13_103711613_103712644.maf
ssa13	LG14	34706727	34706752	ssa13_105318652_105320208.maf
ssa13	LG14	34724545	34724584	ssa13_105326796_105327548.maf
ssa13	LG14	34724584	34724595	ssa13_105326796_105327548.maf
ssa13	LG14	34724595	34724655	ssa13_105326796_105327548.maf
ssa13	LG14	35546281	35546387	ssa13_105814339_105814731.maf
ssa13	LG14	36176331	36176410	ssa13_106194502_106195196.maf
ssa13	LG23	2850254	2850308	ssa13_106940003_106940626.maf
ssa13	LG23	2836203	2836220	ssa13_106977902_106979127.maf
ssa13	LG23	2836220	2836243	ssa13_106977902_106979127.maf
ssa13	LG23	2836243	2836320	ssa13_106977902_106979127.maf
ssa13	LG23	2827152	2827172	ssa13_107011303_107011937.maf
ssa13	LG23	2827181	2827202	ssa13_107011303_107011937.maf
ssa13	LG23	2742230	2742293	ssa13_107271481_107272747.maf
ssa13	LG23	2742295	2742328	ssa13_107271481_107272747.maf
ssa13	LG23	2742422	2742520	ssa13_107271481_107272747.maf
ssa13	LG23	2742520	2742534	ssa13_107271481_107272747.maf
ssa13	LG23	2644889	2644899	ssa13_107549665_107549965.maf
ssa13	LG23	2644935	2645054	ssa13_107549665_107549965.maf
ssa13	LG23	2582313	2582341	ssa13_107689870_107690787.maf
ssa13	LG23	2582341	2582388	ssa13_107689870_107690787.maf
ssa13	LG23	2582398	2582410	ssa13_107689870_107690787.maf
ssa13	LG23	2582418	2582433	ssa13_107689870_107690787.maf
ssa13	LG23	2582433	2582449	ssa13_107689870_107690787.maf
ssa13	LG23	2426405	2426484	ssa13_108106523_108106788.maf
ssa13	LG23	2413011	2413125	ssa13_108142533_108143560.maf
ssa13	LG23	2392262	2392273	ssa13_108194235_108194984.maf
ssa13	LG23	2392273	2392284	ssa13_108194235_108194984.maf
ssa13	LG23	2392594	2392675	ssa13_108194235_108194984.maf
ssa13	LG23	2392675	2392696	ssa13_108194235_108194984.maf
ssa13	LG23	2392728	2392738	ssa13_108194235_108194984.maf
ssa13	LG23	2392738	2392751	ssa13_108194235_108194984.maf
ssa13	LG12	4979907	4979937	ssa13_10820849_10821557.maf
ssa13	LG12	4980183	4980194	ssa13_10820849_10821557.maf
ssa13	LG12	4987553	4987624	ssa13_10834453_10834998.maf
ssa13	LG12	5021180	5021205	ssa13_10881135_10881612.maf
ssa13	LG12	5021205	5021218	ssa13_10881135_10881612.maf
ssa13	LG12	5021226	5021255	ssa13_10881135_10881612.maf
ssa13	LG12	5021255	5021267	ssa13_10881135_10881612.maf
ssa13	LG23	1885261	1885347	ssa13_109401427_109402537.maf
ssa13	LG23	1761511	1761525	ssa13_109695423_109696279.maf
ssa13	LG23	1761525	1761539	ssa13_109695423_109696279.maf
ssa13	LG23	1761557	1761596	ssa13_109695423_109696279.maf
ssa13	LG23	1761601	1761676	ssa13_109695423_109696279.maf
ssa13	LG23	1758396	1758441	ssa13_109703487_109704771.maf
ssa13	LG23	1758441	1758477	ssa13_109703487_109704771.maf
ssa13	LG23	1758477	1758612	ssa13_109703487_109704771.maf
ssa13	LG23	1758625	1758654	ssa13_109703487_109704771.maf
ssa13	LG23	1758654	1758676	ssa13_109703487_109704771.maf
ssa13	LG23	1758689	1758701	ssa13_109703487_109704771.maf
ssa13	LG23	1758846	1758878	ssa13_109703487_109704771.maf
ssa13	LG23	1741579	1741667	ssa13_109750715_109751456.maf
ssa13	LG12	19995326	19995360	ssa13_11993005_11993497.maf
ssa13	LG12	19995366	19995390	ssa13_11993005_11993497.maf
ssa13	LG12	19478649	19478660	ssa13_12805157_12805293.maf
ssa13	LG12	19440158	19440239	ssa13_12857416_12858257.maf
ssa13	LG12	19440296	19440417	ssa13_12857416_12858257.maf
ssa13	LG12	18618751	18618837	ssa13_14314175_14314516.maf
ssa13	LG12	18618851	18618944	ssa13_14314175_14314516.maf
ssa13	LG12	25257797	25257809	ssa13_17640904_17642002.maf
ssa13	LG12	25257812	25257851	ssa13_17640904_17642002.maf
ssa13	LG12	25257853	25257868	ssa13_17640904_17642002.maf
ssa13	LG12	25257875	25257912	ssa13_17640904_17642002.maf
ssa13	LG12	25257912	25257935	ssa13_17640904_17642002.maf
ssa13	LG12	25257935	25257959	ssa13_17640904_17642002.maf
ssa13	LG12	25257959	25258004	ssa13_17640904_17642002.maf
ssa13	LG12	25258037	25258092	ssa13_17640904_17642002.maf
ssa13	LG12	25258097	25258183	ssa13_17640904_17642002.maf
ssa13	LG12	25259105	25259158	ssa13_17642398_17642812.maf
ssa13	LG12	25259166	25259283	ssa13_17642398_17642812.maf
ssa13	LG12	25273518	25273637	ssa13_17658625_17659596.maf
ssa13	LG12	25273651	25273727	ssa13_17658625_17659596.maf
ssa13	LG12	25273727	25273798	ssa13_17658625_17659596.maf
ssa13	LG12	25273798	25273810	ssa13_17658625_17659596.maf
ssa13	LG12	25273881	25273984	ssa13_17658625_17659596.maf
ssa13	LG12	25273984	25274005	ssa13_17658625_17659596.maf
ssa13	LG12	26129597	26129612	ssa13_19012743_19013289.maf
ssa13	LG12	26129612	26129632	ssa13_19012743_19013289.maf
ssa13	LG12	26430366	26430401	ssa13_19497737_19498176.maf
ssa13	LG12	26438612	26438648	ssa13_19509208_19509586.maf
ssa13	LG12	26438648	26438669	ssa13_19509208_19509586.maf
ssa13	LG12	26438685	26438700	ssa13_19509208_19509586.maf
ssa13	LG12	26438703	26438717	ssa13_19509208_19509586.maf
ssa13	LG12	26438771	26438904	ssa13_19509208_19509586.maf
ssa13	LG12	26560678	26560740	ssa13_19747647_19748821.maf
ssa13	LG12	26560791	26560817	ssa13_19747647_19748821.maf
ssa13	LG12	26622171	26622282	ssa13_19926636_19927662.maf
ssa13	LG12	26622550	26622699	ssa13_19926636_19927662.maf
ssa13	LG12	26647015	26647035	ssa13_19961546_19962012.maf
ssa13	LG12	26671455	26671483	ssa13_19983580_19983799.maf
ssa13	LG12	26722816	26722841	ssa13_20036109_20036508.maf
ssa13	LG12	1547579	1547661	ssa13_2010041_2011200.maf
ssa13	LG12	27144443	27144457	ssa13_20529825_20530062.maf
ssa13	LG12	28242421	28242491	ssa13_21430476_21431954.maf
ssa13	LG12	28242502	28242581	ssa13_21430476_21431954.maf
ssa13	LG12	28864942	28864960	ssa13_22278003_22278262.maf
ssa13	LG12	28864960	28865081	ssa13_22278003_22278262.maf
ssa13	LG12	29239270	29239293	ssa13_22874455_22874956.maf
ssa13	LG12	29292038	29292048	ssa13_22957117_22958499.maf
ssa13	LG12	29292050	29292060	ssa13_22957117_22958499.maf
ssa13	LG12	29292060	29292082	ssa13_22957117_22958499.maf
ssa13	LG12	29292082	29292170	ssa13_22957117_22958499.maf
ssa13	LG12	29760294	29760324	ssa13_23620551_23621397.maf
ssa13	LG12	29760324	29760407	ssa13_23620551_23621397.maf
ssa13	LG12	30727916	30728046	ssa13_24604165_24604866.maf
ssa13	LG12	30983905	30983994	ssa13_24850738_24851895.maf
ssa13	LG12	31073834	31073844	ssa13_24893479_24894092.maf
ssa13	LG12	31073853	31073935	ssa13_24893479_24894092.maf
ssa13	LG12	31073935	31073954	ssa13_24893479_24894092.maf
ssa13	LG12	31304237	31304260	ssa13_25252004_25252474.maf
ssa13	LG12	31304260	31304271	ssa13_25252004_25252474.maf
ssa13	LG12	31304271	31304294	ssa13_25252004_25252474.maf
ssa13	LG12	31304294	31304341	ssa13_25252004_25252474.maf
ssa13	LG12	31657382	31657461	ssa13_25816045_25816447.maf
ssa13	LG12	32715806	32715846	ssa13_27167991_27168519.maf
ssa13	LG12	32715846	32715882	ssa13_27167991_27168519.maf
ssa13	LG12	24368245	24368293	ssa13_28275014_28276052.maf
ssa13	LG12	24368633	24368719	ssa13_28275014_28276052.maf
ssa13	LG12	17142466	17142505	ssa13_29623171_29623413.maf
ssa13	LG12	17034914	17034982	ssa13_29739138_29739598.maf
ssa13	LG12	17034992	17035027	ssa13_29739138_29739598.maf
ssa13	LG12	17035027	17035071	ssa13_29739138_29739598.maf
ssa13	LG12	16875469	16875495	ssa13_29995217_29996208.maf
ssa13	LG12	16875532	16875577	ssa13_29995217_29996208.maf
ssa13	LG12	16875577	16875606	ssa13_29995217_29996208.maf
ssa13	LG12	16875625	16875643	ssa13_29995217_29996208.maf
ssa13	LG12	16875643	16875653	ssa13_29995217_29996208.maf
ssa13	LG12	15277620	15277662	ssa13_31922504_31923249.maf
ssa13	LG12	15107254	15107311	ssa13_32150337_32151181.maf
ssa13	LG12	15108146	15108216	ssa13_32150337_32151181.maf
ssa13	LG12	14809721	14809735	ssa13_32608204_32608734.maf
ssa13	LG12	14809745	14809757	ssa13_32608204_32608734.maf
ssa13	LG12	14809776	14809804	ssa13_32608204_32608734.maf
ssa13	LG12	14655337	14655395	ssa13_32847850_32849160.maf
ssa13	LG12	14655517	14655569	ssa13_32847850_32849160.maf
ssa13	LG12	14656159	14656254	ssa13_32847850_32849160.maf
ssa13	LG12	14290983	14291014	ssa13_33305565_33306197.maf
ssa13	LG12	14291014	14291040	ssa13_33305565_33306197.maf
ssa13	LG12	14291040	14291084	ssa13_33305565_33306197.maf
ssa13	LG12	13958372	13958409	ssa13_33801666_33802475.maf
ssa13	LG12	13771978	13772057	ssa13_34048687_34049086.maf
ssa13	LG12	13772060	13772143	ssa13_34048687_34049086.maf
ssa13	LG12	13694528	13694617	ssa13_34154168_34155245.maf
ssa13	LG12	13502092	13502180	ssa13_34427234_34427712.maf
ssa13	LG12	13199644	13199684	ssa13_34734786_34735475.maf
ssa13	LG12	13199690	13199729	ssa13_34734786_34735475.maf
ssa13	LG12	13199729	13199752	ssa13_34734786_34735475.maf
ssa13	LG12	13200274	13200304	ssa13_34734786_34735475.maf
ssa13	LG12	13200309	13200427	ssa13_34734786_34735475.maf
ssa13	LG12	13200427	13200442	ssa13_34734786_34735475.maf
ssa13	LG12	13200444	13200465	ssa13_34734786_34735475.maf
ssa13	LG12	13200465	13200490	ssa13_34734786_34735475.maf
ssa13	LG12	13200490	13200500	ssa13_34734786_34735475.maf
ssa13	LG12	13132972	13133000	ssa13_34816344_34816846.maf
ssa13	LG12	13133000	13133041	ssa13_34816344_34816846.maf
ssa13	LG12	13133045	13133060	ssa13_34816344_34816846.maf
ssa13	LG12	13109095	13109113	ssa13_34847297_34847817.maf
ssa13	LG12	13109113	13109167	ssa13_34847297_34847817.maf
ssa13	LG12	13109167	13109207	ssa13_34847297_34847817.maf
ssa13	LG12	13028027	13028047	ssa13_34964933_34965514.maf
ssa13	LG12	13028047	13028061	ssa13_34964933_34965514.maf
ssa13	LG12	13028061	13028117	ssa13_34964933_34965514.maf
ssa13	LG12	13028173	13028196	ssa13_34964933_34965514.maf
ssa13	LG12	12979328	12979419	ssa13_35024695_35025258.maf
ssa13	LG12	12979422	12979441	ssa13_35024695_35025258.maf
ssa13	LG12	12979442	12979495	ssa13_35024695_35025258.maf
ssa13	LG12	12979495	12979513	ssa13_35024695_35025258.maf
ssa13	LG12	12798578	12798602	ssa13_35258909_35260176.maf
ssa13	LG12	12798609	12798662	ssa13_35258909_35260176.maf
ssa13	LG12	12798750	12798762	ssa13_35258909_35260176.maf
ssa13	LG12	12756473	12756489	ssa13_35314834_35315351.maf
ssa13	LG12	12036018	12036096	ssa13_36284282_36284673.maf
ssa13	LG12	12036100	12036115	ssa13_36284282_36284673.maf
ssa13	LG12	12008792	12008807	ssa13_36345732_36346108.maf
ssa13	LG12	12008807	12008838	ssa13_36345732_36346108.maf
ssa13	LG12	12008846	12008903	ssa13_36345732_36346108.maf
ssa13	LG12	11877059	11877070	ssa13_36525244_36525868.maf
ssa13	LG12	11877070	11877121	ssa13_36525244_36525868.maf
ssa13	LG12	11877121	11877237	ssa13_36525244_36525868.maf
ssa13	LG12	11877269	11877283	ssa13_36525244_36525868.maf
ssa13	LG12	11877283	11877306	ssa13_36525244_36525868.maf
ssa13	LG12	11585237	11585268	ssa13_36926341_36926654.maf
ssa13	LG12	11576460	11576529	ssa13_36936969_36937308.maf
ssa13	LG12	11376425	11376439	ssa13_37211635_37212200.maf
ssa13	LG12	11376439	11376451	ssa13_37211635_37212200.maf
ssa13	LG12	11373152	11373169	ssa13_37218097_37218866.maf
ssa13	LG12	11373181	11373204	ssa13_37218097_37218866.maf
ssa13	LG12	11373204	11373286	ssa13_37218097_37218866.maf
ssa13	LG12	11324120	11324145	ssa13_37274055_37274455.maf
ssa13	LG12	11322313	11322324	ssa13_37276199_37276445.maf
ssa13	LG12	11322324	11322353	ssa13_37276199_37276445.maf
ssa13	LG12	11110251	11110272	ssa13_37660691_37661624.maf
ssa13	LG12	11110284	11110300	ssa13_37660691_37661624.maf
ssa13	LG12	11110839	11110893	ssa13_37660691_37661624.maf
ssa13	LG12	11110927	11110960	ssa13_37660691_37661624.maf
ssa13	LG12	11110960	11110981	ssa13_37660691_37661624.maf
ssa13	LG12	11111162	11111302	ssa13_37660691_37661624.maf
ssa13	LG12	10996132	10996271	ssa13_37832544_37833184.maf
ssa13	LG12	10996272	10996296	ssa13_37832544_37833184.maf
ssa13	LG12	10946274	10946287	ssa13_37901784_37902648.maf
ssa13	LG12	10805602	10805664	ssa13_38078432_38079183.maf
ssa13	LG12	10805664	10805688	ssa13_38078432_38079183.maf
ssa13	LG12	10597700	10597728	ssa13_38340012_38340617.maf
ssa13	LG12	10597728	10597773	ssa13_38340012_38340617.maf
ssa13	LG12	10571992	10572024	ssa13_38375234_38376515.maf
ssa13	LG12	10572787	10572805	ssa13_38375234_38376515.maf
ssa13	LG12	10572805	10572864	ssa13_38375234_38376515.maf
ssa13	LG12	10572864	10572874	ssa13_38375234_38376515.maf
ssa13	LG12	10568917	10568967	ssa13_38385340_38385762.maf
ssa13	LG12	10021569	10021624	ssa13_39272666_39273371.maf
ssa13	LG12	10021624	10021641	ssa13_39272666_39273371.maf
ssa13	LG12	10021695	10021706	ssa13_39272666_39273371.maf
ssa13	LG12	9662086	9662113	ssa13_39771229_39771937.maf
ssa13	LG12	9662113	9662158	ssa13_39771229_39771937.maf
ssa13	LG12	9662163	9662187	ssa13_39771229_39771937.maf
ssa13	LG12	9662187	9662213	ssa13_39771229_39771937.maf
ssa13	LG12	9662213	9662256	ssa13_39771229_39771937.maf
ssa13	LG12	9662256	9662274	ssa13_39771229_39771937.maf
ssa13	LG12	9662275	9662285	ssa13_39771229_39771937.maf
ssa13	LG12	9662285	9662297	ssa13_39771229_39771937.maf
ssa13	LG12	9662363	9662384	ssa13_39771229_39771937.maf
ssa13	LG12	9617850	9617954	ssa13_39827605_39828118.maf
ssa13	LG12	9617954	9618069	ssa13_39827605_39828118.maf
ssa13	LG12	9618069	9618152	ssa13_39827605_39828118.maf
ssa13	LG12	9612122	9612133	ssa13_39832819_39833293.maf
ssa13	LG12	9612133	9612170	ssa13_39832819_39833293.maf
ssa13	LG12	9612170	9612247	ssa13_39832819_39833293.maf
ssa13	LG12	9612247	9612266	ssa13_39832819_39833293.maf
ssa13	LG12	9612296	9612308	ssa13_39832819_39833293.maf
ssa13	LG12	9539390	9539401	ssa13_39906046_39906695.maf
ssa13	LG12	9539618	9539670	ssa13_39906046_39906695.maf
ssa13	LG12	9539823	9539833	ssa13_39906046_39906695.maf
ssa13	LG12	9539833	9539855	ssa13_39906046_39906695.maf
ssa13	LG12	9539855	9539919	ssa13_39906046_39906695.maf
ssa13	LG12	9528661	9528869	ssa13_39915630_39916722.maf
ssa13	LG12	9529047	9529098	ssa13_39915630_39916722.maf
ssa13	LG12	9529104	9529256	ssa13_39915630_39916722.maf
ssa13	LG12	9529256	9529471	ssa13_39915630_39916722.maf
ssa13	LG12	9529471	9529503	ssa13_39915630_39916722.maf
ssa13	LG12	9529503	9529539	ssa13_39915630_39916722.maf
ssa13	LG12	9523463	9523474	ssa13_39921592_39921938.maf
ssa13	LG12	9496165	9496200	ssa13_39958015_39958538.maf
ssa13	LG12	9496202	9496218	ssa13_39958015_39958538.maf
ssa13	LG12	9406961	9407035	ssa13_40097921_40098523.maf
ssa13	LG12	9326033	9326097	ssa13_40240891_40241497.maf
ssa13	LG12	9326102	9326135	ssa13_40240891_40241497.maf
ssa13	LG12	9066914	9066956	ssa13_40644061_40644383.maf
ssa13	LG12	8984074	8984122	ssa13_40800658_40801134.maf
ssa13	LG12	8984122	8984271	ssa13_40800658_40801134.maf
ssa13	LG12	8819527	8819538	ssa13_41042303_41042740.maf
ssa13	LG12	8819751	8819781	ssa13_41042303_41042740.maf
ssa13	LG12	8705124	8705191	ssa13_41201384_41202664.maf
ssa13	LG12	8705191	8705208	ssa13_41201384_41202664.maf
ssa13	LG12	8705208	8705219	ssa13_41201384_41202664.maf
ssa13	LG12	8705220	8705237	ssa13_41201384_41202664.maf
ssa13	LG12	8705237	8705264	ssa13_41201384_41202664.maf
ssa13	LG12	8705268	8705325	ssa13_41201384_41202664.maf
ssa13	LG12	8706442	8706471	ssa13_41201384_41202664.maf
ssa13	LG12	8706471	8706529	ssa13_41201384_41202664.maf
ssa13	LG12	8445033	8445063	ssa13_41511523_41512928.maf
ssa13	LG12	8445092	8445105	ssa13_41511523_41512928.maf
ssa13	LG12	8445118	8445128	ssa13_41511523_41512928.maf
ssa13	LG12	8446579	8446602	ssa13_41511523_41512928.maf
ssa13	LG12	8397436	8397469	ssa13_41571396_41571707.maf
ssa13	LG12	8336784	8336820	ssa13_41663030_41664426.maf
ssa13	LG12	8336832	8336842	ssa13_41663030_41664426.maf
ssa13	LG12	8322590	8322668	ssa13_41691537_41691879.maf
ssa13	LG12	8322668	8322735	ssa13_41691537_41691879.maf
ssa13	LG12	8322735	8322745	ssa13_41691537_41691879.maf
ssa13	LG12	8320368	8320395	ssa13_41694718_41695636.maf
ssa13	LG12	8320395	8320413	ssa13_41694718_41695636.maf
ssa13	LG12	8320413	8320424	ssa13_41694718_41695636.maf
ssa13	LG12	8016733	8016802	ssa13_42083833_42084266.maf
ssa13	LG12	7920796	7920806	ssa13_42175465_42176238.maf
ssa13	LG12	7920883	7920935	ssa13_42175465_42176238.maf
ssa13	LG12	7625766	7625778	ssa13_42557804_42558260.maf
ssa13	LG12	7615223	7615288	ssa13_42571006_42571438.maf
ssa13	LG12	7581400	7581428	ssa13_42617310_42617867.maf
ssa13	LG12	7581504	7581525	ssa13_42617310_42617867.maf
ssa13	LG12	7581526	7581603	ssa13_42617310_42617867.maf
ssa13	LG12	7575763	7575773	ssa13_42629199_42629525.maf
ssa13	LG12	7575795	7575817	ssa13_42629199_42629525.maf
ssa13	LG12	7377270	7377295	ssa13_42892570_42893297.maf
ssa13	LG12	7207534	7207555	ssa13_43142041_43142423.maf
ssa13	LG12	7207556	7207626	ssa13_43142041_43142423.maf
ssa13	LG12	7207626	7207665	ssa13_43142041_43142423.maf
ssa13	LG12	7207665	7207705	ssa13_43142041_43142423.maf
ssa13	LG12	7207705	7207730	ssa13_43142041_43142423.maf
ssa13	LG12	7207730	7207752	ssa13_43142041_43142423.maf
ssa13	LG12	6752979	6752989	ssa13_43969894_43970748.maf
ssa13	LG12	6752989	6753014	ssa13_43969894_43970748.maf
ssa13	LG12	6753126	6753253	ssa13_43969894_43970748.maf
ssa13	LG12	6751847	6751871	ssa13_43970793_43971912.maf
ssa13	LG12	6751951	6751963	ssa13_43970793_43971912.maf
ssa13	LG12	6751963	6751999	ssa13_43970793_43971912.maf
ssa13	LG12	6752159	6752170	ssa13_43970793_43971912.maf
ssa13	LG12	6752170	6752193	ssa13_43970793_43971912.maf
ssa13	LG12	6752193	6752245	ssa13_43970793_43971912.maf
ssa13	LG12	6741116	6741151	ssa13_43984551_43986169.maf
ssa13	LG12	6741164	6741175	ssa13_43984551_43986169.maf
ssa13	LG12	6741367	6741393	ssa13_43984551_43986169.maf
ssa13	LG12	6692940	6692957	ssa13_44048831_44049502.maf
ssa13	LG12	6692957	6692969	ssa13_44048831_44049502.maf
ssa13	LG12	6693059	6693268	ssa13_44048831_44049502.maf
ssa13	LG12	6588541	6588649	ssa13_44226190_44226814.maf
ssa13	LG12	6581369	6581406	ssa13_44234127_44235020.maf
ssa13	LG12	6581406	6581423	ssa13_44234127_44235020.maf
ssa13	LG12	6581497	6581513	ssa13_44234127_44235020.maf
ssa13	LG12	6199183	6199244	ssa13_44859832_44860579.maf
ssa13	LG12	6199295	6199337	ssa13_44859832_44860579.maf
ssa13	LG12	6062834	6062905	ssa13_44965067_44965569.maf
ssa13	LG12	5911423	5911477	ssa13_45158429_45158912.maf
ssa13	LG12	22636955	22636973	ssa13_45922670_45923332.maf
ssa13	LG12	22636973	22637078	ssa13_45922670_45923332.maf
ssa13	LG12	22637143	22637155	ssa13_45922670_45923332.maf
ssa13	LG12	22637155	22637204	ssa13_45922670_45923332.maf
ssa13	LG12	23274695	23274710	ssa13_46968970_46969677.maf
ssa13	LG12	23274710	23274746	ssa13_46968970_46969677.maf
ssa13	LG12	23274779	23274832	ssa13_46968970_46969677.maf
ssa13	LG12	23274985	23275030	ssa13_46968970_46969677.maf
ssa13	LG12	5621464	5621604	ssa13_48228876_48229823.maf
ssa13	LG12	5605446	5605463	ssa13_48253496_48254583.maf
ssa13	LG12	5543642	5543694	ssa13_48342971_48344238.maf
ssa13	LG12	5543694	5543726	ssa13_48342971_48344238.maf
ssa13	LG12	5543727	5543772	ssa13_48342971_48344238.maf
ssa13	LG12	5543772	5543815	ssa13_48342971_48344238.maf
ssa13	LG12	5543815	5543826	ssa13_48342971_48344238.maf
ssa13	LG12	5543826	5543848	ssa13_48342971_48344238.maf
ssa13	LG12	5543852	5543922	ssa13_48342971_48344238.maf
ssa13	LG12	5512411	5512429	ssa13_48384787_48385305.maf
ssa13	LG12	5510166	5510185	ssa13_48390041_48390853.maf
ssa13	LG12	5510347	5510364	ssa13_48390041_48390853.maf
ssa13	LG12	5510503	5510523	ssa13_48390041_48390853.maf
ssa13	LG12	5494503	5494610	ssa13_48405923_48406957.maf
ssa13	LG12	5495028	5495051	ssa13_48405923_48406957.maf
ssa13	LG12	5495082	5495169	ssa13_48405923_48406957.maf
ssa13	LG12	5495181	5495216	ssa13_48405923_48406957.maf
ssa13	LG12	5495291	5495321	ssa13_48405923_48406957.maf
ssa13	LG12	5466523	5466574	ssa13_48435912_48436564.maf
ssa13	LG12	20608541	20608577	ssa13_49793225_49793787.maf
ssa13	LG12	20608577	20608622	ssa13_49793225_49793787.maf
ssa13	LG12	20608678	20608738	ssa13_49793225_49793787.maf
ssa13	LG12	20622560	20622574	ssa13_49808644_49809179.maf
ssa13	LG12	20622600	20622657	ssa13_49808644_49809179.maf
ssa13	LG12	20622749	20622759	ssa13_49808644_49809179.maf
ssa13	LG12	20627253	20627266	ssa13_49815507_49816507.maf
ssa13	LG12	20627266	20627285	ssa13_49815507_49816507.maf
ssa13	LG12	20627360	20627374	ssa13_49815507_49816507.maf
ssa13	LG12	20627937	20627983	ssa13_49815507_49816507.maf
ssa13	LG12	20627983	20628100	ssa13_49815507_49816507.maf
ssa13	LG12	20628118	20628138	ssa13_49815507_49816507.maf
ssa13	LG12	20636839	20636852	ssa13_49827370_49828139.maf
ssa13	LG12	20636860	20637121	ssa13_49827370_49828139.maf
ssa13	LG12	20916095	20916105	ssa13_50237284_50237798.maf
ssa13	LG12	20916110	20916166	ssa13_50237284_50237798.maf
ssa13	LG07	3211353	3211369	ssa13_52224320_52225155.maf
ssa13	LG07	3211369	3211381	ssa13_52224320_52225155.maf
ssa13	LG07	3211417	3211471	ssa13_52224320_52225155.maf
ssa13	LG07	3211471	3211497	ssa13_52224320_52225155.maf
ssa13	LG07	3211517	3211528	ssa13_52224320_52225155.maf
ssa13	LG07	3230808	3230821	ssa13_52248287_52249102.maf
ssa13	LG07	3537950	3537999	ssa13_52763524_52764207.maf
ssa13	LG07	3836305	3836401	ssa13_53308523_53309209.maf
ssa13	LG07	5237345	5237356	ssa13_55326086_55326617.maf
ssa13	LG07	5237356	5237376	ssa13_55326086_55326617.maf
ssa13	LG07	5237376	5237407	ssa13_55326086_55326617.maf
ssa13	LG07	5237486	5237496	ssa13_55326086_55326617.maf
ssa13	LG07	5238291	5238312	ssa13_55329731_55330262.maf
ssa13	LG07	5238351	5238388	ssa13_55329731_55330262.maf
ssa13	LG07	5238388	5238432	ssa13_55329731_55330262.maf
ssa13	LG07	5296607	5296642	ssa13_55398086_55399228.maf
ssa13	LG07	5314942	5314972	ssa13_55412658_55413500.maf
ssa13	LG07	5314972	5314993	ssa13_55412658_55413500.maf
ssa13	LG07	5314993	5315018	ssa13_55412658_55413500.maf
ssa13	LG07	5315019	5315030	ssa13_55412658_55413500.maf
ssa13	LG07	5315030	5315082	ssa13_55412658_55413500.maf
ssa13	LG07	5315120	5315133	ssa13_55412658_55413500.maf
ssa13	LG07	5685742	5685815	ssa13_55911458_55912433.maf
ssa13	LG07	5693071	5693082	ssa13_55920176_55920786.maf
ssa13	LG07	5693082	5693100	ssa13_55920176_55920786.maf
ssa13	LG07	5693191	5693273	ssa13_55920176_55920786.maf
ssa13	LG07	5848900	5848927	ssa13_56129619_56130146.maf
ssa13	LG07	5848927	5848962	ssa13_56129619_56130146.maf
ssa13	LG07	5848962	5848974	ssa13_56129619_56130146.maf
ssa13	LG07	5849236	5849249	ssa13_56129619_56130146.maf
ssa13	LG07	5849249	5849286	ssa13_56129619_56130146.maf
ssa13	LG07	5850673	5850693	ssa13_56139777_56140172.maf
ssa13	LG07	5850693	5850705	ssa13_56139777_56140172.maf
ssa13	LG07	5850706	5850764	ssa13_56139777_56140172.maf
ssa13	LG07	6693194	6693292	ssa13_57379873_57380477.maf
ssa13	LG07	6710437	6710449	ssa13_57400157_57400667.maf
ssa13	LG07	6710456	6710478	ssa13_57400157_57400667.maf
ssa13	LG07	6710478	6710498	ssa13_57400157_57400667.maf
ssa13	LG07	6710505	6710535	ssa13_57400157_57400667.maf
ssa13	LG07	6710535	6710545	ssa13_57400157_57400667.maf
ssa13	LG07	6710546	6710587	ssa13_57400157_57400667.maf
ssa13	LG07	6710587	6710610	ssa13_57400157_57400667.maf
ssa13	LG07	6715501	6715576	ssa13_57409313_57409472.maf
ssa13	LG07	7253465	7253505	ssa13_58157309_58157934.maf
ssa13	LG07	7253505	7253515	ssa13_58157309_58157934.maf
ssa13	LG07	7253515	7253595	ssa13_58157309_58157934.maf
ssa13	LG07	7253748	7253807	ssa13_58157309_58157934.maf
ssa13	LG07	7253813	7253840	ssa13_58157309_58157934.maf
ssa13	LG07	7280911	7280935	ssa13_58184598_58185279.maf
ssa13	LG07	7646951	7646972	ssa13_58784476_58785060.maf
ssa13	LG07	7706556	7706571	ssa13_58857938_58859209.maf
ssa13	LG07	7706862	7706878	ssa13_58857938_58859209.maf
ssa13	LG07	7707096	7707115	ssa13_58857938_58859209.maf
ssa13	LG07	25030876	25030908	ssa13_59854429_59854822.maf
ssa13	LG07	24974192	24974215	ssa13_59919059_59920048.maf
ssa13	LG07	24974486	24974592	ssa13_59919059_59920048.maf
ssa13	LG07	24974592	24974633	ssa13_59919059_59920048.maf
ssa13	LG07	24974633	24974659	ssa13_59919059_59920048.maf
ssa13	LG07	24974659	24974670	ssa13_59919059_59920048.maf
ssa13	LG07	24910230	24910245	ssa13_60082169_60083010.maf
ssa13	LG07	24910311	24910321	ssa13_60082169_60083010.maf
ssa13	LG07	24910356	24910397	ssa13_60082169_60083010.maf
ssa13	LG07	24910481	24910491	ssa13_60082169_60083010.maf
ssa13	LG07	24658062	24658077	ssa13_60412179_60412594.maf
ssa13	LG07	24658077	24658089	ssa13_60412179_60412594.maf
ssa13	LG07	24658089	24658125	ssa13_60412179_60412594.maf
ssa13	LG07	24658125	24658138	ssa13_60412179_60412594.maf
ssa13	LG07	24586215	24586295	ssa13_60487592_60488287.maf
ssa13	LG07	24582225	24582324	ssa13_60488646_60489026.maf
ssa13	LG07	23768251	23768298	ssa13_61658079_61658390.maf
ssa13	LG07	23768298	23768319	ssa13_61658079_61658390.maf
ssa13	LG07	23251660	23251765	ssa13_62406935_62407278.maf
ssa13	LG07	22022145	22022192	ssa13_64378212_64379374.maf
ssa13	LG07	22022192	22022213	ssa13_64378212_64379374.maf
ssa13	LG07	22022227	22022305	ssa13_64378212_64379374.maf
ssa13	LG07	21898925	21899011	ssa13_64571398_64572180.maf
ssa13	LG07	21454279	21454367	ssa13_65167134_65167437.maf
ssa13	LG07	21454367	21454418	ssa13_65167134_65167437.maf
ssa13	LG07	21454418	21454442	ssa13_65167134_65167437.maf
ssa13	LG07	21450998	21451010	ssa13_65168808_65169229.maf
ssa13	LG07	21451043	21451139	ssa13_65168808_65169229.maf
ssa13	LG07	20991925	20991965	ssa13_65872243_65872542.maf
ssa13	LG07	20540848	20540899	ssa13_66641923_66642828.maf
ssa13	LG07	19935796	19935810	ssa13_67719078_67720091.maf
ssa13	LG07	19935810	19935836	ssa13_67719078_67720091.maf
ssa13	LG07	19935841	19935851	ssa13_67719078_67720091.maf
ssa13	LG07	19935868	19935889	ssa13_67719078_67720091.maf
ssa13	LG07	19935889	19936192	ssa13_67719078_67720091.maf
ssa13	LG07	19660241	19660333	ssa13_68079670_68080240.maf
ssa13	LG07	19660340	19660391	ssa13_68079670_68080240.maf
ssa13	LG07	19654369	19654382	ssa13_68081488_68081964.maf
ssa13	LG07	19530075	19530135	ssa13_68217342_68218242.maf
ssa13	LG07	18822041	18822059	ssa13_69291123_69291734.maf
ssa13	LG07	18822092	18822107	ssa13_69291123_69291734.maf
ssa13	LG07	18822107	18822169	ssa13_69291123_69291734.maf
ssa13	LG07	18657856	18657875	ssa13_69438755_69439837.maf
ssa13	LG07	18634929	18634942	ssa13_69464106_69464760.maf
ssa13	LG07	18634957	18634982	ssa13_69464106_69464760.maf
ssa13	LG07	18635017	18635033	ssa13_69464106_69464760.maf
ssa13	LG07	18417657	18417675	ssa13_69801699_69802056.maf
ssa13	LG07	18417675	18417709	ssa13_69801699_69802056.maf
ssa13	LG07	18417714	18417725	ssa13_69801699_69802056.maf
ssa13	LG07	17836016	17836110	ssa13_70511084_70511496.maf
ssa13	LG07	17836114	17836129	ssa13_70511084_70511496.maf
ssa13	LG07	17836129	17836211	ssa13_70511084_70511496.maf
ssa13	LG07	17824836	17824872	ssa13_70520734_70521289.maf
ssa13	LG07	17824878	17824918	ssa13_70520734_70521289.maf
ssa13	LG07	17582329	17582351	ssa13_70904395_70905591.maf
ssa13	LG07	17582351	17582420	ssa13_70904395_70905591.maf
ssa13	LG07	17509554	17509578	ssa13_71038836_71040514.maf
ssa13	LG07	17509616	17509629	ssa13_71038836_71040514.maf
ssa13	LG07	17509629	17509692	ssa13_71038836_71040514.maf
ssa13	LG07	17509692	17509707	ssa13_71038836_71040514.maf
ssa13	LG07	17510002	17510047	ssa13_71038836_71040514.maf
ssa13	LG07	17510047	17510096	ssa13_71038836_71040514.maf
ssa13	LG07	17441106	17441298	ssa13_71084238_71085564.maf
ssa13	LG07	17441314	17441324	ssa13_71084238_71085564.maf
ssa13	LG07	17408831	17408843	ssa13_71108526_71109593.maf
ssa13	LG07	17408843	17408949	ssa13_71108526_71109593.maf
ssa13	LG07	17408949	17409101	ssa13_71108526_71109593.maf
ssa13	LG07	17409112	17409127	ssa13_71108526_71109593.maf
ssa13	LG07	17409220	17409261	ssa13_71108526_71109593.maf
ssa13	LG07	17410662	17410706	ssa13_71108526_71109593.maf
ssa13	LG07	17410713	17410726	ssa13_71108526_71109593.maf
ssa13	LG07	17343542	17343552	ssa13_71169976_71170657.maf
ssa13	LG07	17343585	17343619	ssa13_71169976_71170657.maf
ssa13	LG07	17343619	17343720	ssa13_71169976_71170657.maf
ssa13	LG07	17343720	17343737	ssa13_71169976_71170657.maf
ssa13	LG07	16792931	16792984	ssa13_72221192_72221519.maf
ssa13	LG07	16783905	16783934	ssa13_72225302_72226139.maf
ssa13	LG07	16783934	16783984	ssa13_72225302_72226139.maf
ssa13	LG07	16783997	16784084	ssa13_72225302_72226139.maf
ssa13	LG07	16754398	16754411	ssa13_72265689_72266179.maf
ssa13	LG07	16754411	16754477	ssa13_72265689_72266179.maf
ssa13	LG07	16754481	16754491	ssa13_72265689_72266179.maf
ssa13	LG07	16754491	16754507	ssa13_72265689_72266179.maf
ssa13	LG07	16743999	16744130	ssa13_72269941_72270369.maf
ssa13	LG07	16725677	16725762	ssa13_72282888_72283176.maf
ssa13	LG07	16717203	16717306	ssa13_72292671_72293071.maf
ssa13	LG07	16717316	16717327	ssa13_72292671_72293071.maf
ssa13	LG07	16717337	16717354	ssa13_72292671_72293071.maf
ssa13	LG07	16414139	16414185	ssa13_72595838_72596583.maf
ssa13	LG07	16414185	16414217	ssa13_72595838_72596583.maf
ssa13	LG07	16414217	16414278	ssa13_72595838_72596583.maf
ssa13	LG07	16077336	16077442	ssa13_73008328_73008617.maf
ssa13	LG07	15829973	15830059	ssa13_73398853_73399709.maf
ssa13	LG07	15738930	15738967	ssa13_73549954_73550426.maf
ssa13	LG07	15738967	15739055	ssa13_73549954_73550426.maf
ssa13	LG07	15661228	15661260	ssa13_73746072_73746911.maf
ssa13	LG07	15661373	15661425	ssa13_73746072_73746911.maf
ssa13	LG07	15547593	15547611	ssa13_73935592_73936738.maf
ssa13	LG07	15547694	15547722	ssa13_73935592_73936738.maf
ssa13	LG07	15547858	15547908	ssa13_73935592_73936738.maf
ssa13	LG07	15027020	15027036	ssa13_74657701_74658039.maf
ssa13	LG07	14996453	14996484	ssa13_74713012_74713582.maf
ssa13	LG07	14996507	14996547	ssa13_74713012_74713582.maf
ssa13	LG07	14964251	14964315	ssa13_74747753_74748787.maf
ssa13	LG07	14918302	14918346	ssa13_74821066_74822086.maf
ssa13	LG07	14871896	14871969	ssa13_74894259_74894654.maf
ssa13	LG07	14519328	14519422	ssa13_75386875_75388109.maf
ssa13	LG07	26263040	26263133	ssa13_77733634_77734522.maf
ssa13	LG07	26286886	26286951	ssa13_77752741_77753423.maf
ssa13	LG07	26286981	26287067	ssa13_77754268_77754808.maf
ssa13	LG07	26478356	26478453	ssa13_78085508_78085989.maf
ssa13	LG07	26499455	26499470	ssa13_78115228_78115946.maf
ssa13	LG07	26499600	26499720	ssa13_78115228_78115946.maf
ssa13	LG07	26499726	26499739	ssa13_78115228_78115946.maf
ssa13	LG07	26652500	26652569	ssa13_78393949_78395031.maf
ssa13	LG07	26652576	26652680	ssa13_78393949_78395031.maf
ssa13	LG07	26988733	26988861	ssa13_78860462_78861034.maf
ssa13	LG07	27241306	27241359	ssa13_79156826_79157535.maf
ssa13	LG07	27341871	27341882	ssa13_79275034_79275624.maf
ssa13	LG07	27341907	27341940	ssa13_79275034_79275624.maf
ssa13	LG07	27341941	27341968	ssa13_79275034_79275624.maf
ssa13	LG07	27341969	27342023	ssa13_79275034_79275624.maf
ssa13	LG07	27342128	27342171	ssa13_79275034_79275624.maf
ssa13	LG07	27342172	27342262	ssa13_79275034_79275624.maf
ssa13	LG07	27868434	27868488	ssa13_79927791_79928294.maf
ssa13	LG07	27868501	27868515	ssa13_79927791_79928294.maf
ssa13	LG07	28022464	28022478	ssa13_80131927_80132555.maf
ssa13	LG07	28284236	28284289	ssa13_80567846_80568062.maf
ssa13	LG07	28321934	28321992	ssa13_80610323_80611026.maf
ssa13	LG12	3600769	3600780	ssa13_8068168_8068947.maf
ssa13	LG12	3600801	3600843	ssa13_8068168_8068947.maf
ssa13	LG12	3600849	3600904	ssa13_8068168_8068947.maf
ssa13	LG07	28401032	28401110	ssa13_80734612_80735769.maf
ssa13	LG12	3603065	3603092	ssa13_8080102_8080658.maf
ssa13	LG12	3603134	3603149	ssa13_8080102_8080658.maf
ssa13	LG07	28438546	28438568	ssa13_80805237_80805454.maf
ssa13	LG07	28438583	28438597	ssa13_80805237_80805454.maf
ssa13	LG07	28438597	28438612	ssa13_80805237_80805454.maf
ssa13	LG07	28485012	28485049	ssa13_80848076_80848462.maf
ssa13	LG07	28485050	28485158	ssa13_80848076_80848462.maf
ssa13	LG07	28797316	28797338	ssa13_81245115_81245851.maf
ssa13	LG07	28797363	28797379	ssa13_81245115_81245851.maf
ssa13	LG07	28826153	28826200	ssa13_81260353_81260807.maf
ssa13	LG07	28826200	28826277	ssa13_81260353_81260807.maf
ssa13	LG07	28826476	28826490	ssa13_81260353_81260807.maf
ssa13	LG07	29256639	29256723	ssa13_81781010_81781467.maf
ssa13	LG07	29256723	29256740	ssa13_81781010_81781467.maf
ssa13	LG07	29454957	29454972	ssa13_81982535_81982872.maf
ssa13	LG07	29454972	29455013	ssa13_81982535_81982872.maf
ssa13	LG07	29509973	29510055	ssa13_82057152_82057557.maf
ssa13	LG07	29536744	29536784	ssa13_82104251_82104638.maf
ssa13	LG07	29536784	29536795	ssa13_82104251_82104638.maf
ssa13	LG07	29536795	29536805	ssa13_82104251_82104638.maf
ssa13	LG07	29536827	29536849	ssa13_82104251_82104638.maf
ssa13	LG07	29536912	29536972	ssa13_82104251_82104638.maf
ssa13	LG12	3703716	3703750	ssa13_8324021_8324423.maf
ssa13	LG12	3703757	3703769	ssa13_8324021_8324423.maf
ssa13	LG07	30993006	30993023	ssa13_84072808_84073350.maf
ssa13	LG07	30993023	30993047	ssa13_84072808_84073350.maf
ssa13	LG07	31059159	31059191	ssa13_84132087_84132739.maf
ssa13	LG07	31059191	31059244	ssa13_84132087_84132739.maf
ssa13	LG07	31059244	31059257	ssa13_84132087_84132739.maf
ssa13	LG07	31059342	31059360	ssa13_84132087_84132739.maf
ssa13	LG07	31059374	31059385	ssa13_84132087_84132739.maf
ssa13	LG07	31059385	31059402	ssa13_84132087_84132739.maf
ssa13	LG07	31059553	31059663	ssa13_84132087_84132739.maf
ssa13	LG07	31084363	31084376	ssa13_84162575_84163733.maf
ssa13	LG07	31084376	31084389	ssa13_84162575_84163733.maf
ssa13	LG07	31084389	31084478	ssa13_84162575_84163733.maf
ssa13	LG07	31084478	31084509	ssa13_84162575_84163733.maf
ssa13	LG07	31084509	31084527	ssa13_84162575_84163733.maf
ssa13	LG07	31084527	31084537	ssa13_84162575_84163733.maf
ssa13	LG07	31091965	31092039	ssa13_84170151_84170774.maf
ssa13	LG07	31092039	31092072	ssa13_84170151_84170774.maf
ssa13	LG07	31092072	31092088	ssa13_84170151_84170774.maf
ssa13	LG07	31092096	31092122	ssa13_84170151_84170774.maf
ssa13	LG07	31092345	31092435	ssa13_84170151_84170774.maf
ssa13	LG07	31097519	31097608	ssa13_84175064_84175652.maf
ssa13	LG07	31097817	31097828	ssa13_84175064_84175652.maf
ssa13	LG07	31097828	31097851	ssa13_84175064_84175652.maf
ssa13	LG07	31097852	31097869	ssa13_84175064_84175652.maf
ssa13	LG07	31097869	31097885	ssa13_84175064_84175652.maf
ssa13	LG07	33034398	33034468	ssa13_85847955_85848539.maf
ssa13	LG07	33565399	33565456	ssa13_86716791_86717071.maf
ssa13	LG07	33832490	33832508	ssa13_87015056_87015977.maf
ssa13	LG07	33832508	33832552	ssa13_87015056_87015977.maf
ssa13	LG07	33832552	33832566	ssa13_87015056_87015977.maf
ssa13	LG07	33832989	33833015	ssa13_87015056_87015977.maf
ssa13	LG07	33836652	33836667	ssa13_87016553_87017107.maf
ssa13	LG07	33836668	33836769	ssa13_87016553_87017107.maf
ssa13	LG07	33836778	33836798	ssa13_87016553_87017107.maf
ssa13	LG07	33836800	33836832	ssa13_87016553_87017107.maf
ssa13	LG07	33836837	33836875	ssa13_87016553_87017107.maf
ssa13	LG07	33836875	33836902	ssa13_87016553_87017107.maf
ssa13	LG07	33874536	33874723	ssa13_87087308_87087730.maf
ssa13	LG07	33892995	33893007	ssa13_87131591_87132478.maf
ssa13	LG07	33893013	33893045	ssa13_87131591_87132478.maf
ssa13	LG07	33893045	33893108	ssa13_87131591_87132478.maf
ssa13	LG07	33893111	33893151	ssa13_87131591_87132478.maf
ssa13	LG07	33893161	33893251	ssa13_87131591_87132478.maf
ssa13	LG07	33893557	33893637	ssa13_87131591_87132478.maf
ssa13	LG07	33893637	33893689	ssa13_87131591_87132478.maf
ssa13	LG07	33893689	33893703	ssa13_87131591_87132478.maf
ssa13	LG07	33893713	33893724	ssa13_87131591_87132478.maf
ssa13	LG07	33899694	33899945	ssa13_87139085_87140101.maf
ssa13	LG07	33946553	33946567	ssa13_87209378_87209804.maf
ssa13	LG07	33946577	33946642	ssa13_87209378_87209804.maf
ssa13	LG07	33972852	33972877	ssa13_87246539_87247550.maf
ssa13	LG07	33972877	33972908	ssa13_87246539_87247550.maf
ssa13	LG07	33973096	33973170	ssa13_87246539_87247550.maf
ssa13	LG07	34007643	34007678	ssa13_87293909_87294134.maf
ssa13	LG07	34015551	34015581	ssa13_87306860_87307572.maf
ssa13	LG07	34015581	34015672	ssa13_87306860_87307572.maf
ssa13	LG07	34015689	34015708	ssa13_87306860_87307572.maf
ssa13	LG07	34182173	34182183	ssa13_87500801_87501227.maf
ssa13	LG07	34182183	34182196	ssa13_87500801_87501227.maf
ssa13	LG07	34182196	34182235	ssa13_87500801_87501227.maf
ssa13	LG07	34351660	34351697	ssa13_87717574_87718358.maf
ssa13	LG07	34351697	34351720	ssa13_87717574_87718358.maf
ssa13	LG07	34466349	34466405	ssa13_87878811_87879556.maf
ssa13	LG07	34466405	34466432	ssa13_87878811_87879556.maf
ssa13	LG07	34466432	34466451	ssa13_87878811_87879556.maf
ssa13	LG07	34466451	34466481	ssa13_87878811_87879556.maf
ssa13	LG07	34880353	34880390	ssa13_88572297_88573093.maf
ssa13	LG07	34880503	34880575	ssa13_88572297_88573093.maf
ssa13	LG07	34880687	34880829	ssa13_88572297_88573093.maf
ssa13	LG07	35153214	35153251	ssa13_88989695_88991515.maf
ssa13	LG07	35155073	35155090	ssa13_88989695_88991515.maf
ssa13	LG07	35170365	35170445	ssa13_89013957_89015506.maf
ssa13	LG07	35170516	35170567	ssa13_89013957_89015506.maf
ssa13	LG07	35170567	35170595	ssa13_89013957_89015506.maf
ssa13	LG07	35170812	35170897	ssa13_89013957_89015506.maf
ssa13	LG07	35170982	35171013	ssa13_89013957_89015506.maf
ssa13	LG07	35171014	35171087	ssa13_89013957_89015506.maf
ssa13	LG07	35171087	35171131	ssa13_89013957_89015506.maf
ssa13	LG07	35171131	35171173	ssa13_89013957_89015506.maf
ssa13	LG07	35206603	35206619	ssa13_89066008_89067547.maf
ssa13	LG07	35206780	35206795	ssa13_89066008_89067547.maf
ssa13	LG07	35206799	35206839	ssa13_89066008_89067547.maf
ssa13	LG07	35207065	35207078	ssa13_89066008_89067547.maf
ssa13	LG07	35207078	35207215	ssa13_89066008_89067547.maf
ssa13	LG07	35207215	35207245	ssa13_89066008_89067547.maf
ssa13	LG07	35939660	35939702	ssa13_90175464_90175927.maf
ssa13	LG12	4152520	4152530	ssa13_9026364_9026749.maf
ssa13	LG12	4152530	4152582	ssa13_9026364_9026749.maf
ssa13	LG07	36171451	36171509	ssa13_90316315_90316917.maf
ssa13	LG14	24128570	24128688	ssa13_90571641_90572269.maf
ssa13	LG14	25018647	25018761	ssa13_91798428_91799199.maf
ssa13	LG14	25337224	25337310	ssa13_92223308_92224009.maf
ssa13	LG14	25337534	25337558	ssa13_92223308_92224009.maf
ssa13	LG14	25660013	25660077	ssa13_92786573_92787219.maf
ssa13	LG14	25723823	25723842	ssa13_92874058_92874934.maf
ssa13	LG14	25723844	25723900	ssa13_92874058_92874934.maf
ssa13	LG14	25723900	25723919	ssa13_92874058_92874934.maf
ssa13	LG14	25744397	25744416	ssa13_92926357_92926726.maf
ssa13	LG14	25748007	25748058	ssa13_92932356_92933071.maf
ssa13	LG14	25748058	25748108	ssa13_92932356_92933071.maf
ssa13	LG14	25748108	25748125	ssa13_92932356_92933071.maf
ssa13	LG14	25799013	25799075	ssa13_93019415_93020260.maf
ssa13	LG14	25799193	25799248	ssa13_93019415_93020260.maf
ssa13	LG14	26401854	26401899	ssa13_93846016_93846403.maf
ssa13	LG14	26401899	26401933	ssa13_93846016_93846403.maf
ssa13	LG14	26409799	26409909	ssa13_93856510_93856912.maf
ssa13	LG14	26451062	26451080	ssa13_93924860_93925200.maf
ssa13	LG14	26451082	26451126	ssa13_93924860_93925200.maf
ssa13	LG14	26455097	26455184	ssa13_93931538_93932498.maf
ssa13	LG14	26455185	26455224	ssa13_93931538_93932498.maf
ssa13	LG14	26455224	26455251	ssa13_93931538_93932498.maf
ssa13	LG14	26455251	26455292	ssa13_93931538_93932498.maf
ssa13	LG14	26455644	26455661	ssa13_93931538_93932498.maf
ssa13	LG14	26455664	26455680	ssa13_93931538_93932498.maf
ssa13	LG14	26455692	26455704	ssa13_93931538_93932498.maf
ssa13	LG14	26455748	26455777	ssa13_93931538_93932498.maf
ssa13	LG14	26455789	26455799	ssa13_93931538_93932498.maf
ssa13	LG14	26455849	26455879	ssa13_93931538_93932498.maf
ssa13	LG14	26455932	26456028	ssa13_93931538_93932498.maf
ssa13	LG14	26720084	26720110	ssa13_94377006_94377845.maf
ssa13	LG14	26720117	26720173	ssa13_94377006_94377845.maf
ssa13	LG14	26922803	26922843	ssa13_94685388_94686130.maf
ssa13	LG14	26922951	26923060	ssa13_94685388_94686130.maf
ssa13	LG14	27177146	27177225	ssa13_95040428_95041850.maf
ssa13	LG14	27812317	27812329	ssa13_96046919_96047174.maf
ssa13	LG14	27812334	27812349	ssa13_96046919_96047174.maf
ssa13	LG14	28144581	28144666	ssa13_96284690_96285233.maf
ssa13	LG14	28391346	28391371	ssa13_96617485_96617743.maf
ssa13	LG14	28391390	28391406	ssa13_96617485_96617743.maf
ssa13	LG14	28391446	28391458	ssa13_96617485_96617743.maf
ssa13	LG14	28616180	28616230	ssa13_97174434_97175448.maf
ssa13	LG14	28616230	28616323	ssa13_97174434_97175448.maf
ssa13	LG14	28805717	28805824	ssa13_97501343_97502614.maf
ssa13	LG14	28805867	28805891	ssa13_97501343_97502614.maf
ssa13	LG14	28806786	28806803	ssa13_97502835_97503291.maf
ssa13	LG14	28806803	28806845	ssa13_97502835_97503291.maf
ssa13	LG14	28806845	28806879	ssa13_97502835_97503291.maf
ssa13	LG14	29092939	29093115	ssa13_97896483_97897118.maf
ssa13	LG14	29307619	29307660	ssa13_98182353_98182860.maf
ssa13	LG14	29331952	29332008	ssa13_98305117_98306450.maf
ssa13	LG14	29332008	29332032	ssa13_98305117_98306450.maf
ssa13	LG14	29332032	29332084	ssa13_98305117_98306450.maf
ssa13	LG14	29413859	29413890	ssa13_98545023_98545465.maf
ssa13	LG14	29413890	29413905	ssa13_98545023_98545465.maf
ssa13	LG14	29502121	29502146	ssa13_98665676_98666279.maf
ssa13	LG14	30190048	30190086	ssa13_99462923_99464069.maf
ssa13	LG14	30190089	30190155	ssa13_99462923_99464069.maf
ssa13	LG14	30190902	30191026	ssa13_99462923_99464069.maf
ssa14	LG03	8099438	8099515	ssa14_10722651_10724204.maf
ssa14	LG03	8103252	8103318	ssa14_10728424_10728831.maf
ssa14	LG03	8124749	8124784	ssa14_10775161_10775622.maf
ssa14	LG03	8237180	8237219	ssa14_10940065_10940370.maf
ssa14	LG03	8237219	8237238	ssa14_10940065_10940370.maf
ssa14	LG03	8237238	8237248	ssa14_10940065_10940370.maf
ssa14	LG03	8237248	8237260	ssa14_10940065_10940370.maf
ssa14	LG03	8237263	8237332	ssa14_10940065_10940370.maf
ssa14	LG03	8237332	8237354	ssa14_10940065_10940370.maf
ssa14	LG03	10162094	10162112	ssa14_11418763_11419515.maf
ssa14	LG03	9478488	9478538	ssa14_12750714_12751679.maf
ssa14	LG03	9478538	9478569	ssa14_12750714_12751679.maf
ssa14	LG03	9478607	9478617	ssa14_12750714_12751679.maf
ssa14	LG03	9478617	9478678	ssa14_12750714_12751679.maf
ssa14	LG03	8902252	8902341	ssa14_13839496_13840106.maf
ssa14	LG03	8858185	8858273	ssa14_13910855_13912142.maf
ssa14	LG03	8858275	8858304	ssa14_13910855_13912142.maf
ssa14	LG03	33916421	33916498	ssa14_16064457_16065081.maf
ssa14	LG03	33192046	33192063	ssa14_16350529_16351403.maf
ssa14	LG03	33192087	33192144	ssa14_16350529_16351403.maf
ssa14	LG03	33133750	33133808	ssa14_16402431_16402743.maf
ssa14	LG03	33133808	33133843	ssa14_16402431_16402743.maf
ssa14	LG03	33104054	33104068	ssa14_16445137_16445519.maf
ssa14	LG03	32964415	32964428	ssa14_16521773_16522219.maf
ssa14	LG03	32964428	32964523	ssa14_16521773_16522219.maf
ssa14	LG03	32964523	32964541	ssa14_16521773_16522219.maf
ssa14	LG03	32964543	32964553	ssa14_16521773_16522219.maf
ssa14	LG03	32834923	32834952	ssa14_16584241_16584467.maf
ssa14	LG03	32834952	32834997	ssa14_16584241_16584467.maf
ssa14	LG03	32179423	32179494	ssa14_17101957_17102757.maf
ssa14	LG03	32179494	32179516	ssa14_17101957_17102757.maf
ssa14	LG03	32049574	32049657	ssa14_17245016_17245718.maf
ssa14	LG03	32049681	32049796	ssa14_17245016_17245718.maf
ssa14	LG03	32049959	32049990	ssa14_17245016_17245718.maf
ssa14	LG03	32049990	32050005	ssa14_17245016_17245718.maf
ssa14	LG03	31990915	31990963	ssa14_17307384_17307698.maf
ssa14	LG03	31990971	31990984	ssa14_17307384_17307698.maf
ssa14	LG03	31964351	31964463	ssa14_17340571_17341270.maf
ssa14	LG03	31964534	31964578	ssa14_17340571_17341270.maf
ssa14	LG03	31965265	31965307	ssa14_17340571_17341270.maf
ssa14	LG03	31912878	31912915	ssa14_17397677_17398081.maf
ssa14	LG03	31808123	31808180	ssa14_17485053_17485994.maf
ssa14	LG03	31808180	31808196	ssa14_17485053_17485994.maf
ssa14	LG03	31808404	31808478	ssa14_17485053_17485994.maf
ssa14	LG03	31808492	31808517	ssa14_17485053_17485994.maf
ssa14	LG03	31808517	31808553	ssa14_17485053_17485994.maf
ssa14	LG03	31808553	31808570	ssa14_17485053_17485994.maf
ssa14	LG03	31808740	31808755	ssa14_17485053_17485994.maf
ssa14	LG03	31808755	31808766	ssa14_17485053_17485994.maf
ssa14	LG03	31771785	31771841	ssa14_17541244_17541954.maf
ssa14	LG03	31772208	31772287	ssa14_17541244_17541954.maf
ssa14	LG03	31772287	31772307	ssa14_17541244_17541954.maf
ssa14	LG03	31704254	31704272	ssa14_17618889_17619795.maf
ssa14	LG03	31704275	31704319	ssa14_17618889_17619795.maf
ssa14	LG03	31704319	31704365	ssa14_17618889_17619795.maf
ssa14	LG03	31704365	31704406	ssa14_17618889_17619795.maf
ssa14	LG03	31704406	31704426	ssa14_17618889_17619795.maf
ssa14	LG03	31116409	31116501	ssa14_18207183_18207764.maf
ssa14	LG03	28969656	28969742	ssa14_18316914_18317324.maf
ssa14	LG03	29367913	29367976	ssa14_18876314_18876674.maf
ssa14	LG03	29477968	29477996	ssa14_19190641_19191231.maf
ssa14	LG03	29477996	29478019	ssa14_19190641_19191231.maf
ssa14	LG03	29478019	29478064	ssa14_19190641_19191231.maf
ssa14	LG03	29478064	29478099	ssa14_19190641_19191231.maf
ssa14	LG03	29648287	29648297	ssa14_19360153_19360669.maf
ssa14	LG03	29648302	29648366	ssa14_19360153_19360669.maf
ssa14	LG03	29873662	29873690	ssa14_19708847_19709307.maf
ssa14	LG03	29873690	29873767	ssa14_19708847_19709307.maf
ssa14	LG03	29873767	29873779	ssa14_19708847_19709307.maf
ssa14	LG03	29873779	29873794	ssa14_19708847_19709307.maf
ssa14	LG03	30061306	30061368	ssa14_19954244_19955155.maf
ssa14	LG03	30061368	30061380	ssa14_19954244_19955155.maf
ssa14	LG03	26961216	26961241	ssa14_21700872_21701172.maf
ssa14	LG03	26871103	26871184	ssa14_21814138_21815689.maf
ssa14	LG03	26871184	26871212	ssa14_21814138_21815689.maf
ssa14	LG03	26871290	26871327	ssa14_21814138_21815689.maf
ssa14	LG03	26871327	26871371	ssa14_21814138_21815689.maf
ssa14	LG03	26871406	26871444	ssa14_21814138_21815689.maf
ssa14	LG03	26871444	26871487	ssa14_21814138_21815689.maf
ssa14	LG03	26871750	26871817	ssa14_21814138_21815689.maf
ssa14	LG03	26871991	26872004	ssa14_21814138_21815689.maf
ssa14	LG03	26872035	26872078	ssa14_21814138_21815689.maf
ssa14	LG03	26860736	26860800	ssa14_21827730_21828311.maf
ssa14	LG03	26527433	26527464	ssa14_22246646_22247091.maf
ssa14	LG03	25956579	25956678	ssa14_22818766_22819115.maf
ssa14	LG03	25956727	25956741	ssa14_22818766_22819115.maf
ssa14	LG03	25767017	25767085	ssa14_22995541_22995856.maf
ssa14	LG03	25719016	25719042	ssa14_23048746_23049443.maf
ssa14	LG03	25710680	25710768	ssa14_23059532_23060131.maf
ssa14	LG03	25708883	25709117	ssa14_23061518_23062051.maf
ssa14	LG03	25697216	25697258	ssa14_23071963_23073481.maf
ssa14	LG03	25697288	25697306	ssa14_23071963_23073481.maf
ssa14	LG03	25698423	25698465	ssa14_23071963_23073481.maf
ssa14	LG03	25695664	25695683	ssa14_23074549_23075154.maf
ssa14	LG03	25695706	25695738	ssa14_23074549_23075154.maf
ssa14	LG03	25695738	25695770	ssa14_23074549_23075154.maf
ssa14	LG03	25695894	25695908	ssa14_23074549_23075154.maf
ssa14	LG03	25438903	25438946	ssa14_23362282_23362978.maf
ssa14	LG03	25438946	25438956	ssa14_23362282_23362978.maf
ssa14	LG03	25236006	25236021	ssa14_23670621_23671022.maf
ssa14	LG03	25134975	25135000	ssa14_23790646_23791257.maf
ssa14	LG03	25135264	25135352	ssa14_23790646_23791257.maf
ssa14	LG03	25123348	25123379	ssa14_23804906_23805162.maf
ssa14	LG03	25123379	25123427	ssa14_23804906_23805162.maf
ssa14	LG03	25098678	25098788	ssa14_23835705_23836742.maf
ssa14	LG03	25099615	25099657	ssa14_23835705_23836742.maf
ssa14	LG03	25099668	25099680	ssa14_23835705_23836742.maf
ssa14	LG03	25084573	25084630	ssa14_23853420_23854110.maf
ssa14	LG03	25084748	25084759	ssa14_23853420_23854110.maf
ssa14	LG03	25084759	25084782	ssa14_23853420_23854110.maf
ssa14	LG03	24932406	24932581	ssa14_24035490_24035779.maf
ssa14	LG03	24608999	24609013	ssa14_24448523_24449210.maf
ssa14	LG03	24546068	24546288	ssa14_24514629_24515007.maf
ssa14	LG03	24503667	24503689	ssa14_24562433_24562991.maf
ssa14	LG03	24489200	24489264	ssa14_24594904_24595273.maf
ssa14	LG03	24336785	24336812	ssa14_24763956_24764440.maf
ssa14	LG03	24336812	24336854	ssa14_24763956_24764440.maf
ssa14	LG03	24336854	24336864	ssa14_24763956_24764440.maf
ssa14	LG03	24220146	24220167	ssa14_24835705_24836293.maf
ssa14	LG03	24220176	24220252	ssa14_24835705_24836293.maf
ssa14	LG03	24195308	24195378	ssa14_24866741_24867710.maf
ssa14	LG03	24195378	24195400	ssa14_24866741_24867710.maf
ssa14	LG03	24195400	24195441	ssa14_24866741_24867710.maf
ssa14	LG03	23854849	23854870	ssa14_25287981_25288376.maf
ssa14	LG03	23282037	23282115	ssa14_26099010_26099971.maf
ssa14	LG03	22496891	22496931	ssa14_27335774_27336099.maf
ssa14	LG03	22496932	22496966	ssa14_27335774_27336099.maf
ssa14	LG03	22496966	22496987	ssa14_27335774_27336099.maf
ssa14	LG03	22497015	22497027	ssa14_27335774_27336099.maf
ssa14	LG03	22497027	22497109	ssa14_27335774_27336099.maf
ssa14	LG03	22497124	22497152	ssa14_27335774_27336099.maf
ssa14	LG03	21844684	21844707	ssa14_28423961_28424602.maf
ssa14	LG03	21845073	21845090	ssa14_28423961_28424602.maf
ssa14	LG03	21720235	21720279	ssa14_28531825_28532004.maf
ssa14	LG03	21720279	21720301	ssa14_28531825_28532004.maf
ssa14	LG03	21385269	21385307	ssa14_29022810_29023195.maf
ssa14	LG03	21385311	21385341	ssa14_29022810_29023195.maf
ssa14	LG03	21383723	21383809	ssa14_29023694_29023968.maf
ssa14	LG03	20599561	20599608	ssa14_30040611_30041162.maf
ssa14	LG03	20186705	20186715	ssa14_30637154_30637780.maf
ssa14	LG03	20186715	20186726	ssa14_30637154_30637780.maf
ssa14	LG03	20186736	20186748	ssa14_30637154_30637780.maf
ssa14	LG03	20186755	20186777	ssa14_30637154_30637780.maf
ssa14	LG03	20150102	20150131	ssa14_30670878_30671229.maf
ssa14	LG03	20133775	20133836	ssa14_30687129_30687550.maf
ssa14	LG03	19995068	19995217	ssa14_30836853_30837920.maf
ssa14	LG03	19833770	19833800	ssa14_31132837_31133524.maf
ssa14	LG03	19833800	19833827	ssa14_31132837_31133524.maf
ssa14	LG03	19786204	19786274	ssa14_31214042_31214863.maf
ssa14	LG03	19786276	19786295	ssa14_31214042_31214863.maf
ssa14	LG03	19786296	19786552	ssa14_31214042_31214863.maf
ssa14	LG03	19786552	19786567	ssa14_31214042_31214863.maf
ssa14	LG03	19786575	19786606	ssa14_31214042_31214863.maf
ssa14	LG03	19786606	19786616	ssa14_31214042_31214863.maf
ssa14	LG03	19786773	19786792	ssa14_31214042_31214863.maf
ssa14	LG03	19786792	19786823	ssa14_31214042_31214863.maf
ssa14	LG03	18671856	18671900	ssa14_32683719_32684863.maf
ssa14	LG03	18671907	18671930	ssa14_32683719_32684863.maf
ssa14	LG03	18656364	18656391	ssa14_32710917_32711442.maf
ssa14	LG03	18656391	18656415	ssa14_32710917_32711442.maf
ssa14	LG03	18656582	18656599	ssa14_32710917_32711442.maf
ssa14	LG03	18656599	18656628	ssa14_32710917_32711442.maf
ssa14	LG03	18580147	18580202	ssa14_32815965_32816478.maf
ssa14	LG03	18580202	18580226	ssa14_32815965_32816478.maf
ssa14	LG03	18580394	18580441	ssa14_32815965_32816478.maf
ssa14	LG03	18580441	18580494	ssa14_32815965_32816478.maf
ssa14	LG03	18580494	18580514	ssa14_32815965_32816478.maf
ssa14	LG03	18264592	18264650	ssa14_33264280_33264436.maf
ssa14	LG03	18178867	18178949	ssa14_33465311_33465777.maf
ssa14	LG03	18166897	18166949	ssa14_33485254_33486056.maf
ssa14	LG03	18167303	18167326	ssa14_33485254_33486056.maf
ssa14	LG03	18167326	18167351	ssa14_33485254_33486056.maf
ssa14	LG03	18167375	18167400	ssa14_33485254_33486056.maf
ssa14	LG03	18167400	18167497	ssa14_33485254_33486056.maf
ssa14	LG03	17782278	17782328	ssa14_34271439_34271985.maf
ssa14	LG03	17782348	17782376	ssa14_34271439_34271985.maf
ssa14	LG03	17242743	17242788	ssa14_35320524_35320968.maf
ssa14	LG03	17242959	17242981	ssa14_35320524_35320968.maf
ssa14	LG03	17243046	17243064	ssa14_35320524_35320968.maf
ssa14	LG03	17243099	17243117	ssa14_35320524_35320968.maf
ssa14	LG03	17243117	17243152	ssa14_35320524_35320968.maf
ssa14	LG03	17243152	17243168	ssa14_35320524_35320968.maf
ssa14	LG03	16854688	16854767	ssa14_35926231_35927354.maf
ssa14	LG03	16577574	16577588	ssa14_36606549_36606957.maf
ssa14	LG03	15951722	15951741	ssa14_37870831_37871100.maf
ssa14	LG03	15951742	15951753	ssa14_37870831_37871100.maf
ssa14	LG03	15951753	15951764	ssa14_37870831_37871100.maf
ssa14	LG03	15951764	15951797	ssa14_37870831_37871100.maf
ssa14	LG03	15951797	15951820	ssa14_37870831_37871100.maf
ssa14	LG03	15951820	15951840	ssa14_37870831_37871100.maf
ssa14	LG03	15951840	15951867	ssa14_37870831_37871100.maf
ssa14	LG03	15812789	15812832	ssa14_38076634_38077441.maf
ssa14	LG03	15812832	15812871	ssa14_38076634_38077441.maf
ssa14	LG03	15812871	15812881	ssa14_38076634_38077441.maf
ssa14	LG03	15388140	15388309	ssa14_38756215_38757219.maf
ssa14	LG03	15388309	15388331	ssa14_38756215_38757219.maf
ssa14	LG03	15388331	15388368	ssa14_38756215_38757219.maf
ssa14	LG03	15388368	15388415	ssa14_38756215_38757219.maf
ssa14	LG03	15388415	15388434	ssa14_38756215_38757219.maf
ssa14	LG03	15215808	15215820	ssa14_39051236_39051982.maf
ssa14	LG03	15215820	15215860	ssa14_39051236_39051982.maf
ssa14	LG03	15161540	15161592	ssa14_39132218_39132627.maf
ssa14	LG03	15161592	15161603	ssa14_39132218_39132627.maf
ssa14	LG03	15065732	15065749	ssa14_39367456_39368309.maf
ssa14	LG03	15065751	15065764	ssa14_39367456_39368309.maf
ssa14	LG03	15065787	15065835	ssa14_39367456_39368309.maf
ssa14	LG03	15065835	15065885	ssa14_39367456_39368309.maf
ssa14	LG03	14965530	14965541	ssa14_39543273_39543828.maf
ssa14	LG03	14965541	14965699	ssa14_39543273_39543828.maf
ssa14	LG03	14956022	14956059	ssa14_39597547_39599259.maf
ssa14	LG03	14956453	14956481	ssa14_39597547_39599259.maf
ssa14	LG03	14956481	14956505	ssa14_39597547_39599259.maf
ssa14	LG03	14956505	14956526	ssa14_39597547_39599259.maf
ssa14	LG03	14956537	14956628	ssa14_39597547_39599259.maf
ssa14	LG03	14956628	14956723	ssa14_39597547_39599259.maf
ssa14	LG03	14949309	14949405	ssa14_39607476_39607822.maf
ssa14	LG03	14922266	14922295	ssa14_39664971_39666138.maf
ssa14	LG03	14922295	14922305	ssa14_39664971_39666138.maf
ssa14	LG03	14922305	14922335	ssa14_39664971_39666138.maf
ssa14	LG03	14661273	14661334	ssa14_40270284_40271753.maf
ssa14	LG03	14661340	14661352	ssa14_40270284_40271753.maf
ssa14	LG03	14661352	14661415	ssa14_40270284_40271753.maf
ssa14	LG03	14661415	14661431	ssa14_40270284_40271753.maf
ssa14	LG03	14661579	14661611	ssa14_40270284_40271753.maf
ssa14	LG03	14661611	14661631	ssa14_40270284_40271753.maf
ssa14	LG03	14661631	14661732	ssa14_40270284_40271753.maf
ssa14	LG03	14661732	14661771	ssa14_40270284_40271753.maf
ssa14	LG03	14661771	14661781	ssa14_40270284_40271753.maf
ssa14	LG03	14661863	14661960	ssa14_40270284_40271753.maf
ssa14	LG03	14661964	14661975	ssa14_40270284_40271753.maf
ssa14	LG03	14661976	14661988	ssa14_40270284_40271753.maf
ssa14	LG03	14661996	14662018	ssa14_40270284_40271753.maf
ssa14	LG03	14597363	14597384	ssa14_40445168_40445971.maf
ssa14	LG03	14597384	14597402	ssa14_40445168_40445971.maf
ssa14	LG03	14597402	14597424	ssa14_40445168_40445971.maf
ssa14	LG03	14597427	14597447	ssa14_40445168_40445971.maf
ssa14	LG03	14493890	14493933	ssa14_40602277_40602866.maf
ssa14	LG03	14488388	14488453	ssa14_40630351_40631291.maf
ssa14	LG03	14428037	14428075	ssa14_40761048_40762300.maf
ssa14	LG03	14428083	14428096	ssa14_40761048_40762300.maf
ssa14	LG03	14428928	14429005	ssa14_40761048_40762300.maf
ssa14	LG03	14225533	14225590	ssa14_41620048_41621060.maf
ssa14	LG03	14225590	14225675	ssa14_41620048_41621060.maf
ssa14	LG03	14183188	14183216	ssa14_41703919_41705088.maf
ssa14	LG03	14183216	14183238	ssa14_41703919_41705088.maf
ssa14	LG03	14154819	14154866	ssa14_41760686_41761294.maf
ssa14	LG03	14154866	14154924	ssa14_41760686_41761294.maf
ssa14	LG03	14154924	14154949	ssa14_41760686_41761294.maf
ssa14	LG03	14154949	14154996	ssa14_41760686_41761294.maf
ssa14	LG03	14094498	14094545	ssa14_41923483_41923915.maf
ssa14	LG03	14094545	14094570	ssa14_41923483_41923915.maf
ssa14	LG03	13937988	13938020	ssa14_42402194_42402737.maf
ssa14	LG03	13606699	13606721	ssa14_43027893_43028352.maf
ssa14	LG03	13606721	13606739	ssa14_43027893_43028352.maf
ssa14	LG10	28102536	28102583	ssa14_56551648_56552176.maf
ssa14	LG10	28102583	28102597	ssa14_56551648_56552176.maf
ssa14	LG10	28102597	28102625	ssa14_56551648_56552176.maf
ssa14	LG10	26999922	26999933	ssa14_57478533_57479103.maf
ssa14	LG10	27000300	27000342	ssa14_57478533_57479103.maf
ssa14	LG10	27000342	27000360	ssa14_57478533_57479103.maf
ssa14	LG10	26899156	26899211	ssa14_57578808_57579440.maf
ssa14	LG10	26899212	26899254	ssa14_57578808_57579440.maf
ssa14	LG10	26899254	26899280	ssa14_57578808_57579440.maf
ssa14	LG10	26899280	26899352	ssa14_57578808_57579440.maf
ssa14	LG10	26899352	26899366	ssa14_57578808_57579440.maf
ssa14	LG10	26899366	26899418	ssa14_57578808_57579440.maf
ssa14	LG10	26899419	26899502	ssa14_57578808_57579440.maf
ssa14	LG10	26899509	26899521	ssa14_57578808_57579440.maf
ssa14	LG10	26893146	26893196	ssa14_57603413_57603974.maf
ssa14	LG10	26893196	26893208	ssa14_57603413_57603974.maf
ssa14	LG10	26876035	26876116	ssa14_57615141_57615533.maf
ssa14	LG10	26876117	26876145	ssa14_57615141_57615533.maf
ssa14	LG10	26869798	26869821	ssa14_57626261_57626530.maf
ssa14	LG10	24853339	24853352	ssa14_58421630_58422298.maf
ssa14	LG10	24853352	24853414	ssa14_58421630_58422298.maf
ssa14	LG10	25073085	25073210	ssa14_58605048_58606040.maf
ssa14	LG10	25073221	25073258	ssa14_58605048_58606040.maf
ssa14	LG10	25073286	25073328	ssa14_58605048_58606040.maf
ssa14	LG10	25073328	25073376	ssa14_58605048_58606040.maf
ssa14	LG10	25580743	25580861	ssa14_59039110_59039820.maf
ssa14	LG10	25580932	25580942	ssa14_59039110_59039820.maf
ssa14	LG10	25971712	25971758	ssa14_59478504_59479194.maf
ssa14	LG10	24350097	24350126	ssa14_60045991_60046650.maf
ssa14	LG10	24350126	24350226	ssa14_60045991_60046650.maf
ssa14	LG10	24350226	24350268	ssa14_60045991_60046650.maf
ssa14	LG10	24120334	24120380	ssa14_60348703_60349827.maf
ssa14	LG10	24120380	24120407	ssa14_60348703_60349827.maf
ssa14	LG10	24120555	24120609	ssa14_60348703_60349827.maf
ssa14	LG10	24120609	24120697	ssa14_60348703_60349827.maf
ssa14	LG10	23850438	23850482	ssa14_60736688_60736852.maf
ssa14	LG10	23832122	23832156	ssa14_60762456_60762844.maf
ssa14	LG10	23799417	23799436	ssa14_60799099_60799518.maf
ssa14	LG10	23799438	23799461	ssa14_60799099_60799518.maf
ssa14	LG10	23636826	23636959	ssa14_60950101_60951199.maf
ssa14	LG10	23488981	23489002	ssa14_61101437_61103163.maf
ssa14	LG10	23444245	23444294	ssa14_61163934_61164247.maf
ssa14	LG10	23001947	23002043	ssa14_61619404_61620427.maf
ssa14	LG10	22687824	22687843	ssa14_62067546_62068037.maf
ssa14	LG10	22687845	22687866	ssa14_62067546_62068037.maf
ssa14	LG10	21964063	21964073	ssa14_62869619_62869885.maf
ssa14	LG10	21964073	21964095	ssa14_62869619_62869885.maf
ssa14	LG10	21098533	21098626	ssa14_63775876_63776884.maf
ssa14	LG10	20760236	20760324	ssa14_64180956_64181396.maf
ssa14	LG10	20759254	20759359	ssa14_64181596_64182460.maf
ssa14	LG10	20759360	20759383	ssa14_64181596_64182460.maf
ssa14	LG10	20759385	20759404	ssa14_64181596_64182460.maf
ssa14	LG10	20759404	20759420	ssa14_64181596_64182460.maf
ssa14	LG10	20759423	20759507	ssa14_64181596_64182460.maf
ssa14	LG10	20759619	20759682	ssa14_64181596_64182460.maf
ssa14	LG10	20759682	20759696	ssa14_64181596_64182460.maf
ssa14	LG10	20759696	20759768	ssa14_64181596_64182460.maf
ssa14	LG10	19312453	19312530	ssa14_65725835_65726153.maf
ssa14	LG10	19312595	19312686	ssa14_65725835_65726153.maf
ssa14	LG10	18790102	18790215	ssa14_65992271_65993078.maf
ssa14	LG10	18481458	18481532	ssa14_66385785_66386386.maf
ssa14	LG10	18337394	18337421	ssa14_66566629_66567091.maf
ssa14	LG10	18337421	18337469	ssa14_66566629_66567091.maf
ssa14	LG10	17526363	17526406	ssa14_67828231_67828448.maf
ssa14	LG10	17523004	17523061	ssa14_67831603_67832135.maf
ssa14	LG10	17451902	17451937	ssa14_67912113_67912889.maf
ssa14	LG10	17248593	17248611	ssa14_68616609_68617681.maf
ssa14	LG10	17248611	17248629	ssa14_68616609_68617681.maf
ssa14	LG10	17248629	17248655	ssa14_68616609_68617681.maf
ssa14	LG10	17248657	17248701	ssa14_68616609_68617681.maf
ssa14	LG10	17248801	17248818	ssa14_68616609_68617681.maf
ssa14	LG10	17248818	17248832	ssa14_68616609_68617681.maf
ssa14	LG10	17248836	17248875	ssa14_68616609_68617681.maf
ssa14	LG10	17248878	17248897	ssa14_68616609_68617681.maf
ssa14	LG10	17248897	17248916	ssa14_68616609_68617681.maf
ssa14	LG10	17244343	17244390	ssa14_68630666_68631253.maf
ssa14	LG10	17244397	17244410	ssa14_68630666_68631253.maf
ssa14	LG10	17244410	17244473	ssa14_68630666_68631253.maf
ssa14	LG10	16872497	16872530	ssa14_69157980_69158630.maf
ssa14	LG10	16872530	16872543	ssa14_69157980_69158630.maf
ssa14	LG10	16872887	16872938	ssa14_69157980_69158630.maf
ssa14	LG10	16573294	16573334	ssa14_69799561_69800219.maf
ssa14	LG10	16573334	16573361	ssa14_69799561_69800219.maf
ssa14	LG10	16573361	16573394	ssa14_69799561_69800219.maf
ssa14	LG10	16307505	16307553	ssa14_70310875_70311735.maf
ssa14	LG10	16307555	16307588	ssa14_70310875_70311735.maf
ssa14	LG10	16273336	16273354	ssa14_70361885_70362598.maf
ssa14	LG10	16273356	16273420	ssa14_70361885_70362598.maf
ssa14	LG10	16273544	16273606	ssa14_70361885_70362598.maf
ssa14	LG10	16273606	16273620	ssa14_70361885_70362598.maf
ssa14	LG10	16273620	16273634	ssa14_70361885_70362598.maf
ssa14	LG10	16256739	16256811	ssa14_70392282_70393175.maf
ssa14	LG10	16257034	16257093	ssa14_70392282_70393175.maf
ssa14	LG10	16257330	16257351	ssa14_70392282_70393175.maf
ssa14	LG10	16257360	16257406	ssa14_70392282_70393175.maf
ssa14	LG10	16257409	16257419	ssa14_70392282_70393175.maf
ssa14	LG10	16144723	16144863	ssa14_70618187_70618826.maf
ssa14	LG10	16144863	16144878	ssa14_70618187_70618826.maf
ssa14	LG10	16131186	16131250	ssa14_70631050_70631311.maf
ssa14	LG10	16099100	16099111	ssa14_70690996_70691745.maf
ssa14	LG10	16099111	16099127	ssa14_70690996_70691745.maf
ssa14	LG10	16099127	16099240	ssa14_70690996_70691745.maf
ssa14	LG10	15294470	15294570	ssa14_71841371_71842377.maf
ssa14	LG10	15294972	15294985	ssa14_71841371_71842377.maf
ssa14	LG10	15294985	15295033	ssa14_71841371_71842377.maf
ssa14	LG10	15266398	15266432	ssa14_71882454_71882746.maf
ssa14	LG10	15131630	15131696	ssa14_72123949_72124807.maf
ssa14	LG10	15132133	15132161	ssa14_72123949_72124807.maf
ssa14	LG10	15132241	15132260	ssa14_72123949_72124807.maf
ssa14	LG10	15130523	15130578	ssa14_72131520_72131790.maf
ssa14	LG10	15130578	15130606	ssa14_72131520_72131790.maf
ssa14	LG10	14816342	14816404	ssa14_72701805_72702131.maf
ssa14	LG10	14815720	14815790	ssa14_72702465_72703007.maf
ssa14	LG10	14815790	14815826	ssa14_72702465_72703007.maf
ssa14	LG10	14751331	14751399	ssa14_72903546_72904094.maf
ssa14	LG10	14751399	14751413	ssa14_72903546_72904094.maf
ssa14	LG10	14751751	14751825	ssa14_72903546_72904094.maf
ssa14	LG10	14278565	14278614	ssa14_73595389_73595703.maf
ssa14	LG10	14247607	14247645	ssa14_73634899_73635330.maf
ssa14	LG10	14247645	14247670	ssa14_73634899_73635330.maf
ssa14	LG10	14247707	14247751	ssa14_73634899_73635330.maf
ssa14	LG10	14174864	14174875	ssa14_73830226_73830921.maf
ssa14	LG10	14174875	14174941	ssa14_73830226_73830921.maf
ssa14	LG10	14029451	14029523	ssa14_74037298_74038148.maf
ssa14	LG10	13848558	13848590	ssa14_74365824_74366606.maf
ssa14	LG10	13848590	13848609	ssa14_74365824_74366606.maf
ssa14	LG10	13848707	13848719	ssa14_74365824_74366606.maf
ssa14	LG10	13848776	13848870	ssa14_74365824_74366606.maf
ssa14	LG10	13764532	13764564	ssa14_74494809_74495730.maf
ssa14	LG10	13764564	13764608	ssa14_74494809_74495730.maf
ssa14	LG10	13764608	13764650	ssa14_74494809_74495730.maf
ssa14	LG10	13764661	13764709	ssa14_74494809_74495730.maf
ssa14	LG10	13656196	13656347	ssa14_74679252_74680458.maf
ssa14	LG10	13656435	13656528	ssa14_74679252_74680458.maf
ssa14	LG10	8405424	8405453	ssa14_76630162_76631333.maf
ssa14	LG10	8537301	8537335	ssa14_76951119_76951710.maf
ssa14	LG10	8537335	8537395	ssa14_76951119_76951710.maf
ssa14	LG10	8722923	8722934	ssa14_77249944_77250385.maf
ssa14	LG10	8722934	8723017	ssa14_77249944_77250385.maf
ssa14	LG10	8723175	8723194	ssa14_77249944_77250385.maf
ssa14	LG10	8760874	8760951	ssa14_77427534_77428570.maf
ssa14	LG10	8801346	8801391	ssa14_77532196_77532538.maf
ssa14	LG10	8965997	8966018	ssa14_77850391_77851613.maf
ssa14	LG10	8966037	8966069	ssa14_77850391_77851613.maf
ssa14	LG10	8966069	8966082	ssa14_77850391_77851613.maf
ssa14	LG10	8966083	8966107	ssa14_77850391_77851613.maf
ssa14	LG10	8966112	8966228	ssa14_77850391_77851613.maf
ssa14	LG10	8973528	8973544	ssa14_77867493_77868267.maf
ssa14	LG10	8973544	8973603	ssa14_77867493_77868267.maf
ssa14	LG10	2976697	2976786	ssa14_78360545_78361219.maf
ssa14	LG10	2976890	2976989	ssa14_78360545_78361219.maf
ssa14	LG10	2972400	2972470	ssa14_78368191_78368982.maf
ssa14	LG10	12975533	12975551	ssa14_78620086_78620892.maf
ssa14	LG10	13057472	13057547	ssa14_78723839_78724519.maf
ssa14	LG10	7872870	7872928	ssa14_79475136_79475750.maf
ssa14	LG10	7860270	7860387	ssa14_79496002_79496957.maf
ssa14	LG10	7861029	7861071	ssa14_79496002_79496957.maf
ssa14	LG10	7701359	7701460	ssa14_79849507_79850225.maf
ssa14	LG10	7701558	7701581	ssa14_79849507_79850225.maf
ssa14	LG10	7701581	7701628	ssa14_79849507_79850225.maf
ssa14	LG10	7305297	7305423	ssa14_80455873_80456946.maf
ssa14	LG10	7305423	7305460	ssa14_80455873_80456946.maf
ssa14	LG10	7305460	7305482	ssa14_80455873_80456946.maf
ssa14	LG10	6852397	6852480	ssa14_81256182_81256476.maf
ssa14	LG10	6595658	6595770	ssa14_81516277_81517334.maf
ssa14	LG10	6495625	6495674	ssa14_81637590_81638104.maf
ssa14	LG10	6495683	6495698	ssa14_81637590_81638104.maf
ssa14	LG10	6465273	6465331	ssa14_81667736_81668031.maf
ssa14	LG10	6460783	6460898	ssa14_81671232_81671953.maf
ssa14	LG10	6445085	6445115	ssa14_81738651_81740429.maf
ssa14	LG10	6445123	6445150	ssa14_81738651_81740429.maf
ssa14	LG10	6445660	6445690	ssa14_81738651_81740429.maf
ssa14	LG10	6445690	6445703	ssa14_81738651_81740429.maf
ssa14	LG10	6445710	6445773	ssa14_81738651_81740429.maf
ssa14	LG10	6445774	6445831	ssa14_81738651_81740429.maf
ssa14	LG10	6446072	6446110	ssa14_81738651_81740429.maf
ssa14	LG10	6446227	6446254	ssa14_81738651_81740429.maf
ssa14	LG03	6053787	6053822	ssa14_8189174_8189622.maf
ssa14	LG10	6169652	6169665	ssa14_82166517_82167145.maf
ssa14	LG10	6169665	6169688	ssa14_82166517_82167145.maf
ssa14	LG10	6169688	6169711	ssa14_82166517_82167145.maf
ssa14	LG10	6169711	6169745	ssa14_82166517_82167145.maf
ssa14	LG10	6076627	6076691	ssa14_82333302_82333899.maf
ssa14	LG10	6076807	6076870	ssa14_82333302_82333899.maf
ssa14	LG10	6022331	6022357	ssa14_82552448_82553275.maf
ssa14	LG10	6022369	6022382	ssa14_82552448_82553275.maf
ssa14	LG10	5994958	5995059	ssa14_82630062_82630792.maf
ssa14	LG10	5995092	5995110	ssa14_82630062_82630792.maf
ssa14	LG10	5995110	5995121	ssa14_82630062_82630792.maf
ssa14	LG10	5822270	5822318	ssa14_82976858_82977551.maf
ssa14	LG10	5803595	5803646	ssa14_83020502_83021034.maf
ssa14	LG10	5457888	5457898	ssa14_83738576_83738890.maf
ssa14	LG10	5457907	5458021	ssa14_83738576_83738890.maf
ssa14	LG10	5435841	5435898	ssa14_83778601_83779255.maf
ssa14	LG10	5429331	5429409	ssa14_83794308_83795167.maf
ssa14	LG10	5368573	5368599	ssa14_83937682_83938374.maf
ssa14	LG10	5368607	5368648	ssa14_83937682_83938374.maf
ssa14	LG10	5169967	5169983	ssa14_84375153_84375379.maf
ssa14	LG10	5152782	5152798	ssa14_84415587_84416086.maf
ssa14	LG10	4971215	4971228	ssa14_84785805_84786441.maf
ssa14	LG10	4971229	4971246	ssa14_84785805_84786441.maf
ssa14	LG10	4971246	4971267	ssa14_84785805_84786441.maf
ssa14	LG10	4970594	4970620	ssa14_84789909_84790301.maf
ssa14	LG10	4970620	4970649	ssa14_84789909_84790301.maf
ssa14	LG10	4970694	4970733	ssa14_84789909_84790301.maf
ssa14	LG10	12933862	12933923	ssa14_85180676_85181205.maf
ssa14	LG10	12933944	12934039	ssa14_85180676_85181205.maf
ssa14	LG10	12924417	12924427	ssa14_85189139_85189443.maf
ssa14	LG10	12924434	12924459	ssa14_85189139_85189443.maf
ssa14	LG10	12924459	12924472	ssa14_85189139_85189443.maf
ssa14	LG10	12918874	12918886	ssa14_85203804_85204472.maf
ssa14	LG10	12918938	12918960	ssa14_85203804_85204472.maf
ssa14	LG10	12743275	12743320	ssa14_85585798_85587123.maf
ssa14	LG10	12255780	12255796	ssa14_86566496_86567006.maf
ssa14	LG10	12210319	12210410	ssa14_86648056_86648547.maf
ssa14	LG10	12154632	12154722	ssa14_86767548_86768006.maf
ssa14	LG10	11884904	11885101	ssa14_87332729_87333398.maf
ssa14	LG10	11874723	11874803	ssa14_87345046_87346265.maf
ssa14	LG10	11874803	11874843	ssa14_87345046_87346265.maf
ssa14	LG10	11874843	11874866	ssa14_87345046_87346265.maf
ssa14	LG10	11874866	11874885	ssa14_87345046_87346265.maf
ssa14	LG10	11874885	11874963	ssa14_87345046_87346265.maf
ssa14	LG10	11874997	11875011	ssa14_87345046_87346265.maf
ssa14	LG10	11875016	11875121	ssa14_87345046_87346265.maf
ssa14	LG10	11875145	11875167	ssa14_87345046_87346265.maf
ssa14	LG10	11875167	11875264	ssa14_87345046_87346265.maf
ssa14	LG10	11875264	11875343	ssa14_87345046_87346265.maf
ssa14	LG10	11875445	11875464	ssa14_87345046_87346265.maf
ssa14	LG10	11875464	11875490	ssa14_87345046_87346265.maf
ssa14	LG10	11875490	11875532	ssa14_87345046_87346265.maf
ssa14	LG10	11875600	11875667	ssa14_87345046_87346265.maf
ssa14	LG10	11871844	11871854	ssa14_87351383_87352320.maf
ssa14	LG10	11871855	11871870	ssa14_87351383_87352320.maf
ssa14	LG10	11871884	11871919	ssa14_87351383_87352320.maf
ssa14	LG10	11872028	11872076	ssa14_87351383_87352320.maf
ssa14	LG10	11872585	11872605	ssa14_87351383_87352320.maf
ssa14	LG10	11872681	11872713	ssa14_87351383_87352320.maf
ssa14	LG10	11872713	11872758	ssa14_87351383_87352320.maf
ssa14	LG10	11872758	11872924	ssa14_87351383_87352320.maf
ssa14	LG10	11870304	11870497	ssa14_87355850_87356284.maf
ssa14	LG10	11859709	11859742	ssa14_87365307_87365744.maf
ssa14	LG10	11690401	11690483	ssa14_87731214_87732093.maf
ssa14	LG10	11642809	11642836	ssa14_87828432_87829065.maf
ssa14	LG10	11642836	11642869	ssa14_87828432_87829065.maf
ssa14	LG03	6894792	6894842	ssa14_8826081_8826910.maf
ssa14	LG10	10428458	10428480	ssa14_90222147_90223190.maf
ssa14	LG10	10428482	10428525	ssa14_90222147_90223190.maf
ssa14	LG10	10428525	10428537	ssa14_90222147_90223190.maf
ssa14	LG10	10428604	10428623	ssa14_90222147_90223190.maf
ssa14	LG10	10428623	10428679	ssa14_90222147_90223190.maf
ssa14	LG10	10428712	10428755	ssa14_90222147_90223190.maf
ssa14	LG10	10308104	10308194	ssa14_90515738_90516523.maf
ssa14	LG03	7008800	7008849	ssa14_9088771_9088924.maf
ssa14	LG10	10023084	10023094	ssa14_91063563_91063822.maf
ssa14	LG10	10023103	10023129	ssa14_91063563_91063822.maf
ssa14	LG10	10023129	10023155	ssa14_91063563_91063822.maf
ssa14	LG10	10015618	10015634	ssa14_91095492_91096255.maf
ssa14	LG10	10015661	10015672	ssa14_91095492_91096255.maf
ssa14	LG10	9938671	9938685	ssa14_91241781_91242578.maf
ssa14	LG10	9938685	9938754	ssa14_91241781_91242578.maf
ssa14	LG10	9936766	9936831	ssa14_91242936_91243241.maf
ssa14	LG10	9783308	9783328	ssa14_91513593_91514385.maf
ssa14	LG10	9783328	9783355	ssa14_91513593_91514385.maf
ssa14	LG10	9783355	9783373	ssa14_91513593_91514385.maf
ssa14	LG10	9783373	9783385	ssa14_91513593_91514385.maf
ssa14	LG10	9441180	9441190	ssa14_92207332_92208354.maf
ssa14	LG10	9428318	9428371	ssa14_92225421_92226418.maf
ssa14	LG10	9428371	9428390	ssa14_92225421_92226418.maf
ssa14	LG10	9160732	9160763	ssa14_92630386_92630708.maf
ssa14	LG03	7209573	7209584	ssa14_9386008_9386723.maf
ssa14	LG03	7209584	7209695	ssa14_9386008_9386723.maf
ssa14	LG03	7209703	7209716	ssa14_9386008_9386723.maf
ssa14	LG03	7209716	7209750	ssa14_9386008_9386723.maf
ssa14	LG03	7209750	7209778	ssa14_9386008_9386723.maf
ssa14	LG10	3876574	3876592	ssa14_94397626_94398112.maf
ssa14	LG10	3876592	3876627	ssa14_94397626_94398112.maf
ssa14	LG10	3931552	3931644	ssa14_94472410_94472774.maf
ssa14	LG10	4355457	4355504	ssa14_95012437_95012787.maf
ssa14	LG10	4448444	4448532	ssa14_95171059_95171568.maf
ssa14	LG10	2642151	2642178	ssa14_95960644_95961335.maf
ssa15	LG12	5420813	5420853	ssa15_100040627_100041396.maf
ssa15	LG12	5398398	5398448	ssa15_100087658_100087984.maf
ssa15	LG12	5369478	5369565	ssa15_100173578_100174359.maf
ssa15	LG12	5311842	5311937	ssa15_100280928_100281901.maf
ssa15	LG12	5101602	5101648	ssa15_100629315_100629986.maf
ssa15	LG12	5025986	5025999	ssa15_100754485_100755314.maf
ssa15	LG12	5026066	5026084	ssa15_100754485_100755314.maf
ssa15	LG12	5026084	5026138	ssa15_100754485_100755314.maf
ssa15	LG12	4996919	4996931	ssa15_100808591_100809276.maf
ssa15	LG12	4985190	4985202	ssa15_100920027_100920983.maf
ssa15	LG12	4985216	4985227	ssa15_100920027_100920983.maf
ssa15	LG12	4985227	4985239	ssa15_100920027_100920983.maf
ssa15	LG12	4985275	4985324	ssa15_100920027_100920983.maf
ssa15	LG12	4985328	4985342	ssa15_100920027_100920983.maf
ssa15	LG12	4985342	4985424	ssa15_100920027_100920983.maf
ssa15	LG12	4793303	4793337	ssa15_101299437_101300188.maf
ssa15	LG12	3748228	3748289	ssa15_103308492_103309098.maf
ssa15	LG12	3748289	3748308	ssa15_103308492_103309098.maf
ssa15	LG12	3748311	3748323	ssa15_103308492_103309098.maf
ssa15	LG12	3747098	3747112	ssa15_103310523_103310851.maf
ssa15	LG12	3747148	3747184	ssa15_103310523_103310851.maf
ssa15	LG12	3747246	3747271	ssa15_103310523_103310851.maf
ssa15	LG12	3736810	3736820	ssa15_103322411_103322598.maf
ssa15	LG12	3736830	3736897	ssa15_103322411_103322598.maf
ssa15	LG12	3736897	3736912	ssa15_103322411_103322598.maf
ssa15	LG12	3736940	3736973	ssa15_103322411_103322598.maf
ssa15	LG12	3727406	3727456	ssa15_103338102_103338931.maf
ssa15	LG12	3725276	3725297	ssa15_103339114_103339399.maf
ssa15	LG12	3725297	3725313	ssa15_103339114_103339399.maf
ssa15	LG12	3723326	3723362	ssa15_103349744_103350295.maf
ssa15	LG12	3723362	3723386	ssa15_103349744_103350295.maf
ssa15	LG12	3642978	3642996	ssa15_103547240_103548125.maf
ssa15	LG12	3642996	3643051	ssa15_103547240_103548125.maf
ssa15	LG12	2001504	2001540	ssa15_107139587_107140433.maf
ssa15	LG12	2001768	2001862	ssa15_107139587_107140433.maf
ssa15	LG12	2001901	2001934	ssa15_107139587_107140433.maf
ssa15	LG13	968843	969043	ssa15_11083619_11084195.maf
ssa15	LG18	2390034	2390163	ssa15_14657746_14658493.maf
ssa15	LG18	878363	878374	ssa15_18776052_18777310.maf
ssa15	LG18	878569	878588	ssa15_18776052_18777310.maf
ssa15	LG18	817784	817797	ssa15_18925213_18925730.maf
ssa15	LG18	817984	817995	ssa15_18925213_18925730.maf
ssa15	LG18	460665	460749	ssa15_19542150_19543079.maf
ssa15	LG18	388233	388272	ssa15_19687913_19688584.maf
ssa15	LG18	388272	388316	ssa15_19687913_19688584.maf
ssa15	LG18	388316	388336	ssa15_19687913_19688584.maf
ssa15	LG23	5584451	5584464	ssa15_22392387_22392962.maf
ssa15	LG23	5584464	5584474	ssa15_22392387_22392962.maf
ssa15	LG23	5584474	5584485	ssa15_22392387_22392962.maf
ssa15	LG23	5044711	5044745	ssa15_24110839_24111587.maf
ssa15	LG23	4950434	4950539	ssa15_24304201_24304970.maf
ssa15	LG23	4951506	4951516	ssa15_24304201_24304970.maf
ssa15	LG23	4951516	4951552	ssa15_24304201_24304970.maf
ssa15	LG23	4930501	4930597	ssa15_24339084_24339476.maf
ssa15	LG23	4930711	4930721	ssa15_24339084_24339476.maf
ssa15	LG23	4801809	4801824	ssa15_24581295_24581944.maf
ssa15	LG23	4801824	4802003	ssa15_24581295_24581944.maf
ssa15	LG23	4772920	4772983	ssa15_24638588_24639468.maf
ssa15	LG23	4772983	4772995	ssa15_24638588_24639468.maf
ssa15	LG23	4772995	4773012	ssa15_24638588_24639468.maf
ssa15	LG23	4773056	4773070	ssa15_24638588_24639468.maf
ssa15	LG23	4773070	4773114	ssa15_24638588_24639468.maf
ssa15	LG23	4773345	4773356	ssa15_24638588_24639468.maf
ssa15	LG23	4773356	4773484	ssa15_24638588_24639468.maf
ssa15	LG23	4640643	4640660	ssa15_24856161_24857082.maf
ssa15	LG23	4640667	4640725	ssa15_24856161_24857082.maf
ssa15	LG23	4329443	4329457	ssa15_25621583_25622041.maf
ssa15	LG23	4329457	4329548	ssa15_25621583_25622041.maf
ssa15	LG14	5517580	5517616	ssa15_26720304_26720687.maf
ssa15	LG14	5452778	5452832	ssa15_26887170_26887501.maf
ssa15	LG14	5452875	5452941	ssa15_26887170_26887501.maf
ssa15	LG14	5452941	5452956	ssa15_26887170_26887501.maf
ssa15	LG14	5452956	5452971	ssa15_26887170_26887501.maf
ssa15	LG14	5444294	5444334	ssa15_26917171_26917601.maf
ssa15	LG14	5408555	5408742	ssa15_26970901_26971379.maf
ssa15	LG14	5186738	5186750	ssa15_27376917_27377462.maf
ssa15	LG14	4890564	4890642	ssa15_27861440_27862055.maf
ssa15	LG14	4890647	4890666	ssa15_27861440_27862055.maf
ssa15	LG14	4864173	4864270	ssa15_27919921_27920953.maf
ssa15	LG14	4805234	4805304	ssa15_28006936_28007403.maf
ssa15	LG14	4805304	4805340	ssa15_28006936_28007403.maf
ssa15	LG14	4529065	4529153	ssa15_28443247_28443887.maf
ssa15	LG14	4307927	4307959	ssa15_28898167_28898627.maf
ssa15	LG14	4126489	4126548	ssa15_29243903_29244100.maf
ssa15	LG14	4126548	4126559	ssa15_29243903_29244100.maf
ssa15	LG14	4126560	4126580	ssa15_29243903_29244100.maf
ssa15	LG14	3850967	3850982	ssa15_29675436_29676112.maf
ssa15	LG14	3850988	3851071	ssa15_29675436_29676112.maf
ssa15	LG14	3851071	3851100	ssa15_29675436_29676112.maf
ssa15	LG14	3851100	3851141	ssa15_29675436_29676112.maf
ssa15	LG14	3851141	3851156	ssa15_29675436_29676112.maf
ssa15	LG14	3851156	3851178	ssa15_29675436_29676112.maf
ssa15	LG14	3851452	3851478	ssa15_29675436_29676112.maf
ssa15	LG14	3661466	3661499	ssa15_30155048_30155850.maf
ssa15	LG14	3661539	3661559	ssa15_30155048_30155850.maf
ssa15	LG14	3661568	3661578	ssa15_30155048_30155850.maf
ssa15	LG14	3654427	3654490	ssa15_30166851_30167822.maf
ssa15	LG14	3654601	3654664	ssa15_30166851_30167822.maf
ssa15	LG14	3544282	3544306	ssa15_30402952_30404333.maf
ssa15	LG14	3544313	3544353	ssa15_30402952_30404333.maf
ssa15	LG14	3503222	3503269	ssa15_30462801_30463931.maf
ssa15	LG14	3480720	3480777	ssa15_30492154_30492498.maf
ssa15	LG14	3480802	3480916	ssa15_30492154_30492498.maf
ssa15	LG14	3480112	3480186	ssa15_30492978_30494307.maf
ssa15	LG14	3474815	3474891	ssa15_30505153_30506242.maf
ssa15	LG18	6755942	6755963	ssa15_31431756_31432586.maf
ssa15	LG18	6755963	6756043	ssa15_31431756_31432586.maf
ssa15	LG18	6756621	6756631	ssa15_31431756_31432586.maf
ssa15	LG18	6756632	6756661	ssa15_31431756_31432586.maf
ssa15	LG18	7540152	7540276	ssa15_32953109_32953904.maf
ssa15	LG18	7540285	7540361	ssa15_32953109_32953904.maf
ssa15	LG18	7947538	7947584	ssa15_33552319_33553465.maf
ssa15	LG18	7947591	7947627	ssa15_33552319_33553465.maf
ssa15	LG18	8110822	8110910	ssa15_33841373_33841937.maf
ssa15	LG18	8110912	8110922	ssa15_33841373_33841937.maf
ssa15	LG18	8110926	8110984	ssa15_33841373_33841937.maf
ssa15	LG18	8311227	8311246	ssa15_34174630_34175391.maf
ssa15	LG18	8311331	8311414	ssa15_34174630_34175391.maf
ssa15	LG18	8311588	8311648	ssa15_34174630_34175391.maf
ssa15	LG18	8466345	8466359	ssa15_34359558_34360052.maf
ssa15	LG18	8466359	8466433	ssa15_34359558_34360052.maf
ssa15	LG18	8857989	8858133	ssa15_35018903_35020101.maf
ssa15	LG18	8858133	8858149	ssa15_35018903_35020101.maf
ssa15	LG18	8858599	8858684	ssa15_35018903_35020101.maf
ssa15	LG18	8931269	8931393	ssa15_35110452_35111217.maf
ssa15	LG18	8931393	8931404	ssa15_35110452_35111217.maf
ssa15	LG18	8931404	8931424	ssa15_35110452_35111217.maf
ssa15	LG18	9694287	9694341	ssa15_36272564_36273256.maf
ssa15	LG18	9694781	9694868	ssa15_36272564_36273256.maf
ssa15	LG18	10548729	10548748	ssa15_37692169_37693047.maf
ssa15	LG18	10548882	10548900	ssa15_37692169_37693047.maf
ssa15	LG18	10549344	10549359	ssa15_37692169_37693047.maf
ssa15	LG18	10549431	10549463	ssa15_37692169_37693047.maf
ssa15	LG18	10875190	10875225	ssa15_38074256_38074581.maf
ssa15	LG18	11252107	11252123	ssa15_38638421_38639185.maf
ssa15	LG18	11252398	11252418	ssa15_38638421_38639185.maf
ssa15	LG18	11252497	11252509	ssa15_38638421_38639185.maf
ssa15	LG18	11395903	11395978	ssa15_38844878_38845945.maf
ssa15	LG18	11399801	11399820	ssa15_38847956_38848655.maf
ssa15	LG18	11560646	11560656	ssa15_39143118_39144546.maf
ssa15	LG18	11560662	11560731	ssa15_39143118_39144546.maf
ssa15	LG18	11562235	11562255	ssa15_39149562_39150196.maf
ssa15	LG18	11562255	11562281	ssa15_39149562_39150196.maf
ssa15	LG18	11562373	11562447	ssa15_39149562_39150196.maf
ssa15	LG18	11565695	11565724	ssa15_39152652_39153466.maf
ssa15	LG18	12419914	12419949	ssa15_40340986_40342174.maf
ssa15	LG18	12558508	12558675	ssa15_40510610_40511175.maf
ssa15	LG18	12558678	12558755	ssa15_40510610_40511175.maf
ssa15	LG18	12646145	12646201	ssa15_40641606_40642646.maf
ssa15	LG18	12646364	12646395	ssa15_40641606_40642646.maf
ssa15	LG18	12646396	12646505	ssa15_40641606_40642646.maf
ssa15	LG18	12704635	12704685	ssa15_40750424_40751164.maf
ssa15	LG18	12704685	12704723	ssa15_40750424_40751164.maf
ssa15	LG18	12704723	12704739	ssa15_40750424_40751164.maf
ssa15	LG18	12704771	12704961	ssa15_40750424_40751164.maf
ssa15	LG18	12977430	12977559	ssa15_41237570_41238618.maf
ssa15	LG18	13053799	13053847	ssa15_41363933_41364632.maf
ssa15	LG18	13053847	13053875	ssa15_41363933_41364632.maf
ssa15	LG18	13053875	13053889	ssa15_41363933_41364632.maf
ssa15	LG18	13299657	13299681	ssa15_41832719_41833303.maf
ssa15	LG18	13307623	13307684	ssa15_41849536_41850112.maf
ssa15	LG18	13907498	13907542	ssa15_42711350_42711759.maf
ssa15	LG18	13907542	13907552	ssa15_42711350_42711759.maf
ssa15	LG18	13907552	13907579	ssa15_42711350_42711759.maf
ssa15	LG18	13978240	13978259	ssa15_42806719_42807765.maf
ssa15	LG18	13978259	13978297	ssa15_42806719_42807765.maf
ssa15	LG18	13978297	13978320	ssa15_42806719_42807765.maf
ssa15	LG18	13979218	13979280	ssa15_42806719_42807765.maf
ssa15	LG18	14272749	14272794	ssa15_43224602_43224743.maf
ssa15	LG18	14272794	14272827	ssa15_43224602_43224743.maf
ssa15	LG18	14487150	14487175	ssa15_43555964_43556442.maf
ssa15	LG13	1846272	1846331	ssa15_4358078_4359171.maf
ssa15	LG18	15735027	15735046	ssa15_46862903_46863827.maf
ssa15	LG18	15735046	15735084	ssa15_46862903_46863827.maf
ssa15	LG18	16078991	16079085	ssa15_47442531_47443137.maf
ssa15	LG18	16172054	16172069	ssa15_47560024_47560791.maf
ssa15	LG13	2080113	2080183	ssa15_4758111_4758619.maf
ssa15	LG13	2080739	2080830	ssa15_4758822_4759330.maf
ssa15	LG13	2080830	2080843	ssa15_4758822_4759330.maf
ssa15	LG13	2080885	2080898	ssa15_4758822_4759330.maf
ssa15	LG18	16298135	16298160	ssa15_47739698_47739917.maf
ssa15	LG18	16298185	16298196	ssa15_47739698_47739917.maf
ssa15	LG18	16298196	16298232	ssa15_47739698_47739917.maf
ssa15	LG18	16309899	16309925	ssa15_47752465_47752812.maf
ssa15	LG18	16309925	16309936	ssa15_47752465_47752812.maf
ssa15	LG18	16309962	16309975	ssa15_47752465_47752812.maf
ssa15	LG18	16309990	16310021	ssa15_47752465_47752812.maf
ssa15	LG18	16310557	16310578	ssa15_47753315_47754174.maf
ssa15	LG18	16310578	16310650	ssa15_47753315_47754174.maf
ssa15	LG18	16314522	16314533	ssa15_47762361_47763805.maf
ssa15	LG18	16314533	16314558	ssa15_47762361_47763805.maf
ssa15	LG18	16323060	16323104	ssa15_47774382_47774818.maf
ssa15	LG18	16323769	16323805	ssa15_47781152_47781650.maf
ssa15	LG18	16323812	16323908	ssa15_47781152_47781650.maf
ssa15	LG18	16324009	16324029	ssa15_47781152_47781650.maf
ssa15	LG18	16362826	16362913	ssa15_47820348_47820870.maf
ssa15	LG18	16373995	16374072	ssa15_47830375_47832080.maf
ssa15	LG18	16707333	16707449	ssa15_48300793_48301728.maf
ssa15	LG18	16811237	16811329	ssa15_48447325_48447786.maf
ssa15	LG18	16845298	16845347	ssa15_48497377_48498775.maf
ssa15	LG18	16846213	16846342	ssa15_48497377_48498775.maf
ssa15	LG18	17149515	17149588	ssa15_48941075_48941498.maf
ssa15	LG18	17149635	17149714	ssa15_48941075_48941498.maf
ssa15	LG18	17171278	17171343	ssa15_48972174_48972879.maf
ssa15	LG18	17171737	17171795	ssa15_48974352_48975192.maf
ssa15	LG18	17171821	17171832	ssa15_48974352_48975192.maf
ssa15	LG18	17210660	17210683	ssa15_49038485_49039398.maf
ssa15	LG18	17210683	17210766	ssa15_49038485_49039398.maf
ssa15	LG13	2162931	2162999	ssa15_4932022_4932522.maf
ssa15	LG13	2162999	2163023	ssa15_4932022_4932522.maf
ssa15	LG13	2163026	2163041	ssa15_4932022_4932522.maf
ssa15	LG13	2163105	2163115	ssa15_4932022_4932522.maf
ssa15	LG13	2163115	2163125	ssa15_4932022_4932522.maf
ssa15	LG13	2163125	2163135	ssa15_4932022_4932522.maf
ssa15	LG13	2163135	2163173	ssa15_4932022_4932522.maf
ssa15	LG13	2164051	2164063	ssa15_4932807_4933193.maf
ssa15	LG13	2164063	2164083	ssa15_4932807_4933193.maf
ssa15	LG18	18233104	18233118	ssa15_50515666_50515878.maf
ssa15	LG18	18233166	18233202	ssa15_50515666_50515878.maf
ssa15	LG18	18239345	18239355	ssa15_50519114_50519811.maf
ssa15	LG18	18239359	18239382	ssa15_50519114_50519811.maf
ssa15	LG18	18239382	18239398	ssa15_50519114_50519811.maf
ssa15	LG18	18239398	18239448	ssa15_50519114_50519811.maf
ssa15	LG18	18260736	18260866	ssa15_50523613_50524115.maf
ssa15	LG18	18260866	18260880	ssa15_50523613_50524115.maf
ssa15	LG18	18260949	18261041	ssa15_50523613_50524115.maf
ssa15	LG18	18261043	18261071	ssa15_50523613_50524115.maf
ssa15	LG18	18295436	18295483	ssa15_50558934_50559484.maf
ssa15	LG18	18295504	18295551	ssa15_50558934_50559484.maf
ssa15	LG18	18295551	18295577	ssa15_50558934_50559484.maf
ssa15	LG18	18299222	18299288	ssa15_50570798_50571391.maf
ssa15	LG18	18299318	18299334	ssa15_50570798_50571391.maf
ssa15	LG18	18299375	18299403	ssa15_50570798_50571391.maf
ssa15	LG18	18300180	18300308	ssa15_50571656_50572523.maf
ssa15	LG18	18358274	18358286	ssa15_50631151_50632220.maf
ssa15	LG18	18358286	18358462	ssa15_50631151_50632220.maf
ssa15	LG18	18358492	18358534	ssa15_50631151_50632220.maf
ssa15	LG18	18358960	18359051	ssa15_50631151_50632220.maf
ssa15	LG18	19054312	19054337	ssa15_51666992_51667701.maf
ssa15	LG18	19054337	19054374	ssa15_51666992_51667701.maf
ssa15	LG18	19088488	19088561	ssa15_51678666_51679298.maf
ssa15	LG18	20264395	20264426	ssa15_52552326_52552749.maf
ssa15	LG18	20264426	20264458	ssa15_52552326_52552749.maf
ssa15	LG18	20264458	20264475	ssa15_52552326_52552749.maf
ssa15	LG18	20404707	20404719	ssa15_52800104_52800949.maf
ssa15	LG18	20404719	20404782	ssa15_52800104_52800949.maf
ssa15	LG18	20495214	20495265	ssa15_52972629_52973067.maf
ssa15	LG18	20495265	20495275	ssa15_52972629_52973067.maf
ssa15	LG18	20495275	20495335	ssa15_52972629_52973067.maf
ssa15	LG18	20602913	20602996	ssa15_53199677_53200689.maf
ssa15	LG18	20781984	20782032	ssa15_53414563_53415101.maf
ssa15	LG18	20782032	20782045	ssa15_53414563_53415101.maf
ssa15	LG18	20782045	20782070	ssa15_53414563_53415101.maf
ssa15	LG18	20782072	20782089	ssa15_53414563_53415101.maf
ssa15	LG18	20958505	20958516	ssa15_53654924_53655226.maf
ssa15	LG18	20958516	20958585	ssa15_53654924_53655226.maf
ssa15	LG18	21131611	21131621	ssa15_53968344_53969082.maf
ssa15	LG18	21131645	21131659	ssa15_53968344_53969082.maf
ssa15	LG18	21131666	21131688	ssa15_53968344_53969082.maf
ssa15	LG18	21131688	21131709	ssa15_53968344_53969082.maf
ssa15	LG18	21131709	21131787	ssa15_53968344_53969082.maf
ssa15	LG18	21131983	21132018	ssa15_53968344_53969082.maf
ssa15	LG18	21132018	21132035	ssa15_53968344_53969082.maf
ssa15	LG18	21138977	21138990	ssa15_53982283_53982972.maf
ssa15	LG18	21138990	21139032	ssa15_53982283_53982972.maf
ssa15	LG18	21139032	21139053	ssa15_53982283_53982972.maf
ssa15	LG18	21139057	21139080	ssa15_53982283_53982972.maf
ssa15	LG18	21139101	21139116	ssa15_53982283_53982972.maf
ssa15	LG18	21139116	21139153	ssa15_53982283_53982972.maf
ssa15	LG18	21139153	21139203	ssa15_53982283_53982972.maf
ssa15	LG18	21271573	21271649	ssa15_54150774_54151525.maf
ssa15	LG18	21271671	21271750	ssa15_54150774_54151525.maf
ssa15	LG18	21272083	21272114	ssa15_54150774_54151525.maf
ssa15	LG18	21272114	21272143	ssa15_54150774_54151525.maf
ssa15	LG18	21398593	21398767	ssa15_54362818_54363377.maf
ssa15	LG18	21398767	21398782	ssa15_54362818_54363377.maf
ssa15	LG18	21404562	21404681	ssa15_54364449_54364860.maf
ssa15	LG18	21413154	21413170	ssa15_54374306_54375071.maf
ssa15	LG18	21413171	21413257	ssa15_54374306_54375071.maf
ssa15	LG18	21433916	21433936	ssa15_54436380_54437188.maf
ssa15	LG18	21433936	21433990	ssa15_54436380_54437188.maf
ssa15	LG18	21452277	21452372	ssa15_54456296_54457111.maf
ssa15	LG18	21452373	21452395	ssa15_54456296_54457111.maf
ssa15	LG18	21452395	21452432	ssa15_54456296_54457111.maf
ssa15	LG18	21452433	21452497	ssa15_54456296_54457111.maf
ssa15	LG18	21452505	21452518	ssa15_54456296_54457111.maf
ssa15	LG18	21452518	21452551	ssa15_54456296_54457111.maf
ssa15	LG18	21452556	21452633	ssa15_54456296_54457111.maf
ssa15	LG18	21502709	21502759	ssa15_54524629_54525380.maf
ssa15	LG18	21502759	21502789	ssa15_54524629_54525380.maf
ssa15	LG18	21502860	21502879	ssa15_54524629_54525380.maf
ssa15	LG18	21503305	21503320	ssa15_54524629_54525380.maf
ssa15	LG18	21503325	21503379	ssa15_54524629_54525380.maf
ssa15	LG18	21503379	21503402	ssa15_54524629_54525380.maf
ssa15	LG18	21771654	21771680	ssa15_54821635_54822402.maf
ssa15	LG18	21771939	21772002	ssa15_54821635_54822402.maf
ssa15	LG18	21772002	21772017	ssa15_54821635_54822402.maf
ssa15	LG18	21772017	21772061	ssa15_54821635_54822402.maf
ssa15	LG18	21772063	21772163	ssa15_54821635_54822402.maf
ssa15	LG18	21772168	21772180	ssa15_54821635_54822402.maf
ssa15	LG18	21870581	21870614	ssa15_54938266_54939207.maf
ssa15	LG18	21870614	21870640	ssa15_54938266_54939207.maf
ssa15	LG18	21870643	21870834	ssa15_54938266_54939207.maf
ssa15	LG18	21871247	21871307	ssa15_54939471_54940062.maf
ssa15	LG18	21871314	21871385	ssa15_54939471_54940062.maf
ssa15	LG18	21871385	21871416	ssa15_54939471_54940062.maf
ssa15	LG18	21889710	21889808	ssa15_54969717_54970233.maf
ssa15	LG18	21890041	21890193	ssa15_54969717_54970233.maf
ssa15	LG18	21892984	21893118	ssa15_54973678_54974307.maf
ssa15	LG18	21957090	21957100	ssa15_55048827_55049508.maf
ssa15	LG18	21957107	21957118	ssa15_55048827_55049508.maf
ssa15	LG18	21957277	21957377	ssa15_55048827_55049508.maf
ssa15	LG18	21957472	21957485	ssa15_55048827_55049508.maf
ssa15	LG18	21957551	21957641	ssa15_55048827_55049508.maf
ssa15	LG18	21957733	21957762	ssa15_55048827_55049508.maf
ssa15	LG18	21958304	21958321	ssa15_55049665_55050280.maf
ssa15	LG18	21958321	21958471	ssa15_55049665_55050280.maf
ssa15	LG18	21958471	21958512	ssa15_55049665_55050280.maf
ssa15	LG18	21958512	21958554	ssa15_55049665_55050280.maf
ssa15	LG18	21980543	21980581	ssa15_55082790_55083330.maf
ssa15	LG18	21980581	21980682	ssa15_55082790_55083330.maf
ssa15	LG18	25703987	25703998	ssa15_55676869_55677124.maf
ssa15	LG18	25703998	25704044	ssa15_55676869_55677124.maf
ssa15	LG18	25704044	25704058	ssa15_55676869_55677124.maf
ssa15	LG13	11052884	11052904	ssa15_5802920_5803350.maf
ssa15	LG13	11052912	11052933	ssa15_5802920_5803350.maf
ssa15	LG13	11052934	11052987	ssa15_5802920_5803350.maf
ssa15	LG18	24269858	24269913	ssa15_58107455_58107814.maf
ssa15	LG18	24269984	24270016	ssa15_58107455_58107814.maf
ssa15	LG18	24140838	24140873	ssa15_58281758_58282230.maf
ssa15	LG18	24141463	24141478	ssa15_58281758_58282230.maf
ssa15	LG18	24141478	24141555	ssa15_58281758_58282230.maf
ssa15	LG13	11065452	11065513	ssa15_5840862_5841221.maf
ssa15	LG13	11065920	11065973	ssa15_5841351_5841839.maf
ssa15	LG13	11065973	11065987	ssa15_5841351_5841839.maf
ssa15	LG18	24029906	24030013	ssa15_58484083_58484558.maf
ssa15	LG18	24015809	24015905	ssa15_58497033_58497384.maf
ssa15	LG18	23981388	23981470	ssa15_58548544_58549450.maf
ssa15	LG18	23646726	23646770	ssa15_58987496_58988569.maf
ssa15	LG18	23272086	23272145	ssa15_59550050_59550415.maf
ssa15	LG18	23272183	23272196	ssa15_59550050_59550415.maf
ssa15	LG18	23271617	23271628	ssa15_59550560_59550963.maf
ssa15	LG18	23271675	23271699	ssa15_59550560_59550963.maf
ssa15	LG18	23271189	23271270	ssa15_59551209_59552094.maf
ssa15	LG18	23271270	23271283	ssa15_59551209_59552094.maf
ssa15	LG18	23268251	23268279	ssa15_59554181_59554758.maf
ssa15	LG18	23268279	23268310	ssa15_59554181_59554758.maf
ssa15	LG18	23117552	23117651	ssa15_59846180_59847189.maf
ssa15	LG18	23118020	23118060	ssa15_59846180_59847189.maf
ssa15	LG18	23118060	23118139	ssa15_59846180_59847189.maf
ssa15	LG18	23096510	23096566	ssa15_59888938_59889802.maf
ssa15	LG12	28772740	28772775	ssa15_60768749_60769244.maf
ssa15	LG12	28772775	28772828	ssa15_60768749_60769244.maf
ssa15	LG12	28431812	28432054	ssa15_61139642_61140054.maf
ssa15	LG13	10811419	10811438	ssa15_6131162_6131788.maf
ssa15	LG13	10811501	10811518	ssa15_6131162_6131788.maf
ssa15	LG12	28291175	28291236	ssa15_61460324_61460636.maf
ssa15	LG12	27263698	27263710	ssa15_62495941_62496653.maf
ssa15	LG12	27263710	27263799	ssa15_62495941_62496653.maf
ssa15	LG12	27263872	27263902	ssa15_62495941_62496653.maf
ssa15	LG12	27263913	27263937	ssa15_62495941_62496653.maf
ssa15	LG12	27248949	27248968	ssa15_62533134_62533437.maf
ssa15	LG12	27248968	27249038	ssa15_62533134_62533437.maf
ssa15	LG12	27249081	27249120	ssa15_62533134_62533437.maf
ssa15	LG12	27249122	27249141	ssa15_62533134_62533437.maf
ssa15	LG12	27249154	27249180	ssa15_62533134_62533437.maf
ssa15	LG12	27157074	27157101	ssa15_62592641_62593459.maf
ssa15	LG12	27157101	27157128	ssa15_62592641_62593459.maf
ssa15	LG12	27157128	27157170	ssa15_62592641_62593459.maf
ssa15	LG12	27064596	27064751	ssa15_62776723_62777069.maf
ssa15	LG12	27064751	27064763	ssa15_62776723_62777069.maf
ssa15	LG12	26999015	26999067	ssa15_62906671_62908379.maf
ssa15	LG12	29144729	29144755	ssa15_63703410_63704034.maf
ssa15	LG12	29216831	29216928	ssa15_63816445_63817312.maf
ssa15	LG12	29245209	29245321	ssa15_63863675_63864369.maf
ssa15	LG12	29245321	29245360	ssa15_63863675_63864369.maf
ssa15	LG12	29245360	29245370	ssa15_63863675_63864369.maf
ssa15	LG12	29245370	29245386	ssa15_63863675_63864369.maf
ssa15	LG12	29245393	29245410	ssa15_63863675_63864369.maf
ssa15	LG12	29556156	29556176	ssa15_64270928_64271740.maf
ssa15	LG12	29559127	29559186	ssa15_64276689_64277372.maf
ssa15	LG12	29559194	29559214	ssa15_64276689_64277372.maf
ssa15	LG12	29559225	29559241	ssa15_64276689_64277372.maf
ssa15	LG12	29559249	29559270	ssa15_64276689_64277372.maf
ssa15	LG12	29702559	29702598	ssa15_64488813_64489269.maf
ssa15	LG12	29702598	29702629	ssa15_64488813_64489269.maf
ssa15	LG12	29976443	29976520	ssa15_64758386_64758968.maf
ssa15	LG12	29976520	29976535	ssa15_64758386_64758968.maf
ssa15	LG12	30349229	30349290	ssa15_65100826_65101371.maf
ssa15	LG12	30349290	30349364	ssa15_65100826_65101371.maf
ssa15	LG12	30350107	30350150	ssa15_65101591_65102093.maf
ssa15	LG12	30350150	30350167	ssa15_65101591_65102093.maf
ssa15	LG12	30350186	30350246	ssa15_65101591_65102093.maf
ssa15	LG12	30553173	30553214	ssa15_65339348_65339838.maf
ssa15	LG12	31237504	31237531	ssa15_66149648_66150298.maf
ssa15	LG12	31245885	31245902	ssa15_66165643_66165988.maf
ssa15	LG12	31245902	31245969	ssa15_66165643_66165988.maf
ssa15	LG12	31468572	31468604	ssa15_66436577_66437004.maf
ssa15	LG12	31501091	31501105	ssa15_66484467_66485771.maf
ssa15	LG12	31501120	31501139	ssa15_66484467_66485771.maf
ssa15	LG12	31638334	31638462	ssa15_66630660_66631873.maf
ssa15	LG12	31638482	31638531	ssa15_66630660_66631873.maf
ssa15	LG12	31638541	31638563	ssa15_66630660_66631873.maf
ssa15	LG13	10625615	10625628	ssa15_6678601_6679692.maf
ssa15	LG13	10625635	10625663	ssa15_6678601_6679692.maf
ssa15	LG13	10625663	10625713	ssa15_6678601_6679692.maf
ssa15	LG12	31855945	31856023	ssa15_66964217_66964627.maf
ssa15	LG12	31856023	31856033	ssa15_66964217_66964627.maf
ssa15	LG12	31856033	31856049	ssa15_66964217_66964627.maf
ssa15	LG12	31856489	31856507	ssa15_66964939_66965161.maf
ssa15	LG12	31856507	31856558	ssa15_66964939_66965161.maf
ssa15	LG12	32373940	32373978	ssa15_67590336_67591093.maf
ssa15	LG12	32373978	32374029	ssa15_67590336_67591093.maf
ssa15	LG12	32374360	32374449	ssa15_67590336_67591093.maf
ssa15	LG12	32506973	32506993	ssa15_67745613_67746264.maf
ssa15	LG12	33036087	33036126	ssa15_68325426_68325686.maf
ssa15	LG12	24324159	24324224	ssa15_69074307_69074728.maf
ssa15	LG12	24324312	24324351	ssa15_69074307_69074728.maf
ssa15	LG12	21641991	21642012	ssa15_69683328_69684222.maf
ssa15	LG12	21642021	21642102	ssa15_69683328_69684222.maf
ssa15	LG12	22728777	22728834	ssa15_71242795_71243552.maf
ssa15	LG12	22728889	22728964	ssa15_71242795_71243552.maf
ssa15	LG12	22728964	22728981	ssa15_71242795_71243552.maf
ssa15	LG12	22728990	22729000	ssa15_71242795_71243552.maf
ssa15	LG12	22905947	22905969	ssa15_71464692_71465467.maf
ssa15	LG12	22906000	22906065	ssa15_71464692_71465467.maf
ssa15	LG12	22906065	22906103	ssa15_71464692_71465467.maf
ssa15	LG12	22906138	22906148	ssa15_71464692_71465467.maf
ssa15	LG12	23041403	23041459	ssa15_71657179_71658302.maf
ssa15	LG12	23041459	23041489	ssa15_71657179_71658302.maf
ssa15	LG12	23190764	23190774	ssa15_71887213_71887573.maf
ssa15	LG12	23190774	23190785	ssa15_71887213_71887573.maf
ssa15	LG12	23190785	23190893	ssa15_71887213_71887573.maf
ssa15	LG12	23212442	23212468	ssa15_71923250_71924361.maf
ssa15	LG12	23289191	23289271	ssa15_72017879_72018675.maf
ssa15	LG12	23341911	23342020	ssa15_72066539_72067313.maf
ssa15	LG12	23342020	23342037	ssa15_72066539_72067313.maf
ssa15	LG12	23342881	23342918	ssa15_72066539_72067313.maf
ssa15	LG12	23366474	23366524	ssa15_72095950_72097320.maf
ssa15	LG12	23366715	23366732	ssa15_72095950_72097320.maf
ssa15	LG12	23366737	23366785	ssa15_72095950_72097320.maf
ssa15	LG12	23366785	23366804	ssa15_72095950_72097320.maf
ssa15	LG12	21422057	21422085	ssa15_73617587_73618156.maf
ssa15	LG12	21280186	21280209	ssa15_73821549_73821699.maf
ssa15	LG12	21280209	21280236	ssa15_73821549_73821699.maf
ssa15	LG13	32443940	32443993	ssa15_739277_740102.maf
ssa15	LG13	32443993	32444003	ssa15_739277_740102.maf
ssa15	LG13	32444003	32444032	ssa15_739277_740102.maf
ssa15	LG12	20986249	20986272	ssa15_74384481_74384872.maf
ssa15	LG12	20902991	20903012	ssa15_74559605_74560043.maf
ssa15	LG12	20903109	20903119	ssa15_74559605_74560043.maf
ssa15	LG12	20878515	20878616	ssa15_74575772_74576127.maf
ssa15	LG12	20878616	20878634	ssa15_74575772_74576127.maf
ssa15	LG12	20878634	20878667	ssa15_74575772_74576127.maf
ssa15	LG12	20878667	20878704	ssa15_74575772_74576127.maf
ssa15	LG12	20857287	20857315	ssa15_74594110_74595324.maf
ssa15	LG12	20857315	20857328	ssa15_74594110_74595324.maf
ssa15	LG12	20857341	20857362	ssa15_74594110_74595324.maf
ssa15	LG12	20857376	20857446	ssa15_74594110_74595324.maf
ssa15	LG12	20857481	20857501	ssa15_74594110_74595324.maf
ssa15	LG12	20831479	20831499	ssa15_74631991_74632879.maf
ssa15	LG12	20831499	20831526	ssa15_74631991_74632879.maf
ssa15	LG12	20330916	20330988	ssa15_75507443_75508208.maf
ssa15	LG12	20330988	20331012	ssa15_75507443_75508208.maf
ssa15	LG12	20331015	20331042	ssa15_75507443_75508208.maf
ssa15	LG12	20331042	20331081	ssa15_75507443_75508208.maf
ssa15	LG12	20066432	20066461	ssa15_75920327_75921089.maf
ssa15	LG12	20066461	20066546	ssa15_75920327_75921089.maf
ssa15	LG12	19877721	19877766	ssa15_76158332_76158864.maf
ssa15	LG12	19877766	19877782	ssa15_76158332_76158864.maf
ssa15	LG12	19877784	19877851	ssa15_76158332_76158864.maf
ssa15	LG13	10316221	10316232	ssa15_7620232_7621026.maf
ssa15	LG13	10316232	10316257	ssa15_7620232_7621026.maf
ssa15	LG13	10316257	10316268	ssa15_7620232_7621026.maf
ssa15	LG12	19621951	19622107	ssa15_76504191_76504733.maf
ssa15	LG12	19544064	19544145	ssa15_76614656_76615493.maf
ssa15	LG12	19354773	19354785	ssa15_76811817_76812327.maf
ssa15	LG12	19079409	19079444	ssa15_77268709_77269244.maf
ssa15	LG12	18879444	18879517	ssa15_77547402_77547918.maf
ssa15	LG12	18879517	18879530	ssa15_77547402_77547918.maf
ssa15	LG12	18861937	18861993	ssa15_77589803_77590186.maf
ssa15	LG12	18861993	18862050	ssa15_77589803_77590186.maf
ssa15	LG12	18853962	18854040	ssa15_77603984_77605436.maf
ssa15	LG12	18852485	18852560	ssa15_77606053_77606840.maf
ssa15	LG12	18852568	18852601	ssa15_77606053_77606840.maf
ssa15	LG12	18852601	18852636	ssa15_77606053_77606840.maf
ssa15	LG12	18852652	18852674	ssa15_77606053_77606840.maf
ssa15	LG12	18851728	18851738	ssa15_77606958_77608540.maf
ssa15	LG12	18851738	18851794	ssa15_77606958_77608540.maf
ssa15	LG12	18851794	18851815	ssa15_77606958_77608540.maf
ssa15	LG12	18851815	18851835	ssa15_77606958_77608540.maf
ssa15	LG12	18851839	18851855	ssa15_77606958_77608540.maf
ssa15	LG12	18643329	18643345	ssa15_77887647_77888368.maf
ssa15	LG12	18643345	18643388	ssa15_77887647_77888368.maf
ssa15	LG12	18643393	18643405	ssa15_77887647_77888368.maf
ssa15	LG12	18590811	18590879	ssa15_77940643_77941774.maf
ssa15	LG12	18550353	18550371	ssa15_77973820_77974428.maf
ssa15	LG12	18543142	18543159	ssa15_77978950_77979585.maf
ssa15	LG12	18543243	18543290	ssa15_77978950_77979585.maf
ssa15	LG12	18543298	18543314	ssa15_77978950_77979585.maf
ssa15	LG12	18543314	18543330	ssa15_77978950_77979585.maf
ssa15	LG12	18543486	18543515	ssa15_77978950_77979585.maf
ssa15	LG12	18543515	18543547	ssa15_77978950_77979585.maf
ssa15	LG13	10247091	10247106	ssa15_7918125_7919016.maf
ssa15	LG13	10247106	10247217	ssa15_7918125_7919016.maf
ssa15	LG13	10191442	10191456	ssa15_8050527_8051112.maf
ssa15	LG13	10191460	10191471	ssa15_8050527_8051112.maf
ssa15	LG12	16855169	16855181	ssa15_80525464_80526820.maf
ssa15	LG12	16855367	16855413	ssa15_80525464_80526820.maf
ssa15	LG13	10188110	10188157	ssa15_8056722_8057104.maf
ssa15	LG13	10188157	10188229	ssa15_8056722_8057104.maf
ssa15	LG12	16665112	16665147	ssa15_80786700_80787844.maf
ssa15	LG12	16145052	16145128	ssa15_81514837_81515265.maf
ssa15	LG12	16145128	16145138	ssa15_81514837_81515265.maf
ssa15	LG12	15404344	15404356	ssa15_82672674_82673586.maf
ssa15	LG12	15327281	15327356	ssa15_82791240_82792958.maf
ssa15	LG12	15327358	15327370	ssa15_82791240_82792958.maf
ssa15	LG12	15327370	15327403	ssa15_82791240_82792958.maf
ssa15	LG12	15327843	15327969	ssa15_82791240_82792958.maf
ssa15	LG12	15328475	15328497	ssa15_82791240_82792958.maf
ssa15	LG12	15328497	15328524	ssa15_82791240_82792958.maf
ssa15	LG12	15328529	15328579	ssa15_82791240_82792958.maf
ssa15	LG12	15316889	15316973	ssa15_82815886_82816142.maf
ssa15	LG12	15316973	15316984	ssa15_82815886_82816142.maf
ssa15	LG12	15300877	15300905	ssa15_82840707_82841239.maf
ssa15	LG12	15301024	15301100	ssa15_82840707_82841239.maf
ssa15	LG12	15301107	15301120	ssa15_82840707_82841239.maf
ssa15	LG12	15192567	15192600	ssa15_83009794_83010455.maf
ssa15	LG12	15192600	15192630	ssa15_83009794_83010455.maf
ssa15	LG12	15192692	15192727	ssa15_83009794_83010455.maf
ssa15	LG12	15192727	15192763	ssa15_83009794_83010455.maf
ssa15	LG12	15093343	15093372	ssa15_83110928_83111385.maf
ssa15	LG12	15079608	15079694	ssa15_83123093_83123507.maf
ssa15	LG12	14985453	14985560	ssa15_83245111_83247467.maf
ssa15	LG12	14985586	14985600	ssa15_83245111_83247467.maf
ssa15	LG12	14985600	14985668	ssa15_83245111_83247467.maf
ssa15	LG12	14985738	14985775	ssa15_83245111_83247467.maf
ssa15	LG12	14985775	14985794	ssa15_83245111_83247467.maf
ssa15	LG12	14985794	14985814	ssa15_83245111_83247467.maf
ssa15	LG12	14985815	14985832	ssa15_83245111_83247467.maf
ssa15	LG12	14985832	14985913	ssa15_83245111_83247467.maf
ssa15	LG12	14364109	14364149	ssa15_84007161_84008088.maf
ssa15	LG12	14364481	14364536	ssa15_84007161_84008088.maf
ssa15	LG12	14364657	14364692	ssa15_84007161_84008088.maf
ssa15	LG12	14364692	14364713	ssa15_84007161_84008088.maf
ssa15	LG12	14355670	14355713	ssa15_84019755_84020385.maf
ssa15	LG12	14355718	14355754	ssa15_84019755_84020385.maf
ssa15	LG12	13597608	13597649	ssa15_85073237_85073986.maf
ssa15	LG12	13187475	13187495	ssa15_85629414_85629717.maf
ssa15	LG12	13171043	13171068	ssa15_85648644_85649519.maf
ssa15	LG12	13171143	13171177	ssa15_85648644_85649519.maf
ssa15	LG12	13148860	13148890	ssa15_85682737_85683126.maf
ssa15	LG12	13148890	13148905	ssa15_85682737_85683126.maf
ssa15	LG12	13148917	13148931	ssa15_85682737_85683126.maf
ssa15	LG12	13148939	13148954	ssa15_85682737_85683126.maf
ssa15	LG12	13148954	13148977	ssa15_85682737_85683126.maf
ssa15	LG12	13084509	13084528	ssa15_85783525_85784122.maf
ssa15	LG12	13084532	13084557	ssa15_85783525_85784122.maf
ssa15	LG12	13084557	13084589	ssa15_85783525_85784122.maf
ssa15	LG12	13084589	13084602	ssa15_85783525_85784122.maf
ssa15	LG12	13084602	13084707	ssa15_85783525_85784122.maf
ssa15	LG12	13084707	13084814	ssa15_85783525_85784122.maf
ssa15	LG12	13084814	13084825	ssa15_85783525_85784122.maf
ssa15	LG12	12965920	12965940	ssa15_85983694_85984564.maf
ssa15	LG12	12966084	12966102	ssa15_85983694_85984564.maf
ssa15	LG12	12966122	12966274	ssa15_85983694_85984564.maf
ssa15	LG12	12966275	12966300	ssa15_85983694_85984564.maf
ssa15	LG12	12966301	12966313	ssa15_85983694_85984564.maf
ssa15	LG12	12938937	12938950	ssa15_86028540_86028983.maf
ssa15	LG12	12938950	12939024	ssa15_86028540_86028983.maf
ssa15	LG12	12939024	12939035	ssa15_86028540_86028983.maf
ssa15	LG12	12939035	12939063	ssa15_86028540_86028983.maf
ssa15	LG12	12939063	12939091	ssa15_86028540_86028983.maf
ssa15	LG12	12936139	12936225	ssa15_86033159_86033714.maf
ssa15	LG12	12932219	12932246	ssa15_86038239_86039098.maf
ssa15	LG12	12932246	12932283	ssa15_86038239_86039098.maf
ssa15	LG12	12932342	12932355	ssa15_86038239_86039098.maf
ssa15	LG12	12924285	12924309	ssa15_86057322_86057934.maf
ssa15	LG12	12924309	12924345	ssa15_86057322_86057934.maf
ssa15	LG12	12898356	12898437	ssa15_86106453_86106662.maf
ssa15	LG12	12851795	12851832	ssa15_86171534_86172573.maf
ssa15	LG12	12852153	12852170	ssa15_86171534_86172573.maf
ssa15	LG12	12805788	12805810	ssa15_86265439_86265833.maf
ssa15	LG12	12546125	12546168	ssa15_86653928_86654890.maf
ssa15	LG12	12527003	12527024	ssa15_86698248_86698680.maf
ssa15	LG12	12527356	12527369	ssa15_86698248_86698680.maf
ssa15	LG12	12462941	12462953	ssa15_86791487_86791942.maf
ssa15	LG12	12331114	12331125	ssa15_86984910_86985646.maf
ssa15	LG12	12331187	12331248	ssa15_86984910_86985646.maf
ssa15	LG12	12331248	12331287	ssa15_86984910_86985646.maf
ssa15	LG12	12331287	12331304	ssa15_86984910_86985646.maf
ssa15	LG12	12331304	12331338	ssa15_86984910_86985646.maf
ssa15	LG12	12304688	12304741	ssa15_87023747_87024715.maf
ssa15	LG12	12304741	12304774	ssa15_87023747_87024715.maf
ssa15	LG12	12305108	12305191	ssa15_87023747_87024715.maf
ssa15	LG12	12112981	12112991	ssa15_87263405_87264142.maf
ssa15	LG12	12112991	12113011	ssa15_87263405_87264142.maf
ssa15	LG12	12113011	12113056	ssa15_87263405_87264142.maf
ssa15	LG12	12104638	12104731	ssa15_87295656_87296097.maf
ssa15	LG12	12104731	12104747	ssa15_87295656_87296097.maf
ssa15	LG13	9850762	9850800	ssa15_8746235_8746853.maf
ssa15	LG13	9850846	9850888	ssa15_8746235_8746853.maf
ssa15	LG12	11495417	11495427	ssa15_88258186_88258667.maf
ssa15	LG12	11495440	11495502	ssa15_88258186_88258667.maf
ssa15	LG12	11404933	11404974	ssa15_88419044_88419546.maf
ssa15	LG12	11404974	11405010	ssa15_88419044_88419546.maf
ssa15	LG12	11388452	11388470	ssa15_88436968_88438220.maf
ssa15	LG12	11388471	11388481	ssa15_88436968_88438220.maf
ssa15	LG12	11388487	11388499	ssa15_88436968_88438220.maf
ssa15	LG12	11388503	11388518	ssa15_88436968_88438220.maf
ssa15	LG12	11388518	11388529	ssa15_88436968_88438220.maf
ssa15	LG12	11388529	11388617	ssa15_88436968_88438220.maf
ssa15	LG12	11390418	11390474	ssa15_88436968_88438220.maf
ssa15	LG12	11390474	11390487	ssa15_88436968_88438220.maf
ssa15	LG12	11268020	11268111	ssa15_88663628_88664363.maf
ssa15	LG12	11268111	11268190	ssa15_88663628_88664363.maf
ssa15	LG12	11141975	11142009	ssa15_88894239_88895189.maf
ssa15	LG12	11142009	11142026	ssa15_88894239_88895189.maf
ssa15	LG12	11142026	11142038	ssa15_88894239_88895189.maf
ssa15	LG12	11137450	11137559	ssa15_88900622_88901222.maf
ssa15	LG12	11077855	11077888	ssa15_88999135_89000552.maf
ssa15	LG12	11078015	11078067	ssa15_88999135_89000552.maf
ssa15	LG12	11078296	11078322	ssa15_88999135_89000552.maf
ssa15	LG12	11078322	11078340	ssa15_88999135_89000552.maf
ssa15	LG12	11028930	11028942	ssa15_89100005_89101801.maf
ssa15	LG12	11028951	11029013	ssa15_89100005_89101801.maf
ssa15	LG12	11029013	11029027	ssa15_89100005_89101801.maf
ssa15	LG12	10854261	10854308	ssa15_89434650_89435141.maf
ssa15	LG12	10854358	10854371	ssa15_89434650_89435141.maf
ssa15	LG12	10626274	10626304	ssa15_89757483_89759831.maf
ssa15	LG12	10626382	10626405	ssa15_89757483_89759831.maf
ssa15	LG12	10423301	10423349	ssa15_90232144_90232446.maf
ssa15	LG12	10423349	10423427	ssa15_90232144_90232446.maf
ssa15	LG12	10133258	10133303	ssa15_90701738_90701970.maf
ssa15	LG12	10133304	10133331	ssa15_90701738_90701970.maf
ssa15	LG12	10133334	10133344	ssa15_90701738_90701970.maf
ssa15	LG12	10133344	10133455	ssa15_90701738_90701970.maf
ssa15	LG12	10041182	10041222	ssa15_90902953_90903270.maf
ssa15	LG12	10041222	10041235	ssa15_90902953_90903270.maf
ssa15	LG12	10041235	10041341	ssa15_90902953_90903270.maf
ssa15	LG12	10038158	10038330	ssa15_90910082_90910596.maf
ssa15	LG12	9687375	9687409	ssa15_91407285_91407840.maf
ssa15	LG12	9488764	9488791	ssa15_91741341_91741713.maf
ssa15	LG12	9488825	9488852	ssa15_91741341_91741713.maf
ssa15	LG12	9488852	9488862	ssa15_91741341_91741713.maf
ssa15	LG12	9229628	9229655	ssa15_92166387_92167026.maf
ssa15	LG12	9229686	9229698	ssa15_92166387_92167026.maf
ssa15	LG12	9229698	9229710	ssa15_92166387_92167026.maf
ssa15	LG12	9229710	9229750	ssa15_92166387_92167026.maf
ssa15	LG12	9145088	9145120	ssa15_92296916_92297339.maf
ssa15	LG12	9145120	9145131	ssa15_92296916_92297339.maf
ssa15	LG12	9145131	9145168	ssa15_92296916_92297339.maf
ssa15	LG12	9064593	9064603	ssa15_92433962_92434251.maf
ssa15	LG12	9064603	9064654	ssa15_92433962_92434251.maf
ssa15	LG12	8907364	8907393	ssa15_92726616_92727477.maf
ssa15	LG13	9685500	9685567	ssa15_9280194_9280961.maf
ssa15	LG12	8810643	8810661	ssa15_92836389_92837467.maf
ssa15	LG12	8810661	8810676	ssa15_92836389_92837467.maf
ssa15	LG12	8453359	8453385	ssa15_93441662_93442448.maf
ssa15	LG12	8453385	8453409	ssa15_93441662_93442448.maf
ssa15	LG12	8453681	8453713	ssa15_93441662_93442448.maf
ssa15	LG12	8453829	8453841	ssa15_93441662_93442448.maf
ssa15	LG12	8453841	8453857	ssa15_93441662_93442448.maf
ssa15	LG12	8453857	8453897	ssa15_93441662_93442448.maf
ssa15	LG12	8443402	8443433	ssa15_93449145_93450368.maf
ssa15	LG12	8443514	8443547	ssa15_93449145_93450368.maf
ssa15	LG12	8443554	8443564	ssa15_93449145_93450368.maf
ssa15	LG12	8443564	8443582	ssa15_93449145_93450368.maf
ssa15	LG13	9660322	9660370	ssa15_9354799_9355412.maf
ssa15	LG12	8351014	8351119	ssa15_93672089_93672526.maf
ssa15	LG12	8351274	8351299	ssa15_93672089_93672526.maf
ssa15	LG12	8347086	8347101	ssa15_93679791_93680363.maf
ssa15	LG12	8347101	8347114	ssa15_93679791_93680363.maf
ssa15	LG12	8347114	8347154	ssa15_93679791_93680363.maf
ssa15	LG12	8347162	8347225	ssa15_93679791_93680363.maf
ssa15	LG12	8347225	8347287	ssa15_93679791_93680363.maf
ssa15	LG12	8190746	8190777	ssa15_94045526_94046125.maf
ssa15	LG12	7855044	7855081	ssa15_94884208_94884679.maf
ssa15	LG12	7855081	7855100	ssa15_94884208_94884679.maf
ssa15	LG12	7855100	7855120	ssa15_94884208_94884679.maf
ssa15	LG12	6913450	6913477	ssa15_96834894_96835447.maf
ssa15	LG12	6913613	6913644	ssa15_96834894_96835447.maf
ssa15	LG12	6913644	6913657	ssa15_96834894_96835447.maf
ssa15	LG12	6788950	6788987	ssa15_97047075_97047655.maf
ssa15	LG12	6582173	6582237	ssa15_97480694_97481021.maf
ssa15	LG12	6582237	6582250	ssa15_97480694_97481021.maf
ssa15	LG12	6419163	6419190	ssa15_97820374_97820876.maf
ssa15	LG12	6419195	6419208	ssa15_97820374_97820876.maf
ssa15	LG13	1604607	1604686	ssa15_9795531_9796765.maf
ssa15	LG13	1604743	1604756	ssa15_9795531_9796765.maf
ssa15	LG13	1604756	1604771	ssa15_9795531_9796765.maf
ssa15	LG13	1604771	1604784	ssa15_9795531_9796765.maf
ssa15	LG12	6329870	6329886	ssa15_97968707_97969517.maf
ssa15	LG12	6329886	6329922	ssa15_97968707_97969517.maf
ssa15	LG12	6329922	6329936	ssa15_97968707_97969517.maf
ssa15	LG12	6329936	6329984	ssa15_97968707_97969517.maf
ssa15	LG12	6329984	6330012	ssa15_97968707_97969517.maf
ssa15	LG12	6330012	6330044	ssa15_97968707_97969517.maf
ssa15	LG13	32680058	32680080	ssa15_980301_980594.maf
ssa15	LG13	32680084	32680149	ssa15_980301_980594.maf
ssa15	LG12	5925808	5925825	ssa15_98645004_98645653.maf
ssa15	LG12	5547471	5547485	ssa15_99603420_99604439.maf
ssa15	LG12	5547485	5547525	ssa15_99603420_99604439.maf
ssa15	LG12	5542355	5542371	ssa15_99614864_99615711.maf
ssa15	LG12	5542371	5542394	ssa15_99614864_99615711.maf
ssa15	LG12	5542402	5542438	ssa15_99614864_99615711.maf
ssa15	LG12	5542438	5542463	ssa15_99614864_99615711.maf
ssa15	LG12	5542470	5542482	ssa15_99614864_99615711.maf
ssa16	LG19	7000463	7000488	ssa16_10187656_10188201.maf
ssa16	LG19	7000488	7000506	ssa16_10187656_10188201.maf
ssa16	LG19	7381039	7381076	ssa16_10736399_10736882.maf
ssa16	LG19	7602720	7602782	ssa16_11303548_11304079.maf
ssa16	LG19	14243248	14243287	ssa16_1149209_1149841.maf
ssa16	LG19	14243287	14243318	ssa16_1149209_1149841.maf
ssa16	LG19	14243340	14243357	ssa16_1149209_1149841.maf
ssa16	LG19	7748859	7748911	ssa16_11556398_11557895.maf
ssa16	LG19	7748911	7748943	ssa16_11556398_11557895.maf
ssa16	LG19	7748951	7748968	ssa16_11556398_11557895.maf
ssa16	LG19	7751736	7751763	ssa16_11561593_11562146.maf
ssa16	LG19	7768760	7768813	ssa16_11592757_11593211.maf
ssa16	LG19	7768886	7768977	ssa16_11592757_11593211.maf
ssa16	LG19	7812582	7812593	ssa16_11634483_11635389.maf
ssa16	LG19	7932870	7933000	ssa16_11789453_11789873.maf
ssa16	LG19	7994556	7994566	ssa16_11898751_11899473.maf
ssa16	LG19	7994566	7994588	ssa16_11898751_11899473.maf
ssa16	LG19	7994655	7994666	ssa16_11898751_11899473.maf
ssa16	LG19	8122462	8122521	ssa16_11990669_11991616.maf
ssa16	LG19	8122558	8122601	ssa16_11990669_11991616.maf
ssa16	LG19	14270898	14270962	ssa16_1223886_1224609.maf
ssa16	LG19	14283977	14284005	ssa16_1232979_1234067.maf
ssa16	LG19	14284005	14284027	ssa16_1232979_1234067.maf
ssa16	LG19	8380030	8380041	ssa16_12437396_12438168.maf
ssa16	LG19	8596437	8596482	ssa16_12771116_12771746.maf
ssa16	LG19	8604757	8604792	ssa16_12778473_12779544.maf
ssa16	LG19	8604792	8604813	ssa16_12778473_12779544.maf
ssa16	LG19	9062888	9062932	ssa16_13428785_13429593.maf
ssa16	LG19	9063128	9063154	ssa16_13428785_13429593.maf
ssa16	LG19	9093017	9093083	ssa16_13462336_13463503.maf
ssa16	LG19	9093139	9093149	ssa16_13462336_13463503.maf
ssa16	LG19	9093149	9093175	ssa16_13462336_13463503.maf
ssa16	LG19	9093406	9093422	ssa16_13462336_13463503.maf
ssa16	LG19	9093422	9093470	ssa16_13462336_13463503.maf
ssa16	LG19	9093601	9093623	ssa16_13462336_13463503.maf
ssa16	LG19	9093623	9093654	ssa16_13462336_13463503.maf
ssa16	LG19	9093654	9093718	ssa16_13462336_13463503.maf
ssa16	LG19	9167100	9167121	ssa16_13562041_13562410.maf
ssa16	LG19	9167296	9167315	ssa16_13562041_13562410.maf
ssa16	LG19	9178034	9178067	ssa16_13580287_13580941.maf
ssa16	LG19	9178068	9178099	ssa16_13580287_13580941.maf
ssa16	LG19	9178125	9178139	ssa16_13580287_13580941.maf
ssa16	LG19	9178343	9178361	ssa16_13580287_13580941.maf
ssa16	LG19	9255305	9255318	ssa16_13694774_13695880.maf
ssa16	LG19	9255502	9255522	ssa16_13694774_13695880.maf
ssa16	LG19	9255545	9255599	ssa16_13694774_13695880.maf
ssa16	LG19	9255599	9255619	ssa16_13694774_13695880.maf
ssa16	LG19	9255754	9255770	ssa16_13694774_13695880.maf
ssa16	LG19	6700841	6700873	ssa16_13873872_13875281.maf
ssa16	LG19	6700887	6700900	ssa16_13873872_13875281.maf
ssa16	LG19	6700900	6700945	ssa16_13873872_13875281.maf
ssa16	LG19	6701007	6701048	ssa16_13873872_13875281.maf
ssa16	LG19	6701088	6701099	ssa16_13873872_13875281.maf
ssa16	LG19	6579410	6579442	ssa16_14061124_14062520.maf
ssa16	LG19	6324185	6324198	ssa16_14542733_14543607.maf
ssa16	LG19	6324199	6324273	ssa16_14542733_14543607.maf
ssa16	LG19	14384635	14384676	ssa16_1456577_1457363.maf
ssa16	LG19	5923424	5923455	ssa16_15241912_15242605.maf
ssa16	LG19	5915457	5915571	ssa16_15257057_15257504.maf
ssa16	LG19	5915577	5915600	ssa16_15257057_15257504.maf
ssa16	LG19	5915603	5915636	ssa16_15257057_15257504.maf
ssa16	LG19	5774092	5774159	ssa16_15455102_15456817.maf
ssa16	LG19	5774730	5774742	ssa16_15455102_15456817.maf
ssa16	LG19	5774747	5774815	ssa16_15455102_15456817.maf
ssa16	LG19	5564384	5564401	ssa16_15749609_15750800.maf
ssa16	LG19	5564401	5564452	ssa16_15749609_15750800.maf
ssa16	LG19	5564452	5564480	ssa16_15749609_15750800.maf
ssa16	LG19	18754553	18754572	ssa16_17538337_17538984.maf
ssa16	LG19	18726559	18726580	ssa16_17576341_17577310.maf
ssa16	LG19	18625698	18625715	ssa16_17676653_17677353.maf
ssa16	LG19	18479713	18479737	ssa16_17875486_17875900.maf
ssa16	LG19	18033261	18033322	ssa16_18538132_18538644.maf
ssa16	LG19	18033337	18033397	ssa16_18538132_18538644.maf
ssa16	LG19	18033397	18033409	ssa16_18538132_18538644.maf
ssa16	LG19	18033409	18033444	ssa16_18538132_18538644.maf
ssa16	LG19	18033444	18033471	ssa16_18538132_18538644.maf
ssa16	LG19	18033472	18033493	ssa16_18538132_18538644.maf
ssa16	LG19	18033493	18033509	ssa16_18538132_18538644.maf
ssa16	LG19	18033509	18033535	ssa16_18538132_18538644.maf
ssa16	LG19	17746477	17746507	ssa16_18913159_18914259.maf
ssa16	LG19	17554809	17554829	ssa16_19180096_19180850.maf
ssa16	LG19	17554836	17554880	ssa16_19180096_19180850.maf
ssa16	LG19	17555079	17555158	ssa16_19180096_19180850.maf
ssa16	LG19	17554276	17554350	ssa16_19184092_19184584.maf
ssa16	LG19	17313360	17313430	ssa16_19553029_19553804.maf
ssa16	LG19	17275625	17275639	ssa16_19595533_19596604.maf
ssa16	LG19	17275639	17275679	ssa16_19595533_19596604.maf
ssa16	LG19	17275680	17275693	ssa16_19595533_19596604.maf
ssa16	LG19	17275896	17275918	ssa16_19595533_19596604.maf
ssa16	LG19	17275918	17275929	ssa16_19595533_19596604.maf
ssa16	LG19	17275929	17276004	ssa16_19595533_19596604.maf
ssa16	LG19	17276004	17276029	ssa16_19595533_19596604.maf
ssa16	LG19	17276029	17276039	ssa16_19595533_19596604.maf
ssa16	LG19	17276039	17276062	ssa16_19595533_19596604.maf
ssa16	LG19	17093890	17093911	ssa16_19877871_19878724.maf
ssa16	LG19	17093911	17093953	ssa16_19877871_19878724.maf
ssa16	LG19	17094995	17095055	ssa16_19877871_19878724.maf
ssa16	LG19	17095055	17095074	ssa16_19877871_19878724.maf
ssa16	LG19	16907738	16907758	ssa16_20317056_20317397.maf
ssa16	LG19	16917743	16917808	ssa16_20334895_20335961.maf
ssa16	LG19	16389065	16389081	ssa16_21213505_21214301.maf
ssa16	LG19	16389086	16389113	ssa16_21213505_21214301.maf
ssa16	LG19	16389113	16389125	ssa16_21213505_21214301.maf
ssa16	LG19	16378704	16378756	ssa16_21215775_21216768.maf
ssa16	LG19	16364730	16364779	ssa16_21229909_21230547.maf
ssa16	LG19	16304584	16304703	ssa16_21293413_21294258.maf
ssa16	LG19	16304703	16304741	ssa16_21293413_21294258.maf
ssa16	LG19	16304741	16304775	ssa16_21293413_21294258.maf
ssa16	LG19	16304775	16304796	ssa16_21293413_21294258.maf
ssa16	LG19	16256724	16256744	ssa16_21366920_21367984.maf
ssa16	LG19	16256745	16256861	ssa16_21366920_21367984.maf
ssa16	LG19	16256868	16256890	ssa16_21366920_21367984.maf
ssa16	LG19	16256917	16256978	ssa16_21366920_21367984.maf
ssa16	LG19	16257010	16257158	ssa16_21366920_21367984.maf
ssa16	LG19	16257166	16257179	ssa16_21366920_21367984.maf
ssa16	LG19	16257179	16257204	ssa16_21366920_21367984.maf
ssa16	LG19	16257223	16257242	ssa16_21366920_21367984.maf
ssa16	LG19	16257242	16257254	ssa16_21366920_21367984.maf
ssa16	LG19	16257254	16257265	ssa16_21366920_21367984.maf
ssa16	LG19	16257265	16257280	ssa16_21366920_21367984.maf
ssa16	LG19	16257280	16257336	ssa16_21366920_21367984.maf
ssa16	LG19	16251920	16251999	ssa16_21370142_21370707.maf
ssa16	LG19	16242894	16242912	ssa16_21379116_21380046.maf
ssa16	LG19	16243095	16243140	ssa16_21379116_21380046.maf
ssa16	LG19	16243140	16243212	ssa16_21379116_21380046.maf
ssa16	LG19	16178041	16178060	ssa16_21465749_21466589.maf
ssa16	LG19	16117092	16117176	ssa16_21518393_21519988.maf
ssa16	LG19	16117202	16117265	ssa16_21518393_21519988.maf
ssa16	LG19	16101862	16101886	ssa16_21540685_21541293.maf
ssa16	LG19	16034400	16034451	ssa16_21640216_21641332.maf
ssa16	LG19	16034627	16034713	ssa16_21640216_21641332.maf
ssa16	LG19	15972574	15972586	ssa16_21720910_21721584.maf
ssa16	LG19	15972587	15972629	ssa16_21720910_21721584.maf
ssa16	LG19	15972629	15972694	ssa16_21720910_21721584.maf
ssa16	LG19	15932614	15932676	ssa16_21771420_21771951.maf
ssa16	LG19	15906487	15906516	ssa16_21797052_21797589.maf
ssa16	LG19	15906516	15906584	ssa16_21797052_21797589.maf
ssa16	LG19	15906584	15906664	ssa16_21797052_21797589.maf
ssa16	LG19	15906666	15906680	ssa16_21797052_21797589.maf
ssa16	LG19	15906765	15906784	ssa16_21797052_21797589.maf
ssa16	LG19	15906784	15906849	ssa16_21797052_21797589.maf
ssa16	LG19	15877416	15877525	ssa16_21812595_21814350.maf
ssa16	LG19	15878568	15878580	ssa16_21812595_21814350.maf
ssa16	LG19	15878580	15878616	ssa16_21812595_21814350.maf
ssa16	LG19	15870551	15870639	ssa16_21822694_21823481.maf
ssa16	LG19	15865451	15865474	ssa16_21826809_21828876.maf
ssa16	LG19	15865593	15865632	ssa16_21826809_21828876.maf
ssa16	LG19	15865938	15866010	ssa16_21826809_21828876.maf
ssa16	LG19	15866010	15866034	ssa16_21826809_21828876.maf
ssa16	LG19	15837899	15837912	ssa16_21859474_21860525.maf
ssa16	LG19	15837934	15837955	ssa16_21859474_21860525.maf
ssa16	LG19	15837959	15837976	ssa16_21859474_21860525.maf
ssa16	LG19	15837984	15838020	ssa16_21859474_21860525.maf
ssa16	LG19	15838658	15838708	ssa16_21859474_21860525.maf
ssa16	LG19	15786388	15786449	ssa16_21933642_21934871.maf
ssa16	LG19	15786954	15787055	ssa16_21933642_21934871.maf
ssa16	LG19	15787055	15787082	ssa16_21933642_21934871.maf
ssa16	LG19	15787082	15787147	ssa16_21933642_21934871.maf
ssa16	LG19	15787210	15787222	ssa16_21933642_21934871.maf
ssa16	LG19	15787222	15787263	ssa16_21933642_21934871.maf
ssa16	LG19	15759934	15759950	ssa16_21956134_21957717.maf
ssa16	LG19	15759963	15759982	ssa16_21956134_21957717.maf
ssa16	LG19	15760078	15760104	ssa16_21956134_21957717.maf
ssa16	LG19	15760112	15760140	ssa16_21956134_21957717.maf
ssa16	LG19	15760235	15760268	ssa16_21956134_21957717.maf
ssa16	LG19	15760276	15760505	ssa16_21956134_21957717.maf
ssa16	LG19	15760510	15760521	ssa16_21956134_21957717.maf
ssa16	LG19	15760521	15760535	ssa16_21956134_21957717.maf
ssa16	LG19	15760608	15760618	ssa16_21956134_21957717.maf
ssa16	LG19	15760623	15760661	ssa16_21956134_21957717.maf
ssa16	LG19	15760669	15760789	ssa16_21956134_21957717.maf
ssa16	LG19	15760885	15760971	ssa16_21956134_21957717.maf
ssa16	LG19	15760971	15760982	ssa16_21956134_21957717.maf
ssa16	LG19	15760983	15760994	ssa16_21956134_21957717.maf
ssa16	LG19	15760994	15761004	ssa16_21956134_21957717.maf
ssa16	LG19	15692680	15692704	ssa16_22048907_22049333.maf
ssa16	LG19	15692327	15692379	ssa16_22049853_22050386.maf
ssa16	LG19	15692379	15692432	ssa16_22049853_22050386.maf
ssa16	LG19	15692432	15692473	ssa16_22049853_22050386.maf
ssa16	LG19	15692507	15692562	ssa16_22049853_22050386.maf
ssa16	LG19	15692562	15692622	ssa16_22049853_22050386.maf
ssa16	LG19	15686074	15686147	ssa16_22065480_22066409.maf
ssa16	LG19	15678268	15678306	ssa16_22077289_22077620.maf
ssa16	LG19	15678306	15678318	ssa16_22077289_22077620.maf
ssa16	LG19	15649325	15649417	ssa16_22116185_22117161.maf
ssa16	LG19	15628572	15628666	ssa16_22151539_22151906.maf
ssa16	LG19	19204131	19204228	ssa16_22358075_22359057.maf
ssa16	LG19	19204228	19204277	ssa16_22358075_22359057.maf
ssa16	LG19	19204400	19204422	ssa16_22358075_22359057.maf
ssa16	LG19	19252294	19252313	ssa16_22409789_22410638.maf
ssa16	LG19	19252454	19252479	ssa16_22409789_22410638.maf
ssa16	LG19	19252548	19252585	ssa16_22409789_22410638.maf
ssa16	LG19	19252684	19252825	ssa16_22409789_22410638.maf
ssa16	LG19	19252859	19252877	ssa16_22409789_22410638.maf
ssa16	LG19	19252938	19252952	ssa16_22409789_22410638.maf
ssa16	LG19	19514158	19514248	ssa16_22755372_22756550.maf
ssa16	LG19	19576345	19576430	ssa16_22857358_22858037.maf
ssa16	LG19	19576430	19576465	ssa16_22857358_22858037.maf
ssa16	LG19	19576465	19576517	ssa16_22857358_22858037.maf
ssa16	LG19	19577223	19577343	ssa16_22857358_22858037.maf
ssa16	LG19	19577343	19577376	ssa16_22857358_22858037.maf
ssa16	LG19	19614699	19614781	ssa16_22900136_22900908.maf
ssa16	LG19	19614781	19614810	ssa16_22900136_22900908.maf
ssa16	LG19	19623889	19623939	ssa16_22906601_22907057.maf
ssa16	LG19	19623990	19624029	ssa16_22906601_22907057.maf
ssa16	LG19	19624161	19624232	ssa16_22906601_22907057.maf
ssa16	LG19	19723196	19723363	ssa16_23069240_23070309.maf
ssa16	LG19	19724168	19724178	ssa16_23069240_23070309.maf
ssa16	LG19	19724178	19724237	ssa16_23069240_23070309.maf
ssa16	LG19	19746194	19746208	ssa16_23120310_23120873.maf
ssa16	LG19	19746216	19746231	ssa16_23120310_23120873.maf
ssa16	LG19	19746231	19746275	ssa16_23120310_23120873.maf
ssa16	LG19	19752429	19752459	ssa16_23125207_23125850.maf
ssa16	LG19	19752606	19752688	ssa16_23125207_23125850.maf
ssa16	LG19	19752688	19752703	ssa16_23125207_23125850.maf
ssa16	LG19	19752703	19752724	ssa16_23125207_23125850.maf
ssa16	LG19	19759809	19759863	ssa16_23131855_23132735.maf
ssa16	LG19	19759863	19759930	ssa16_23131855_23132735.maf
ssa16	LG19	19759930	19759965	ssa16_23131855_23132735.maf
ssa16	LG19	19760116	19760308	ssa16_23131855_23132735.maf
ssa16	LG19	19760308	19760319	ssa16_23131855_23132735.maf
ssa16	LG19	19760356	19760368	ssa16_23131855_23132735.maf
ssa16	LG19	19760375	19760400	ssa16_23131855_23132735.maf
ssa16	LG19	19760400	19760435	ssa16_23131855_23132735.maf
ssa16	LG19	19760435	19760518	ssa16_23131855_23132735.maf
ssa16	LG19	19768852	19768883	ssa16_23159405_23160191.maf
ssa16	LG19	19772943	19772957	ssa16_23162467_23163087.maf
ssa16	LG19	19772957	19773051	ssa16_23162467_23163087.maf
ssa16	LG19	19773051	19773085	ssa16_23162467_23163087.maf
ssa16	LG19	19773085	19773119	ssa16_23162467_23163087.maf
ssa16	LG19	19773119	19773136	ssa16_23162467_23163087.maf
ssa16	LG19	19773137	19773157	ssa16_23162467_23163087.maf
ssa16	LG19	19773281	19773305	ssa16_23162467_23163087.maf
ssa16	LG19	19773305	19773350	ssa16_23162467_23163087.maf
ssa16	LG19	19904891	19904901	ssa16_23351089_23352589.maf
ssa16	LG19	19904901	19904943	ssa16_23351089_23352589.maf
ssa16	LG19	19905195	19905224	ssa16_23351089_23352589.maf
ssa16	LG19	19905224	19905269	ssa16_23351089_23352589.maf
ssa16	LG19	19934992	19935034	ssa16_23375755_23376573.maf
ssa16	LG19	19935036	19935050	ssa16_23375755_23376573.maf
ssa16	LG19	19935846	19935915	ssa16_23375755_23376573.maf
ssa16	LG19	19935937	19936020	ssa16_23375755_23376573.maf
ssa16	LG19	19936780	19936862	ssa16_23384900_23385753.maf
ssa16	LG19	19939731	19939840	ssa16_23395170_23396541.maf
ssa16	LG19	19939877	19939894	ssa16_23395170_23396541.maf
ssa16	LG19	19941341	19941407	ssa16_23395170_23396541.maf
ssa16	LG19	19972881	19972914	ssa16_23406805_23407498.maf
ssa16	LG19	19986627	19986650	ssa16_23422690_23423484.maf
ssa16	LG19	19986650	19986684	ssa16_23422690_23423484.maf
ssa16	LG19	19986684	19986732	ssa16_23422690_23423484.maf
ssa16	LG19	20040157	20040225	ssa16_23478102_23478889.maf
ssa16	LG19	20064640	20064673	ssa16_23508774_23509627.maf
ssa16	LG19	20131625	20131653	ssa16_23584812_23585471.maf
ssa16	LG19	20138878	20138939	ssa16_23592245_23592674.maf
ssa16	LG19	20184200	20184285	ssa16_23648872_23649857.maf
ssa16	LG19	20274870	20274937	ssa16_23785474_23786606.maf
ssa16	LG19	20312144	20312155	ssa16_23831774_23833150.maf
ssa16	LG19	20312155	20312206	ssa16_23831774_23833150.maf
ssa16	LG19	20312206	20312217	ssa16_23831774_23833150.maf
ssa16	LG19	20682974	20682993	ssa16_24220959_24222038.maf
ssa16	LG19	20682993	20683041	ssa16_24220959_24222038.maf
ssa16	LG19	20683132	20683178	ssa16_24220959_24222038.maf
ssa16	LG19	20683419	20683472	ssa16_24220959_24222038.maf
ssa16	LG19	20975159	20975228	ssa16_24593310_24593799.maf
ssa16	LG19	20975248	20975265	ssa16_24593310_24593799.maf
ssa16	LG19	20975272	20975317	ssa16_24593310_24593799.maf
ssa16	LG19	20975322	20975353	ssa16_24593310_24593799.maf
ssa16	LG19	20975353	20975394	ssa16_24593310_24593799.maf
ssa16	LG19	21064819	21064832	ssa16_24742113_24742949.maf
ssa16	LG19	21064832	21064959	ssa16_24742113_24742949.maf
ssa16	LG19	21097967	21098001	ssa16_24786571_24787167.maf
ssa16	LG19	21098006	21098027	ssa16_24786571_24787167.maf
ssa16	LG19	21099412	21099425	ssa16_24788423_24788722.maf
ssa16	LG19	21099425	21099455	ssa16_24788423_24788722.maf
ssa16	LG19	21099455	21099465	ssa16_24788423_24788722.maf
ssa16	LG19	21099465	21099490	ssa16_24788423_24788722.maf
ssa16	LG19	21154567	21154643	ssa16_24816236_24816983.maf
ssa16	LG19	21289460	21289471	ssa16_24979400_24979999.maf
ssa16	LG19	21289472	21289482	ssa16_24979400_24979999.maf
ssa16	LG19	21289482	21289591	ssa16_24979400_24979999.maf
ssa16	LG19	21382284	21382295	ssa16_25175095_25175820.maf
ssa16	LG19	21382295	21382328	ssa16_25175095_25175820.maf
ssa16	LG19	21457642	21457654	ssa16_25280232_25280938.maf
ssa16	LG19	21488386	21488487	ssa16_25330280_25330975.maf
ssa16	LG19	21566267	21566305	ssa16_25460108_25460778.maf
ssa16	LG19	21566305	21566353	ssa16_25460108_25460778.maf
ssa16	LG19	21566353	21566381	ssa16_25460108_25460778.maf
ssa16	LG19	21616536	21616783	ssa16_25559929_25560793.maf
ssa16	LG19	21616783	21616827	ssa16_25559929_25560793.maf
ssa16	LG19	21989577	21989589	ssa16_26262180_26263281.maf
ssa16	LG19	22013363	22013384	ssa16_26297477_26298172.maf
ssa16	LG19	22013384	22013437	ssa16_26297477_26298172.maf
ssa16	LG19	22191124	22191143	ssa16_26707576_26708378.maf
ssa16	LG19	22191143	22191277	ssa16_26707576_26708378.maf
ssa16	LG19	22317862	22317940	ssa16_26875772_26877059.maf
ssa16	LG19	22357069	22357083	ssa16_26925902_26926996.maf
ssa16	LG19	22357083	22357119	ssa16_26925902_26926996.maf
ssa16	LG19	22357550	22357565	ssa16_26925902_26926996.maf
ssa16	LG19	22379494	22379512	ssa16_26958942_26959556.maf
ssa16	LG19	22379541	22379556	ssa16_26958942_26959556.maf
ssa16	LG19	22379556	22379566	ssa16_26958942_26959556.maf
ssa16	LG19	22379614	22379641	ssa16_26958942_26959556.maf
ssa16	LG19	22395765	22395833	ssa16_26992232_26992766.maf
ssa16	LG19	23131981	23132010	ssa16_27894016_27894324.maf
ssa16	LG19	23354656	23354919	ssa16_28129335_28130124.maf
ssa16	LG19	23359426	23359446	ssa16_28142121_28142976.maf
ssa16	LG19	23359469	23359718	ssa16_28142121_28142976.maf
ssa16	LG19	23359718	23359738	ssa16_28142121_28142976.maf
ssa16	LG19	23359766	23359803	ssa16_28142121_28142976.maf
ssa16	LG19	23421345	23421404	ssa16_28175837_28176161.maf
ssa16	LG19	23421404	23421416	ssa16_28175837_28176161.maf
ssa16	LG19	23421416	23421500	ssa16_28175837_28176161.maf
ssa16	LG19	23488431	23488456	ssa16_28238568_28238955.maf
ssa16	LG19	23514583	23514595	ssa16_28277911_28278539.maf
ssa16	LG19	23514604	23514614	ssa16_28277911_28278539.maf
ssa16	LG19	23514634	23514654	ssa16_28277911_28278539.maf
ssa16	LG19	23514654	23514703	ssa16_28277911_28278539.maf
ssa16	LG19	23514703	23514715	ssa16_28277911_28278539.maf
ssa16	LG19	23514717	23514744	ssa16_28277911_28278539.maf
ssa16	LG19	23650032	23650065	ssa16_28657272_28657782.maf
ssa16	LG19	23650079	23650092	ssa16_28657272_28657782.maf
ssa16	LG19	23650092	23650118	ssa16_28657272_28657782.maf
ssa16	LG19	23671982	23672002	ssa16_28667053_28667593.maf
ssa16	LG19	23672002	23672117	ssa16_28667053_28667593.maf
ssa16	LG19	24015826	24015949	ssa16_29259184_29259536.maf
ssa16	LG19	24015949	24015980	ssa16_29259184_29259536.maf
ssa16	LG19	24015990	24016000	ssa16_29259184_29259536.maf
ssa16	LG19	24028388	24028439	ssa16_29267788_29268326.maf
ssa16	LG19	24028439	24028474	ssa16_29267788_29268326.maf
ssa16	LG19	24295097	24295120	ssa16_29397776_29398035.maf
ssa16	LG19	24755552	24755577	ssa16_29774048_29774256.maf
ssa16	LG19	24905028	24905044	ssa16_29938926_29939879.maf
ssa16	LG19	24905046	24905146	ssa16_29938926_29939879.maf
ssa16	LG19	24907227	24907239	ssa16_29940924_29941162.maf
ssa16	LG19	24907239	24907293	ssa16_29940924_29941162.maf
ssa16	LG19	24907293	24907308	ssa16_29940924_29941162.maf
ssa16	LG19	25106055	25106085	ssa16_30175580_30175945.maf
ssa16	LG19	25106090	25106101	ssa16_30175580_30175945.maf
ssa16	LG19	25106101	25106131	ssa16_30175580_30175945.maf
ssa16	LG19	25107766	25107796	ssa16_30177451_30177776.maf
ssa16	LG19	25107796	25107808	ssa16_30177451_30177776.maf
ssa16	LG19	25107808	25107833	ssa16_30177451_30177776.maf
ssa16	LG19	25107833	25107858	ssa16_30177451_30177776.maf
ssa16	LG19	25107858	25107891	ssa16_30177451_30177776.maf
ssa16	LG19	25129659	25129670	ssa16_30209459_30209950.maf
ssa16	LG19	25129716	25129739	ssa16_30209459_30209950.maf
ssa16	LG19	25129899	25129909	ssa16_30209459_30209950.maf
ssa16	LG19	25129909	25129955	ssa16_30209459_30209950.maf
ssa16	LG19	25129955	25129984	ssa16_30209459_30209950.maf
ssa16	LG19	25132353	25132409	ssa16_30213419_30213763.maf
ssa16	LG19	25163821	25163862	ssa16_30276441_30276621.maf
ssa16	LG19	25425896	25425982	ssa16_30554742_30555297.maf
ssa16	LG19	25666939	25667000	ssa16_30923651_30923885.maf
ssa16	LG19	25878561	25878651	ssa16_31262468_31263760.maf
ssa16	LG19	25941522	25941589	ssa16_31390145_31390961.maf
ssa16	LG19	25941594	25941605	ssa16_31390145_31390961.maf
ssa16	LG19	25950350	25950372	ssa16_31396239_31396918.maf
ssa16	LG19	26037922	26037936	ssa16_31524722_31525113.maf
ssa16	LG19	26037936	26037991	ssa16_31524722_31525113.maf
ssa16	LG19	26102321	26102389	ssa16_31630744_31631406.maf
ssa16	LG19	26123955	26123999	ssa16_31655094_31655466.maf
ssa16	LG19	26174649	26174688	ssa16_31714060_31714716.maf
ssa16	LG19	26201745	26201799	ssa16_31748200_31749072.maf
ssa16	LG19	26201807	26201844	ssa16_31748200_31749072.maf
ssa16	LG19	26202005	26202071	ssa16_31748200_31749072.maf
ssa16	LG19	26912979	26912993	ssa16_32563157_32564004.maf
ssa16	LG19	26912993	26913036	ssa16_32563157_32564004.maf
ssa16	LG19	26913036	26913055	ssa16_32563157_32564004.maf
ssa16	LG19	26913055	26913154	ssa16_32563157_32564004.maf
ssa16	LG19	27646622	27646701	ssa16_33708098_33709120.maf
ssa16	LG19	27646849	27646926	ssa16_33708098_33709120.maf
ssa16	LG19	27646997	27647088	ssa16_33708098_33709120.maf
ssa16	LG19	27647108	27647192	ssa16_33708098_33709120.maf
ssa16	LG19	28150668	28150699	ssa16_34408226_34408705.maf
ssa16	LG19	28150699	28150730	ssa16_34408226_34408705.maf
ssa16	LG19	28155182	28155193	ssa16_34419191_34419592.maf
ssa16	LG19	28155193	28155226	ssa16_34419191_34419592.maf
ssa16	LG19	28255109	28255210	ssa16_34565880_34567011.maf
ssa16	LG19	28255569	28255594	ssa16_34565880_34567011.maf
ssa16	LG19	28255748	28255782	ssa16_34565880_34567011.maf
ssa16	LG19	28375391	28375426	ssa16_34733964_34734595.maf
ssa16	LG19	28375427	28375438	ssa16_34733964_34734595.maf
ssa16	LG19	28375438	28375460	ssa16_34733964_34734595.maf
ssa16	LG19	28430493	28430572	ssa16_34802216_34802851.maf
ssa16	LG19	28790578	28790626	ssa16_35288174_35288983.maf
ssa16	LG19	28790638	28790652	ssa16_35288174_35288983.maf
ssa16	LG19	28790652	28790665	ssa16_35288174_35288983.maf
ssa16	LG19	28790666	28790684	ssa16_35288174_35288983.maf
ssa16	LG19	28816679	28816694	ssa16_35302310_35302875.maf
ssa16	LG19	28816694	28816726	ssa16_35302310_35302875.maf
ssa16	LG19	28862759	28862778	ssa16_35390331_35390889.maf
ssa16	LG19	29189271	29189287	ssa16_35824468_35824861.maf
ssa16	LG19	29189287	29189361	ssa16_35824468_35824861.maf
ssa16	LG19	29189361	29189383	ssa16_35824468_35824861.maf
ssa16	LG19	29189396	29189423	ssa16_35824468_35824861.maf
ssa16	LG19	29611500	29611575	ssa16_36310557_36311368.maf
ssa16	LG19	29611601	29611626	ssa16_36310557_36311368.maf
ssa16	LG19	29611626	29611672	ssa16_36310557_36311368.maf
ssa16	LG19	29611672	29611692	ssa16_36310557_36311368.maf
ssa16	LG19	30074743	30074775	ssa16_37147228_37147491.maf
ssa16	LG08	11903871	11903911	ssa16_38250775_38251119.maf
ssa16	LG08	11903911	11903925	ssa16_38250775_38251119.maf
ssa16	LG08	11802335	11802365	ssa16_38370816_38371332.maf
ssa16	LG08	11695561	11695572	ssa16_38537734_38538038.maf
ssa16	LG08	11695572	11695696	ssa16_38537734_38538038.maf
ssa16	LG08	11524791	11524828	ssa16_38768363_38769150.maf
ssa16	LG08	11514540	11514639	ssa16_38780909_38781452.maf
ssa16	LG08	11460660	11460692	ssa16_38849764_38849989.maf
ssa16	LG08	11460697	11460729	ssa16_38849764_38849989.maf
ssa16	LG08	10840889	10840912	ssa16_39845638_39846434.maf
ssa16	LG19	13061712	13061729	ssa16_3993848_3994221.maf
ssa16	LG19	13061729	13061811	ssa16_3993848_3994221.maf
ssa16	LG08	10394646	10394717	ssa16_40705195_40705809.maf
ssa16	LG08	10394718	10394729	ssa16_40705195_40705809.maf
ssa16	LG08	10136481	10136586	ssa16_41161169_41162238.maf
ssa16	LG08	10136586	10136598	ssa16_41161169_41162238.maf
ssa16	LG08	10136948	10136961	ssa16_41161169_41162238.maf
ssa16	LG08	10135210	10135290	ssa16_41162583_41163519.maf
ssa16	LG08	10134566	10134626	ssa16_41168523_41168904.maf
ssa16	LG19	12951585	12951663	ssa16_4188547_4188839.maf
ssa16	LG19	12951663	12951700	ssa16_4188547_4188839.maf
ssa16	LG19	12951702	12951748	ssa16_4188547_4188839.maf
ssa16	LG08	9756314	9756392	ssa16_41941458_41941815.maf
ssa16	LG08	3204195	3204244	ssa16_43086126_43086755.maf
ssa16	LG08	3204244	3204262	ssa16_43086126_43086755.maf
ssa16	LG08	3177355	3177382	ssa16_43126263_43126875.maf
ssa16	LG08	3177382	3177395	ssa16_43126263_43126875.maf
ssa16	LG08	8009787	8009802	ssa16_44191904_44192975.maf
ssa16	LG08	8009802	8009879	ssa16_44191904_44192975.maf
ssa16	LG08	8009886	8009913	ssa16_44191904_44192975.maf
ssa16	LG08	8011688	8011708	ssa16_44235104_44235922.maf
ssa16	LG08	8011708	8011755	ssa16_44235104_44235922.maf
ssa16	LG08	8011755	8011779	ssa16_44235104_44235922.maf
ssa16	LG08	8041499	8041618	ssa16_44292448_44293034.maf
ssa16	LG08	8058251	8058352	ssa16_44337836_44338748.maf
ssa16	LG08	8311314	8311386	ssa16_44897910_44898269.maf
ssa16	LG08	8527602	8527622	ssa16_45313663_45314813.maf
ssa16	LG08	8602952	8603034	ssa16_45477926_45478533.maf
ssa16	LG08	8681944	8682006	ssa16_45639142_45639658.maf
ssa16	LG08	8682006	8682024	ssa16_45639142_45639658.maf
ssa16	LG08	8682024	8682044	ssa16_45639142_45639658.maf
ssa16	LG08	8844442	8844471	ssa16_45906000_45906802.maf
ssa16	LG08	8844471	8844509	ssa16_45906000_45906802.maf
ssa16	LG08	9037174	9037185	ssa16_46181308_46181797.maf
ssa16	LG08	9074018	9074088	ssa16_46231172_46232032.maf
ssa16	LG08	9074181	9074192	ssa16_46231172_46232032.maf
ssa16	LG08	9080006	9080036	ssa16_46239165_46239683.maf
ssa16	LG08	9080104	9080117	ssa16_46239165_46239683.maf
ssa16	LG08	9111565	9111668	ssa16_46287683_46288186.maf
ssa16	LG08	940199	940252	ssa16_47551978_47552592.maf
ssa16	LG08	940252	940320	ssa16_47551978_47552592.maf
ssa16	LG08	1452913	1452947	ssa16_48331903_48332338.maf
ssa16	LG08	1705535	1705556	ssa16_48796356_48797166.maf
ssa16	LG08	1705556	1705577	ssa16_48796356_48797166.maf
ssa16	LG08	1705577	1705590	ssa16_48796356_48797166.maf
ssa16	LG08	1705594	1705604	ssa16_48796356_48797166.maf
ssa16	LG08	1705604	1705745	ssa16_48796356_48797166.maf
ssa16	LG08	1705759	1705779	ssa16_48796356_48797166.maf
ssa16	LG08	1705788	1705866	ssa16_48796356_48797166.maf
ssa16	LG08	1705879	1705909	ssa16_48796356_48797166.maf
ssa16	LG08	1705909	1705964	ssa16_48796356_48797166.maf
ssa16	LG08	1763106	1763150	ssa16_48945650_48946178.maf
ssa16	LG08	1763155	1763183	ssa16_48945650_48946178.maf
ssa16	LG08	1763192	1763230	ssa16_48945650_48946178.maf
ssa16	LG08	1763235	1763251	ssa16_48945650_48946178.maf
ssa16	LG08	1763728	1763742	ssa16_48946368_48946866.maf
ssa16	LG08	1764707	1764852	ssa16_48947142_48947706.maf
ssa16	LG08	1972408	1972459	ssa16_49223488_49223910.maf
ssa16	LG08	1972508	1972528	ssa16_49223488_49223910.maf
ssa16	LG08	1987654	1987676	ssa16_49245356_49245932.maf
ssa16	LG08	1987676	1987722	ssa16_49245356_49245932.maf
ssa16	LG08	1987722	1987732	ssa16_49245356_49245932.maf
ssa16	LG08	1987837	1987850	ssa16_49245356_49245932.maf
ssa16	LG08	1987850	1987865	ssa16_49245356_49245932.maf
ssa16	LG08	1987878	1987943	ssa16_49245356_49245932.maf
ssa16	LG19	12462720	12462730	ssa16_5004827_5005717.maf
ssa16	LG19	12462884	12462904	ssa16_5004827_5005717.maf
ssa16	LG19	12462904	12462974	ssa16_5004827_5005717.maf
ssa16	LG19	12463241	12463314	ssa16_5004827_5005717.maf
ssa16	LG19	12463314	12463359	ssa16_5004827_5005717.maf
ssa16	LG08	2438815	2438838	ssa16_50074429_50074784.maf
ssa16	LG08	2438920	2438931	ssa16_50074429_50074784.maf
ssa16	LG19	12456195	12456253	ssa16_5011653_5012343.maf
ssa16	LG08	2577344	2577362	ssa16_50309496_50310242.maf
ssa16	LG08	2577911	2577924	ssa16_50309496_50310242.maf
ssa16	LG08	2577935	2577962	ssa16_50309496_50310242.maf
ssa16	LG08	2582448	2582462	ssa16_50330464_50330857.maf
ssa16	LG08	7425568	7425647	ssa16_51392952_51393792.maf
ssa16	LG08	7425996	7426028	ssa16_51392952_51393792.maf
ssa16	LG08	7369696	7369759	ssa16_51560457_51560788.maf
ssa16	LG08	7369759	7369774	ssa16_51560457_51560788.maf
ssa16	LG08	7369885	7369905	ssa16_51560457_51560788.maf
ssa16	LG08	7094272	7094302	ssa16_52123860_52124424.maf
ssa16	LG08	7094310	7094342	ssa16_52123860_52124424.maf
ssa16	LG08	6902487	6902506	ssa16_52550404_52550886.maf
ssa16	LG08	6902511	6902553	ssa16_52550404_52550886.maf
ssa16	LG08	6791751	6791812	ssa16_52841804_52843229.maf
ssa16	LG08	6791812	6791836	ssa16_52841804_52843229.maf
ssa16	LG08	6782175	6782185	ssa16_52861293_52861576.maf
ssa16	LG08	6782243	6782260	ssa16_52861293_52861576.maf
ssa16	LG08	6782333	6782360	ssa16_52861293_52861576.maf
ssa16	LG08	6651160	6651178	ssa16_53069127_53069581.maf
ssa16	LG08	6625742	6625759	ssa16_53130697_53131120.maf
ssa16	LG08	6266576	6266701	ssa16_53876439_53876953.maf
ssa16	LG08	6266701	6266723	ssa16_53876439_53876953.maf
ssa16	LG08	6161157	6161202	ssa16_54053681_54054334.maf
ssa16	LG08	6161202	6161231	ssa16_54053681_54054334.maf
ssa16	LG08	6161270	6161284	ssa16_54053681_54054334.maf
ssa16	LG08	5996436	5996474	ssa16_54396765_54397520.maf
ssa16	LG08	5996589	5996645	ssa16_54396765_54397520.maf
ssa16	LG08	5879023	5879091	ssa16_54651064_54651861.maf
ssa16	LG08	5879091	5879126	ssa16_54651064_54651861.maf
ssa16	LG08	5843782	5843792	ssa16_54723754_54724359.maf
ssa16	LG08	5843811	5843876	ssa16_54723754_54724359.maf
ssa16	LG08	5843876	5843890	ssa16_54723754_54724359.maf
ssa16	LG08	5571913	5571980	ssa16_55331007_55331473.maf
ssa16	LG08	5513825	5513835	ssa16_55559679_55560541.maf
ssa16	LG08	5514457	5514498	ssa16_55559679_55560541.maf
ssa16	LG08	5514498	5514544	ssa16_55559679_55560541.maf
ssa16	LG08	5315834	5315850	ssa16_56217582_56218267.maf
ssa16	LG08	5315850	5315964	ssa16_56217582_56218267.maf
ssa16	LG08	5250620	5250640	ssa16_56312854_56313321.maf
ssa16	LG08	4809814	4809837	ssa16_57431473_57431827.maf
ssa16	LG08	4809837	4809913	ssa16_57431473_57431827.maf
ssa16	LG08	4748360	4748397	ssa16_57586554_57588006.maf
ssa16	LG08	4748397	4748424	ssa16_57586554_57588006.maf
ssa16	LG08	4748810	4748842	ssa16_57586554_57588006.maf
ssa16	LG08	4748842	4748859	ssa16_57586554_57588006.maf
ssa16	LG08	4748865	4748916	ssa16_57586554_57588006.maf
ssa16	LG08	4748924	4748950	ssa16_57586554_57588006.maf
ssa16	LG08	4748950	4748982	ssa16_57586554_57588006.maf
ssa16	LG08	4745298	4745380	ssa16_57596494_57597484.maf
ssa16	LG19	11854589	11854698	ssa16_5909053_5909550.maf
ssa16	LG22	21092628	21092720	ssa16_61236559_61237679.maf
ssa16	LG22	21334702	21334712	ssa16_61531346_61532108.maf
ssa16	LG22	21334773	21334832	ssa16_61531346_61532108.maf
ssa16	LG19	11614743	11614811	ssa16_6266181_6266742.maf
ssa16	LG19	11614970	11614982	ssa16_6266181_6266742.maf
ssa16	LG19	11614982	11614996	ssa16_6266181_6266742.maf
ssa16	LG19	11585107	11585126	ssa16_6301653_6301974.maf
ssa16	LG19	11585126	11585137	ssa16_6301653_6301974.maf
ssa16	LG19	11585137	11585147	ssa16_6301653_6301974.maf
ssa16	LG19	11585155	11585199	ssa16_6301653_6301974.maf
ssa16	LG22	18137693	18137704	ssa16_63303424_63304008.maf
ssa16	LG22	18699457	18699510	ssa16_63862503_63862916.maf
ssa16	LG22	9331782	9331809	ssa16_64335512_64336555.maf
ssa16	LG22	9331809	9331832	ssa16_64335512_64336555.maf
ssa16	LG22	9331832	9331932	ssa16_64335512_64336555.maf
ssa16	LG22	9023321	9023349	ssa16_64675985_64677026.maf
ssa16	LG22	9023383	9023413	ssa16_64675985_64677026.maf
ssa16	LG22	9023565	9023621	ssa16_64675985_64677026.maf
ssa16	LG22	9023638	9023671	ssa16_64675985_64677026.maf
ssa16	LG22	9023691	9023701	ssa16_64675985_64677026.maf
ssa16	LG22	9023708	9023720	ssa16_64675985_64677026.maf
ssa16	LG22	9023812	9023844	ssa16_64675985_64677026.maf
ssa16	LG22	9023933	9023944	ssa16_64675985_64677026.maf
ssa16	LG22	9023999	9024079	ssa16_64675985_64677026.maf
ssa16	LG22	9024079	9024099	ssa16_64675985_64677026.maf
ssa16	LG22	8817411	8817422	ssa16_64915698_64916990.maf
ssa16	LG22	8817752	8817827	ssa16_64915698_64916990.maf
ssa16	LG22	8818267	8818278	ssa16_64915698_64916990.maf
ssa16	LG22	8121953	8121971	ssa16_65969118_65969794.maf
ssa16	LG22	8122069	8122080	ssa16_65969118_65969794.maf
ssa16	LG22	8122112	8122129	ssa16_65969118_65969794.maf
ssa16	LG22	6960170	6960233	ssa16_67488229_67489005.maf
ssa16	LG22	6960233	6960296	ssa16_67488229_67489005.maf
ssa16	LG22	6960370	6960425	ssa16_67488229_67489005.maf
ssa16	LG22	6953553	6953563	ssa16_67494474_67495127.maf
ssa16	LG22	6953563	6953584	ssa16_67494474_67495127.maf
ssa16	LG22	6953584	6953620	ssa16_67494474_67495127.maf
ssa16	LG22	6953684	6953739	ssa16_67494474_67495127.maf
ssa16	LG22	6953760	6953781	ssa16_67494474_67495127.maf
ssa16	LG22	6953781	6953796	ssa16_67494474_67495127.maf
ssa16	LG22	6953796	6953810	ssa16_67494474_67495127.maf
ssa16	LG22	6925751	6925800	ssa16_67537971_67538306.maf
ssa16	LG22	6735920	6736008	ssa16_67754788_67754987.maf
ssa16	LG22	6606274	6606367	ssa16_67987631_67988483.maf
ssa16	LG22	6549449	6549477	ssa16_68126779_68127122.maf
ssa16	LG22	6549478	6549514	ssa16_68126779_68127122.maf
ssa16	LG22	6034905	6035035	ssa16_68765414_68765673.maf
ssa16	LG19	10955300	10955334	ssa16_6963480_6964282.maf
ssa16	LG19	10955335	10955357	ssa16_6963480_6964282.maf
ssa16	LG19	10955371	10955385	ssa16_6963480_6964282.maf
ssa16	LG19	10955772	10955785	ssa16_6963480_6964282.maf
ssa16	LG19	10955793	10955841	ssa16_6963480_6964282.maf
ssa16	LG22	4689907	4689926	ssa16_70306722_70307093.maf
ssa16	LG22	4689926	4690003	ssa16_70306722_70307093.maf
ssa16	LG22	4689055	4689126	ssa16_70307495_70308358.maf
ssa16	LG22	4689139	4689232	ssa16_70307495_70308358.maf
ssa16	LG22	4452943	4452979	ssa16_70690105_70690564.maf
ssa16	LG22	4452979	4453009	ssa16_70690105_70690564.maf
ssa16	LG22	4228382	4228510	ssa16_70952468_70952704.maf
ssa16	LG22	10580395	10580439	ssa16_71823833_71824194.maf
ssa16	LG22	10580552	10580597	ssa16_71823833_71824194.maf
ssa16	LG19	10827600	10827674	ssa16_7184157_7184572.maf
ssa16	LG22	3861468	3861538	ssa16_72247875_72248303.maf
ssa16	LG22	11331869	11331892	ssa16_73132826_73133074.maf
ssa16	LG22	11331944	11331975	ssa16_73132826_73133074.maf
ssa16	LG22	12341413	12341431	ssa16_74691491_74692418.maf
ssa16	LG22	12341434	12341446	ssa16_74691491_74692418.maf
ssa16	LG22	12341446	12341536	ssa16_74691491_74692418.maf
ssa16	LG22	12341539	12341588	ssa16_74691491_74692418.maf
ssa16	LG22	12341647	12341678	ssa16_74691491_74692418.maf
ssa16	LG22	12564950	12565043	ssa16_74961830_74962430.maf
ssa16	LG22	13161255	13161278	ssa16_75582957_75583369.maf
ssa16	LG22	17932331	17932415	ssa16_76271010_76272021.maf
ssa16	LG22	17875647	17875694	ssa16_76340715_76341822.maf
ssa16	LG22	17875694	17875767	ssa16_76340715_76341822.maf
ssa16	LG22	17467004	17467014	ssa16_76817721_76817922.maf
ssa16	LG22	17467014	17467056	ssa16_76817721_76817922.maf
ssa16	LG22	17467056	17467080	ssa16_76817721_76817922.maf
ssa16	LG22	17435678	17435699	ssa16_76849806_76850054.maf
ssa16	LG22	17435699	17435730	ssa16_76849806_76850054.maf
ssa16	LG22	16642563	16642639	ssa16_77929657_77930723.maf
ssa16	LG22	16642897	16642909	ssa16_77929657_77930723.maf
ssa16	LG22	16642909	16642996	ssa16_77929657_77930723.maf
ssa16	LG22	16285239	16285279	ssa16_78297452_78298282.maf
ssa16	LG22	15835557	15835572	ssa16_78911872_78913055.maf
ssa16	LG22	15835628	15835692	ssa16_78911872_78913055.maf
ssa16	LG22	14499497	14499531	ssa16_81612713_81613744.maf
ssa16	LG22	14537508	14537521	ssa16_81695379_81695991.maf
ssa16	LG22	14537521	14537546	ssa16_81695379_81695991.maf
ssa16	LG22	14541637	14541687	ssa16_81698761_81699315.maf
ssa16	LG22	14541687	14541699	ssa16_81698761_81699315.maf
ssa16	LG22	14554423	14554484	ssa16_81714668_81715524.maf
ssa16	LG22	14632608	14632619	ssa16_81869697_81870443.maf
ssa16	LG22	14632624	14632651	ssa16_81869697_81870443.maf
ssa16	LG22	14632877	14632901	ssa16_81869697_81870443.maf
ssa16	LG22	14640551	14640647	ssa16_81890183_81890779.maf
ssa16	LG22	14640706	14640726	ssa16_81890183_81890779.maf
ssa16	LG22	14640752	14640809	ssa16_81890183_81890779.maf
ssa16	LG22	15050044	15050084	ssa16_82702873_82703250.maf
ssa16	LG22	15050084	15050134	ssa16_82702873_82703250.maf
ssa16	LG22	15050134	15050144	ssa16_82702873_82703250.maf
ssa16	LG22	15050476	15050496	ssa16_82702873_82703250.maf
ssa16	LG22	9842358	9842392	ssa16_84148676_84149221.maf
ssa16	LG22	9842392	9842461	ssa16_84148676_84149221.maf
ssa16	LG22	10052001	10052061	ssa16_84819922_84820588.maf
ssa16	LG19	9982289	9982326	ssa16_8501727_8503073.maf
ssa16	LG19	9982734	9982762	ssa16_8501727_8503073.maf
ssa16	LG19	9982762	9982779	ssa16_8501727_8503073.maf
ssa16	LG19	9982779	9982874	ssa16_8501727_8503073.maf
ssa16	LG19	9982874	9982884	ssa16_8501727_8503073.maf
ssa16	LG22	10205903	10205940	ssa16_85203681_85204663.maf
ssa16	LG19	9975004	9975038	ssa16_8522100_8522704.maf
ssa16	LG19	9975041	9975052	ssa16_8522100_8522704.maf
ssa16	LG19	9975057	9975096	ssa16_8522100_8522704.maf
ssa16	LG19	9975105	9975115	ssa16_8522100_8522704.maf
ssa16	LG19	9975115	9975144	ssa16_8522100_8522704.maf
ssa16	LG22	10321581	10321601	ssa16_85455381_85456553.maf
ssa16	LG22	10321601	10321665	ssa16_85455381_85456553.maf
ssa16	LG22	2423830	2423855	ssa16_85747876_85748854.maf
ssa16	LG19	9934412	9934443	ssa16_8665038_8665920.maf
ssa16	LG19	9934609	9934637	ssa16_8665038_8665920.maf
ssa16	LG19	9934644	9934654	ssa16_8665038_8665920.maf
ssa16	LG22	45614	45695	ssa16_90979733_90980566.maf
ssa16	LG22	45695	45728	ssa16_90979733_90980566.maf
ssa16	LG19	6920129	6920255	ssa16_9997878_9998424.maf
ssa17	LG22	18938609	18938640	ssa17_10464673_10464982.maf
ssa17	LG22	9204525	9204580	ssa17_11060717_11061063.maf
ssa17	LG22	9204580	9204641	ssa17_11060717_11061063.maf
ssa17	LG22	9204641	9204669	ssa17_11060717_11061063.maf
ssa17	LG22	9204673	9204687	ssa17_11060717_11061063.maf
ssa17	LG22	8981606	8981648	ssa17_11295374_11296329.maf
ssa17	LG22	8981808	8981853	ssa17_11295374_11296329.maf
ssa17	LG22	8981853	8981870	ssa17_11295374_11296329.maf
ssa17	LG22	8981907	8981930	ssa17_11295374_11296329.maf
ssa17	LG22	8981974	8981995	ssa17_11295374_11296329.maf
ssa17	LG22	8981995	8982010	ssa17_11295374_11296329.maf
ssa17	LG22	8411396	8411445	ssa17_12031426_12032065.maf
ssa17	LG22	8411445	8411501	ssa17_12031426_12032065.maf
ssa17	LG22	7779419	7779493	ssa17_13002797_13003027.maf
ssa17	LG22	7741573	7741660	ssa17_13098409_13098866.maf
ssa17	LG22	7071999	7072090	ssa17_13932744_13933154.maf
ssa17	LG22	7009151	7009172	ssa17_14045172_14045666.maf
ssa17	LG22	7009172	7009208	ssa17_14045172_14045666.maf
ssa17	LG22	7009208	7009246	ssa17_14045172_14045666.maf
ssa17	LG22	6924804	6924840	ssa17_14157070_14157263.maf
ssa17	LG22	6924840	6924852	ssa17_14157070_14157263.maf
ssa17	LG22	6924852	6924870	ssa17_14157070_14157263.maf
ssa17	LG22	6924870	6924908	ssa17_14157070_14157263.maf
ssa17	LG22	6924917	6924928	ssa17_14157070_14157263.maf
ssa17	LG22	6527659	6527731	ssa17_14817853_14818114.maf
ssa17	LG22	6527740	6527750	ssa17_14817853_14818114.maf
ssa17	LG22	6125251	6125271	ssa17_15366856_15367506.maf
ssa17	LG22	6125271	6125335	ssa17_15366856_15367506.maf
ssa17	LG22	6125335	6125391	ssa17_15366856_15367506.maf
ssa17	LG22	6057657	6057675	ssa17_15451078_15451381.maf
ssa17	LG22	6057694	6057708	ssa17_15451078_15451381.maf
ssa17	LG22	5903914	5903965	ssa17_15606854_15607248.maf
ssa17	LG22	5904025	5904043	ssa17_15606854_15607248.maf
ssa17	LG22	5402867	5402908	ssa17_16165428_16165719.maf
ssa17	LG22	5252095	5252116	ssa17_16363589_16364179.maf
ssa17	LG22	5252116	5252130	ssa17_16363589_16364179.maf
ssa17	LG22	5252130	5252178	ssa17_16363589_16364179.maf
ssa17	LG22	5138225	5138242	ssa17_16517367_16517841.maf
ssa17	LG22	5138242	5138260	ssa17_16517367_16517841.maf
ssa17	LG22	5138273	5138353	ssa17_16517367_16517841.maf
ssa17	LG22	4506119	4506137	ssa17_17309073_17309417.maf
ssa17	LG22	4506269	4506295	ssa17_17309073_17309417.maf
ssa17	LG22	4468507	4468535	ssa17_17370496_17371015.maf
ssa17	LG22	4468542	4468611	ssa17_17370496_17371015.maf
ssa17	LG22	11091433	11091499	ssa17_19596113_19596642.maf
ssa17	LG22	11266954	11267007	ssa17_19729872_19730218.maf
ssa17	LG22	11388402	11388429	ssa17_20026003_20026535.maf
ssa17	LG22	11388429	11388474	ssa17_20026003_20026535.maf
ssa17	LG22	11388474	11388498	ssa17_20026003_20026535.maf
ssa17	LG22	11389614	11389692	ssa17_20026003_20026535.maf
ssa17	LG22	11397456	11397495	ssa17_20044517_20045210.maf
ssa17	LG22	11397510	11397528	ssa17_20044517_20045210.maf
ssa17	LG22	11842130	11842153	ssa17_21306296_21306793.maf
ssa17	LG22	11842153	11842208	ssa17_21306296_21306793.maf
ssa17	LG22	11842208	11842240	ssa17_21306296_21306793.maf
ssa17	LG22	11842332	11842342	ssa17_21306296_21306793.maf
ssa17	LG22	11842385	11842464	ssa17_21306296_21306793.maf
ssa17	LG22	12438578	12438668	ssa17_22433026_22433601.maf
ssa17	LG22	12438672	12438703	ssa17_22433026_22433601.maf
ssa17	LG22	13137158	13137210	ssa17_23191829_23192302.maf
ssa17	LG22	13296111	13296179	ssa17_23433315_23434146.maf
ssa17	LG22	13296179	13296199	ssa17_23433315_23434146.maf
ssa17	LG22	17744693	17744723	ssa17_24190585_24190776.maf
ssa17	LG22	16306165	16306193	ssa17_25824412_25825483.maf
ssa17	LG22	16269097	16269144	ssa17_25862317_25863008.maf
ssa17	LG22	15492225	15492325	ssa17_27168529_27168873.maf
ssa17	LG22	13911024	13911034	ssa17_27756592_27758074.maf
ssa17	LG22	13911157	13911168	ssa17_27756592_27758074.maf
ssa17	LG22	13911262	13911293	ssa17_27756592_27758074.maf
ssa17	LG22	13911421	13911432	ssa17_27756592_27758074.maf
ssa17	LG22	13936622	13936653	ssa17_27809657_27810418.maf
ssa17	LG22	13978329	13978432	ssa17_27900288_27900861.maf
ssa17	LG22	14373313	14373370	ssa17_28748865_28749364.maf
ssa17	LG22	14373370	14373393	ssa17_28748865_28749364.maf
ssa17	LG22	14410839	14410912	ssa17_28821135_28822589.maf
ssa17	LG22	14410912	14410927	ssa17_28821135_28822589.maf
ssa17	LG22	14458629	14458654	ssa17_28940955_28942223.maf
ssa17	LG22	14458654	14458667	ssa17_28940955_28942223.maf
ssa17	LG22	14459227	14459237	ssa17_28940955_28942223.maf
ssa17	LG22	14459237	14459333	ssa17_28940955_28942223.maf
ssa17	LG22	14648376	14648425	ssa17_29537364_29538206.maf
ssa17	LG22	14692757	14692822	ssa17_29597926_29598355.maf
ssa17	LG22	14692822	14692928	ssa17_29597926_29598355.maf
ssa17	LG22	14692928	14692952	ssa17_29597926_29598355.maf
ssa17	LG22	14692962	14692988	ssa17_29597926_29598355.maf
ssa17	LG22	9733470	9733507	ssa17_31719068_31719572.maf
ssa17	LG22	9733507	9733551	ssa17_31719068_31719572.maf
ssa17	LG22	9733551	9733565	ssa17_31719068_31719572.maf
ssa17	LG22	9733566	9733630	ssa17_31719068_31719572.maf
ssa17	LG22	9768390	9768498	ssa17_31788285_31788848.maf
ssa17	LG22	10079912	10079939	ssa17_32681225_32681591.maf
ssa17	LG22	10079939	10079978	ssa17_32681225_32681591.maf
ssa17	LG22	10221131	10221205	ssa17_33147101_33147659.maf
ssa17	LG22	10294302	10294341	ssa17_33277994_33278743.maf
ssa17	LG22	10299682	10299701	ssa17_33291046_33292586.maf
ssa17	LG22	10300012	10300042	ssa17_33291046_33292586.maf
ssa17	LG22	2652993	2653086	ssa17_34334108_34334646.maf
ssa17	LG22	2653706	2653725	ssa17_34344425_34345003.maf
ssa17	LG22	2930246	2930256	ssa17_36880871_36881302.maf
ssa17	LG22	2930256	2930318	ssa17_36880871_36881302.maf
ssa17	LG22	2930318	2930333	ssa17_36880871_36881302.maf
ssa17	LG22	3146997	3147037	ssa17_37519084_37519933.maf
ssa17	LG22	3147050	3147067	ssa17_37519084_37519933.maf
ssa17	LG22	3147067	3147092	ssa17_37519084_37519933.maf
ssa17	LG22	3147092	3147117	ssa17_37519084_37519933.maf
ssa17	LG22	3213722	3213798	ssa17_37843400_37844684.maf
ssa17	LG22	3213798	3213813	ssa17_37843400_37844684.maf
ssa17	LG22	3213991	3214005	ssa17_37843400_37844684.maf
ssa17	LG22	3214005	3214063	ssa17_37843400_37844684.maf
ssa17	LG23	16391254	16391377	ssa17_48459438_48460157.maf
ssa17	LG23	16391377	16391417	ssa17_48459438_48460157.maf
ssa17	LG23	16391417	16391478	ssa17_48459438_48460157.maf
ssa17	LG23	16391478	16391494	ssa17_48459438_48460157.maf
ssa17	LG23	16391494	16391563	ssa17_48459438_48460157.maf
ssa17	LG23	16391571	16391611	ssa17_48459438_48460157.maf
ssa17	LG23	16391815	16391848	ssa17_48459438_48460157.maf
ssa17	LG23	16530928	16530971	ssa17_48770925_48771956.maf
ssa17	LG23	16531139	16531188	ssa17_48770925_48771956.maf
ssa17	LG23	16531188	16531210	ssa17_48770925_48771956.maf
ssa17	LG23	16532098	16532110	ssa17_48770925_48771956.maf
ssa17	LG23	16532118	16532136	ssa17_48770925_48771956.maf
ssa17	LG23	16532143	16532204	ssa17_48770925_48771956.maf
ssa17	LG23	16532264	16532276	ssa17_48770925_48771956.maf
ssa17	LG23	16532276	16532286	ssa17_48770925_48771956.maf
ssa17	LG23	16908992	16909074	ssa17_49557824_49558832.maf
ssa17	LG23	17065080	17065113	ssa17_49844087_49845103.maf
ssa17	LG23	17085291	17085346	ssa17_49881575_49881966.maf
ssa17	LG23	17085346	17085409	ssa17_49881575_49881966.maf
ssa17	LG23	18450529	18450559	ssa17_52030049_52030622.maf
ssa17	LG23	18512841	18512892	ssa17_52138634_52139505.maf
ssa17	LG23	18512892	18512902	ssa17_52138634_52139505.maf
ssa17	LG23	18512903	18512969	ssa17_52138634_52139505.maf
ssa17	LG23	18512969	18512983	ssa17_52138634_52139505.maf
ssa17	LG23	18902289	18902330	ssa17_52628490_52629456.maf
ssa17	LG23	19012549	19012574	ssa17_52750119_52750518.maf
ssa17	LG23	19041053	19041065	ssa17_52800186_52800674.maf
ssa17	LG23	20414793	20414819	ssa17_54082725_54083144.maf
ssa17	LG23	20936528	20936606	ssa17_54931270_54932656.maf
ssa17	LG23	21464000	21464011	ssa17_55441150_55441444.maf
ssa17	LG23	21464011	21464034	ssa17_55441150_55441444.maf
ssa17	LG23	21823137	21823231	ssa17_55836523_55836975.maf
ssa17	LG23	22530293	22530346	ssa17_56509645_56510547.maf
ssa17	LG23	22530346	22530364	ssa17_56509645_56510547.maf
ssa17	LG23	22533041	22533057	ssa17_56513073_56513638.maf
ssa17	LG23	22533059	22533085	ssa17_56513073_56513638.maf
ssa17	LG23	22533474	22533495	ssa17_56513921_56514424.maf
ssa17	LG23	22533495	22533566	ssa17_56513921_56514424.maf
ssa17	LG23	22533594	22533649	ssa17_56513921_56514424.maf
ssa17	LG23	22533649	22533676	ssa17_56513921_56514424.maf
ssa17	LG23	22533804	22533817	ssa17_56513921_56514424.maf
ssa17	LG23	22533838	22533850	ssa17_56513921_56514424.maf
ssa17	LG23	22547812	22547859	ssa17_56524645_56525381.maf
ssa17	LG23	22548333	22548367	ssa17_56524645_56525381.maf
ssa17	LG23	22548367	22548381	ssa17_56524645_56525381.maf
ssa17	LG23	22548395	22548423	ssa17_56524645_56525381.maf
ssa17	LG23	22548424	22548435	ssa17_56524645_56525381.maf
ssa17	LG23	22548481	22548577	ssa17_56524645_56525381.maf
ssa17	LG23	22548577	22548600	ssa17_56524645_56525381.maf
ssa17	LG23	22624620	22624630	ssa17_56600125_56601158.maf
ssa17	LG23	22624694	22624731	ssa17_56600125_56601158.maf
ssa17	LG23	22624743	22624758	ssa17_56600125_56601158.maf
ssa17	LG23	22726000	22726010	ssa17_56737333_56737625.maf
ssa17	LG23	22726020	22726036	ssa17_56737333_56737625.maf
ssa17	LG23	23974971	23975049	ssa17_57520394_57521151.maf
ssa17	LG23	15396048	15396125	ssa17_58660344_58660569.maf
ssa17	LG23	14755007	14755065	ssa17_59534654_59535107.maf
ssa17	LG23	14755074	14755094	ssa17_59534654_59535107.maf
ssa17	LG23	14755327	14755346	ssa17_59534654_59535107.maf
ssa17	LG23	14490092	14490188	ssa17_60085488_60086117.maf
ssa17	LG23	14490363	14490383	ssa17_60085488_60086117.maf
ssa17	LG23	14490386	14490402	ssa17_60085488_60086117.maf
ssa17	LG23	14490566	14490593	ssa17_60085488_60086117.maf
ssa17	LG23	14354955	14354991	ssa17_60303360_60304089.maf
ssa17	LG23	14343314	14343385	ssa17_60314827_60315995.maf
ssa17	LG23	14343394	14343417	ssa17_60314827_60315995.maf
ssa17	LG23	13523914	13523971	ssa17_61459523_61459774.maf
ssa17	LG23	13304734	13304759	ssa17_61760456_61760810.maf
ssa17	LG23	13304789	13304806	ssa17_61760456_61760810.maf
ssa17	LG23	13261538	13261551	ssa17_61859780_61860514.maf
ssa17	LG23	13261589	13261641	ssa17_61859780_61860514.maf
ssa17	LG23	13261641	13261825	ssa17_61859780_61860514.maf
ssa17	LG23	12845310	12845321	ssa17_62611187_62611898.maf
ssa17	LG23	12845321	12845342	ssa17_62611187_62611898.maf
ssa17	LG23	12845342	12845379	ssa17_62611187_62611898.maf
ssa17	LG23	12845379	12845464	ssa17_62611187_62611898.maf
ssa17	LG23	12845464	12845496	ssa17_62611187_62611898.maf
ssa17	LG23	12842433	12842445	ssa17_62615042_62615472.maf
ssa17	LG23	12842470	12842553	ssa17_62615042_62615472.maf
ssa17	LG23	12792165	12792241	ssa17_62658059_62658203.maf
ssa17	LG23	12647631	12647658	ssa17_62874269_62874858.maf
ssa17	LG23	12482395	12482472	ssa17_63037220_63039674.maf
ssa17	LG23	11484269	11484291	ssa17_64387383_64387715.maf
ssa17	LG23	11484445	11484493	ssa17_64387383_64387715.maf
ssa17	LG23	11484493	11484510	ssa17_64387383_64387715.maf
ssa17	LG23	11052966	11052984	ssa17_64872431_64872644.maf
ssa17	LG23	10380039	10380097	ssa17_65963362_65963986.maf
ssa17	LG23	10380100	10380116	ssa17_65963362_65963986.maf
ssa17	LG23	10287017	10287057	ssa17_66129626_66130695.maf
ssa17	LG23	10279662	10279675	ssa17_66149278_66150461.maf
ssa17	LG23	10271685	10271731	ssa17_66172331_66173501.maf
ssa17	LG23	9918866	9918914	ssa17_66906882_66907820.maf
ssa17	LG23	9918914	9918949	ssa17_66906882_66907820.maf
ssa17	LG23	9918949	9918965	ssa17_66906882_66907820.maf
ssa17	LG23	9918967	9919044	ssa17_66906882_66907820.maf
ssa17	LG23	9745652	9745687	ssa17_67274909_67275757.maf
ssa17	LG23	9745687	9745713	ssa17_67274909_67275757.maf
ssa17	LG23	8971812	8971859	ssa17_68774552_68775116.maf
ssa17	LG23	8971915	8971930	ssa17_68774552_68775116.maf
ssa17	LG23	8853955	8853991	ssa17_68948944_68949112.maf
ssa17	LG23	8418038	8418080	ssa17_69909064_69910383.maf
ssa17	LG23	8418087	8418100	ssa17_69909064_69910383.maf
ssa17	LG23	8410658	8410677	ssa17_69911866_69912306.maf
ssa17	LG23	8410682	8410790	ssa17_69911866_69912306.maf
ssa17	LG23	8410799	8410809	ssa17_69911866_69912306.maf
ssa17	LG23	8405600	8405626	ssa17_69920529_69921096.maf
ssa17	LG23	8405718	8405755	ssa17_69920529_69921096.maf
ssa17	LG23	8399206	8399277	ssa17_69931153_69932136.maf
ssa17	LG23	8400284	8400416	ssa17_69931153_69932136.maf
ssa17	LG23	8400430	8400448	ssa17_69931153_69932136.maf
ssa17	LG23	8400448	8400460	ssa17_69931153_69932136.maf
ssa17	LG23	8398036	8398054	ssa17_69934116_69934712.maf
ssa17	LG23	8398054	8398111	ssa17_69934116_69934712.maf
ssa17	LG23	8158767	8158825	ssa17_70398319_70399661.maf
ssa17	LG23	7870976	7871055	ssa17_71644121_71644334.maf
ssa17	LG23	7849752	7849767	ssa17_71675747_71676865.maf
ssa17	LG23	7849769	7849799	ssa17_71675747_71676865.maf
ssa17	LG23	7849839	7849896	ssa17_71675747_71676865.maf
ssa17	LG23	7849919	7849934	ssa17_71675747_71676865.maf
ssa17	LG23	7810171	7810227	ssa17_71801446_71801985.maf
ssa17	LG23	7185690	7185799	ssa17_73017845_73018246.maf
ssa17	LG23	7182436	7182447	ssa17_73024900_73026689.maf
ssa17	LG23	7182447	7182461	ssa17_73024900_73026689.maf
ssa17	LG23	6906081	6906136	ssa17_74178002_74178833.maf
ssa17	LG23	6906136	6906154	ssa17_74178002_74178833.maf
ssa17	LG23	6906155	6906271	ssa17_74178002_74178833.maf
ssa17	LG23	6873380	6873391	ssa17_74229659_74230017.maf
ssa17	LG23	6873419	6873433	ssa17_74229659_74230017.maf
ssa17	LG23	6873433	6873448	ssa17_74229659_74230017.maf
ssa17	LG23	6873493	6873517	ssa17_74229659_74230017.maf
ssa17	LG23	6873517	6873582	ssa17_74229659_74230017.maf
ssa17	LG23	6451670	6451686	ssa17_75606327_75607604.maf
ssa17	LG23	6451686	6451723	ssa17_75606327_75607604.maf
ssa17	LG23	6451723	6451807	ssa17_75606327_75607604.maf
ssa17	LG23	6451807	6451818	ssa17_75606327_75607604.maf
ssa17	LG22	21227741	21227794	ssa17_7651179_7652425.maf
ssa17	LG22	21227794	21227876	ssa17_7651179_7652425.maf
ssa17	LG22	21228623	21228819	ssa17_7651179_7652425.maf
ssa17	LG22	21347737	21347756	ssa17_7793189_7793458.maf
ssa17	LG18	4225329	4225385	ssa17_83468063_83468990.maf
ssa17	LG18	4225385	4225396	ssa17_83468063_83468990.maf
ssa17	LG18	4218546	4218595	ssa17_83520406_83521010.maf
ssa17	LG18	4197461	4197488	ssa17_83574288_83574948.maf
ssa17	LG18	4197488	4197518	ssa17_83574288_83574948.maf
ssa17	LG18	4193585	4193605	ssa17_83578872_83579809.maf
ssa17	LG18	4193605	4193615	ssa17_83578872_83579809.maf
ssa17	LG18	4193615	4193645	ssa17_83578872_83579809.maf
ssa17	LG18	4167838	4167852	ssa17_83626496_83627168.maf
ssa17	LG18	4167852	4167940	ssa17_83626496_83627168.maf
ssa17	LG18	4163181	4163195	ssa17_83635563_83636037.maf
ssa17	LG18	4163195	4163239	ssa17_83635563_83636037.maf
ssa17	LG18	4123778	4123878	ssa17_83723820_83724811.maf
ssa17	LG18	4124024	4124067	ssa17_83723820_83724811.maf
ssa17	LG18	3282129	3282184	ssa17_85738909_85740331.maf
ssa17	LG18	3282545	3282621	ssa17_85738909_85740331.maf
ssa17	LG22	20153889	20153931	ssa17_8921363_8921650.maf
ssa17	LG22	19932256	19932296	ssa17_9262329_9262841.maf
ssa17	LG22	19845025	19845048	ssa17_9359411_9360498.maf
ssa17	LG22	19830338	19830367	ssa17_9372067_9372634.maf
ssa17	LG22	19830367	19830460	ssa17_9372067_9372634.maf
ssa17	LG22	19830460	19830482	ssa17_9372067_9372634.maf
ssa17	LG22	19830549	19830564	ssa17_9372067_9372634.maf
ssa18	LG06	26905176	26905231	ssa18_10554020_10554446.maf
ssa18	LG06	26905231	26905277	ssa18_10554020_10554446.maf
ssa18	LG06	26652087	26652121	ssa18_10945664_10946261.maf
ssa18	LG06	26652121	26652151	ssa18_10945664_10946261.maf
ssa18	LG06	26652151	26652222	ssa18_10945664_10946261.maf
ssa18	LG06	26652222	26652254	ssa18_10945664_10946261.maf
ssa18	LG06	26652254	26652264	ssa18_10945664_10946261.maf
ssa18	LG06	26652264	26652313	ssa18_10945664_10946261.maf
ssa18	LG06	24596163	24596229	ssa18_11289632_11290250.maf
ssa18	LG06	24596236	24596292	ssa18_11289632_11290250.maf
ssa18	LG06	24601162	24601242	ssa18_11298736_11299058.maf
ssa18	LG06	24623808	24623840	ssa18_11324717_11325483.maf
ssa18	LG06	24624055	24624088	ssa18_11324717_11325483.maf
ssa18	LG06	24631835	24631878	ssa18_11340358_11341009.maf
ssa18	LG06	24687517	24687534	ssa18_11423191_11424051.maf
ssa18	LG06	24687534	24687627	ssa18_11423191_11424051.maf
ssa18	LG06	24776470	24776513	ssa18_11536939_11537951.maf
ssa18	LG06	24776598	24776613	ssa18_11536939_11537951.maf
ssa18	LG06	24776687	24776697	ssa18_11536939_11537951.maf
ssa18	LG06	24821643	24821708	ssa18_11650840_11651608.maf
ssa18	LG06	24821808	24821856	ssa18_11650840_11651608.maf
ssa18	LG06	24821856	24821866	ssa18_11650840_11651608.maf
ssa18	LG06	24826448	24826516	ssa18_11652981_11653721.maf
ssa18	LG06	24826673	24826733	ssa18_11652981_11653721.maf
ssa18	LG06	24826733	24826763	ssa18_11652981_11653721.maf
ssa18	LG06	24826793	24826856	ssa18_11652981_11653721.maf
ssa18	LG06	25126699	25126782	ssa18_12023432_12025015.maf
ssa18	LG06	25412911	25412975	ssa18_12415345_12416133.maf
ssa18	LG06	25412975	25413034	ssa18_12415345_12416133.maf
ssa18	LG06	25717118	25717145	ssa18_12815493_12816175.maf
ssa18	LG06	25717149	25717216	ssa18_12815493_12816175.maf
ssa18	LG06	25911291	25911420	ssa18_13128772_13129367.maf
ssa18	LG06	26006058	26006073	ssa18_13227902_13229104.maf
ssa18	LG06	26297687	26297701	ssa18_13593175_13593489.maf
ssa18	LG06	26465751	26465837	ssa18_13789312_13790378.maf
ssa18	LG06	26505361	26505450	ssa18_13825469_13825912.maf
ssa18	LG06	26505533	26505623	ssa18_13825469_13825912.maf
ssa18	LG06	24100985	24100998	ssa18_14291646_14292774.maf
ssa18	LG06	24101616	24101784	ssa18_14291646_14292774.maf
ssa18	LG06	24101903	24101929	ssa18_14291646_14292774.maf
ssa18	LG06	24101932	24101950	ssa18_14291646_14292774.maf
ssa18	LG06	23835909	23835937	ssa18_14590872_14591302.maf
ssa18	LG06	23798983	23799054	ssa18_14648907_14649334.maf
ssa18	LG06	23799054	23799070	ssa18_14648907_14649334.maf
ssa18	LG06	23799070	23799080	ssa18_14648907_14649334.maf
ssa18	LG06	23764648	23764682	ssa18_14685736_14686384.maf
ssa18	LG06	23764682	23764764	ssa18_14685736_14686384.maf
ssa18	LG06	23647771	23647807	ssa18_14819556_14819978.maf
ssa18	LG06	23647986	23647997	ssa18_14819556_14819978.maf
ssa18	LG06	23648004	23648021	ssa18_14819556_14819978.maf
ssa18	LG06	23468849	23468862	ssa18_15117219_15118158.maf
ssa18	LG06	23468862	23468950	ssa18_15117219_15118158.maf
ssa18	LG06	23435724	23435744	ssa18_15168794_15169532.maf
ssa18	LG06	23435744	23435771	ssa18_15168794_15169532.maf
ssa18	LG06	23276376	23276411	ssa18_15416414_15417366.maf
ssa18	LG06	23276413	23276423	ssa18_15416414_15417366.maf
ssa18	LG06	23276423	23276450	ssa18_15416414_15417366.maf
ssa18	LG06	23125164	23125220	ssa18_15648583_15649248.maf
ssa18	LG06	22105400	22105520	ssa18_17025315_17026068.maf
ssa18	LG06	22103289	22103469	ssa18_17032515_17033029.maf
ssa18	LG06	21715250	21715306	ssa18_17584400_17585090.maf
ssa18	LG06	21715498	21715510	ssa18_17584400_17585090.maf
ssa18	LG06	21594666	21594693	ssa18_17723083_17723385.maf
ssa18	LG06	21594713	21594724	ssa18_17723083_17723385.maf
ssa18	LG06	21529744	21529823	ssa18_17895430_17896272.maf
ssa18	LG06	21521265	21521292	ssa18_17915726_17916737.maf
ssa18	LG06	21521753	21521834	ssa18_17915726_17916737.maf
ssa18	LG06	21521834	21521846	ssa18_17915726_17916737.maf
ssa18	LG06	21521846	21521865	ssa18_17915726_17916737.maf
ssa18	LG06	21521865	21521966	ssa18_17915726_17916737.maf
ssa18	LG06	21521966	21522026	ssa18_17915726_17916737.maf
ssa18	LG06	21428686	21428737	ssa18_18040131_18040415.maf
ssa18	LG06	21428758	21428782	ssa18_18040131_18040415.maf
ssa18	LG06	21428782	21428804	ssa18_18040131_18040415.maf
ssa18	LG06	21428866	21428880	ssa18_18040131_18040415.maf
ssa18	LG06	21428880	21428899	ssa18_18040131_18040415.maf
ssa18	LG06	21428899	21428920	ssa18_18040131_18040415.maf
ssa18	LG06	21425223	21425247	ssa18_18045832_18046703.maf
ssa18	LG06	21425257	21425271	ssa18_18045832_18046703.maf
ssa18	LG06	21425680	21425701	ssa18_18045832_18046703.maf
ssa18	LG06	21266463	21266491	ssa18_18265901_18266195.maf
ssa18	LG06	21266491	21266508	ssa18_18265901_18266195.maf
ssa18	LG06	21266508	21266524	ssa18_18265901_18266195.maf
ssa18	LG06	19209491	19209507	ssa18_18375276_18375546.maf
ssa18	LG06	19209507	19209533	ssa18_18375276_18375546.maf
ssa18	LG06	19188046	19188060	ssa18_18411684_18413045.maf
ssa18	LG06	19188294	19188367	ssa18_18411684_18413045.maf
ssa18	LG06	19098493	19098607	ssa18_18756087_18757434.maf
ssa18	LG06	19089601	19089614	ssa18_18769966_18770661.maf
ssa18	LG06	19089623	19089660	ssa18_18769966_18770661.maf
ssa18	LG06	19089660	19089691	ssa18_18769966_18770661.maf
ssa18	LG06	18743020	18743138	ssa18_19386245_19387190.maf
ssa18	LG06	18666983	18667053	ssa18_19466181_19467390.maf
ssa18	LG06	18667199	18667267	ssa18_19466181_19467390.maf
ssa18	LG06	18667267	18667319	ssa18_19466181_19467390.maf
ssa18	LG06	18667319	18667353	ssa18_19466181_19467390.maf
ssa18	LG06	18667353	18667399	ssa18_19466181_19467390.maf
ssa18	LG06	18334898	18334929	ssa18_20070412_20071203.maf
ssa18	LG06	18334940	18334960	ssa18_20070412_20071203.maf
ssa18	LG06	18334994	18335023	ssa18_20070412_20071203.maf
ssa18	LG06	17932140	17932213	ssa18_20679320_20680543.maf
ssa18	LG06	17932213	17932250	ssa18_20679320_20680543.maf
ssa18	LG06	17932277	17932295	ssa18_20679320_20680543.maf
ssa18	LG06	17932295	17932323	ssa18_20679320_20680543.maf
ssa18	LG06	17932323	17932399	ssa18_20679320_20680543.maf
ssa18	LG06	17932408	17932496	ssa18_20679320_20680543.maf
ssa18	LG06	17932508	17932528	ssa18_20679320_20680543.maf
ssa18	LG06	17932528	17932545	ssa18_20679320_20680543.maf
ssa18	LG06	17932562	17932590	ssa18_20679320_20680543.maf
ssa18	LG06	17932590	17932615	ssa18_20679320_20680543.maf
ssa18	LG06	17932615	17932636	ssa18_20679320_20680543.maf
ssa18	LG06	17932636	17932668	ssa18_20679320_20680543.maf
ssa18	LG06	17932670	17932794	ssa18_20679320_20680543.maf
ssa18	LG06	17932794	17932808	ssa18_20679320_20680543.maf
ssa18	LG06	17932813	17932830	ssa18_20679320_20680543.maf
ssa18	LG06	17887094	17887137	ssa18_20723721_20723989.maf
ssa18	LG06	17887137	17887176	ssa18_20723721_20723989.maf
ssa18	LG06	17887176	17887237	ssa18_20723721_20723989.maf
ssa18	LG06	20313310	20313334	ssa18_2074863_2075561.maf
ssa18	LG06	20313334	20313406	ssa18_2074863_2075561.maf
ssa18	LG06	20313406	20313455	ssa18_2074863_2075561.maf
ssa18	LG06	17616817	17616928	ssa18_21193087_21193682.maf
ssa18	LG06	17616928	17617032	ssa18_21193087_21193682.maf
ssa18	LG06	17575244	17575307	ssa18_21290990_21291599.maf
ssa18	LG06	17575307	17575351	ssa18_21290990_21291599.maf
ssa18	LG06	17575351	17575460	ssa18_21290990_21291599.maf
ssa18	LG06	17546703	17546743	ssa18_21338186_21338793.maf
ssa18	LG06	17546809	17546872	ssa18_21338186_21338793.maf
ssa18	LG06	17546872	17546890	ssa18_21338186_21338793.maf
ssa18	LG06	17547051	17547068	ssa18_21338186_21338793.maf
ssa18	LG06	17547079	17547095	ssa18_21338186_21338793.maf
ssa18	LG06	16582342	16582414	ssa18_22873780_22874270.maf
ssa18	LG06	16582414	16582434	ssa18_22873780_22874270.maf
ssa18	LG06	16201960	16201972	ssa18_23465992_23466798.maf
ssa18	LG06	16201972	16201998	ssa18_23465992_23466798.maf
ssa18	LG06	16202002	16202029	ssa18_23465992_23466798.maf
ssa18	LG06	16202034	16202051	ssa18_23465992_23466798.maf
ssa18	LG06	16202079	16202095	ssa18_23465992_23466798.maf
ssa18	LG06	16202144	16202155	ssa18_23465992_23466798.maf
ssa18	LG06	16185611	16185665	ssa18_23477617_23477823.maf
ssa18	LG06	16185716	16185777	ssa18_23477617_23477823.maf
ssa18	LG06	16030583	16030598	ssa18_23696813_23697223.maf
ssa18	LG06	16030598	16030624	ssa18_23696813_23697223.maf
ssa18	LG06	16014676	16014696	ssa18_23723671_23723983.maf
ssa18	LG06	16014696	16014765	ssa18_23723671_23723983.maf
ssa18	LG06	15882257	15882310	ssa18_23889235_23889439.maf
ssa18	LG06	15882321	15882335	ssa18_23889235_23889439.maf
ssa18	LG06	15882335	15882395	ssa18_23889235_23889439.maf
ssa18	LG06	15882397	15882417	ssa18_23889235_23889439.maf
ssa18	LG06	15277229	15277240	ssa18_24703392_24704448.maf
ssa18	LG06	15277240	15277330	ssa18_24703392_24704448.maf
ssa18	LG06	15277339	15277361	ssa18_24703392_24704448.maf
ssa18	LG06	15211612	15211624	ssa18_24779024_24779762.maf
ssa18	LG06	15211664	15211701	ssa18_24779024_24779762.maf
ssa18	LG06	14710727	14710758	ssa18_25482478_25483159.maf
ssa18	LG06	14710758	14710784	ssa18_25482478_25483159.maf
ssa18	LG06	14710900	14710988	ssa18_25482478_25483159.maf
ssa18	LG06	14435398	14435428	ssa18_25905705_25906079.maf
ssa18	LG06	14435435	14435509	ssa18_25905705_25906079.maf
ssa18	LG06	14428627	14428652	ssa18_25911155_25911504.maf
ssa18	LG06	14272853	14272932	ssa18_26207935_26208477.maf
ssa18	LG06	14267957	14267977	ssa18_26214234_26214550.maf
ssa18	LG06	14267977	14268123	ssa18_26214234_26214550.maf
ssa18	LG06	13428064	13428236	ssa18_27534274_27535002.maf
ssa18	LG06	13110651	13110712	ssa18_28233916_28234324.maf
ssa18	LG06	13110993	13111010	ssa18_28233916_28234324.maf
ssa18	LG06	13111010	13111036	ssa18_28233916_28234324.maf
ssa18	LG06	13038742	13038767	ssa18_28373036_28373538.maf
ssa18	LG06	13038857	13038880	ssa18_28373036_28373538.maf
ssa18	LG06	13014608	13014677	ssa18_28456224_28457183.maf
ssa18	LG06	13014678	13014700	ssa18_28456224_28457183.maf
ssa18	LG06	12405367	12405392	ssa18_29519392_29519993.maf
ssa18	LG06	12405394	12405420	ssa18_29519392_29519993.maf
ssa18	LG06	12405420	12405437	ssa18_29519392_29519993.maf
ssa18	LG06	12399402	12399418	ssa18_29534122_29534701.maf
ssa18	LG06	12399418	12399447	ssa18_29534122_29534701.maf
ssa18	LG06	12399458	12399513	ssa18_29534122_29534701.maf
ssa18	LG06	12362284	12362296	ssa18_29597923_29598652.maf
ssa18	LG06	12362318	12362333	ssa18_29597923_29598652.maf
ssa18	LG06	12362363	12362408	ssa18_29597923_29598652.maf
ssa18	LG06	12348122	12348265	ssa18_29633871_29635312.maf
ssa18	LG06	12296919	12296933	ssa18_29729563_29730042.maf
ssa18	LG06	12296950	12296966	ssa18_29729563_29730042.maf
ssa18	LG06	12296966	12297070	ssa18_29729563_29730042.maf
ssa18	LG06	12297070	12297082	ssa18_29729563_29730042.maf
ssa18	LG06	12297082	12297110	ssa18_29729563_29730042.maf
ssa18	LG06	12297110	12297227	ssa18_29729563_29730042.maf
ssa18	LG06	12134467	12134508	ssa18_29985662_29986287.maf
ssa18	LG06	12134508	12134527	ssa18_29985662_29986287.maf
ssa18	LG06	20782346	20782360	ssa18_3032833_3033787.maf
ssa18	LG06	20782360	20782396	ssa18_3032833_3033787.maf
ssa18	LG05	6999529	6999578	ssa18_32232445_32233308.maf
ssa18	LG05	6797462	6797493	ssa18_32603806_32604732.maf
ssa18	LG05	6609774	6609784	ssa18_32978389_32979165.maf
ssa18	LG05	6609784	6609798	ssa18_32978389_32979165.maf
ssa18	LG05	6609798	6609813	ssa18_32978389_32979165.maf
ssa18	LG05	6609813	6609838	ssa18_32978389_32979165.maf
ssa18	LG05	6609838	6609852	ssa18_32978389_32979165.maf
ssa18	LG05	6609852	6609893	ssa18_32978389_32979165.maf
ssa18	LG05	6609020	6609043	ssa18_32980662_32981201.maf
ssa18	LG05	6572966	6573057	ssa18_33028327_33028844.maf
ssa18	LG05	6528345	6528389	ssa18_33190769_33191134.maf
ssa18	LG05	6528484	6528496	ssa18_33190769_33191134.maf
ssa18	LG05	6519630	6519679	ssa18_33205451_33206286.maf
ssa18	LG05	6519679	6519793	ssa18_33205451_33206286.maf
ssa18	LG05	6519826	6519930	ssa18_33205451_33206286.maf
ssa18	LG05	6519937	6519980	ssa18_33205451_33206286.maf
ssa18	LG05	6508603	6508673	ssa18_33276752_33278737.maf
ssa18	LG05	6508976	6508996	ssa18_33276752_33278737.maf
ssa18	LG05	6509023	6509103	ssa18_33276752_33278737.maf
ssa18	LG05	6478333	6478344	ssa18_33343508_33344157.maf
ssa18	LG05	6478553	6478574	ssa18_33343508_33344157.maf
ssa18	LG05	6478574	6478597	ssa18_33343508_33344157.maf
ssa18	LG05	6478602	6478640	ssa18_33343508_33344157.maf
ssa18	LG05	6478640	6478661	ssa18_33343508_33344157.maf
ssa18	LG05	6478661	6478712	ssa18_33343508_33344157.maf
ssa18	LG06	20910082	20910112	ssa18_3345999_3346800.maf
ssa18	LG06	20910112	20910123	ssa18_3345999_3346800.maf
ssa18	LG06	20910287	20910322	ssa18_3345999_3346800.maf
ssa18	LG06	20910447	20910475	ssa18_3345999_3346800.maf
ssa18	LG06	20910566	20910676	ssa18_3345999_3346800.maf
ssa18	LG06	20910681	20910712	ssa18_3345999_3346800.maf
ssa18	LG06	20910712	20910734	ssa18_3345999_3346800.maf
ssa18	LG05	6221760	6221818	ssa18_33699703_33700341.maf
ssa18	LG05	5831253	5831311	ssa18_34283314_34284001.maf
ssa18	LG05	5132392	5132409	ssa18_35193068_35193907.maf
ssa18	LG05	5132409	5132430	ssa18_35193068_35193907.maf
ssa18	LG05	5132430	5132476	ssa18_35193068_35193907.maf
ssa18	LG06	21038197	21038207	ssa18_3658555_3659010.maf
ssa18	LG06	21038282	21038296	ssa18_3658555_3659010.maf
ssa18	LG06	21038296	21038370	ssa18_3658555_3659010.maf
ssa18	LG06	4417590	4417619	ssa18_37980221_37980822.maf
ssa18	LG06	4424821	4424831	ssa18_37994536_37995384.maf
ssa18	LG06	4424836	4424907	ssa18_37994536_37995384.maf
ssa18	LG06	4424907	4424947	ssa18_37994536_37995384.maf
ssa18	LG06	4425026	4425040	ssa18_37994536_37995384.maf
ssa18	LG06	4425058	4425075	ssa18_37994536_37995384.maf
ssa18	LG06	4425075	4425121	ssa18_37994536_37995384.maf
ssa18	LG06	4481932	4482022	ssa18_38109597_38110067.maf
ssa18	LG06	4485811	4485874	ssa18_38162529_38163623.maf
ssa18	LG06	4486356	4486370	ssa18_38162529_38163623.maf
ssa18	LG06	4486370	4486387	ssa18_38162529_38163623.maf
ssa18	LG06	5389882	5389893	ssa18_40123294_40125571.maf
ssa18	LG06	5389919	5389952	ssa18_40123294_40125571.maf
ssa18	LG06	5389952	5390015	ssa18_40123294_40125571.maf
ssa18	LG06	5390155	5390194	ssa18_40123294_40125571.maf
ssa18	LG06	5390831	5390879	ssa18_40123294_40125571.maf
ssa18	LG06	5390879	5390900	ssa18_40123294_40125571.maf
ssa18	LG06	5391023	5391037	ssa18_40123294_40125571.maf
ssa18	LG06	5391037	5391060	ssa18_40123294_40125571.maf
ssa18	LG06	5391060	5391106	ssa18_40123294_40125571.maf
ssa18	LG06	5391391	5391401	ssa18_40123294_40125571.maf
ssa18	LG06	5391453	5391512	ssa18_40123294_40125571.maf
ssa18	LG06	5391512	5391532	ssa18_40123294_40125571.maf
ssa18	LG06	5505344	5505557	ssa18_40339285_40339703.maf
ssa18	LG06	5831005	5831034	ssa18_41353862_41354512.maf
ssa18	LG06	5856394	5856545	ssa18_41427491_41429064.maf
ssa18	LG06	6442937	6442959	ssa18_42946869_42947742.maf
ssa18	LG06	6442959	6442993	ssa18_42946869_42947742.maf
ssa18	LG06	6442993	6443031	ssa18_42946869_42947742.maf
ssa18	LG06	6781467	6781558	ssa18_44004375_44004816.maf
ssa18	LG24	28980579	28980623	ssa18_49594812_49595227.maf
ssa18	LG24	28980625	28980668	ssa18_49594812_49595227.maf
ssa18	LG06	19784721	19784763	ssa18_5266953_5268375.maf
ssa18	LG06	19784763	19784787	ssa18_5266953_5268375.maf
ssa18	LG24	7289854	7289901	ssa18_54205682_54206224.maf
ssa18	LG24	7493432	7493478	ssa18_54632843_54633623.maf
ssa18	LG24	7494689	7494757	ssa18_54632843_54633623.maf
ssa18	LG24	7500038	7500051	ssa18_54641381_54641821.maf
ssa18	LG24	7519695	7519737	ssa18_54693733_54693938.maf
ssa18	LG24	7642713	7642747	ssa18_54902612_54903358.maf
ssa18	LG24	7642747	7642774	ssa18_54902612_54903358.maf
ssa18	LG24	7817149	7817229	ssa18_55145101_55145720.maf
ssa18	LG24	7817229	7817244	ssa18_55145101_55145720.maf
ssa18	LG24	7892851	7892878	ssa18_55277848_55279241.maf
ssa18	LG24	7892878	7892918	ssa18_55277848_55279241.maf
ssa18	LG24	7893258	7893349	ssa18_55277848_55279241.maf
ssa18	LG24	7933864	7933892	ssa18_55326121_55326401.maf
ssa18	LG24	7933892	7933911	ssa18_55326121_55326401.maf
ssa18	LG24	7956910	7956962	ssa18_55358327_55359391.maf
ssa18	LG24	7957122	7957153	ssa18_55358327_55359391.maf
ssa18	LG24	7957153	7957190	ssa18_55358327_55359391.maf
ssa18	LG24	8162166	8162252	ssa18_55722961_55723618.maf
ssa18	LG24	8399121	8399139	ssa18_56113386_56114250.maf
ssa18	LG24	8399139	8399179	ssa18_56113386_56114250.maf
ssa18	LG24	8477739	8477759	ssa18_56234954_56235579.maf
ssa18	LG24	8477772	8477794	ssa18_56234954_56235579.maf
ssa18	LG24	8741570	8741614	ssa18_56643158_56644395.maf
ssa18	LG24	8741617	8741687	ssa18_56643158_56644395.maf
ssa18	LG24	9073689	9073726	ssa18_57168261_57169494.maf
ssa18	LG24	9073726	9073736	ssa18_57168261_57169494.maf
ssa18	LG24	9073736	9073766	ssa18_57168261_57169494.maf
ssa18	LG24	9073838	9073935	ssa18_57168261_57169494.maf
ssa18	LG24	9073954	9073996	ssa18_57168261_57169494.maf
ssa18	LG24	9100989	9101054	ssa18_57213352_57214364.maf
ssa18	LG24	9150876	9150920	ssa18_57299679_57300178.maf
ssa18	LG24	9151151	9151267	ssa18_57299679_57300178.maf
ssa18	LG24	9212326	9212375	ssa18_57378998_57379357.maf
ssa18	LG24	9412456	9412504	ssa18_57663364_57664350.maf
ssa18	LG24	9412504	9412529	ssa18_57663364_57664350.maf
ssa18	LG24	9493962	9494001	ssa18_57771838_57773122.maf
ssa18	LG24	9535773	9535835	ssa18_57836332_57836913.maf
ssa18	LG24	9806756	9806808	ssa18_58321103_58321684.maf
ssa18	LG24	9806826	9806853	ssa18_58321103_58321684.maf
ssa18	LG24	9806924	9806969	ssa18_58321103_58321684.maf
ssa18	LG24	9807179	9807194	ssa18_58321103_58321684.maf
ssa18	LG24	9807212	9807224	ssa18_58321103_58321684.maf
ssa18	LG24	10295471	10295481	ssa18_59216285_59216865.maf
ssa18	LG24	10295481	10295549	ssa18_59216285_59216865.maf
ssa18	LG24	10295612	10295672	ssa18_59216285_59216865.maf
ssa18	LG24	10312457	10312471	ssa18_59236022_59236455.maf
ssa18	LG24	10312471	10312490	ssa18_59236022_59236455.maf
ssa18	LG24	10312490	10312500	ssa18_59236022_59236455.maf
ssa18	LG24	10369403	10369534	ssa18_59339461_59340139.maf
ssa18	LG24	10369534	10369546	ssa18_59339461_59340139.maf
ssa18	LG24	10464830	10464903	ssa18_59450798_59451334.maf
ssa18	LG24	10464903	10464913	ssa18_59450798_59451334.maf
ssa18	LG24	10465012	10465087	ssa18_59450798_59451334.maf
ssa18	LG24	10495651	10495709	ssa18_59528149_59528582.maf
ssa18	LG24	10495751	10495776	ssa18_59528149_59528582.maf
ssa18	LG24	10495784	10495840	ssa18_59528149_59528582.maf
ssa18	LG24	10495840	10495858	ssa18_59528149_59528582.maf
ssa18	LG24	10557382	10557415	ssa18_59611931_59612418.maf
ssa18	LG24	10557415	10557450	ssa18_59611931_59612418.maf
ssa18	LG24	10615980	10616009	ssa18_59724548_59725152.maf
ssa18	LG24	10616011	10616045	ssa18_59724548_59725152.maf
ssa18	LG24	10616052	10616146	ssa18_59724548_59725152.maf
ssa18	LG24	10616463	10616532	ssa18_59724548_59725152.maf
ssa18	LG24	10625411	10625431	ssa18_59756800_59757701.maf
ssa18	LG24	10625431	10625480	ssa18_59756800_59757701.maf
ssa18	LG24	10625480	10625532	ssa18_59756800_59757701.maf
ssa18	LG24	10744396	10744447	ssa18_59920986_59921169.maf
ssa18	LG24	10838725	10838738	ssa18_60188058_60188597.maf
ssa18	LG24	10838738	10838753	ssa18_60188058_60188597.maf
ssa18	LG24	10838770	10838899	ssa18_60188058_60188597.maf
ssa18	LG24	10840346	10840420	ssa18_60195126_60196046.maf
ssa18	LG24	10904751	10904784	ssa18_60274029_60274707.maf
ssa18	LG24	10904784	10904887	ssa18_60274029_60274707.maf
ssa18	LG24	10904926	10904937	ssa18_60274029_60274707.maf
ssa18	LG24	10905073	10905132	ssa18_60274029_60274707.maf
ssa18	LG24	10943011	10943026	ssa18_60326007_60326530.maf
ssa18	LG24	10967438	10967449	ssa18_60365609_60366170.maf
ssa18	LG24	10967456	10967522	ssa18_60365609_60366170.maf
ssa18	LG24	10967728	10967760	ssa18_60365609_60366170.maf
ssa18	LG24	10967760	10967772	ssa18_60365609_60366170.maf
ssa18	LG24	11047444	11047458	ssa18_60444201_60444962.maf
ssa18	LG24	11136849	11136910	ssa18_60575752_60576042.maf
ssa18	LG24	11136910	11136928	ssa18_60575752_60576042.maf
ssa18	LG24	11142122	11142133	ssa18_60582330_60582782.maf
ssa18	LG24	11142133	11142169	ssa18_60582330_60582782.maf
ssa18	LG24	11142182	11142263	ssa18_60582330_60582782.maf
ssa18	LG24	11142373	11142384	ssa18_60582330_60582782.maf
ssa18	LG24	11144793	11144812	ssa18_60584910_60585397.maf
ssa18	LG24	11343044	11343057	ssa18_60797494_60798271.maf
ssa18	LG24	11343062	11343097	ssa18_60797494_60798271.maf
ssa18	LG24	11343124	11343162	ssa18_60797494_60798271.maf
ssa18	LG24	11644083	11644151	ssa18_61508758_61509382.maf
ssa18	LG24	11644151	11644194	ssa18_61508758_61509382.maf
ssa18	LG24	11644194	11644211	ssa18_61508758_61509382.maf
ssa18	LG24	11644211	11644243	ssa18_61508758_61509382.maf
ssa18	LG24	11644375	11644418	ssa18_61508758_61509382.maf
ssa18	LG24	11644418	11644434	ssa18_61508758_61509382.maf
ssa18	LG24	11644447	11644495	ssa18_61508758_61509382.maf
ssa18	LG24	11983355	11983486	ssa18_61973722_61974376.maf
ssa18	LG24	11983486	11983502	ssa18_61973722_61974376.maf
ssa18	LG24	12028429	12028448	ssa18_62022772_62023603.maf
ssa18	LG24	12028555	12028599	ssa18_62022772_62023603.maf
ssa18	LG24	12074668	12074753	ssa18_62101755_62102107.maf
ssa18	LG24	12074821	12074895	ssa18_62101755_62102107.maf
ssa18	LG24	12074895	12074937	ssa18_62101755_62102107.maf
ssa18	LG24	12660354	12660376	ssa18_62845888_62847216.maf
ssa18	LG24	12903298	12903308	ssa18_63153748_63154220.maf
ssa18	LG24	12903343	12903376	ssa18_63153748_63154220.maf
ssa18	LG24	12903457	12903467	ssa18_63153748_63154220.maf
ssa18	LG24	13645702	13645733	ssa18_63903395_63903820.maf
ssa18	LG24	13645733	13645761	ssa18_63903395_63903820.maf
ssa18	LG24	13645851	13645871	ssa18_63903395_63903820.maf
ssa18	LG24	13645921	13645941	ssa18_63903395_63903820.maf
ssa18	LG24	15906288	15906361	ssa18_66555816_66556800.maf
ssa18	LG24	15969623	15969708	ssa18_66709769_66710660.maf
ssa18	LG24	16075270	16075292	ssa18_66844750_66845234.maf
ssa18	LG24	16075292	16075303	ssa18_66844750_66845234.maf
ssa18	LG24	16075477	16075526	ssa18_66844750_66845234.maf
ssa18	LG24	16075526	16075578	ssa18_66844750_66845234.maf
ssa18	LG24	16170379	16170414	ssa18_66986010_66987237.maf
ssa18	LG24	16170469	16170487	ssa18_66986010_66987237.maf
ssa18	LG24	16175731	16175795	ssa18_66996178_66997022.maf
ssa18	LG24	16175795	16175808	ssa18_66996178_66997022.maf
ssa18	LG24	16175863	16175877	ssa18_66996178_66997022.maf
ssa18	LG24	16175877	16175910	ssa18_66996178_66997022.maf
ssa18	LG24	16644924	16644951	ssa18_67747534_67748313.maf
ssa18	LG24	16708241	16708256	ssa18_67842753_67843278.maf
ssa18	LG24	16708256	16708286	ssa18_67842753_67843278.maf
ssa18	LG24	16708443	16708457	ssa18_67842753_67843278.maf
ssa18	LG24	16708457	16708557	ssa18_67842753_67843278.maf
ssa18	LG24	16708557	16708567	ssa18_67842753_67843278.maf
ssa18	LG24	16717052	16717082	ssa18_67856236_67856652.maf
ssa18	LG24	16717082	16717144	ssa18_67856236_67856652.maf
ssa18	LG24	16717144	16717157	ssa18_67856236_67856652.maf
ssa18	LG24	17601979	17602049	ssa18_69348975_69349618.maf
ssa18	LG06	29788605	29788626	ssa18_7360143_7360861.maf
ssa18	LG06	29788835	29788853	ssa18_7360143_7360861.maf
ssa18	LG06	29788853	29788904	ssa18_7360143_7360861.maf
ssa18	LG24	23604846	23604890	ssa18_74027117_74027973.maf
ssa18	LG24	23605653	23605709	ssa18_74027117_74027973.maf
ssa18	LG24	24935707	24935742	ssa18_75849908_75850586.maf
ssa18	LG24	24935746	24935776	ssa18_75849908_75850586.maf
ssa18	LG24	24935776	24935788	ssa18_75849908_75850586.maf
ssa18	LG24	24941220	24941337	ssa18_75864794_75865187.maf
ssa18	LG24	25421538	25421588	ssa18_76415013_76416062.maf
ssa18	LG06	29466847	29466894	ssa18_7701791_7702050.maf
ssa18	LG06	29466894	29466952	ssa18_7701791_7702050.maf
ssa18	LG06	29466960	29466978	ssa18_7701791_7702050.maf
ssa18	LG06	29466978	29466995	ssa18_7701791_7702050.maf
ssa18	LG06	29466995	29467031	ssa18_7701791_7702050.maf
ssa18	LG24	26186572	26186648	ssa18_77031243_77032533.maf
ssa18	LG24	26193280	26193297	ssa18_77040889_77041279.maf
ssa18	LG24	26193297	26193331	ssa18_77040889_77041279.maf
ssa18	LG24	26193331	26193342	ssa18_77040889_77041279.maf
ssa18	LG06	29256496	29256515	ssa18_7816661_7817280.maf
ssa18	LG06	29256576	29256587	ssa18_7816661_7817280.maf
ssa18	LG06	29256621	29256635	ssa18_7816661_7817280.maf
ssa18	LG06	29256737	29256750	ssa18_7816661_7817280.maf
ssa18	LG06	29182261	29182368	ssa18_7874127_7874990.maf
ssa18	LG06	29182368	29182445	ssa18_7874127_7874990.maf
ssa18	LG06	29182445	29182499	ssa18_7874127_7874990.maf
ssa18	LG06	29182499	29182549	ssa18_7874127_7874990.maf
ssa18	LG06	29182551	29182564	ssa18_7874127_7874990.maf
ssa18	LG06	29182564	29182604	ssa18_7874127_7874990.maf
ssa18	LG06	29182604	29182636	ssa18_7874127_7874990.maf
ssa18	LG06	28873011	28873029	ssa18_8245279_8246441.maf
ssa18	LG06	28873170	28873197	ssa18_8245279_8246441.maf
ssa18	LG06	28873197	28873213	ssa18_8245279_8246441.maf
ssa18	LG06	28873885	28873904	ssa18_8245279_8246441.maf
ssa18	LG06	28873910	28873954	ssa18_8245279_8246441.maf
ssa18	LG06	28475411	28475423	ssa18_8622120_8623022.maf
ssa18	LG06	28475423	28475457	ssa18_8622120_8623022.maf
ssa18	LG06	28475464	28475476	ssa18_8622120_8623022.maf
ssa18	LG06	28475476	28475619	ssa18_8622120_8623022.maf
ssa18	LG06	28229061	28229119	ssa18_8793951_8795442.maf
ssa18	LG06	28229454	28229485	ssa18_8793951_8795442.maf
ssa18	LG06	28208926	28208979	ssa18_8838673_8839098.maf
ssa18	LG06	28046689	28046703	ssa18_9087969_9089314.maf
ssa18	LG06	28047360	28047417	ssa18_9087969_9089314.maf
ssa18	LG06	28047417	28047440	ssa18_9087969_9089314.maf
ssa18	LG06	27626732	27626777	ssa18_9576476_9577466.maf
ssa18	LG06	27583033	27583071	ssa18_9645104_9646468.maf
ssa18	LG06	27583071	27583085	ssa18_9645104_9646468.maf
ssa19	LG21	4501669	4501754	ssa19_10399218_10399626.maf
ssa19	LG21	4382832	4382854	ssa19_10589692_10590483.maf
ssa19	LG21	4382862	4382890	ssa19_10589692_10590483.maf
ssa19	LG21	4382895	4382919	ssa19_10589692_10590483.maf
ssa19	LG21	4244198	4244251	ssa19_10798872_10799065.maf
ssa19	LG21	12892459	12892525	ssa19_11010805_11011321.maf
ssa19	LG21	12898488	12898519	ssa19_11026253_11027075.maf
ssa19	LG21	12898699	12898723	ssa19_11026253_11027075.maf
ssa19	LG21	12898723	12898733	ssa19_11026253_11027075.maf
ssa19	LG21	12898733	12898769	ssa19_11026253_11027075.maf
ssa19	LG21	12898769	12898781	ssa19_11026253_11027075.maf
ssa19	LG21	12944333	12944389	ssa19_11101676_11102598.maf
ssa19	LG21	12944389	12944418	ssa19_11101676_11102598.maf
ssa19	LG21	13125434	13125459	ssa19_11417218_11418499.maf
ssa19	LG21	13125459	13125470	ssa19_11417218_11418499.maf
ssa19	LG21	13125470	13125666	ssa19_11417218_11418499.maf
ssa19	LG21	13125667	13125680	ssa19_11417218_11418499.maf
ssa19	LG21	13171690	13171701	ssa19_11487938_11489277.maf
ssa19	LG21	13171707	13171779	ssa19_11487938_11489277.maf
ssa19	LG21	13187501	13187568	ssa19_11509083_11509484.maf
ssa19	LG21	13187568	13187584	ssa19_11509083_11509484.maf
ssa19	LG21	13188125	13188237	ssa19_11509083_11509484.maf
ssa19	LG21	13200405	13200544	ssa19_11535052_11535470.maf
ssa19	LG21	13200544	13200637	ssa19_11535052_11535470.maf
ssa19	LG21	13200656	13200666	ssa19_11535052_11535470.maf
ssa19	LG21	13274621	13274817	ssa19_11695373_11695999.maf
ssa19	LG21	13274817	13274830	ssa19_11695373_11695999.maf
ssa19	LG21	13636130	13636215	ssa19_12207193_12208426.maf
ssa19	LG21	13751405	13751506	ssa19_12413705_12414500.maf
ssa19	LG21	13769743	13769815	ssa19_12433489_12434831.maf
ssa19	LG21	13770096	13770194	ssa19_12433489_12434831.maf
ssa19	LG21	14198382	14198439	ssa19_13070218_13071777.maf
ssa19	LG21	14198439	14198461	ssa19_13070218_13071777.maf
ssa19	LG21	14680812	14680825	ssa19_13714629_13715340.maf
ssa19	LG21	14959377	14959456	ssa19_14184689_14185220.maf
ssa19	LG21	14959461	14959474	ssa19_14184689_14185220.maf
ssa19	LG21	14987192	14987216	ssa19_14221489_14222531.maf
ssa19	LG21	14987233	14987326	ssa19_14221489_14222531.maf
ssa19	LG21	14987326	14987337	ssa19_14221489_14222531.maf
ssa19	LG21	14987339	14987467	ssa19_14221489_14222531.maf
ssa19	LG21	15009095	15009107	ssa19_14240690_14241088.maf
ssa19	LG21	15009131	15009143	ssa19_14240690_14241088.maf
ssa19	LG21	15009191	15009217	ssa19_14240690_14241088.maf
ssa19	LG21	15009237	15009280	ssa19_14240690_14241088.maf
ssa19	LG21	15369630	15369716	ssa19_14672333_14673445.maf
ssa19	LG21	16714575	16714588	ssa19_16582255_16582832.maf
ssa19	LG21	16714589	16714639	ssa19_16582255_16582832.maf
ssa19	LG21	16714653	16714757	ssa19_16582255_16582832.maf
ssa19	LG21	16714946	16715054	ssa19_16582255_16582832.maf
ssa19	LG21	16715064	16715086	ssa19_16582255_16582832.maf
ssa19	LG21	16715094	16715107	ssa19_16582255_16582832.maf
ssa19	LG21	16778332	16778350	ssa19_16667968_16668526.maf
ssa19	LG21	17266771	17266798	ssa19_17415601_17416636.maf
ssa19	LG21	17266913	17267053	ssa19_17415601_17416636.maf
ssa19	LG21	17298398	17298445	ssa19_17479254_17479666.maf
ssa19	LG21	17298498	17298563	ssa19_17479254_17479666.maf
ssa19	LG21	17298563	17298579	ssa19_17479254_17479666.maf
ssa19	LG21	17412433	17412443	ssa19_17646376_17647365.maf
ssa19	LG21	17412443	17412476	ssa19_17646376_17647365.maf
ssa19	LG21	17412476	17412521	ssa19_17646376_17647365.maf
ssa19	LG21	17412712	17412785	ssa19_17646376_17647365.maf
ssa19	LG21	17609851	17609880	ssa19_17931162_17931922.maf
ssa19	LG21	17610698	17610777	ssa19_17932474_17932837.maf
ssa19	LG21	17693754	17693833	ssa19_18058305_18059067.maf
ssa19	LG21	17693861	17693967	ssa19_18058305_18059067.maf
ssa19	LG21	17694103	17694113	ssa19_18058305_18059067.maf
ssa19	LG21	17694169	17694306	ssa19_18058305_18059067.maf
ssa19	LG21	17770623	17770641	ssa19_18212036_18213047.maf
ssa19	LG21	17770649	17770692	ssa19_18212036_18213047.maf
ssa19	LG21	17977761	17977881	ssa19_18489330_18490180.maf
ssa19	LG21	17997309	17997368	ssa19_18535405_18536376.maf
ssa19	LG21	17997368	17997417	ssa19_18535405_18536376.maf
ssa19	LG21	18262509	18262563	ssa19_19067073_19067465.maf
ssa19	LG21	18299068	18299096	ssa19_19124891_19125562.maf
ssa19	LG21	18299713	18299788	ssa19_19124891_19125562.maf
ssa19	LG21	18299788	18299846	ssa19_19124891_19125562.maf
ssa19	LG21	18299857	18299874	ssa19_19124891_19125562.maf
ssa19	LG21	18429256	18429346	ssa19_19360837_19361809.maf
ssa19	LG21	18563502	18563565	ssa19_19546182_19547208.maf
ssa19	LG21	18574805	18574887	ssa19_19562244_19562931.maf
ssa19	LG21	18574887	18574957	ssa19_19562244_19562931.maf
ssa19	LG21	18574957	18574970	ssa19_19562244_19562931.maf
ssa19	LG21	18584602	18584626	ssa19_19576830_19578212.maf
ssa19	LG21	18584649	18584698	ssa19_19576830_19578212.maf
ssa19	LG21	18585605	18585626	ssa19_19576830_19578212.maf
ssa19	LG21	18585632	18585646	ssa19_19576830_19578212.maf
ssa19	LG21	18634092	18634137	ssa19_19665598_19666310.maf
ssa19	LG21	18634576	18634624	ssa19_19665598_19666310.maf
ssa19	LG21	18634638	18634705	ssa19_19665598_19666310.maf
ssa19	LG21	18972198	18972320	ssa19_20125543_20126720.maf
ssa19	LG21	20588944	20588963	ssa19_23375070_23375895.maf
ssa19	LG21	20660962	20660979	ssa19_23479054_23479802.maf
ssa19	LG21	20660993	20661060	ssa19_23479054_23479802.maf
ssa19	LG21	20661060	20661099	ssa19_23479054_23479802.maf
ssa19	LG21	20662419	20662429	ssa19_23480114_23480794.maf
ssa19	LG21	20662429	20662441	ssa19_23480114_23480794.maf
ssa19	LG21	21800647	21800728	ssa19_25137941_25138589.maf
ssa19	LG21	21800860	21800942	ssa19_25137941_25138589.maf
ssa19	LG21	21878854	21878928	ssa19_25222671_25223028.maf
ssa19	LG21	21942332	21942357	ssa19_25301976_25302516.maf
ssa19	LG21	21942357	21942395	ssa19_25301976_25302516.maf
ssa19	LG21	21942395	21942406	ssa19_25301976_25302516.maf
ssa19	LG21	22192782	22192832	ssa19_26088094_26088496.maf
ssa19	LG21	22192832	22192872	ssa19_26088094_26088496.maf
ssa19	LG21	22244450	22244460	ssa19_26169205_26169488.maf
ssa19	LG21	22833587	22833605	ssa19_27150255_27151227.maf
ssa19	LG21	22833605	22833636	ssa19_27150255_27151227.maf
ssa19	LG21	22816932	22817016	ssa19_27176771_27176979.maf
ssa19	LG21	22817016	22817071	ssa19_27176771_27176979.maf
ssa19	LG21	22817072	22817111	ssa19_27176771_27176979.maf
ssa19	LG21	22812167	22812204	ssa19_27182390_27182748.maf
ssa19	LG21	22812204	22812275	ssa19_27182390_27182748.maf
ssa19	LG21	22812276	22812292	ssa19_27182390_27182748.maf
ssa19	LG21	22812532	22812566	ssa19_27182390_27182748.maf
ssa19	LG21	22803694	22803744	ssa19_27195312_27196389.maf
ssa19	LG21	22803842	22803890	ssa19_27195312_27196389.maf
ssa19	LG21	22701731	22701875	ssa19_27409067_27409452.maf
ssa19	LG21	22701973	22702047	ssa19_27409067_27409452.maf
ssa19	LG21	22684756	22684846	ssa19_27431234_27431779.maf
ssa19	LG21	22666325	22666387	ssa19_27478071_27478622.maf
ssa19	LG21	25544756	25544829	ssa19_27963115_27963893.maf
ssa19	LG21	25544843	25544958	ssa19_27963115_27963893.maf
ssa19	LG21	25488376	25488423	ssa19_28031673_28032137.maf
ssa19	LG21	24931256	24931377	ssa19_28619325_28620278.maf
ssa19	LG21	24931377	24931389	ssa19_28619325_28620278.maf
ssa19	LG21	24931392	24931435	ssa19_28619325_28620278.maf
ssa19	LG21	24677817	24677913	ssa19_28875696_28876118.maf
ssa19	LG21	24597940	24597956	ssa19_28965272_28965701.maf
ssa19	LG21	24598157	24598232	ssa19_28965272_28965701.maf
ssa19	LG21	24034611	24034650	ssa19_29606935_29607605.maf
ssa19	LG21	24034734	24034782	ssa19_29606935_29607605.maf
ssa19	LG21	23769064	23769141	ssa19_30064616_30064922.maf
ssa19	LG21	26933904	26933950	ssa19_30688773_30689519.maf
ssa19	LG21	26933953	26933963	ssa19_30688773_30689519.maf
ssa19	LG21	26934005	26934043	ssa19_30688773_30689519.maf
ssa19	LG21	26934054	26934067	ssa19_30688773_30689519.maf
ssa19	LG21	27436088	27436122	ssa19_31199577_31200647.maf
ssa19	LG21	27436122	27436133	ssa19_31199577_31200647.maf
ssa19	LG21	27436133	27436163	ssa19_31199577_31200647.maf
ssa19	LG21	27436163	27436220	ssa19_31199577_31200647.maf
ssa19	LG21	27436220	27436299	ssa19_31199577_31200647.maf
ssa19	LG21	27436303	27436315	ssa19_31199577_31200647.maf
ssa19	LG21	27436327	27436376	ssa19_31199577_31200647.maf
ssa19	LG21	27441758	27441788	ssa19_31216941_31217606.maf
ssa19	LG21	27441788	27441811	ssa19_31216941_31217606.maf
ssa19	LG21	27441811	27441862	ssa19_31216941_31217606.maf
ssa19	LG21	27442219	27442380	ssa19_31216941_31217606.maf
ssa19	LG21	27459953	27460013	ssa19_31249533_31250005.maf
ssa19	LG21	27460075	27460147	ssa19_31249533_31250005.maf
ssa19	LG21	27460156	27460178	ssa19_31249533_31250005.maf
ssa19	LG21	27460184	27460228	ssa19_31249533_31250005.maf
ssa19	LG05	1219096	1219125	ssa19_35837805_35838577.maf
ssa19	LG05	1219125	1219161	ssa19_35837805_35838577.maf
ssa19	LG05	1219161	1219185	ssa19_35837805_35838577.maf
ssa19	LG05	1219217	1219229	ssa19_35837805_35838577.maf
ssa19	LG05	1219426	1219444	ssa19_35837805_35838577.maf
ssa19	LG05	1219489	1219505	ssa19_35837805_35838577.maf
ssa19	LG05	1219527	1219572	ssa19_35837805_35838577.maf
ssa19	LG05	1252396	1252408	ssa19_35913566_35914314.maf
ssa19	LG05	1252420	1252434	ssa19_35913566_35914314.maf
ssa19	LG05	1252446	1252558	ssa19_35913566_35914314.maf
ssa19	LG05	1252689	1252783	ssa19_35913566_35914314.maf
ssa19	LG05	1264665	1264718	ssa19_35929976_35930811.maf
ssa19	LG05	1265413	1265443	ssa19_35929976_35930811.maf
ssa19	LG05	1265459	1265574	ssa19_35929976_35930811.maf
ssa19	LG05	1778711	1778800	ssa19_37421414_37422818.maf
ssa19	LG05	1898474	1898531	ssa19_37698240_37700131.maf
ssa19	LG05	1957591	1957664	ssa19_37832006_37833266.maf
ssa19	LG05	1957824	1957893	ssa19_37832006_37833266.maf
ssa19	LG05	1957893	1957932	ssa19_37832006_37833266.maf
ssa19	LG05	1957932	1957945	ssa19_37832006_37833266.maf
ssa19	LG05	2132504	2132559	ssa19_38495127_38496346.maf
ssa19	LG05	2132560	2132584	ssa19_38495127_38496346.maf
ssa19	LG05	2132584	2132606	ssa19_38495127_38496346.maf
ssa19	LG05	2132639	2132686	ssa19_38495127_38496346.maf
ssa19	LG05	2132686	2132734	ssa19_38495127_38496346.maf
ssa19	LG05	3023433	3023504	ssa19_40330185_40331217.maf
ssa19	LG05	3027465	3027488	ssa19_40336593_40337264.maf
ssa19	LG05	3027494	3027505	ssa19_40336593_40337264.maf
ssa19	LG05	3027565	3027672	ssa19_40336593_40337264.maf
ssa19	LG05	3048375	3048426	ssa19_40369854_40370425.maf
ssa19	LG05	3051175	3051187	ssa19_40388248_40389310.maf
ssa19	LG05	3051187	3051200	ssa19_40388248_40389310.maf
ssa19	LG05	3051200	3051275	ssa19_40388248_40389310.maf
ssa19	LG05	3051947	3051977	ssa19_40388248_40389310.maf
ssa19	LG05	3051977	3052032	ssa19_40388248_40389310.maf
ssa19	LG05	16035735	16035799	ssa19_43785150_43785655.maf
ssa19	LG05	16029522	16029538	ssa19_43792888_43793687.maf
ssa19	LG05	15415326	15415339	ssa19_45075275_45075748.maf
ssa19	LG05	15415346	15415356	ssa19_45075275_45075748.maf
ssa19	LG05	15415358	15415413	ssa19_45075275_45075748.maf
ssa19	LG05	13786992	13787051	ssa19_47742290_47743151.maf
ssa19	LG05	13787051	13787074	ssa19_47742290_47743151.maf
ssa19	LG05	13745973	13746001	ssa19_47802024_47802505.maf
ssa19	LG05	13724968	13725025	ssa19_47839000_47839794.maf
ssa19	LG05	13725354	13725406	ssa19_47839000_47839794.maf
ssa19	LG05	13725406	13725437	ssa19_47839000_47839794.maf
ssa19	LG05	13610189	13610255	ssa19_48001275_48002888.maf
ssa19	LG05	13611409	13611502	ssa19_48001275_48002888.maf
ssa19	LG05	12726028	12726099	ssa19_49271372_49271859.maf
ssa19	LG05	12298590	12298682	ssa19_49950016_49951524.maf
ssa19	LG05	12298750	12298805	ssa19_49950016_49951524.maf
ssa19	LG05	12299730	12299805	ssa19_49950016_49951524.maf
ssa19	LG05	12291613	12291637	ssa19_49962327_49962889.maf
ssa19	LG05	12291637	12291714	ssa19_49962327_49962889.maf
ssa19	LG05	10927212	10927322	ssa19_51783965_51785300.maf
ssa19	LG05	10927329	10927341	ssa19_51783965_51785300.maf
ssa19	LG05	10927814	10927843	ssa19_51783965_51785300.maf
ssa19	LG05	10921904	10921969	ssa19_51788978_51789713.maf
ssa19	LG05	10316517	10316570	ssa19_52775857_52777239.maf
ssa19	LG05	10316608	10316668	ssa19_52775857_52777239.maf
ssa19	LG05	10316818	10316844	ssa19_52775857_52777239.maf
ssa19	LG05	10316900	10316956	ssa19_52775857_52777239.maf
ssa19	LG05	10317088	10317111	ssa19_52775857_52777239.maf
ssa19	LG05	10317210	10317262	ssa19_52775857_52777239.maf
ssa19	LG05	10317263	10317279	ssa19_52775857_52777239.maf
ssa19	LG05	10317279	10317290	ssa19_52775857_52777239.maf
ssa19	LG05	10236520	10236543	ssa19_52882786_52883665.maf
ssa19	LG05	10236543	10236575	ssa19_52882786_52883665.maf
ssa19	LG05	10236581	10236593	ssa19_52882786_52883665.maf
ssa19	LG05	10237191	10237205	ssa19_52882786_52883665.maf
ssa19	LG05	10159965	10159980	ssa19_52994337_52994818.maf
ssa19	LG05	10159980	10160011	ssa19_52994337_52994818.maf
ssa19	LG05	10151446	10151457	ssa19_53002269_53002935.maf
ssa19	LG05	10151470	10151512	ssa19_53002269_53002935.maf
ssa19	LG05	10151512	10151568	ssa19_53002269_53002935.maf
ssa19	LG05	10151568	10151653	ssa19_53002269_53002935.maf
ssa19	LG05	10151715	10151743	ssa19_53002269_53002935.maf
ssa19	LG05	10151851	10151864	ssa19_53002269_53002935.maf
ssa19	LG05	10151882	10151892	ssa19_53002269_53002935.maf
ssa19	LG05	10146085	10146098	ssa19_53009777_53010705.maf
ssa19	LG05	10146106	10146136	ssa19_53009777_53010705.maf
ssa19	LG05	10146142	10146166	ssa19_53009777_53010705.maf
ssa19	LG05	10146362	10146387	ssa19_53009777_53010705.maf
ssa19	LG05	10146425	10146468	ssa19_53009777_53010705.maf
ssa19	LG05	10146732	10146757	ssa19_53009777_53010705.maf
ssa19	LG05	10146757	10146809	ssa19_53009777_53010705.maf
ssa19	LG05	10124469	10124518	ssa19_53037367_53037684.maf
ssa19	LG05	10124518	10124555	ssa19_53037367_53037684.maf
ssa19	LG05	10124559	10124595	ssa19_53037367_53037684.maf
ssa19	LG05	10043598	10043632	ssa19_53185869_53186342.maf
ssa19	LG05	10043638	10043683	ssa19_53185869_53186342.maf
ssa19	LG05	10043690	10043738	ssa19_53185869_53186342.maf
ssa19	LG05	9984360	9984495	ssa19_53265313_53265955.maf
ssa19	LG05	9790173	9790193	ssa19_53593808_53594572.maf
ssa19	LG05	9738506	9738521	ssa19_53655655_53656039.maf
ssa19	LG05	9738525	9738588	ssa19_53655655_53656039.maf
ssa19	LG05	9738621	9738653	ssa19_53655655_53656039.maf
ssa19	LG05	9738653	9738761	ssa19_53655655_53656039.maf
ssa19	LG05	9651657	9651679	ssa19_53754387_53755062.maf
ssa19	LG05	9651708	9651736	ssa19_53754387_53755062.maf
ssa19	LG05	9626673	9626712	ssa19_53787201_53787527.maf
ssa19	LG05	9626712	9626750	ssa19_53787201_53787527.maf
ssa19	LG05	9626750	9626767	ssa19_53787201_53787527.maf
ssa19	LG05	9626767	9626829	ssa19_53787201_53787527.maf
ssa19	LG05	9626830	9626841	ssa19_53787201_53787527.maf
ssa19	LG05	9605710	9605729	ssa19_53810251_53810572.maf
ssa19	LG05	9605729	9605790	ssa19_53810251_53810572.maf
ssa19	LG05	9605790	9605823	ssa19_53810251_53810572.maf
ssa19	LG05	9255589	9255610	ssa19_54313428_54313926.maf
ssa19	LG05	9239189	9239218	ssa19_54352054_54352320.maf
ssa19	LG05	9181295	9181330	ssa19_54428453_54428867.maf
ssa19	LG05	9181358	9181417	ssa19_54428453_54428867.maf
ssa19	LG05	9123589	9123612	ssa19_54523999_54524911.maf
ssa19	LG05	9123621	9123717	ssa19_54523999_54524911.maf
ssa19	LG05	9123717	9123766	ssa19_54523999_54524911.maf
ssa19	LG05	9123876	9123941	ssa19_54523999_54524911.maf
ssa19	LG05	8626991	8627049	ssa19_55249410_55250034.maf
ssa19	LG05	8627049	8627068	ssa19_55249410_55250034.maf
ssa19	LG05	8627068	8627103	ssa19_55249410_55250034.maf
ssa19	LG21	6416511	6416526	ssa19_69840105_69840322.maf
ssa19	LG21	6416528	6416543	ssa19_69840105_69840322.maf
ssa19	LG21	6805239	6805320	ssa19_70646382_70646931.maf
ssa19	LG21	6805320	6805339	ssa19_70646382_70646931.maf
ssa19	LG21	6805339	6805364	ssa19_70646382_70646931.maf
ssa19	LG21	6805364	6805393	ssa19_70646382_70646931.maf
ssa19	LG21	6809029	6809064	ssa19_70653350_70654454.maf
ssa19	LG21	6809064	6809077	ssa19_70653350_70654454.maf
ssa19	LG21	6809077	6809154	ssa19_70653350_70654454.maf
ssa19	LG21	6809154	6809167	ssa19_70653350_70654454.maf
ssa19	LG21	6806671	6806703	ssa19_70658155_70659729.maf
ssa19	LG21	6806710	6806784	ssa19_70658155_70659729.maf
ssa19	LG21	6806784	6806800	ssa19_70658155_70659729.maf
ssa19	LG21	6806914	6806924	ssa19_70658155_70659729.maf
ssa19	LG21	6806924	6806970	ssa19_70658155_70659729.maf
ssa19	LG21	6806970	6807004	ssa19_70658155_70659729.maf
ssa19	LG21	6807156	6807172	ssa19_70658155_70659729.maf
ssa19	LG21	6807172	6807209	ssa19_70658155_70659729.maf
ssa19	LG21	6817412	6817447	ssa19_70680066_70680475.maf
ssa19	LG21	6817447	6817462	ssa19_70680066_70680475.maf
ssa19	LG21	6817576	6817588	ssa19_70680066_70680475.maf
ssa19	LG21	6817588	6817608	ssa19_70680066_70680475.maf
ssa19	LG21	6817616	6817631	ssa19_70680066_70680475.maf
ssa19	LG21	6817631	6817686	ssa19_70680066_70680475.maf
ssa19	LG21	6817955	6818027	ssa19_70683141_70684131.maf
ssa19	LG21	6818027	6818069	ssa19_70683141_70684131.maf
ssa19	LG21	6818069	6818081	ssa19_70683141_70684131.maf
ssa19	LG21	6818539	6818555	ssa19_70683141_70684131.maf
ssa19	LG21	6818555	6818573	ssa19_70683141_70684131.maf
ssa19	LG21	6818573	6818654	ssa19_70683141_70684131.maf
ssa19	LG21	6851437	6851495	ssa19_70746259_70746823.maf
ssa19	LG21	6851774	6851784	ssa19_70746259_70746823.maf
ssa19	LG21	6854492	6854505	ssa19_70749243_70750187.maf
ssa19	LG21	6867686	6867782	ssa19_70762131_70763286.maf
ssa19	LG21	6867964	6867976	ssa19_70762131_70763286.maf
ssa19	LG21	6868110	6868199	ssa19_70762131_70763286.maf
ssa19	LG21	6868199	6868220	ssa19_70762131_70763286.maf
ssa19	LG21	7022401	7022420	ssa19_71000316_71001323.maf
ssa19	LG21	7022420	7022439	ssa19_71000316_71001323.maf
ssa19	LG21	7022439	7022453	ssa19_71000316_71001323.maf
ssa19	LG21	7026957	7026974	ssa19_71002851_71004224.maf
ssa19	LG21	7026974	7026986	ssa19_71002851_71004224.maf
ssa19	LG21	7026986	7026997	ssa19_71002851_71004224.maf
ssa19	LG21	7026997	7027209	ssa19_71002851_71004224.maf
ssa19	LG21	7033732	7033752	ssa19_71022908_71023447.maf
ssa19	LG21	7189497	7189509	ssa19_71309208_71309990.maf
ssa19	LG21	7189683	7189763	ssa19_71309208_71309990.maf
ssa19	LG21	7189795	7189821	ssa19_71309208_71309990.maf
ssa19	LG21	7195804	7195901	ssa19_71325286_71325836.maf
ssa19	LG21	7195901	7195943	ssa19_71325286_71325836.maf
ssa19	LG21	7207731	7207754	ssa19_71355088_71356111.maf
ssa19	LG21	7207755	7207787	ssa19_71355088_71356111.maf
ssa19	LG21	7207842	7207887	ssa19_71355088_71356111.maf
ssa19	LG21	7436482	7436529	ssa19_71862305_71863021.maf
ssa19	LG21	7597092	7597157	ssa19_72114028_72114688.maf
ssa19	LG21	7739330	7739385	ssa19_72363705_72364106.maf
ssa19	LG21	8173287	8173325	ssa19_73093949_73094709.maf
ssa19	LG21	8173325	8173382	ssa19_73093949_73094709.maf
ssa19	LG21	8173382	8173410	ssa19_73093949_73094709.maf
ssa19	LG21	8173455	8173485	ssa19_73093949_73094709.maf
ssa19	LG21	8173485	8173555	ssa19_73093949_73094709.maf
ssa19	LG21	8173555	8173605	ssa19_73093949_73094709.maf
ssa19	LG21	8218726	8218786	ssa19_73160724_73161403.maf
ssa19	LG21	8662377	8662465	ssa19_74072508_74073034.maf
ssa19	LG21	8686773	8686846	ssa19_74108409_74108721.maf
ssa19	LG21	9493317	9493339	ssa19_75307685_75308562.maf
ssa19	LG21	9493339	9493403	ssa19_75307685_75308562.maf
ssa19	LG21	9647592	9647626	ssa19_75652516_75653053.maf
ssa19	LG21	9781531	9781549	ssa19_75859401_75859924.maf
ssa19	LG21	9781569	9781584	ssa19_75859401_75859924.maf
ssa19	LG21	10038573	10038655	ssa19_76248872_76249314.maf
ssa19	LG21	10038662	10038676	ssa19_76248872_76249314.maf
ssa19	LG21	10441767	10441923	ssa19_76995412_76996207.maf
ssa19	LG21	10441923	10441957	ssa19_76995412_76996207.maf
ssa19	LG21	5885595	5885649	ssa19_8071100_8072153.maf
ssa19	LG21	5885649	5885692	ssa19_8071100_8072153.maf
ssa19	LG21	5885699	5885731	ssa19_8071100_8072153.maf
ssa19	LG21	5885764	5885826	ssa19_8071100_8072153.maf
ssa19	LG21	5885826	5885852	ssa19_8071100_8072153.maf
ssa19	LG21	5885857	5885867	ssa19_8071100_8072153.maf
ssa19	LG21	5885882	5885967	ssa19_8071100_8072153.maf
ssa19	LG21	3916843	3916858	ssa19_81057326_81057542.maf
ssa19	LG21	3916858	3916902	ssa19_81057326_81057542.maf
ssa19	LG21	3916311	3916324	ssa19_81057888_81058280.maf
ssa19	LG21	3916324	3916352	ssa19_81057888_81058280.maf
ssa19	LG21	2912366	2912428	ssa19_82367866_82368367.maf
ssa19	LG21	2954860	2954907	ssa19_82507273_82508002.maf
ssa19	LG21	2954915	2954942	ssa19_82507273_82508002.maf
ssa19	LG21	2954947	2955047	ssa19_82507273_82508002.maf
ssa19	LG21	2955072	2955084	ssa19_82507273_82508002.maf
ssa19	LG21	2956151	2956213	ssa19_82507273_82508002.maf
ssa19	LG21	2972174	2972185	ssa19_82544858_82545624.maf
ssa19	LG21	2972193	2972310	ssa19_82544858_82545624.maf
ssa19	LG21	2986565	2986606	ssa19_82579388_82580371.maf
ssa19	LG21	2986606	2986619	ssa19_82579388_82580371.maf
ssa19	LG21	2986807	2986856	ssa19_82579388_82580371.maf
ssa19	LG21	2986890	2986910	ssa19_82579388_82580371.maf
ssa19	LG21	2986943	2986954	ssa19_82579388_82580371.maf
ssa19	LG21	2987025	2987059	ssa19_82579388_82580371.maf
ssa19	LG21	2987059	2987076	ssa19_82579388_82580371.maf
ssa19	LG21	5634600	5634634	ssa19_8508786_8509538.maf
ssa19	LG21	5634634	5634679	ssa19_8508786_8509538.maf
ssa19	LG21	5635489	5635550	ssa19_8508786_8509538.maf
ssa19	LG21	5624800	5624851	ssa19_8529815_8530430.maf
ssa19	LG21	1610702	1610825	ssa19_85712093_85712605.maf
ssa19	LG21	1589766	1589890	ssa19_85867260_85867653.maf
ssa19	LG21	1588853	1588881	ssa19_85872041_85872752.maf
ssa19	LG21	1588888	1588922	ssa19_85872041_85872752.maf
ssa19	LG21	1589011	1589093	ssa19_85872041_85872752.maf
ssa19	LG21	1573404	1573483	ssa19_85912039_85912450.maf
ssa19	LG21	1550020	1550085	ssa19_86047767_86048448.maf
ssa19	LG21	1550085	1550106	ssa19_86047767_86048448.maf
ssa19	LG21	1550843	1550866	ssa19_86047767_86048448.maf
ssa19	LG21	1550899	1550993	ssa19_86047767_86048448.maf
ssa19	LG21	1550993	1551044	ssa19_86047767_86048448.maf
ssa19	LG21	1531326	1531347	ssa19_86096879_86097290.maf
ssa19	LG21	1531347	1531429	ssa19_86096879_86097290.maf
ssa19	LG21	1399074	1399104	ssa19_86418552_86419588.maf
ssa19	LG21	1399125	1399259	ssa19_86418552_86419588.maf
ssa19	LG21	1399733	1399770	ssa19_86418552_86419588.maf
ssa19	LG21	1388202	1388222	ssa19_86433754_86434954.maf
ssa19	LG21	1388282	1388328	ssa19_86433754_86434954.maf
ssa19	LG21	1388354	1388366	ssa19_86433754_86434954.maf
ssa19	LG21	1388464	1388749	ssa19_86433754_86434954.maf
ssa19	LG21	1388787	1388859	ssa19_86433754_86434954.maf
ssa19	LG21	1388978	1389023	ssa19_86433754_86434954.maf
ssa19	LG21	1389032	1389056	ssa19_86433754_86434954.maf
ssa19	LG21	1389056	1389099	ssa19_86433754_86434954.maf
ssa19	LG21	1389099	1389111	ssa19_86433754_86434954.maf
ssa19	LG21	5556187	5556230	ssa19_8648905_8649559.maf
ssa19	LG21	5557082	5557092	ssa19_8648905_8649559.maf
ssa19	LG21	5557102	5557141	ssa19_8648905_8649559.maf
ssa19	LG21	5557143	5557155	ssa19_8648905_8649559.maf
ssa19	LG21	5557155	5557172	ssa19_8648905_8649559.maf
ssa19	LG21	1363853	1363873	ssa19_86509888_86510447.maf
ssa19	LG21	1363873	1363885	ssa19_86509888_86510447.maf
ssa19	LG21	1363927	1363953	ssa19_86509888_86510447.maf
ssa19	LG21	1363953	1364014	ssa19_86509888_86510447.maf
ssa19	LG21	1364023	1364044	ssa19_86509888_86510447.maf
ssa19	LG21	1364044	1364055	ssa19_86509888_86510447.maf
ssa19	LG21	1235730	1235743	ssa19_86873474_86874349.maf
ssa19	LG21	5257047	5257096	ssa19_9195443_9196010.maf
ssa19	LG21	5196884	5196916	ssa19_9292851_9294836.maf
ssa19	LG21	5197271	5197282	ssa19_9292851_9294836.maf
ssa19	LG21	5197411	5197508	ssa19_9292851_9294836.maf
ssa19	LG21	5197890	5197961	ssa19_9292851_9294836.maf
ssa19	LG21	5198291	5198307	ssa19_9292851_9294836.maf
ssa19	LG21	4805717	4805808	ssa19_9866263_9866827.maf
ssa01	LG15	8556532	8556564	ssa1_1002551_1002990.maf
ssa01	LG05	7913670	7913684	ssa1_101277326_101277836.maf
ssa01	LG05	7913749	7913767	ssa1_101277326_101277836.maf
ssa01	LG05	7913880	7913904	ssa1_101277326_101277836.maf
ssa01	LG05	7913904	7913937	ssa1_101277326_101277836.maf
ssa01	LG05	7913937	7913950	ssa1_101277326_101277836.maf
ssa01	LG05	6400064	6400084	ssa1_104306341_104306714.maf
ssa01	LG05	6400085	6400191	ssa1_104306341_104306714.maf
ssa01	LG05	6400191	6400210	ssa1_104306341_104306714.maf
ssa01	LG05	6042197	6042286	ssa1_105285144_105286011.maf
ssa01	LG05	6042286	6042310	ssa1_105285144_105286011.maf
ssa01	LG06	7689956	7690034	ssa1_109916599_109917502.maf
ssa01	LG06	7720688	7720726	ssa1_109974934_109975517.maf
ssa01	LG06	7720726	7720737	ssa1_109974934_109975517.maf
ssa01	LG06	7795136	7795176	ssa1_110061830_110062932.maf
ssa01	LG06	7862055	7862125	ssa1_110215311_110216219.maf
ssa01	LG06	5339666	5339688	ssa1_113182255_113183533.maf
ssa01	LG15	3385316	3385423	ssa1_11370730_11371530.maf
ssa01	LG06	6713913	6713930	ssa1_116072912_116073547.maf
ssa01	LG06	6590814	6590853	ssa1_116509419_116510315.maf
ssa01	LG06	6590853	6590902	ssa1_116509419_116510315.maf
ssa01	LG06	6590902	6590932	ssa1_116509419_116510315.maf
ssa01	LG15	2966444	2966480	ssa1_12268398_12269500.maf
ssa01	LG15	2966514	2966589	ssa1_12268398_12269500.maf
ssa01	LG15	2966966	2966981	ssa1_12268398_12269500.maf
ssa01	LG15	2967042	2967078	ssa1_12268398_12269500.maf
ssa01	LG15	2967210	2967240	ssa1_12268398_12269500.maf
ssa01	LG15	2967240	2967257	ssa1_12268398_12269500.maf
ssa01	LG15	2938023	2938042	ssa1_12310876_12311477.maf
ssa01	LG15	2938132	2938297	ssa1_12310876_12311477.maf
ssa01	LG15	2936595	2936620	ssa1_12312433_12312742.maf
ssa01	LG15	2936620	2936638	ssa1_12312433_12312742.maf
ssa01	LG15	2936679	2936715	ssa1_12312433_12312742.maf
ssa01	LG15	2936715	2936748	ssa1_12312433_12312742.maf
ssa01	LG15	2928037	2928062	ssa1_12321666_12322091.maf
ssa01	LG15	2928297	2928319	ssa1_12321666_12322091.maf
ssa01	LG15	2928319	2928348	ssa1_12321666_12322091.maf
ssa01	LG14	33111215	33111281	ssa1_123457502_123458299.maf
ssa01	LG14	33094742	33094785	ssa1_123507651_123507938.maf
ssa01	LG14	33062942	33062954	ssa1_123556682_123557724.maf
ssa01	LG14	33062954	33063021	ssa1_123556682_123557724.maf
ssa01	LG14	33063435	33063474	ssa1_123556682_123557724.maf
ssa01	LG14	33063474	33063509	ssa1_123556682_123557724.maf
ssa01	LG14	33033822	33033858	ssa1_123611677_123613117.maf
ssa01	LG14	33033858	33033895	ssa1_123611677_123613117.maf
ssa01	LG14	33033896	33033914	ssa1_123611677_123613117.maf
ssa01	LG14	33033922	33033933	ssa1_123611677_123613117.maf
ssa01	LG14	33033945	33033957	ssa1_123611677_123613117.maf
ssa01	LG14	33033957	33033967	ssa1_123611677_123613117.maf
ssa01	LG14	33033967	33033987	ssa1_123611677_123613117.maf
ssa01	LG14	33033987	33033997	ssa1_123611677_123613117.maf
ssa01	LG14	33034006	33034116	ssa1_123611677_123613117.maf
ssa01	LG14	33034120	33034145	ssa1_123611677_123613117.maf
ssa01	LG14	33034230	33034290	ssa1_123611677_123613117.maf
ssa01	LG14	33001302	33001317	ssa1_123678000_123678761.maf
ssa01	LG14	33001317	33001333	ssa1_123678000_123678761.maf
ssa01	LG14	33001351	33001367	ssa1_123678000_123678761.maf
ssa01	LG14	33001950	33001967	ssa1_123678000_123678761.maf
ssa01	LG14	33001986	33002070	ssa1_123678000_123678761.maf
ssa01	LG14	32993266	32993412	ssa1_123688251_123688594.maf
ssa01	LG14	32991033	32991092	ssa1_123690499_123690891.maf
ssa01	LG14	32991092	32991142	ssa1_123690499_123690891.maf
ssa01	LG14	32988461	32988480	ssa1_123693175_123693351.maf
ssa01	LG14	32939162	32939212	ssa1_123756193_123756995.maf
ssa01	LG14	32939212	32939230	ssa1_123756193_123756995.maf
ssa01	LG14	32477100	32477125	ssa1_124320009_124320518.maf
ssa01	LG14	32477277	32477361	ssa1_124320009_124320518.maf
ssa01	LG15	2798936	2798964	ssa1_12516937_12517412.maf
ssa01	LG15	2799298	2799309	ssa1_12516937_12517412.maf
ssa01	LG15	2799469	2799498	ssa1_12516937_12517412.maf
ssa01	LG15	2797073	2797101	ssa1_12518196_12519026.maf
ssa01	LG15	2797101	2797283	ssa1_12518196_12519026.maf
ssa01	LG15	2797331	2797403	ssa1_12518196_12519026.maf
ssa01	LG15	2797495	2797556	ssa1_12518196_12519026.maf
ssa01	LG15	2797691	2797763	ssa1_12518196_12519026.maf
ssa01	LG14	31514175	31514193	ssa1_125557234_125557626.maf
ssa01	LG14	31514193	31514238	ssa1_125557234_125557626.maf
ssa01	LG14	31508592	31508636	ssa1_125564740_125565514.maf
ssa01	LG14	31508656	31508693	ssa1_125564740_125565514.maf
ssa01	LG14	30888487	30888559	ssa1_126375746_126376238.maf
ssa01	LG14	30868255	30868357	ssa1_126401799_126402002.maf
ssa01	LG14	30001428	30001440	ssa1_127387448_127387827.maf
ssa01	LG14	30001440	30001462	ssa1_127387448_127387827.maf
ssa01	LG14	29102308	29102363	ssa1_128615321_128616144.maf
ssa01	LG14	29013652	29013804	ssa1_128703918_128705215.maf
ssa01	LG15	2528483	2528501	ssa1_12896226_12897089.maf
ssa01	LG15	2528505	2528535	ssa1_12896226_12897089.maf
ssa01	LG15	2528603	2528681	ssa1_12896226_12897089.maf
ssa01	LG14	28788214	28788293	ssa1_129002278_129003119.maf
ssa01	LG14	28788302	28788341	ssa1_129002278_129003119.maf
ssa01	LG14	28788408	28788469	ssa1_129002278_129003119.maf
ssa01	LG14	28788517	28788534	ssa1_129002278_129003119.maf
ssa01	LG14	28788534	28788551	ssa1_129002278_129003119.maf
ssa01	LG14	28788560	28788594	ssa1_129002278_129003119.maf
ssa01	LG14	28660363	28660474	ssa1_129198842_129199544.maf
ssa01	LG14	28660649	28660732	ssa1_129198842_129199544.maf
ssa01	LG14	28647969	28647995	ssa1_129211670_129213319.maf
ssa01	LG14	28647995	28648010	ssa1_129211670_129213319.maf
ssa01	LG14	28648010	28648035	ssa1_129211670_129213319.maf
ssa01	LG14	28648035	28648046	ssa1_129211670_129213319.maf
ssa01	LG14	28648079	28648091	ssa1_129211670_129213319.maf
ssa01	LG14	28639313	28639351	ssa1_129223426_129224248.maf
ssa01	LG14	28639351	28639363	ssa1_129223426_129224248.maf
ssa01	LG14	28213530	28213561	ssa1_129684456_129685096.maf
ssa01	LG14	28088142	28088246	ssa1_129943364_129944192.maf
ssa01	LG14	28088246	28088258	ssa1_129943364_129944192.maf
ssa01	LG14	27364223	27364235	ssa1_130568974_130569273.maf
ssa01	LG14	27364238	27364254	ssa1_130568974_130569273.maf
ssa01	LG14	27364254	27364287	ssa1_130568974_130569273.maf
ssa01	LG14	27364287	27364310	ssa1_130568974_130569273.maf
ssa01	LG14	27176146	27176213	ssa1_130816332_130817394.maf
ssa01	LG14	27176213	27176233	ssa1_130816332_130817394.maf
ssa01	LG14	26860317	26860373	ssa1_131204681_131204942.maf
ssa01	LG14	26860392	26860407	ssa1_131204681_131204942.maf
ssa01	LG14	26463597	26463624	ssa1_131659469_131659954.maf
ssa01	LG14	26463624	26463817	ssa1_131659469_131659954.maf
ssa01	LG14	26463817	26463828	ssa1_131659469_131659954.maf
ssa01	LG14	26462795	26462844	ssa1_131660637_131661495.maf
ssa01	LG14	26462844	26462855	ssa1_131660637_131661495.maf
ssa01	LG14	26462859	26462869	ssa1_131660637_131661495.maf
ssa01	LG14	26297551	26297640	ssa1_131916168_131916764.maf
ssa01	LG14	26297683	26297761	ssa1_131916168_131916764.maf
ssa01	LG14	25927048	25927060	ssa1_132353787_132354295.maf
ssa01	LG14	25927060	25927077	ssa1_132353787_132354295.maf
ssa01	LG14	25927077	25927091	ssa1_132353787_132354295.maf
ssa01	LG14	25927091	25927180	ssa1_132353787_132354295.maf
ssa01	LG14	25927189	25927208	ssa1_132353787_132354295.maf
ssa01	LG14	25927315	25927448	ssa1_132353787_132354295.maf
ssa01	LG14	25858794	25858804	ssa1_132430913_132431434.maf
ssa01	LG14	25858833	25858882	ssa1_132430913_132431434.maf
ssa01	LG14	25805809	25805827	ssa1_132497587_132498073.maf
ssa01	LG14	25805840	25805856	ssa1_132497587_132498073.maf
ssa01	LG14	25805856	25805980	ssa1_132497587_132498073.maf
ssa01	LG14	25805980	25806019	ssa1_132497587_132498073.maf
ssa01	LG14	25806019	25806080	ssa1_132497587_132498073.maf
ssa01	LG14	25780534	25780578	ssa1_132524049_132524692.maf
ssa01	LG14	25780713	25780723	ssa1_132524049_132524692.maf
ssa01	LG14	25780735	25780746	ssa1_132524049_132524692.maf
ssa01	LG14	25780762	25780788	ssa1_132524049_132524692.maf
ssa01	LG14	25778895	25778920	ssa1_132526874_132527986.maf
ssa01	LG14	25778981	25779070	ssa1_132526874_132527986.maf
ssa01	LG14	25779070	25779089	ssa1_132526874_132527986.maf
ssa01	LG14	25750303	25750329	ssa1_132558167_132558761.maf
ssa01	LG14	25750383	25750393	ssa1_132558167_132558761.maf
ssa01	LG14	25750393	25750431	ssa1_132558167_132558761.maf
ssa01	LG14	25721978	25722003	ssa1_132596307_132597280.maf
ssa01	LG14	25722003	25722068	ssa1_132596307_132597280.maf
ssa01	LG14	25722097	25722111	ssa1_132596307_132597280.maf
ssa01	LG14	25722219	25722256	ssa1_132596307_132597280.maf
ssa01	LG14	25722624	25722754	ssa1_132596307_132597280.maf
ssa01	LG14	25658421	25658558	ssa1_132678414_132678860.maf
ssa01	LG14	25475503	25475520	ssa1_133002744_133003479.maf
ssa01	LG14	25475520	25475531	ssa1_133002744_133003479.maf
ssa01	LG14	25475531	25475580	ssa1_133002744_133003479.maf
ssa01	LG14	25179105	25179210	ssa1_133352979_133353483.maf
ssa01	LG14	25179320	25179393	ssa1_133352979_133353483.maf
ssa01	LG14	25084159	25084327	ssa1_133489091_133490121.maf
ssa01	LG14	25055960	25056054	ssa1_133535751_133536285.maf
ssa01	LG14	24990170	24990339	ssa1_133623796_133624282.maf
ssa01	LG14	24630964	24631061	ssa1_134021884_134023035.maf
ssa01	LG14	24620235	24620273	ssa1_134031314_134031575.maf
ssa01	LG14	24010036	24010049	ssa1_134801110_134801725.maf
ssa01	LG14	23619933	23619945	ssa1_135349083_135349807.maf
ssa01	LG14	23619945	23619957	ssa1_135349083_135349807.maf
ssa01	LG14	23619957	23619991	ssa1_135349083_135349807.maf
ssa01	LG14	23547007	23547092	ssa1_135428584_135429221.maf
ssa01	LG14	23099685	23099881	ssa1_135964685_135965285.maf
ssa01	LG14	23099881	23099904	ssa1_135964685_135965285.maf
ssa01	LG14	22940383	22940413	ssa1_136090863_136091779.maf
ssa01	LG14	22814963	22815090	ssa1_136184913_136185486.maf
ssa01	LG14	22395065	22395081	ssa1_136815280_136816550.maf
ssa01	LG14	22395132	22395161	ssa1_136815280_136816550.maf
ssa01	LG14	22373994	22374084	ssa1_136841142_136841620.maf
ssa01	LG14	22374084	22374132	ssa1_136841142_136841620.maf
ssa01	LG14	22317634	22317712	ssa1_136913161_136913854.maf
ssa01	LG14	22317712	22317734	ssa1_136913161_136913854.maf
ssa01	LG14	22317759	22317775	ssa1_136913161_136913854.maf
ssa01	LG14	22016236	22016257	ssa1_137347735_137348839.maf
ssa01	LG14	21949348	21949448	ssa1_137436797_137437068.maf
ssa01	LG14	21938302	21938321	ssa1_137448132_137448476.maf
ssa01	LG14	21932081	21932168	ssa1_137453095_137453686.maf
ssa01	LG14	21839590	21839662	ssa1_137603070_137603572.maf
ssa01	LG14	21791663	21791689	ssa1_137678639_137678994.maf
ssa01	LG14	21720544	21720595	ssa1_137860859_137861494.maf
ssa01	LG14	21720595	21720627	ssa1_137860859_137861494.maf
ssa01	LG14	21234389	21234512	ssa1_138577164_138577915.maf
ssa01	LG14	21043942	21044011	ssa1_138867693_138868215.maf
ssa01	LG14	20728665	20728794	ssa1_139310275_139310756.maf
ssa01	LG14	20728794	20728812	ssa1_139310275_139310756.maf
ssa01	LG14	20728812	20728833	ssa1_139310275_139310756.maf
ssa01	LG14	20708883	20708925	ssa1_139320840_139321515.maf
ssa01	LG14	20708925	20708935	ssa1_139320840_139321515.maf
ssa01	LG14	19592072	19592220	ssa1_140742639_140742933.maf
ssa01	LG14	19592220	19592254	ssa1_140742639_140742933.maf
ssa01	LG14	19592254	19592285	ssa1_140742639_140742933.maf
ssa01	LG14	19592302	19592316	ssa1_140742639_140742933.maf
ssa01	LG14	19592316	19592335	ssa1_140742639_140742933.maf
ssa01	LG14	19592335	19592345	ssa1_140742639_140742933.maf
ssa01	LG14	19371543	19371642	ssa1_141141308_141141995.maf
ssa01	LG14	19346816	19346918	ssa1_141170708_141171602.maf
ssa01	LG14	19179636	19179646	ssa1_141434975_141435462.maf
ssa01	LG14	19179650	19179690	ssa1_141434975_141435462.maf
ssa01	LG14	19179785	19179815	ssa1_141434975_141435462.maf
ssa01	LG14	19179912	19179926	ssa1_141434975_141435462.maf
ssa01	LG14	19179932	19179949	ssa1_141434975_141435462.maf
ssa01	LG14	19034041	19034106	ssa1_141605568_141606247.maf
ssa01	LG14	19034116	19034133	ssa1_141605568_141606247.maf
ssa01	LG14	19034614	19034685	ssa1_141605568_141606247.maf
ssa01	LG14	19034685	19034704	ssa1_141605568_141606247.maf
ssa01	LG14	18971787	18971815	ssa1_141667498_141668176.maf
ssa01	LG14	18971816	18971836	ssa1_141667498_141668176.maf
ssa01	LG14	18971836	18971864	ssa1_141667498_141668176.maf
ssa01	LG14	16295088	16295168	ssa1_145681959_145682990.maf
ssa01	LG14	16126918	16126942	ssa1_145968781_145970171.maf
ssa01	LG14	16127083	16127097	ssa1_145968781_145970171.maf
ssa01	LG14	15271946	15272202	ssa1_147500105_147500946.maf
ssa01	LG14	15258216	15258227	ssa1_147524204_147524700.maf
ssa01	LG14	15258227	15258242	ssa1_147524204_147524700.maf
ssa01	LG14	15258242	15258257	ssa1_147524204_147524700.maf
ssa01	LG14	15258257	15258268	ssa1_147524204_147524700.maf
ssa01	LG14	15258268	15258355	ssa1_147524204_147524700.maf
ssa01	LG14	15258355	15258393	ssa1_147524204_147524700.maf
ssa01	LG14	15045819	15045875	ssa1_147880424_147881062.maf
ssa01	LG14	15045875	15045947	ssa1_147880424_147881062.maf
ssa01	LG14	15045947	15045964	ssa1_147880424_147881062.maf
ssa01	LG15	1630121	1630179	ssa1_14792748_14793115.maf
ssa01	LG15	1630179	1630234	ssa1_14792748_14793115.maf
ssa01	LG15	1630242	1630275	ssa1_14792748_14793115.maf
ssa01	LG15	1630275	1630285	ssa1_14792748_14793115.maf
ssa01	LG15	1630291	1630305	ssa1_14792748_14793115.maf
ssa01	LG14	14764583	14764703	ssa1_148326059_148326876.maf
ssa01	LG14	14764790	14764811	ssa1_148326059_148326876.maf
ssa01	LG15	1589832	1589913	ssa1_14870331_14871080.maf
ssa01	LG15	1589913	1589950	ssa1_14870331_14871080.maf
ssa01	LG15	1590231	1590313	ssa1_14870331_14871080.maf
ssa01	LG14	14358173	14358252	ssa1_148957733_148958448.maf
ssa01	LG14	13851350	13851391	ssa1_149625599_149626341.maf
ssa01	LG15	1522766	1522778	ssa1_14966527_14967623.maf
ssa01	LG15	1522778	1522791	ssa1_14966527_14967623.maf
ssa01	LG15	1522791	1522807	ssa1_14966527_14967623.maf
ssa01	LG15	1522884	1522940	ssa1_14966527_14967623.maf
ssa01	LG15	1523385	1523430	ssa1_14966527_14967623.maf
ssa01	LG14	13026988	13027013	ssa1_150891584_150892367.maf
ssa01	LG14	13027348	13027369	ssa1_150891584_150892367.maf
ssa01	LG14	12952721	12952768	ssa1_150997532_150998828.maf
ssa01	LG14	12705501	12705534	ssa1_151487948_151489303.maf
ssa01	LG14	12705832	12705920	ssa1_151487948_151489303.maf
ssa01	LG14	12705920	12705947	ssa1_151487948_151489303.maf
ssa01	LG14	12318584	12318604	ssa1_152271877_152272464.maf
ssa01	LG14	12318604	12318635	ssa1_152271877_152272464.maf
ssa01	LG14	12318636	12318652	ssa1_152271877_152272464.maf
ssa01	LG14	11953867	11953908	ssa1_152916336_152917760.maf
ssa01	LG14	11954567	11954627	ssa1_152916336_152917760.maf
ssa01	LG14	11954742	11954828	ssa1_152916336_152917760.maf
ssa01	LG14	11836932	11836990	ssa1_153153873_153154626.maf
ssa01	LG14	11836990	11837093	ssa1_153153873_153154626.maf
ssa01	LG14	11837093	11837121	ssa1_153153873_153154626.maf
ssa01	LG14	11784714	11784740	ssa1_153226519_153227238.maf
ssa01	LG14	11784740	11784752	ssa1_153226519_153227238.maf
ssa01	LG14	11784752	11784804	ssa1_153226519_153227238.maf
ssa01	LG14	11784806	11784821	ssa1_153226519_153227238.maf
ssa01	LG14	11784821	11784922	ssa1_153226519_153227238.maf
ssa01	LG14	11744504	11744552	ssa1_153299735_153301564.maf
ssa01	LG14	11744963	11744977	ssa1_153299735_153301564.maf
ssa01	LG14	11745028	11745119	ssa1_153299735_153301564.maf
ssa01	LG14	11746207	11746291	ssa1_153299735_153301564.maf
ssa01	LG14	11458258	11458464	ssa1_153773187_153773774.maf
ssa01	LG14	11420907	11421003	ssa1_153830176_153830501.maf
ssa01	LG14	11421003	11421027	ssa1_153830176_153830501.maf
ssa01	LG14	11421027	11421055	ssa1_153830176_153830501.maf
ssa01	LG14	11421063	11421088	ssa1_153830176_153830501.maf
ssa01	LG14	11383402	11383457	ssa1_153880830_153881242.maf
ssa01	LG14	11383457	11383481	ssa1_153880830_153881242.maf
ssa01	LG14	11383481	11383502	ssa1_153880830_153881242.maf
ssa01	LG14	11337467	11337579	ssa1_153939852_153940119.maf
ssa01	LG14	11337579	11337605	ssa1_153939852_153940119.maf
ssa01	LG14	11310778	11310809	ssa1_153981846_153982087.maf
ssa01	LG14	11310809	11310871	ssa1_153981846_153982087.maf
ssa01	LG14	11310912	11310923	ssa1_153981846_153982087.maf
ssa01	LG15	1315094	1315119	ssa1_15400975_15401264.maf
ssa01	LG15	1315121	1315146	ssa1_15400975_15401264.maf
ssa01	LG14	11219865	11219919	ssa1_154124718_154126358.maf
ssa01	LG14	11219926	11220074	ssa1_154124718_154126358.maf
ssa01	LG14	10853618	10853628	ssa1_154659070_154659902.maf
ssa01	LG14	10853684	10853699	ssa1_154659070_154659902.maf
ssa01	LG14	10854248	10854314	ssa1_154659070_154659902.maf
ssa01	LG14	10822801	10822819	ssa1_154742406_154743474.maf
ssa01	LG14	10822819	10822829	ssa1_154742406_154743474.maf
ssa01	LG14	10802018	10802039	ssa1_154772137_154773257.maf
ssa01	LG14	10802039	10802090	ssa1_154772137_154773257.maf
ssa01	LG14	10678211	10678258	ssa1_154983831_154984539.maf
ssa01	LG14	10678297	10678336	ssa1_154983831_154984539.maf
ssa01	LG14	10678342	10678390	ssa1_154983831_154984539.maf
ssa01	LG14	10432859	10432875	ssa1_155359276_155359617.maf
ssa01	LG14	10432878	10432888	ssa1_155359276_155359617.maf
ssa01	LG14	9422223	9422240	ssa1_157731313_157731895.maf
ssa01	LG14	9422248	9422346	ssa1_157731313_157731895.maf
ssa01	LG14	9422356	9422370	ssa1_157731313_157731895.maf
ssa01	LG14	9314813	9314849	ssa1_157951403_157952330.maf
ssa01	LG14	9267665	9267756	ssa1_158093113_158093494.maf
ssa01	LG14	9267756	9267848	ssa1_158093113_158093494.maf
ssa01	LG14	8968439	8968470	ssa1_158639625_158640486.maf
ssa01	LG14	8968470	8968508	ssa1_158639625_158640486.maf
ssa01	LG14	8968508	8968551	ssa1_158639625_158640486.maf
ssa01	LG14	8859259	8859282	ssa1_158881429_158882167.maf
ssa01	LG14	8724264	8724382	ssa1_159140579_159141998.maf
ssa01	LG14	8724680	8724761	ssa1_159140579_159141998.maf
ssa01	LG15	1038324	1038373	ssa1_15924797_15926244.maf
ssa01	LG15	1038373	1038456	ssa1_15924797_15926244.maf
ssa01	LG14	8242907	8242926	ssa1_159559311_159560493.maf
ssa01	LG14	8116292	8116350	ssa1_159811921_159812362.maf
ssa01	LG15	1024455	1024533	ssa1_16019349_16020547.maf
ssa01	LG15	1025089	1025149	ssa1_16019349_16020547.maf
ssa01	LG15	1006715	1006737	ssa1_16043359_16044026.maf
ssa01	LG15	1006737	1006751	ssa1_16043359_16044026.maf
ssa01	LG15	1006753	1006768	ssa1_16043359_16044026.maf
ssa01	LG15	1006849	1006860	ssa1_16043359_16044026.maf
ssa01	LG15	1006861	1006908	ssa1_16043359_16044026.maf
ssa01	LG15	1006908	1006937	ssa1_16043359_16044026.maf
ssa01	LG14	8035762	8035864	ssa1_160598184_160598740.maf
ssa01	LG14	7968988	7969097	ssa1_160738059_160738739.maf
ssa01	LG14	7969097	7969183	ssa1_160738059_160738739.maf
ssa01	LG14	7931422	7931438	ssa1_160785289_160786077.maf
ssa01	LG14	7931456	7931497	ssa1_160785289_160786077.maf
ssa01	LG14	7931550	7931598	ssa1_160785289_160786077.maf
ssa01	LG14	7931675	7931686	ssa1_160785289_160786077.maf
ssa01	LG14	7909259	7909311	ssa1_160812881_160814636.maf
ssa01	LG14	7750649	7750690	ssa1_161094301_161094883.maf
ssa01	LG14	7750690	7750737	ssa1_161094301_161094883.maf
ssa01	LG14	7531489	7531555	ssa1_161445341_161446281.maf
ssa01	LG14	7531595	7531610	ssa1_161445341_161446281.maf
ssa01	LG14	7531834	7531862	ssa1_161445341_161446281.maf
ssa01	LG14	7482157	7482259	ssa1_161498911_161500148.maf
ssa01	LG14	7472565	7472642	ssa1_161518551_161518958.maf
ssa01	LG14	7472658	7472694	ssa1_161518551_161518958.maf
ssa01	LG14	7472694	7472706	ssa1_161518551_161518958.maf
ssa01	LG14	6932821	6932896	ssa1_162889719_162890113.maf
ssa01	LG15	827691	827774	ssa1_16311633_16312324.maf
ssa01	LG23	2682735	2682779	ssa1_168375704_168376268.maf
ssa01	LG23	2514599	2514674	ssa1_168783115_168783970.maf
ssa01	LG23	2514674	2514696	ssa1_168783115_168783970.maf
ssa01	LG23	2514745	2514870	ssa1_168783115_168783970.maf
ssa01	LG23	2466666	2466679	ssa1_168906634_168907820.maf
ssa01	LG23	2466679	2466771	ssa1_168906634_168907820.maf
ssa01	LG23	2466785	2466797	ssa1_168906634_168907820.maf
ssa01	LG23	2448331	2448405	ssa1_168940857_168942001.maf
ssa01	LG23	2443485	2443514	ssa1_168951105_168951346.maf
ssa01	LG23	2437236	2437248	ssa1_168969196_168970035.maf
ssa01	LG23	2437320	2437398	ssa1_168969196_168970035.maf
ssa01	LG23	2437440	2437466	ssa1_168969196_168970035.maf
ssa01	LG23	2435953	2435970	ssa1_168976089_168976801.maf
ssa01	LG23	2435970	2436011	ssa1_168976089_168976801.maf
ssa01	LG23	2381993	2382009	ssa1_169235073_169235458.maf
ssa01	LG23	2382009	2382086	ssa1_169235073_169235458.maf
ssa01	LG23	2382099	2382129	ssa1_169235073_169235458.maf
ssa01	LG23	2382129	2382144	ssa1_169235073_169235458.maf
ssa01	LG23	2377781	2377839	ssa1_169239517_169240312.maf
ssa01	LG23	2377935	2377952	ssa1_169239517_169240312.maf
ssa01	LG23	1257032	1257201	ssa1_172242342_172243245.maf
ssa01	LG23	562481	562522	ssa1_173137204_173138497.maf
ssa01	LG15	83750	83825	ssa1_17563086_17563818.maf
ssa01	LG15	9006394	9006421	ssa1_18029218_18029726.maf
ssa01	LG15	9006469	9006487	ssa1_18029218_18029726.maf
ssa01	LG15	9230511	9230550	ssa1_18462400_18463278.maf
ssa01	LG15	9230550	9230572	ssa1_18462400_18463278.maf
ssa01	LG15	9254601	9254618	ssa1_18492459_18493548.maf
ssa01	LG15	9254690	9254709	ssa1_18492459_18493548.maf
ssa01	LG15	9254709	9254783	ssa1_18492459_18493548.maf
ssa01	LG15	9257295	9257377	ssa1_18495358_18495881.maf
ssa01	LG15	9288455	9288608	ssa1_18540579_18541733.maf
ssa01	LG15	9302026	9302036	ssa1_18555061_18555690.maf
ssa01	LG15	9363751	9363761	ssa1_18645559_18646829.maf
ssa01	LG15	9363761	9363822	ssa1_18645559_18646829.maf
ssa01	LG15	9872727	9872771	ssa1_19608664_19608978.maf
ssa01	LG15	9872772	9872795	ssa1_19608664_19608978.maf
ssa01	LG15	10137024	10137068	ssa1_20077067_20077650.maf
ssa01	LG15	10137169	10137230	ssa1_20077067_20077650.maf
ssa01	LG15	10137235	10137262	ssa1_20077067_20077650.maf
ssa01	LG15	10182726	10182738	ssa1_20144422_20144959.maf
ssa01	LG15	10182738	10182778	ssa1_20144422_20144959.maf
ssa01	LG15	10182778	10182867	ssa1_20144422_20144959.maf
ssa01	LG15	10182876	10182888	ssa1_20144422_20144959.maf
ssa01	LG15	10182893	10182906	ssa1_20144422_20144959.maf
ssa01	LG15	10182906	10182918	ssa1_20144422_20144959.maf
ssa01	LG15	10206482	10206509	ssa1_20182577_20183689.maf
ssa01	LG15	10311298	10311333	ssa1_20376826_20377328.maf
ssa01	LG15	10346270	10346281	ssa1_20409894_20410306.maf
ssa01	LG15	10346284	10346364	ssa1_20409894_20410306.maf
ssa01	LG15	10459266	10459318	ssa1_20587312_20587912.maf
ssa01	LG15	10545361	10545412	ssa1_20750325_20751019.maf
ssa01	LG15	10545412	10545433	ssa1_20750325_20751019.maf
ssa01	LG15	10908704	10908754	ssa1_21350209_21351139.maf
ssa01	LG15	10974866	10974893	ssa1_21456109_21456847.maf
ssa01	LG15	10974893	10974927	ssa1_21456109_21456847.maf
ssa01	LG15	10974932	10975047	ssa1_21456109_21456847.maf
ssa01	LG15	11112960	11113097	ssa1_21719574_21719964.maf
ssa01	LG15	11113121	11113132	ssa1_21719574_21719964.maf
ssa01	LG15	11113132	11113153	ssa1_21719574_21719964.maf
ssa01	LG15	11113153	11113164	ssa1_21719574_21719964.maf
ssa01	LG15	11164456	11164474	ssa1_21788031_21788472.maf
ssa01	LG15	11212095	11212120	ssa1_21862796_21863048.maf
ssa01	LG15	11212120	11212159	ssa1_21862796_21863048.maf
ssa01	LG15	11358803	11358831	ssa1_22115558_22115895.maf
ssa01	LG15	11358836	11358872	ssa1_22115558_22115895.maf
ssa01	LG15	11421271	11421336	ssa1_22218478_22218826.maf
ssa01	LG15	11421336	11421350	ssa1_22218478_22218826.maf
ssa01	LG15	11421353	11421375	ssa1_22218478_22218826.maf
ssa01	LG15	11421375	11421400	ssa1_22218478_22218826.maf
ssa01	LG15	11421402	11421419	ssa1_22218478_22218826.maf
ssa01	LG15	11421426	11421473	ssa1_22218478_22218826.maf
ssa01	LG15	11421478	11421492	ssa1_22218478_22218826.maf
ssa01	LG15	11421492	11421542	ssa1_22218478_22218826.maf
ssa01	LG15	11421545	11421562	ssa1_22218478_22218826.maf
ssa01	LG15	11421562	11421574	ssa1_22218478_22218826.maf
ssa01	LG15	11482057	11482069	ssa1_22282960_22283595.maf
ssa01	LG15	11482099	11482238	ssa1_22282960_22283595.maf
ssa01	LG15	11482238	11482310	ssa1_22282960_22283595.maf
ssa01	LG15	11482350	11482365	ssa1_22282960_22283595.maf
ssa01	LG15	11507340	11507356	ssa1_22369134_22369988.maf
ssa01	LG15	11507415	11507452	ssa1_22369134_22369988.maf
ssa01	LG15	11507452	11507483	ssa1_22369134_22369988.maf
ssa01	LG15	11507510	11507524	ssa1_22369134_22369988.maf
ssa01	LG15	12090954	12090967	ssa1_23247594_23248145.maf
ssa01	LG15	12091147	12091167	ssa1_23247594_23248145.maf
ssa01	LG15	12091167	12091178	ssa1_23247594_23248145.maf
ssa01	LG15	12091260	12091297	ssa1_23247594_23248145.maf
ssa01	LG15	12091297	12091315	ssa1_23247594_23248145.maf
ssa01	LG15	12091315	12091338	ssa1_23247594_23248145.maf
ssa01	LG15	12091338	12091376	ssa1_23247594_23248145.maf
ssa01	LG15	12091376	12091390	ssa1_23247594_23248145.maf
ssa01	LG15	12153247	12153286	ssa1_23353204_23353623.maf
ssa01	LG15	12537795	12537810	ssa1_23915129_23915780.maf
ssa01	LG15	12537810	12537930	ssa1_23915129_23915780.maf
ssa01	LG15	13106676	13106766	ssa1_25012526_25012882.maf
ssa01	LG15	13106766	13106799	ssa1_25012526_25012882.maf
ssa01	LG15	13106799	13106811	ssa1_25012526_25012882.maf
ssa01	LG15	13140578	13140609	ssa1_25049615_25050025.maf
ssa01	LG15	13140609	13140625	ssa1_25049615_25050025.maf
ssa01	LG15	13208397	13208443	ssa1_25151507_25152474.maf
ssa01	LG15	13208495	13208554	ssa1_25151507_25152474.maf
ssa01	LG15	13208554	13208583	ssa1_25151507_25152474.maf
ssa01	LG15	13357308	13357469	ssa1_25392020_25392716.maf
ssa01	LG15	13811814	13811840	ssa1_26118781_26119108.maf
ssa01	LG15	13826853	13826901	ssa1_26144551_26146203.maf
ssa01	LG15	13826901	13826912	ssa1_26144551_26146203.maf
ssa01	LG15	14824794	14824812	ssa1_27590689_27591443.maf
ssa01	LG15	14847586	14847615	ssa1_27604802_27605827.maf
ssa01	LG15	14847615	14847646	ssa1_27604802_27605827.maf
ssa01	LG15	15004784	15004814	ssa1_27808795_27809262.maf
ssa01	LG15	15004814	15004857	ssa1_27808795_27809262.maf
ssa01	LG15	15592781	15592828	ssa1_28622408_28623423.maf
ssa01	LG15	15592900	15592920	ssa1_28622408_28623423.maf
ssa01	LG15	15593141	15593166	ssa1_28622408_28623423.maf
ssa01	LG15	15593166	15593221	ssa1_28622408_28623423.maf
ssa01	LG15	15593221	15593238	ssa1_28622408_28623423.maf
ssa01	LG15	15665964	15665996	ssa1_28818229_28818701.maf
ssa01	LG15	15735880	15735898	ssa1_28913256_28913690.maf
ssa01	LG15	15735994	15736092	ssa1_28913256_28913690.maf
ssa01	LG15	15736092	15736140	ssa1_28913256_28913690.maf
ssa01	LG15	15736140	15736155	ssa1_28913256_28913690.maf
ssa01	LG15	15762864	15762879	ssa1_28967193_28967513.maf
ssa01	LG15	15762915	15763064	ssa1_28967193_28967513.maf
ssa01	LG15	15777242	15777269	ssa1_28981879_28982598.maf
ssa01	LG15	15777287	15777313	ssa1_28981879_28982598.maf
ssa01	LG15	15777347	15777366	ssa1_28981879_28982598.maf
ssa01	LG15	16016879	16016908	ssa1_29317694_29318046.maf
ssa01	LG15	16121422	16121446	ssa1_29463525_29465175.maf
ssa01	LG15	16121455	16121489	ssa1_29463525_29465175.maf
ssa01	LG15	16283004	16283104	ssa1_29658523_29659044.maf
ssa01	LG15	16283133	16283151	ssa1_29658523_29659044.maf
ssa01	LG15	16283151	16283182	ssa1_29658523_29659044.maf
ssa01	LG15	16283183	16283227	ssa1_29658523_29659044.maf
ssa01	LG15	16283227	16283241	ssa1_29658523_29659044.maf
ssa01	LG15	16283241	16283256	ssa1_29658523_29659044.maf
ssa01	LG15	16283256	16283272	ssa1_29658523_29659044.maf
ssa01	LG15	16283272	16283284	ssa1_29658523_29659044.maf
ssa01	LG15	16283376	16283486	ssa1_29658523_29659044.maf
ssa01	LG15	16362604	16362622	ssa1_29773469_29773887.maf
ssa01	LG15	16368061	16368108	ssa1_29788368_29788879.maf
ssa01	LG15	16368108	16368122	ssa1_29788368_29788879.maf
ssa01	LG15	16520991	16521064	ssa1_29960382_29960953.maf
ssa01	LG15	16572851	16572864	ssa1_30029883_30030515.maf
ssa01	LG15	16572871	16573074	ssa1_30029883_30030515.maf
ssa01	LG15	16606281	16606291	ssa1_30077987_30078434.maf
ssa01	LG15	16606292	16606327	ssa1_30077987_30078434.maf
ssa01	LG15	16606327	16606364	ssa1_30077987_30078434.maf
ssa01	LG15	16606373	16606452	ssa1_30077987_30078434.maf
ssa01	LG15	16606452	16606485	ssa1_30077987_30078434.maf
ssa01	LG15	16712786	16712816	ssa1_30203833_30204196.maf
ssa01	LG15	16712816	16712850	ssa1_30203833_30204196.maf
ssa01	LG15	16712850	16712883	ssa1_30203833_30204196.maf
ssa01	LG15	16712883	16712918	ssa1_30203833_30204196.maf
ssa01	LG15	17008195	17008234	ssa1_30645176_30645657.maf
ssa01	LG15	17008311	17008359	ssa1_30645176_30645657.maf
ssa01	LG15	17008366	17008378	ssa1_30645176_30645657.maf
ssa01	LG15	18064535	18064590	ssa1_31988269_31989223.maf
ssa01	LG15	18064590	18064610	ssa1_31988269_31989223.maf
ssa01	LG15	18181069	18181145	ssa1_32091575_32091895.maf
ssa01	LG15	29382682	29382777	ssa1_32567193_32567529.maf
ssa01	LG15	29382791	29382806	ssa1_32567193_32567529.maf
ssa01	LG15	28935634	28935646	ssa1_32888297_32888613.maf
ssa01	LG15	28935646	28935656	ssa1_32888297_32888613.maf
ssa01	LG15	28935656	28935705	ssa1_32888297_32888613.maf
ssa01	LG15	28934230	28934270	ssa1_32889507_32889918.maf
ssa01	LG15	28934295	28934309	ssa1_32889507_32889918.maf
ssa01	LG15	28931480	28931521	ssa1_32902611_32903101.maf
ssa01	LG15	28931521	28931562	ssa1_32902611_32903101.maf
ssa01	LG15	28853096	28853226	ssa1_32971649_32973760.maf
ssa01	LG15	28554786	28554807	ssa1_33301915_33302543.maf
ssa01	LG15	28554808	28554880	ssa1_33301915_33302543.maf
ssa01	LG15	28536665	28536678	ssa1_33324118_33324549.maf
ssa01	LG15	28536757	28536768	ssa1_33324118_33324549.maf
ssa01	LG15	28496222	28496242	ssa1_33378569_33379337.maf
ssa01	LG15	28496245	28496274	ssa1_33378569_33379337.maf
ssa01	LG15	28465022	28465130	ssa1_33410810_33411122.maf
ssa01	LG15	28450478	28450500	ssa1_33429868_33430215.maf
ssa01	LG15	28450519	28450561	ssa1_33429868_33430215.maf
ssa01	LG15	28450561	28450633	ssa1_33429868_33430215.maf
ssa01	LG15	28419197	28419207	ssa1_33440390_33441129.maf
ssa01	LG15	28419219	28419234	ssa1_33440390_33441129.maf
ssa01	LG15	28419234	28419392	ssa1_33440390_33441129.maf
ssa01	LG15	28419392	28419439	ssa1_33440390_33441129.maf
ssa01	LG15	28419775	28419900	ssa1_33440390_33441129.maf
ssa01	LG15	28397659	28397672	ssa1_33474481_33475820.maf
ssa01	LG15	28397682	28397745	ssa1_33474481_33475820.maf
ssa01	LG15	28397763	28397802	ssa1_33474481_33475820.maf
ssa01	LG15	28397824	28397891	ssa1_33474481_33475820.maf
ssa01	LG15	28397985	28398128	ssa1_33474481_33475820.maf
ssa01	LG15	28398708	28398746	ssa1_33474481_33475820.maf
ssa01	LG15	28398808	28398840	ssa1_33474481_33475820.maf
ssa01	LG15	28398840	28398969	ssa1_33474481_33475820.maf
ssa01	LG15	28398969	28399026	ssa1_33474481_33475820.maf
ssa01	LG15	28350407	28350468	ssa1_33517127_33517631.maf
ssa01	LG15	28350476	28350534	ssa1_33517127_33517631.maf
ssa01	LG15	28350534	28350549	ssa1_33517127_33517631.maf
ssa01	LG15	28332198	28332222	ssa1_33536599_33537157.maf
ssa01	LG15	28332257	28332269	ssa1_33536599_33537157.maf
ssa01	LG15	28332272	28332398	ssa1_33536599_33537157.maf
ssa01	LG15	28332399	28332415	ssa1_33536599_33537157.maf
ssa01	LG15	28332415	28332432	ssa1_33536599_33537157.maf
ssa01	LG15	28332438	28332453	ssa1_33536599_33537157.maf
ssa01	LG15	28332460	28332471	ssa1_33536599_33537157.maf
ssa01	LG15	28199176	28199212	ssa1_33700098_33700552.maf
ssa01	LG15	28199212	28199238	ssa1_33700098_33700552.maf
ssa01	LG15	28199238	28199305	ssa1_33700098_33700552.maf
ssa01	LG15	28199305	28199325	ssa1_33700098_33700552.maf
ssa01	LG15	28199360	28199482	ssa1_33700098_33700552.maf
ssa01	LG15	28184555	28184607	ssa1_33713528_33713955.maf
ssa01	LG15	27909695	27909705	ssa1_33979142_33979644.maf
ssa01	LG15	27909719	27909791	ssa1_33979142_33979644.maf
ssa01	LG15	27842543	27842580	ssa1_34107474_34107949.maf
ssa01	LG15	25084530	25084620	ssa1_37710431_37711561.maf
ssa01	LG15	24899005	24899017	ssa1_37973033_37973767.maf
ssa01	LG15	24899623	24899687	ssa1_37973033_37973767.maf
ssa01	LG15	24831892	24831906	ssa1_38049132_38050146.maf
ssa01	LG15	24831945	24831986	ssa1_38049132_38050146.maf
ssa01	LG15	24829006	24829118	ssa1_38052335_38053003.maf
ssa01	LG15	24781838	24781849	ssa1_38108211_38109045.maf
ssa01	LG15	24781849	24781904	ssa1_38108211_38109045.maf
ssa01	LG15	24460278	24460303	ssa1_38611312_38611575.maf
ssa01	LG15	24460312	24460330	ssa1_38611312_38611575.maf
ssa01	LG15	24453800	24453852	ssa1_38618760_38619611.maf
ssa01	LG15	24353512	24353525	ssa1_38730341_38731137.maf
ssa01	LG15	24353525	24353564	ssa1_38730341_38731137.maf
ssa01	LG15	23941851	23941925	ssa1_39318915_39319434.maf
ssa01	LG15	23827824	23827843	ssa1_39483347_39483825.maf
ssa01	LG15	23827843	23827871	ssa1_39483347_39483825.maf
ssa01	LG15	23827941	23827954	ssa1_39483347_39483825.maf
ssa01	LG15	23824810	23824823	ssa1_39488094_39488739.maf
ssa01	LG15	23824892	23824944	ssa1_39488094_39488739.maf
ssa01	LG15	23824944	23824955	ssa1_39488094_39488739.maf
ssa01	LG15	23824955	23824978	ssa1_39488094_39488739.maf
ssa01	LG15	23824988	23825003	ssa1_39488094_39488739.maf
ssa01	LG15	23825009	23825022	ssa1_39488094_39488739.maf
ssa01	LG15	23801622	23801687	ssa1_39510194_39510798.maf
ssa01	LG15	23801688	23801729	ssa1_39510194_39510798.maf
ssa01	LG15	23802022	23802050	ssa1_39510194_39510798.maf
ssa01	LG15	23800617	23800650	ssa1_39511484_39511754.maf
ssa01	LG15	23797950	23797977	ssa1_39514041_39515246.maf
ssa01	LG15	23797977	23798045	ssa1_39514041_39515246.maf
ssa01	LG15	23798045	23798061	ssa1_39514041_39515246.maf
ssa01	LG15	23798068	23798086	ssa1_39514041_39515246.maf
ssa01	LG15	23798086	23798103	ssa1_39514041_39515246.maf
ssa01	LG15	23798103	23798115	ssa1_39514041_39515246.maf
ssa01	LG15	23798121	23798155	ssa1_39514041_39515246.maf
ssa01	LG15	23798178	23798199	ssa1_39514041_39515246.maf
ssa01	LG15	23798202	23798343	ssa1_39514041_39515246.maf
ssa01	LG15	23774738	23774761	ssa1_39568304_39569528.maf
ssa01	LG15	23774880	23774891	ssa1_39568304_39569528.maf
ssa01	LG15	23774891	23774907	ssa1_39568304_39569528.maf
ssa01	LG15	23774907	23774945	ssa1_39568304_39569528.maf
ssa01	LG15	23774945	23774999	ssa1_39568304_39569528.maf
ssa01	LG15	23436900	23436978	ssa1_40001031_40001891.maf
ssa01	LG15	23437051	23437078	ssa1_40001031_40001891.maf
ssa01	LG15	23437081	23437108	ssa1_40001031_40001891.maf
ssa01	LG15	23327050	23327093	ssa1_40155184_40155789.maf
ssa01	LG15	22997452	22997540	ssa1_40568757_40569589.maf
ssa01	LG15	22626705	22626746	ssa1_41062805_41063688.maf
ssa01	LG15	22612961	22613052	ssa1_41090535_41090944.maf
ssa01	LG15	22613066	22613092	ssa1_41090535_41090944.maf
ssa01	LG15	22309016	22309035	ssa1_41644350_41645079.maf
ssa01	LG15	22269808	22269902	ssa1_41730366_41731001.maf
ssa01	LG15	22269983	22270114	ssa1_41730366_41731001.maf
ssa01	LG15	22270199	22270246	ssa1_41730366_41731001.maf
ssa01	LG15	22270246	22270259	ssa1_41730366_41731001.maf
ssa01	LG15	21790505	21790547	ssa1_42658020_42659587.maf
ssa01	LG15	21790725	21790810	ssa1_42658020_42659587.maf
ssa01	LG15	21790917	21790939	ssa1_42658020_42659587.maf
ssa01	LG15	21640308	21640405	ssa1_42900427_42901215.maf
ssa01	LG15	21640405	21640416	ssa1_42900427_42901215.maf
ssa01	LG15	21611536	21611557	ssa1_42926527_42928112.maf
ssa01	LG15	21612177	21612191	ssa1_42926527_42928112.maf
ssa01	LG15	21612269	21612295	ssa1_42926527_42928112.maf
ssa01	LG15	21612295	21612306	ssa1_42926527_42928112.maf
ssa01	LG15	21610723	21610733	ssa1_42942349_42943268.maf
ssa01	LG15	21610735	21610767	ssa1_42942349_42943268.maf
ssa01	LG15	21610775	21610816	ssa1_42942349_42943268.maf
ssa01	LG15	21507160	21507171	ssa1_43111544_43111953.maf
ssa01	LG15	21507171	21507189	ssa1_43111544_43111953.maf
ssa01	LG15	21507189	21507257	ssa1_43111544_43111953.maf
ssa01	LG15	21507442	21507471	ssa1_43111544_43111953.maf
ssa01	LG15	21507471	21507509	ssa1_43111544_43111953.maf
ssa01	LG15	21301839	21301854	ssa1_43396310_43397105.maf
ssa01	LG15	21301867	21301881	ssa1_43396310_43397105.maf
ssa01	LG15	21168707	21168751	ssa1_43559438_43560137.maf
ssa01	LG15	21168861	21168901	ssa1_43559438_43560137.maf
ssa01	LG15	21168901	21168917	ssa1_43559438_43560137.maf
ssa01	LG15	21169162	21169240	ssa1_43559438_43560137.maf
ssa01	LG15	21169249	21169264	ssa1_43559438_43560137.maf
ssa01	LG15	21154950	21155034	ssa1_43577797_43578502.maf
ssa01	LG15	21155034	21155076	ssa1_43577797_43578502.maf
ssa01	LG15	21151662	21151700	ssa1_43580667_43581036.maf
ssa01	LG15	21151700	21151739	ssa1_43580667_43581036.maf
ssa01	LG15	20986428	20986443	ssa1_43839052_43840409.maf
ssa01	LG15	20986443	20986458	ssa1_43839052_43840409.maf
ssa01	LG15	20986461	20986487	ssa1_43839052_43840409.maf
ssa01	LG15	20723122	20723136	ssa1_44218383_44218817.maf
ssa01	LG15	20723144	20723247	ssa1_44218383_44218817.maf
ssa01	LG15	20723260	20723308	ssa1_44218383_44218817.maf
ssa01	LG15	20400230	20400258	ssa1_44699623_44700339.maf
ssa01	LG15	20347279	20347301	ssa1_44815838_44816193.maf
ssa01	LG15	20347305	20347315	ssa1_44815838_44816193.maf
ssa01	LG15	20347512	20347559	ssa1_44815838_44816193.maf
ssa01	LG15	20335667	20335743	ssa1_44840392_44841004.maf
ssa01	LG15	20152663	20152735	ssa1_45091014_45091608.maf
ssa01	LG15	19967837	19967865	ssa1_45372096_45372669.maf
ssa01	LG15	19967867	19967962	ssa1_45372096_45372669.maf
ssa01	LG15	19967962	19967975	ssa1_45372096_45372669.maf
ssa01	LG15	19936659	19936695	ssa1_45414167_45415069.maf
ssa01	LG15	19936697	19936732	ssa1_45414167_45415069.maf
ssa01	LG15	19936909	19936939	ssa1_45414167_45415069.maf
ssa01	LG15	19936958	19936991	ssa1_45414167_45415069.maf
ssa01	LG15	19936999	19937020	ssa1_45414167_45415069.maf
ssa01	LG15	19937020	19937034	ssa1_45414167_45415069.maf
ssa01	LG15	19671093	19671131	ssa1_45836063_45837555.maf
ssa01	LG15	19671207	19671219	ssa1_45836063_45837555.maf
ssa01	LG15	19643004	19643028	ssa1_45881687_45882714.maf
ssa01	LG15	19643570	19643624	ssa1_45881687_45882714.maf
ssa01	LG15	19643653	19643712	ssa1_45881687_45882714.maf
ssa01	LG15	19643712	19643723	ssa1_45881687_45882714.maf
ssa01	LG15	19627164	19627245	ssa1_45901585_45902042.maf
ssa01	LG15	19627334	19627416	ssa1_45901585_45902042.maf
ssa01	LG15	19446228	19446313	ssa1_46114111_46114598.maf
ssa01	LG15	19298208	19298220	ssa1_46297438_46298496.maf
ssa01	LG15	19290008	19290055	ssa1_46309948_46310620.maf
ssa01	LG15	19267550	19267665	ssa1_46325764_46326534.maf
ssa01	LG15	19267665	19267681	ssa1_46325764_46326534.maf
ssa01	LG15	19220493	19220507	ssa1_46387249_46387936.maf
ssa01	LG15	19220518	19220577	ssa1_46387249_46387936.maf
ssa01	LG15	19211456	19211534	ssa1_46389306_46389818.maf
ssa01	LG15	19211541	19211601	ssa1_46389306_46389818.maf
ssa01	LG15	19123152	19123168	ssa1_46572797_46573679.maf
ssa01	LG15	19123286	19123313	ssa1_46572797_46573679.maf
ssa01	LG15	19123313	19123330	ssa1_46572797_46573679.maf
ssa01	LG15	18879137	18879211	ssa1_47044656_47045460.maf
ssa01	LG15	18650205	18650327	ssa1_47388673_47389085.maf
ssa01	LG15	18642452	18642593	ssa1_47416494_47416748.maf
ssa01	LG06	29507559	29507671	ssa1_51718809_51719322.maf
ssa01	LG06	29507671	29507685	ssa1_51718809_51719322.maf
ssa01	LG06	29220819	29220889	ssa1_51923319_51924014.maf
ssa01	LG06	29220889	29220941	ssa1_51923319_51924014.maf
ssa01	LG06	29220955	29221020	ssa1_51923319_51924014.maf
ssa01	LG06	29221031	29221041	ssa1_51923319_51924014.maf
ssa01	LG06	28261681	28261707	ssa1_52905604_52906007.maf
ssa01	LG06	28261707	28261754	ssa1_52905604_52906007.maf
ssa01	LG06	28228129	28228143	ssa1_52934461_52935585.maf
ssa01	LG06	28228143	28228165	ssa1_52934461_52935585.maf
ssa01	LG06	28228186	28228198	ssa1_52934461_52935585.maf
ssa01	LG06	28228210	28228261	ssa1_52934461_52935585.maf
ssa01	LG06	28228296	28228306	ssa1_52934461_52935585.maf
ssa01	LG06	28050866	28050895	ssa1_53173250_53174354.maf
ssa01	LG06	28051382	28051414	ssa1_53173250_53174354.maf
ssa01	LG06	28051414	28051461	ssa1_53173250_53174354.maf
ssa01	LG06	27797253	27797265	ssa1_53515941_53516551.maf
ssa01	LG06	27797265	27797297	ssa1_53515941_53516551.maf
ssa01	LG06	26955870	26955888	ssa1_54523776_54524438.maf
ssa01	LG06	26956028	26956042	ssa1_54523776_54524438.maf
ssa01	LG06	26956081	26956191	ssa1_54523776_54524438.maf
ssa01	LG06	26956191	26956307	ssa1_54523776_54524438.maf
ssa01	LG06	26956315	26956449	ssa1_54523776_54524438.maf
ssa01	LG06	26920899	26920919	ssa1_54551570_54552083.maf
ssa01	LG06	26920919	26921010	ssa1_54551570_54552083.maf
ssa01	LG06	26902462	26902504	ssa1_54591448_54591695.maf
ssa01	LG06	26709179	26709198	ssa1_54871233_54872143.maf
ssa01	LG06	24424967	24424982	ssa1_55031069_55031975.maf
ssa01	LG06	24508432	24508456	ssa1_55123761_55124404.maf
ssa01	LG06	24657307	24657340	ssa1_55342132_55342478.maf
ssa01	LG06	24714106	24714119	ssa1_55437237_55437578.maf
ssa01	LG06	24714120	24714163	ssa1_55437237_55437578.maf
ssa01	LG06	24722261	24722366	ssa1_55456690_55459008.maf
ssa01	LG06	24722475	24722783	ssa1_55456690_55459008.maf
ssa01	LG06	24723358	24723369	ssa1_55456690_55459008.maf
ssa01	LG06	24723369	24723424	ssa1_55456690_55459008.maf
ssa01	LG06	24723486	24723498	ssa1_55456690_55459008.maf
ssa01	LG06	24723498	24723556	ssa1_55456690_55459008.maf
ssa01	LG06	24723556	24723581	ssa1_55456690_55459008.maf
ssa01	LG06	24723802	24723943	ssa1_55456690_55459008.maf
ssa01	LG06	24763234	24763285	ssa1_55498395_55498958.maf
ssa01	LG06	24763608	24763635	ssa1_55498395_55498958.maf
ssa01	LG06	24782304	24782358	ssa1_55509323_55510686.maf
ssa01	LG06	24782496	24782532	ssa1_55509323_55510686.maf
ssa01	LG06	24782532	24782557	ssa1_55509323_55510686.maf
ssa01	LG06	24782557	24782572	ssa1_55509323_55510686.maf
ssa01	LG06	24782667	24782693	ssa1_55509323_55510686.maf
ssa01	LG06	24782756	24782771	ssa1_55509323_55510686.maf
ssa01	LG06	24841879	24841939	ssa1_55629291_55630989.maf
ssa01	LG06	24841973	24841983	ssa1_55629291_55630989.maf
ssa01	LG06	24841991	24842001	ssa1_55629291_55630989.maf
ssa01	LG06	24842154	24842175	ssa1_55629291_55630989.maf
ssa01	LG06	24842556	24842609	ssa1_55629291_55630989.maf
ssa01	LG06	24842609	24842643	ssa1_55629291_55630989.maf
ssa01	LG06	24848561	24848587	ssa1_55636324_55636792.maf
ssa01	LG06	24848631	24848767	ssa1_55636324_55636792.maf
ssa01	LG06	24848767	24848811	ssa1_55636324_55636792.maf
ssa01	LG06	24854792	24854805	ssa1_55643538_55643820.maf
ssa01	LG06	24854805	24854923	ssa1_55643538_55643820.maf
ssa01	LG06	24854923	24854934	ssa1_55643538_55643820.maf
ssa01	LG06	24854934	24854945	ssa1_55643538_55643820.maf
ssa01	LG06	25018724	25018815	ssa1_55828326_55829806.maf
ssa01	LG15	6396917	6396935	ssa1_5599326_5600093.maf
ssa01	LG15	6396935	6396947	ssa1_5599326_5600093.maf
ssa01	LG06	25293671	25293710	ssa1_56322881_56324477.maf
ssa01	LG06	26125642	26125673	ssa1_57500489_57501552.maf
ssa01	LG06	26443330	26443392	ssa1_57846679_57846874.maf
ssa01	LG06	24092366	24092383	ssa1_58456008_58456451.maf
ssa01	LG06	24087554	24087677	ssa1_58462667_58463325.maf
ssa01	LG06	24087818	24087905	ssa1_58462667_58463325.maf
ssa01	LG06	23895326	23895365	ssa1_58659755_58660054.maf
ssa01	LG06	23892910	23892920	ssa1_58660507_58661113.maf
ssa01	LG06	23892985	23892996	ssa1_58660507_58661113.maf
ssa01	LG06	23892999	23893094	ssa1_58660507_58661113.maf
ssa01	LG06	23893122	23893218	ssa1_58660507_58661113.maf
ssa01	LG06	23810490	23810587	ssa1_58777621_58778556.maf
ssa01	LG06	23811001	23811029	ssa1_58777621_58778556.maf
ssa01	LG06	23661967	23661977	ssa1_59027247_59027854.maf
ssa01	LG06	23661977	23662066	ssa1_59027247_59027854.maf
ssa01	LG06	23662066	23662191	ssa1_59027247_59027854.maf
ssa01	LG06	23662194	23662217	ssa1_59027247_59027854.maf
ssa01	LG06	23662217	23662245	ssa1_59027247_59027854.maf
ssa01	LG06	23571024	23571109	ssa1_59148763_59149711.maf
ssa01	LG06	22984691	22984728	ssa1_59973109_59974740.maf
ssa01	LG06	22966982	22966992	ssa1_60006140_60006616.maf
ssa01	LG06	22964346	22964364	ssa1_60008458_60008959.maf
ssa01	LG06	22964364	22964401	ssa1_60008458_60008959.maf
ssa01	LG06	22951467	22951502	ssa1_60022905_60023570.maf
ssa01	LG06	22951502	22951527	ssa1_60022905_60023570.maf
ssa01	LG06	22951529	22951588	ssa1_60022905_60023570.maf
ssa01	LG06	22938345	22938374	ssa1_60046031_60046814.maf
ssa01	LG06	22938374	22938395	ssa1_60046031_60046814.maf
ssa01	LG06	22938395	22938405	ssa1_60046031_60046814.maf
ssa01	LG06	22580631	22580739	ssa1_60535057_60535862.maf
ssa01	LG06	21869511	21869549	ssa1_61712447_61713724.maf
ssa01	LG06	21869633	21869651	ssa1_61712447_61713724.maf
ssa01	LG06	21869651	21869682	ssa1_61712447_61713724.maf
ssa01	LG06	21870165	21870179	ssa1_61712447_61713724.maf
ssa01	LG06	21870277	21870477	ssa1_61712447_61713724.maf
ssa01	LG06	21870480	21870490	ssa1_61712447_61713724.maf
ssa01	LG06	21870701	21870747	ssa1_61712447_61713724.maf
ssa01	LG06	21802681	21802721	ssa1_61812514_61813437.maf
ssa01	LG06	21777367	21777533	ssa1_61853975_61854273.maf
ssa01	LG06	21441339	21441349	ssa1_62547546_62548147.maf
ssa01	LG06	21441349	21441359	ssa1_62547546_62548147.maf
ssa01	LG06	21441359	21441437	ssa1_62547546_62548147.maf
ssa01	LG06	21421387	21421398	ssa1_62572080_62572285.maf
ssa01	LG06	21421405	21421480	ssa1_62572080_62572285.maf
ssa01	LG06	21292181	21292195	ssa1_62707001_62707504.maf
ssa01	LG06	17255840	17255912	ssa1_66513555_66514295.maf
ssa01	LG06	17255948	17255974	ssa1_66513555_66514295.maf
ssa01	LG06	17255974	17256127	ssa1_66513555_66514295.maf
ssa01	LG06	17256161	17256197	ssa1_66513555_66514295.maf
ssa01	LG06	16939372	16939555	ssa1_66990221_66991024.maf
ssa01	LG06	15898857	15898958	ssa1_69048085_69048445.maf
ssa01	LG06	15898997	15899018	ssa1_69048085_69048445.maf
ssa01	LG06	15899019	15899035	ssa1_69048085_69048445.maf
ssa01	LG06	15899041	15899062	ssa1_69048085_69048445.maf
ssa01	LG06	15750849	15750896	ssa1_69236202_69236511.maf
ssa01	LG06	15750896	15750906	ssa1_69236202_69236511.maf
ssa01	LG06	15590247	15590264	ssa1_69554440_69555226.maf
ssa01	LG06	15590264	15590300	ssa1_69554440_69555226.maf
ssa01	LG15	5810639	5810712	ssa1_7031487_7032197.maf
ssa01	LG06	14806779	14806875	ssa1_70937887_70938193.maf
ssa01	LG06	14806875	14806889	ssa1_70937887_70938193.maf
ssa01	LG06	14674252	14674279	ssa1_71104738_71105233.maf
ssa01	LG06	14674279	14674448	ssa1_71104738_71105233.maf
ssa01	LG06	14649663	14649680	ssa1_71132816_71133707.maf
ssa01	LG06	14649680	14649706	ssa1_71132816_71133707.maf
ssa01	LG06	14649706	14649779	ssa1_71132816_71133707.maf
ssa01	LG06	14386691	14386824	ssa1_71637810_71638877.maf
ssa01	LG06	14282272	14282405	ssa1_71801822_71802889.maf
ssa01	LG06	14125151	14125188	ssa1_71999854_72001164.maf
ssa01	LG06	14125343	14125353	ssa1_71999854_72001164.maf
ssa01	LG06	14125557	14125586	ssa1_71999854_72001164.maf
ssa01	LG06	13772565	13772698	ssa1_72573888_72574496.maf
ssa01	LG06	13772914	13772976	ssa1_72573888_72574496.maf
ssa01	LG06	13511954	13512099	ssa1_72913515_72913942.maf
ssa01	LG06	13512115	13512191	ssa1_72913515_72913942.maf
ssa01	LG06	13510786	13510845	ssa1_72915468_72916117.maf
ssa01	LG06	13510845	13510871	ssa1_72915468_72916117.maf
ssa01	LG06	13187671	13187681	ssa1_73307037_73308130.maf
ssa01	LG06	13187683	13187741	ssa1_73307037_73308130.maf
ssa01	LG06	13079249	13079288	ssa1_73487960_73488518.maf
ssa01	LG06	13079291	13079323	ssa1_73487960_73488518.maf
ssa01	LG06	13079329	13079343	ssa1_73487960_73488518.maf
ssa01	LG06	13079343	13079396	ssa1_73487960_73488518.maf
ssa01	LG06	13079396	13079413	ssa1_73487960_73488518.maf
ssa01	LG06	13078449	13078473	ssa1_73493580_73493849.maf
ssa01	LG06	13078483	13078589	ssa1_73493580_73493849.maf
ssa01	LG06	13078598	13078649	ssa1_73493580_73493849.maf
ssa01	LG06	12629331	12629398	ssa1_74238959_74239645.maf
ssa01	LG06	12629398	12629498	ssa1_74238959_74239645.maf
ssa01	LG06	12412378	12412388	ssa1_74619583_74620101.maf
ssa01	LG06	12412396	12412430	ssa1_74619583_74620101.maf
ssa01	LG06	12412430	12412546	ssa1_74619583_74620101.maf
ssa01	LG06	12412558	12412588	ssa1_74619583_74620101.maf
ssa01	LG06	12366597	12366681	ssa1_74680625_74681093.maf
ssa01	LG06	12366749	12366845	ssa1_74680625_74681093.maf
ssa01	LG06	12363954	12363967	ssa1_74683905_74685500.maf
ssa01	LG06	12364007	12364017	ssa1_74683905_74685500.maf
ssa01	LG06	12301679	12301807	ssa1_74808545_74808819.maf
ssa01	LG06	12301807	12301833	ssa1_74808545_74808819.maf
ssa01	LG06	12301835	12301855	ssa1_74808545_74808819.maf
ssa01	LG06	12301879	12301906	ssa1_74808545_74808819.maf
ssa01	LG06	12254878	12254894	ssa1_74872965_74873712.maf
ssa01	LG06	12254894	12254974	ssa1_74872965_74873712.maf
ssa01	LG06	12255160	12255177	ssa1_74872965_74873712.maf
ssa01	LG06	12255222	12255232	ssa1_74872965_74873712.maf
ssa01	LG06	12255337	12255350	ssa1_74872965_74873712.maf
ssa01	LG06	12255359	12255374	ssa1_74872965_74873712.maf
ssa01	LG06	12255374	12255390	ssa1_74872965_74873712.maf
ssa01	LG06	12255390	12255416	ssa1_74872965_74873712.maf
ssa01	LG06	12255416	12255435	ssa1_74872965_74873712.maf
ssa01	LG06	12209566	12209700	ssa1_74947366_74948028.maf
ssa01	LG06	12209721	12209735	ssa1_74947366_74948028.maf
ssa01	LG06	12209735	12209752	ssa1_74947366_74948028.maf
ssa01	LG06	12099566	12099608	ssa1_75069849_75070893.maf
ssa01	LG06	12099608	12099642	ssa1_75069849_75070893.maf
ssa01	LG06	12073033	12073052	ssa1_75109029_75109769.maf
ssa01	LG06	12073052	12073068	ssa1_75109029_75109769.maf
ssa01	LG06	12073072	12073114	ssa1_75109029_75109769.maf
ssa01	LG06	12073114	12073125	ssa1_75109029_75109769.maf
ssa01	LG06	12073125	12073150	ssa1_75109029_75109769.maf
ssa01	LG06	12070981	12071007	ssa1_75113447_75114005.maf
ssa01	LG06	12071332	12071344	ssa1_75113447_75114005.maf
ssa01	LG06	12071344	12071416	ssa1_75113447_75114005.maf
ssa01	LG06	12053329	12053339	ssa1_75125498_75125923.maf
ssa01	LG06	12053344	12053366	ssa1_75125498_75125923.maf
ssa01	LG06	12053366	12053376	ssa1_75125498_75125923.maf
ssa01	LG06	12053406	12053517	ssa1_75125498_75125923.maf
ssa01	LG06	11887840	11887933	ssa1_75385704_75386964.maf
ssa01	LG06	11833050	11833070	ssa1_75509431_75509986.maf
ssa01	LG06	11833073	11833086	ssa1_75509431_75509986.maf
ssa01	LG06	11833086	11833138	ssa1_75509431_75509986.maf
ssa01	LG06	11742554	11742579	ssa1_75638542_75639123.maf
ssa01	LG06	11455913	11456001	ssa1_76309263_76310040.maf
ssa01	LG06	11106296	11106347	ssa1_76884974_76886098.maf
ssa01	LG06	10869911	10869987	ssa1_77319183_77320047.maf
ssa01	LG06	10869987	10870001	ssa1_77319183_77320047.maf
ssa01	LG06	10870001	10870046	ssa1_77319183_77320047.maf
ssa01	LG06	10479064	10479087	ssa1_77953701_77953928.maf
ssa01	LG06	10479087	10479168	ssa1_77953701_77953928.maf
ssa01	LG06	10452551	10452568	ssa1_78001123_78001852.maf
ssa01	LG06	10452568	10452627	ssa1_78001123_78001852.maf
ssa01	LG06	10452627	10452678	ssa1_78001123_78001852.maf
ssa01	LG06	10452803	10452856	ssa1_78001123_78001852.maf
ssa01	LG06	10418591	10418627	ssa1_78057381_78058767.maf
ssa01	LG06	10418627	10418649	ssa1_78057381_78058767.maf
ssa01	LG06	10418650	10418776	ssa1_78057381_78058767.maf
ssa01	LG06	10418797	10418820	ssa1_78057381_78058767.maf
ssa01	LG06	10418902	10418979	ssa1_78057381_78058767.maf
ssa01	LG06	10419008	10419021	ssa1_78057381_78058767.maf
ssa01	LG06	10419021	10419036	ssa1_78057381_78058767.maf
ssa01	LG06	10419044	10419061	ssa1_78057381_78058767.maf
ssa01	LG06	10399770	10399796	ssa1_78077306_78078125.maf
ssa01	LG06	10399796	10399855	ssa1_78077306_78078125.maf
ssa01	LG06	10399855	10399866	ssa1_78077306_78078125.maf
ssa01	LG06	10400221	10400232	ssa1_78077306_78078125.maf
ssa01	LG06	10389582	10389656	ssa1_78086805_78087627.maf
ssa01	LG06	10389656	10389672	ssa1_78086805_78087627.maf
ssa01	LG06	10389681	10389705	ssa1_78086805_78087627.maf
ssa01	LG06	10389709	10389803	ssa1_78086805_78087627.maf
ssa01	LG06	10048572	10048589	ssa1_78562214_78562661.maf
ssa01	LG06	10048593	10048633	ssa1_78562214_78562661.maf
ssa01	LG06	10048633	10048701	ssa1_78562214_78562661.maf
ssa01	LG06	10048708	10048718	ssa1_78562214_78562661.maf
ssa01	LG06	10048718	10048739	ssa1_78562214_78562661.maf
ssa01	LG06	9010440	9010471	ssa1_80238298_80238915.maf
ssa01	LG06	317729	317758	ssa1_81366199_81366565.maf
ssa01	LG06	317758	317777	ssa1_81366199_81366565.maf
ssa01	LG06	1317011	1317111	ssa1_82297512_82298050.maf
ssa01	LG06	1317111	1317139	ssa1_82297512_82298050.maf
ssa01	LG06	1292312	1292328	ssa1_82338396_82338800.maf
ssa01	LG06	1292388	1292471	ssa1_82338396_82338800.maf
ssa01	LG06	1089015	1089036	ssa1_82616678_82617193.maf
ssa01	LG06	1089036	1089111	ssa1_82616678_82617193.maf
ssa01	LG06	1052521	1052532	ssa1_82675519_82675722.maf
ssa01	LG06	1052610	1052678	ssa1_82675519_82675722.maf
ssa01	LG06	1052679	1052699	ssa1_82675519_82675722.maf
ssa01	LG06	1041563	1041605	ssa1_82678314_82678896.maf
ssa01	LG06	1041605	1041682	ssa1_82678314_82678896.maf
ssa01	LG06	1041685	1041735	ssa1_82678314_82678896.maf
ssa01	LG06	986572	986614	ssa1_82792485_82793116.maf
ssa01	LG06	986614	986626	ssa1_82792485_82793116.maf
ssa01	LG06	986669	986700	ssa1_82792485_82793116.maf
ssa01	LG06	936438	936505	ssa1_82860033_82860786.maf
ssa01	LG06	936505	936564	ssa1_82860033_82860786.maf
ssa01	LG06	847607	847630	ssa1_82952273_82953578.maf
ssa01	LG06	847630	847656	ssa1_82952273_82953578.maf
ssa01	LG06	847656	847671	ssa1_82952273_82953578.maf
ssa01	LG06	847671	847736	ssa1_82952273_82953578.maf
ssa01	LG06	2201772	2201793	ssa1_84582081_84582878.maf
ssa01	LG06	2201850	2201861	ssa1_84582081_84582878.maf
ssa01	LG06	2269639	2269706	ssa1_84691959_84692510.maf
ssa01	LG06	2269712	2269722	ssa1_84691959_84692510.maf
ssa01	LG06	2271524	2271545	ssa1_84693006_84694261.maf
ssa01	LG06	2271545	2271578	ssa1_84693006_84694261.maf
ssa01	LG06	2271578	2271655	ssa1_84693006_84694261.maf
ssa01	LG06	2272161	2272215	ssa1_84693006_84694261.maf
ssa01	LG06	2272530	2272585	ssa1_84693006_84694261.maf
ssa01	LG06	2272699	2272750	ssa1_84693006_84694261.maf
ssa01	LG06	2272806	2272817	ssa1_84693006_84694261.maf
ssa01	LG06	2526944	2526981	ssa1_85141307_85142433.maf
ssa01	LG06	2526981	2527043	ssa1_85141307_85142433.maf
ssa01	LG06	2527048	2527073	ssa1_85141307_85142433.maf
ssa01	LG06	2527082	2527114	ssa1_85141307_85142433.maf
ssa01	LG06	2527114	2527131	ssa1_85141307_85142433.maf
ssa01	LG06	2527287	2527305	ssa1_85141307_85142433.maf
ssa01	LG06	2527305	2527331	ssa1_85141307_85142433.maf
ssa01	LG06	2527336	2527420	ssa1_85141307_85142433.maf
ssa01	LG06	2558767	2558780	ssa1_85174508_85175464.maf
ssa01	LG06	2558814	2558861	ssa1_85174508_85175464.maf
ssa01	LG06	2558862	2558886	ssa1_85174508_85175464.maf
ssa01	LG06	2559099	2559109	ssa1_85174508_85175464.maf
ssa01	LG06	2750973	2750987	ssa1_85565004_85566055.maf
ssa01	LG06	2750992	2751026	ssa1_85565004_85566055.maf
ssa01	LG06	2751093	2751107	ssa1_85565004_85566055.maf
ssa01	LG06	2864910	2864930	ssa1_85795531_85796032.maf
ssa01	LG06	2864930	2864943	ssa1_85795531_85796032.maf
ssa01	LG06	2997580	2997710	ssa1_86135125_86136348.maf
ssa01	LG06	2997717	2997916	ssa1_86135125_86136348.maf
ssa01	LG06	2997916	2997941	ssa1_86135125_86136348.maf
ssa01	LG06	3169703	3169733	ssa1_86425646_86426908.maf
ssa01	LG06	3185237	3185273	ssa1_86447222_86448401.maf
ssa01	LG06	3185273	3185289	ssa1_86447222_86448401.maf
ssa01	LG06	3185289	3185364	ssa1_86447222_86448401.maf
ssa01	LG06	3185364	3185465	ssa1_86447222_86448401.maf
ssa01	LG06	3185465	3185495	ssa1_86447222_86448401.maf
ssa01	LG06	3185497	3185511	ssa1_86447222_86448401.maf
ssa01	LG06	3280684	3280774	ssa1_86616490_86617555.maf
ssa01	LG06	3296155	3296297	ssa1_86638451_86639163.maf
ssa01	LG06	3296297	3296328	ssa1_86638451_86639163.maf
ssa01	LG06	3296463	3296589	ssa1_86638451_86639163.maf
ssa01	LG06	3296602	3296684	ssa1_86638451_86639163.maf
ssa01	LG06	3299181	3299204	ssa1_86639899_86640272.maf
ssa01	LG06	3299204	3299240	ssa1_86639899_86640272.maf
ssa01	LG06	3324376	3324410	ssa1_86677381_86678464.maf
ssa01	LG06	3324410	3324461	ssa1_86677381_86678464.maf
ssa01	LG06	3324461	3324481	ssa1_86677381_86678464.maf
ssa01	LG06	3348838	3348859	ssa1_86712514_86713428.maf
ssa01	LG06	3348859	3348887	ssa1_86712514_86713428.maf
ssa01	LG06	3349045	3349144	ssa1_86712514_86713428.maf
ssa01	LG06	3349328	3349354	ssa1_86712514_86713428.maf
ssa01	LG06	3394454	3394466	ssa1_86790087_86790586.maf
ssa01	LG06	3394466	3394497	ssa1_86790087_86790586.maf
ssa01	LG06	3394497	3394585	ssa1_86790087_86790586.maf
ssa01	LG06	3435263	3435284	ssa1_86864960_86865497.maf
ssa01	LG06	3435284	3435365	ssa1_86864960_86865497.maf
ssa01	LG06	3435365	3435389	ssa1_86864960_86865497.maf
ssa01	LG06	3453756	3453777	ssa1_86900040_86900908.maf
ssa01	LG06	3453777	3453828	ssa1_86900040_86900908.maf
ssa01	LG06	3490890	3490956	ssa1_87000057_87000421.maf
ssa01	LG06	3490962	3490986	ssa1_87000057_87000421.maf
ssa01	LG06	3490986	3491042	ssa1_87000057_87000421.maf
ssa01	LG06	3544339	3544367	ssa1_87114158_87114838.maf
ssa01	LG06	3544367	3544430	ssa1_87114158_87114838.maf
ssa01	LG06	3556295	3556384	ssa1_87139037_87139910.maf
ssa01	LG06	3565163	3565239	ssa1_87160571_87161292.maf
ssa01	LG06	3565560	3565574	ssa1_87160571_87161292.maf
ssa01	LG06	3567914	3567982	ssa1_87163798_87164441.maf
ssa01	LG06	3567982	3568073	ssa1_87163798_87164441.maf
ssa01	LG06	3568206	3568253	ssa1_87163798_87164441.maf
ssa01	LG06	3568260	3568293	ssa1_87163798_87164441.maf
ssa01	LG06	3610603	3610654	ssa1_87221736_87222495.maf
ssa01	LG06	3616682	3616765	ssa1_87235030_87235924.maf
ssa01	LG06	3616782	3616802	ssa1_87235030_87235924.maf
ssa01	LG06	3616802	3616871	ssa1_87235030_87235924.maf
ssa01	LG06	3616979	3617165	ssa1_87235030_87235924.maf
ssa01	LG06	3634720	3634760	ssa1_87260356_87260940.maf
ssa01	LG05	17431552	17431563	ssa1_88536752_88537386.maf
ssa01	LG05	17431563	17431676	ssa1_88536752_88537386.maf
ssa01	LG05	17432020	17432039	ssa1_88536752_88537386.maf
ssa01	LG05	17907080	17907189	ssa1_89157426_89157750.maf
ssa01	LG05	18357570	18357648	ssa1_90087635_90088546.maf
ssa01	LG05	18357648	18357674	ssa1_90087635_90088546.maf
ssa01	LG05	18357679	18357704	ssa1_90087635_90088546.maf
ssa01	LG05	18357704	18357875	ssa1_90087635_90088546.maf
ssa01	LG15	4552923	4552952	ssa1_9014637_9015091.maf
ssa01	LG15	4552952	4552990	ssa1_9014637_9015091.maf
ssa01	LG15	4553038	4553109	ssa1_9014637_9015091.maf
ssa01	LG05	19022025	19022045	ssa1_91488279_91489011.maf
ssa01	LG05	19022097	19022145	ssa1_91488279_91489011.maf
ssa01	LG05	19022145	19022202	ssa1_91488279_91489011.maf
ssa01	LG05	19022202	19022220	ssa1_91488279_91489011.maf
ssa01	LG05	19533603	19533775	ssa1_92464754_92466324.maf
ssa01	LG05	19977370	19977451	ssa1_93314115_93314459.maf
ssa01	LG05	20221797	20221813	ssa1_93855178_93855773.maf
ssa01	LG05	20221849	20221899	ssa1_93855178_93855773.maf
ssa01	LG05	20231971	20231985	ssa1_93882013_93882926.maf
ssa01	LG05	20232344	20232371	ssa1_93882013_93882926.maf
ssa01	LG05	20232409	20232430	ssa1_93882013_93882926.maf
ssa01	LG05	20236434	20236480	ssa1_93887172_93887771.maf
ssa01	LG05	20236481	20236516	ssa1_93887172_93887771.maf
ssa01	LG05	20236516	20236600	ssa1_93887172_93887771.maf
ssa01	LG05	20255367	20255437	ssa1_93938500_93939375.maf
ssa01	LG05	20255620	20255653	ssa1_93938500_93939375.maf
ssa01	LG05	20255674	20255716	ssa1_93938500_93939375.maf
ssa01	LG05	20255956	20256004	ssa1_93938500_93939375.maf
ssa01	LG05	20256024	20256169	ssa1_93938500_93939375.maf
ssa01	LG05	20358183	20358231	ssa1_94140503_94141744.maf
ssa01	LG05	20358231	20358267	ssa1_94140503_94141744.maf
ssa01	LG05	20358267	20358285	ssa1_94140503_94141744.maf
ssa01	LG05	20358285	20358311	ssa1_94140503_94141744.maf
ssa01	LG05	20358311	20358419	ssa1_94140503_94141744.maf
ssa01	LG05	20358419	20358554	ssa1_94140503_94141744.maf
ssa01	LG05	20666689	20666703	ssa1_94798847_94799564.maf
ssa01	LG05	20666716	20666759	ssa1_94798847_94799564.maf
ssa01	LG05	20823121	20823153	ssa1_95173620_95175056.maf
ssa01	LG05	20823153	20823180	ssa1_95173620_95175056.maf
ssa01	LG05	20823180	20823207	ssa1_95173620_95175056.maf
ssa01	LG05	20823587	20823685	ssa1_95173620_95175056.maf
ssa01	LG05	20824527	20824708	ssa1_95173620_95175056.maf
ssa01	LG05	20825307	20825337	ssa1_95173620_95175056.maf
ssa01	LG05	20825397	20825411	ssa1_95173620_95175056.maf
ssa01	LG05	20825441	20825516	ssa1_95173620_95175056.maf
ssa01	LG05	20825516	20825546	ssa1_95173620_95175056.maf
ssa01	LG05	20866464	20866477	ssa1_95264182_95265449.maf
ssa01	LG05	20866484	20866521	ssa1_95264182_95265449.maf
ssa01	LG05	20867096	20867128	ssa1_95264182_95265449.maf
ssa01	LG05	20867128	20867145	ssa1_95264182_95265449.maf
ssa01	LG05	20921732	20921788	ssa1_95408964_95410242.maf
ssa01	LG05	20921788	20921818	ssa1_95408964_95410242.maf
ssa01	LG05	20921818	20921829	ssa1_95408964_95410242.maf
ssa01	LG05	20927532	20927569	ssa1_95420041_95420265.maf
ssa01	LG15	4285029	4285040	ssa1_9562893_9564633.maf
ssa01	LG05	21107494	21107516	ssa1_95639206_95639796.maf
ssa01	LG05	21107544	21107570	ssa1_95639206_95639796.maf
ssa01	LG05	21107596	21107672	ssa1_95639206_95639796.maf
ssa01	LG15	4249468	4249587	ssa1_9647072_9648638.maf
ssa01	LG05	21667260	21667278	ssa1_96697451_96698103.maf
ssa01	LG05	21667278	21667355	ssa1_96697451_96698103.maf
ssa01	LG05	21667358	21667420	ssa1_96697451_96698103.maf
ssa01	LG05	21667420	21667567	ssa1_96697451_96698103.maf
ssa01	LG05	21667574	21667587	ssa1_96697451_96698103.maf
ssa01	LG05	21667602	21667622	ssa1_96697451_96698103.maf
ssa01	LG05	21667635	21667645	ssa1_96697451_96698103.maf
ssa01	LG05	22060156	22060199	ssa1_97502277_97502791.maf
ssa01	LG05	22060264	22060404	ssa1_97502277_97502791.maf
ssa01	LG05	22073864	22073939	ssa1_97525751_97526375.maf
ssa01	LG15	4163865	4163920	ssa1_9812179_9813533.maf
ssa01	LG15	4164514	4164526	ssa1_9812179_9813533.maf
ssa01	LG15	4164529	4164577	ssa1_9812179_9813533.maf
ssa01	LG05	22477795	22477933	ssa1_98525376_98525799.maf
ssa01	LG05	22508570	22508589	ssa1_98574567_98575470.maf
ssa01	LG05	22508589	22508614	ssa1_98574567_98575470.maf
ssa01	LG05	22526651	22526705	ssa1_98611285_98611623.maf
ssa01	LG05	22577534	22577579	ssa1_98687265_98687590.maf
ssa01	LG05	22586653	22586664	ssa1_98691409_98692348.maf
ssa01	LG05	22586664	22586677	ssa1_98691409_98692348.maf
ssa01	LG05	22586716	22586878	ssa1_98691409_98692348.maf
ssa01	LG05	22586906	22586916	ssa1_98691409_98692348.maf
ssa01	LG05	22613699	22613713	ssa1_98756111_98756974.maf
ssa01	LG05	22613713	22613762	ssa1_98756111_98756974.maf
ssa01	LG15	4153208	4153241	ssa1_9924312_9925050.maf
ssa01	LG15	4153241	4153313	ssa1_9924312_9925050.maf
ssa01	LG15	4153319	4153376	ssa1_9924312_9925050.maf
ssa01	LG15	4153378	4153401	ssa1_9924312_9925050.maf
ssa01	LG15	4153401	4153439	ssa1_9924312_9925050.maf
ssa01	LG15	4152588	4152602	ssa1_9925666_9925959.maf
ssa01	LG05	22811247	22811299	ssa1_99274433_99275011.maf
ssa20	LG13	13014805	13014999	ssa20_14496691_14497311.maf
ssa20	LG13	13015007	13015038	ssa20_14496691_14497311.maf
ssa20	LG13	12727430	12727454	ssa20_15022471_15022828.maf
ssa20	LG13	12727455	12727506	ssa20_15022471_15022828.maf
ssa20	LG13	12726550	12726566	ssa20_15023416_15024545.maf
ssa20	LG13	12726566	12726591	ssa20_15023416_15024545.maf
ssa20	LG13	12726591	12726610	ssa20_15023416_15024545.maf
ssa20	LG13	12726610	12726652	ssa20_15023416_15024545.maf
ssa20	LG13	12726996	12727050	ssa20_15023416_15024545.maf
ssa20	LG13	12727050	12727075	ssa20_15023416_15024545.maf
ssa20	LG13	12713238	12713294	ssa20_15054097_15054998.maf
ssa20	LG13	12713297	12713328	ssa20_15054097_15054998.maf
ssa20	LG13	12713328	12713367	ssa20_15054097_15054998.maf
ssa20	LG13	12126681	12126711	ssa20_15925627_15926862.maf
ssa20	LG13	12126711	12126727	ssa20_15925627_15926862.maf
ssa20	LG13	12113471	12113529	ssa20_15937420_15937589.maf
ssa20	LG13	12113532	12113570	ssa20_15937420_15937589.maf
ssa20	LG13	12113571	12113581	ssa20_15937420_15937589.maf
ssa20	LG13	11506424	11506449	ssa20_16939713_16940152.maf
ssa20	LG13	27379535	27379583	ssa20_18193040_18194057.maf
ssa20	LG13	27379583	27379613	ssa20_18193040_18194057.maf
ssa20	LG13	27342418	27342443	ssa20_18249404_18250130.maf
ssa20	LG13	27342443	27342534	ssa20_18249404_18250130.maf
ssa20	LG13	27342535	27342644	ssa20_18249404_18250130.maf
ssa20	LG13	27342849	27342862	ssa20_18249404_18250130.maf
ssa20	LG13	27342862	27342943	ssa20_18249404_18250130.maf
ssa20	LG13	26926494	26926504	ssa20_18789788_18790443.maf
ssa20	LG13	26926513	26926525	ssa20_18789788_18790443.maf
ssa20	LG13	26926754	26926844	ssa20_18789788_18790443.maf
ssa20	LG13	26926845	26926895	ssa20_18789788_18790443.maf
ssa20	LG13	26926895	26926908	ssa20_18789788_18790443.maf
ssa20	LG13	26609811	26609823	ssa20_19205754_19206206.maf
ssa20	LG13	26590829	26590864	ssa20_19237283_19238232.maf
ssa20	LG13	26590873	26590884	ssa20_19237283_19238232.maf
ssa20	LG13	26590884	26590952	ssa20_19237283_19238232.maf
ssa20	LG13	26568782	26568795	ssa20_19260071_19260591.maf
ssa20	LG13	26568795	26568893	ssa20_19260071_19260591.maf
ssa20	LG13	26568950	26568973	ssa20_19260071_19260591.maf
ssa20	LG13	26568973	26568999	ssa20_19260071_19260591.maf
ssa20	LG13	26569005	26569032	ssa20_19260071_19260591.maf
ssa20	LG13	26499378	26499390	ssa20_19340144_19340848.maf
ssa20	LG13	26499390	26499414	ssa20_19340144_19340848.maf
ssa20	LG13	26499414	26499424	ssa20_19340144_19340848.maf
ssa20	LG13	26499424	26499468	ssa20_19340144_19340848.maf
ssa20	LG13	26298346	26298388	ssa20_19569758_19570792.maf
ssa20	LG13	26239194	26239231	ssa20_19687088_19687348.maf
ssa20	LG13	26034808	26034859	ssa20_19898062_19898764.maf
ssa20	LG13	26034859	26034900	ssa20_19898062_19898764.maf
ssa20	LG13	26034900	26035018	ssa20_19898062_19898764.maf
ssa20	LG13	25979439	25979463	ssa20_20004540_20005321.maf
ssa20	LG13	25714294	25714338	ssa20_20287405_20287739.maf
ssa20	LG13	25709539	25709568	ssa20_20292538_20293349.maf
ssa20	LG13	24987784	24987819	ssa20_21343479_21344707.maf
ssa20	LG13	24909394	24909455	ssa20_21462699_21463070.maf
ssa20	LG13	24909455	24909512	ssa20_21462699_21463070.maf
ssa20	LG13	24884384	24884398	ssa20_21491725_21492818.maf
ssa20	LG13	24884450	24884466	ssa20_21491725_21492818.maf
ssa20	LG13	24798464	24798479	ssa20_21579498_21580619.maf
ssa20	LG13	24798479	24798502	ssa20_21579498_21580619.maf
ssa20	LG13	24798502	24798524	ssa20_21579498_21580619.maf
ssa20	LG13	24798524	24798562	ssa20_21579498_21580619.maf
ssa20	LG13	24798562	24798572	ssa20_21579498_21580619.maf
ssa20	LG13	24728040	24728066	ssa20_21674065_21674863.maf
ssa20	LG13	24728066	24728123	ssa20_21674065_21674863.maf
ssa20	LG13	24705409	24705424	ssa20_21712043_21712741.maf
ssa20	LG13	24705431	24705442	ssa20_21712043_21712741.maf
ssa20	LG13	24705565	24705625	ssa20_21712043_21712741.maf
ssa20	LG13	24705668	24705682	ssa20_21712043_21712741.maf
ssa20	LG13	24519015	24519056	ssa20_21919428_21920340.maf
ssa20	LG13	24519056	24519071	ssa20_21919428_21920340.maf
ssa20	LG13	24519084	24519097	ssa20_21919428_21920340.maf
ssa20	LG13	24519313	24519381	ssa20_21919428_21920340.maf
ssa20	LG13	24519388	24519444	ssa20_21919428_21920340.maf
ssa20	LG13	24519444	24519475	ssa20_21919428_21920340.maf
ssa20	LG13	24477119	24477144	ssa20_21987996_21988928.maf
ssa20	LG13	24477919	24477931	ssa20_21987996_21988928.maf
ssa20	LG13	24181169	24181179	ssa20_22436471_22437094.maf
ssa20	LG13	24181179	24181193	ssa20_22436471_22437094.maf
ssa20	LG13	24181198	24181238	ssa20_22436471_22437094.maf
ssa20	LG13	24181345	24181368	ssa20_22436471_22437094.maf
ssa20	LG13	30173878	30173897	ssa20_2273763_2274828.maf
ssa20	LG13	30173904	30173969	ssa20_2273763_2274828.maf
ssa20	LG13	23797614	23797817	ssa20_23146411_23147263.maf
ssa20	LG13	23797967	23797982	ssa20_23146411_23147263.maf
ssa20	LG13	23797982	23798022	ssa20_23146411_23147263.maf
ssa20	LG13	23798022	23798042	ssa20_23146411_23147263.maf
ssa20	LG13	23798042	23798078	ssa20_23146411_23147263.maf
ssa20	LG13	23798085	23798097	ssa20_23146411_23147263.maf
ssa20	LG13	23798098	23798123	ssa20_23146411_23147263.maf
ssa20	LG13	23798123	23798172	ssa20_23146411_23147263.maf
ssa20	LG13	23412592	23412611	ssa20_23363592_23364021.maf
ssa20	LG13	23412650	23412661	ssa20_23363592_23364021.maf
ssa20	LG13	23412666	23412686	ssa20_23363592_23364021.maf
ssa20	LG13	23412686	23412713	ssa20_23363592_23364021.maf
ssa20	LG13	23412713	23412747	ssa20_23363592_23364021.maf
ssa20	LG13	23412747	23412855	ssa20_23363592_23364021.maf
ssa20	LG13	23412862	23412872	ssa20_23363592_23364021.maf
ssa20	LG13	23174225	23174243	ssa20_23576255_23576949.maf
ssa20	LG13	23042210	23042230	ssa20_23733377_23733759.maf
ssa20	LG13	23042230	23042265	ssa20_23733377_23733759.maf
ssa20	LG13	22672536	22672561	ssa20_24413127_24413900.maf
ssa20	LG13	22672582	22672803	ssa20_24413127_24413900.maf
ssa20	LG13	22672803	22672821	ssa20_24413127_24413900.maf
ssa20	LG13	22672821	22672841	ssa20_24413127_24413900.maf
ssa20	LG13	22672843	22672856	ssa20_24413127_24413900.maf
ssa20	LG13	22643025	22643036	ssa20_24497615_24498217.maf
ssa20	LG13	22405415	22405429	ssa20_24826275_24826641.maf
ssa20	LG13	22405431	22405441	ssa20_24826275_24826641.maf
ssa20	LG13	22405463	22405506	ssa20_24826275_24826641.maf
ssa20	LG13	22405525	22405573	ssa20_24826275_24826641.maf
ssa20	LG13	22405573	22405606	ssa20_24826275_24826641.maf
ssa20	LG13	22405616	22405627	ssa20_24826275_24826641.maf
ssa20	LG13	22404747	22404784	ssa20_24826907_24827359.maf
ssa20	LG13	22404819	22404844	ssa20_24826907_24827359.maf
ssa20	LG13	22404846	22404985	ssa20_24826907_24827359.maf
ssa20	LG13	30254701	30254717	ssa20_2483130_2483544.maf
ssa20	LG13	30254776	30254818	ssa20_2483130_2483544.maf
ssa20	LG13	22208832	22208849	ssa20_25058624_25059016.maf
ssa20	LG13	21946666	21946687	ssa20_25513403_25514270.maf
ssa20	LG13	21946722	21946738	ssa20_25513403_25514270.maf
ssa20	LG13	21946778	21946808	ssa20_25513403_25514270.maf
ssa20	LG13	21946808	21946832	ssa20_25513403_25514270.maf
ssa20	LG13	21946835	21946878	ssa20_25513403_25514270.maf
ssa20	LG13	21657855	21657886	ssa20_25950981_25951822.maf
ssa20	LG13	21657897	21657914	ssa20_25950981_25951822.maf
ssa20	LG13	21615198	21615253	ssa20_25982450_25982760.maf
ssa20	LG13	21615253	21615294	ssa20_25982450_25982760.maf
ssa20	LG13	21615294	21615315	ssa20_25982450_25982760.maf
ssa20	LG13	21615315	21615336	ssa20_25982450_25982760.maf
ssa20	LG13	21615352	21615371	ssa20_25982450_25982760.maf
ssa20	LG13	21246266	21246285	ssa20_26381260_26382231.maf
ssa20	LG13	21240574	21240636	ssa20_26390838_26391072.maf
ssa20	LG13	21240716	21240770	ssa20_26390838_26391072.maf
ssa20	LG13	21227553	21227563	ssa20_26405160_26405409.maf
ssa20	LG13	21227563	21227577	ssa20_26405160_26405409.maf
ssa20	LG13	21227690	21227741	ssa20_26405160_26405409.maf
ssa20	LG13	21227741	21227752	ssa20_26405160_26405409.maf
ssa20	LG13	21224939	21225039	ssa20_26406149_26406749.maf
ssa20	LG13	21226264	21226288	ssa20_26406149_26406749.maf
ssa20	LG13	21149464	21149476	ssa20_26504754_26505240.maf
ssa20	LG13	21149476	21149506	ssa20_26504754_26505240.maf
ssa20	LG13	21149512	21149662	ssa20_26504754_26505240.maf
ssa20	LG13	21149666	21149699	ssa20_26504754_26505240.maf
ssa20	LG13	21005586	21005602	ssa20_26707301_26707887.maf
ssa20	LG13	21005602	21005792	ssa20_26707301_26707887.maf
ssa20	LG13	20954263	20954296	ssa20_26797690_26798322.maf
ssa20	LG13	20954296	20954314	ssa20_26797690_26798322.maf
ssa20	LG13	20954328	20954353	ssa20_26797690_26798322.maf
ssa20	LG13	20954353	20954440	ssa20_26797690_26798322.maf
ssa20	LG13	20731788	20731922	ssa20_27076858_27077323.maf
ssa20	LG13	20385439	20385530	ssa20_27507597_27507913.maf
ssa20	LG13	20379964	20379983	ssa20_27509203_27509629.maf
ssa20	LG13	20379990	20380024	ssa20_27509203_27509629.maf
ssa20	LG13	20370721	20370843	ssa20_27523556_27524950.maf
ssa20	LG13	20369464	20369514	ssa20_27525237_27526216.maf
ssa20	LG13	19780260	19780328	ssa20_28220963_28221754.maf
ssa20	LG13	19780328	19780372	ssa20_28220963_28221754.maf
ssa20	LG13	19346448	19346458	ssa20_28766451_28767051.maf
ssa20	LG13	19346458	19346506	ssa20_28766451_28767051.maf
ssa20	LG13	19346520	19346535	ssa20_28766451_28767051.maf
ssa20	LG13	19342733	19342791	ssa20_28771696_28772532.maf
ssa20	LG13	19145763	19145890	ssa20_29071626_29072102.maf
ssa20	LG13	19145892	19145903	ssa20_29071626_29072102.maf
ssa20	LG13	30695527	30695547	ssa20_2937789_2938483.maf
ssa20	LG13	30695547	30695594	ssa20_2937789_2938483.maf
ssa20	LG13	30695594	30695678	ssa20_2937789_2938483.maf
ssa20	LG13	30695681	30695729	ssa20_2937789_2938483.maf
ssa20	LG13	30695729	30695750	ssa20_2937789_2938483.maf
ssa20	LG13	30703880	30703959	ssa20_2955424_2956363.maf
ssa20	LG13	30703959	30704017	ssa20_2955424_2956363.maf
ssa20	LG13	18464598	18464614	ssa20_30173945_30174664.maf
ssa20	LG13	18464954	18464994	ssa20_30173945_30174664.maf
ssa20	LG13	18465030	18465062	ssa20_30173945_30174664.maf
ssa20	LG13	18466032	18466044	ssa20_30173945_30174664.maf
ssa20	LG13	18466054	18466082	ssa20_30173945_30174664.maf
ssa20	LG13	18466082	18466124	ssa20_30173945_30174664.maf
ssa20	LG13	18451712	18451784	ssa20_30186841_30187314.maf
ssa20	LG13	18451838	18451890	ssa20_30186841_30187314.maf
ssa20	LG13	30875358	30875477	ssa20_3120691_3121110.maf
ssa20	LG13	16958080	16958117	ssa20_32680742_32681631.maf
ssa20	LG13	16640868	16640954	ssa20_33056597_33056916.maf
ssa20	LG13	16640983	16640998	ssa20_33056597_33056916.maf
ssa20	LG13	16480647	16480659	ssa20_33288695_33289204.maf
ssa20	LG13	16480664	16480706	ssa20_33288695_33289204.maf
ssa20	LG13	16480706	16480846	ssa20_33288695_33289204.maf
ssa20	LG13	16448049	16448065	ssa20_33373368_33373796.maf
ssa20	LG13	16448120	16448131	ssa20_33373368_33373796.maf
ssa20	LG13	16448174	16448199	ssa20_33373368_33373796.maf
ssa20	LG13	16103364	16103386	ssa20_33901028_33901941.maf
ssa20	LG13	16103759	16103770	ssa20_33901028_33901941.maf
ssa20	LG13	16103770	16103851	ssa20_33901028_33901941.maf
ssa20	LG13	15953877	15953999	ssa20_34139520_34140479.maf
ssa20	LG13	15954210	15954281	ssa20_34139520_34140479.maf
ssa20	LG13	15954296	15954317	ssa20_34139520_34140479.maf
ssa20	LG13	15832910	15832984	ssa20_34335664_34336646.maf
ssa20	LG13	15833004	15833158	ssa20_34335664_34336646.maf
ssa20	LG13	15796212	15796226	ssa20_34367573_34368033.maf
ssa20	LG13	15796226	15796397	ssa20_34367573_34368033.maf
ssa20	LG13	15752075	15752142	ssa20_34461958_34463773.maf
ssa20	LG13	31206554	31206615	ssa20_3536859_3537676.maf
ssa20	LG13	15196039	15196063	ssa20_35476121_35477262.maf
ssa20	LG13	15196063	15196080	ssa20_35476121_35477262.maf
ssa20	LG13	15196080	15196116	ssa20_35476121_35477262.maf
ssa20	LG13	15185948	15185963	ssa20_35499969_35500329.maf
ssa20	LG13	14375118	14375142	ssa20_36688106_36690325.maf
ssa20	LG13	13920479	13920636	ssa20_37116264_37117480.maf
ssa20	LG13	13766254	13766270	ssa20_37384395_37385054.maf
ssa20	LG13	13766277	13766288	ssa20_37384395_37385054.maf
ssa20	LG13	13766290	13766353	ssa20_37384395_37385054.maf
ssa20	LG13	27983174	27983199	ssa20_37944320_37945596.maf
ssa20	LG13	27983199	27983224	ssa20_37944320_37945596.maf
ssa20	LG13	27724921	27724933	ssa20_38383486_38384077.maf
ssa20	LG13	27724993	27725017	ssa20_38383486_38384077.maf
ssa20	LG13	27725074	27725088	ssa20_38383486_38384077.maf
ssa20	LG13	27723491	27723521	ssa20_38386306_38387098.maf
ssa20	LG13	27723530	27723573	ssa20_38386306_38387098.maf
ssa20	LG13	27723573	27723601	ssa20_38386306_38387098.maf
ssa20	LG13	13467222	13467314	ssa20_38884543_38885001.maf
ssa20	LG13	13467314	13467324	ssa20_38884543_38885001.maf
ssa20	LG13	13467324	13467341	ssa20_38884543_38885001.maf
ssa20	LG13	28694978	28695017	ssa20_39857644_39858064.maf
ssa20	LG13	28695076	28695103	ssa20_39857644_39858064.maf
ssa20	LG13	28695110	28695120	ssa20_39857644_39858064.maf
ssa20	LG13	28695185	28695233	ssa20_39857644_39858064.maf
ssa20	LG13	28695233	28695247	ssa20_39857644_39858064.maf
ssa20	LG13	28968881	28968902	ssa20_40466024_40467788.maf
ssa20	LG13	28968910	28968984	ssa20_40466024_40467788.maf
ssa20	LG13	28969095	28969216	ssa20_40466024_40467788.maf
ssa20	LG13	28984079	28984175	ssa20_40552338_40553100.maf
ssa20	LG13	28984175	28984190	ssa20_40552338_40553100.maf
ssa20	LG13	28984198	28984231	ssa20_40552338_40553100.maf
ssa20	LG13	29257165	29257182	ssa20_41372942_41373658.maf
ssa20	LG13	31716268	31716302	ssa20_4196897_4197416.maf
ssa20	LG13	31716302	31716328	ssa20_4196897_4197416.maf
ssa20	LG13	31838720	31838765	ssa20_4306637_4307235.maf
ssa20	LG13	31849687	31849721	ssa20_4314295_4314830.maf
ssa20	LG01	7535286	7535337	ssa20_45262921_45263906.maf
ssa20	LG01	7540332	7540343	ssa20_45279505_45280163.maf
ssa20	LG01	7540373	7540383	ssa20_45279505_45280163.maf
ssa20	LG01	7758713	7758737	ssa20_45696746_45697557.maf
ssa20	LG01	7758737	7758775	ssa20_45696746_45697557.maf
ssa20	LG01	7758784	7758826	ssa20_45696746_45697557.maf
ssa20	LG01	7758826	7758875	ssa20_45696746_45697557.maf
ssa20	LG01	8084742	8084782	ssa20_46145415_46145943.maf
ssa20	LG01	8084782	8084842	ssa20_46145415_46145943.maf
ssa20	LG01	8084842	8084852	ssa20_46145415_46145943.maf
ssa20	LG01	8084852	8084867	ssa20_46145415_46145943.maf
ssa20	LG01	8307276	8307292	ssa20_46420757_46421610.maf
ssa20	LG01	8307296	8307333	ssa20_46420757_46421610.maf
ssa20	LG01	8912794	8912877	ssa20_47232032_47232592.maf
ssa20	LG01	8912877	8912918	ssa20_47232032_47232592.maf
ssa20	LG01	8912918	8912966	ssa20_47232032_47232592.maf
ssa20	LG01	9061172	9061215	ssa20_47450549_47451010.maf
ssa20	LG01	9061241	9061273	ssa20_47450549_47451010.maf
ssa20	LG01	9061273	9061290	ssa20_47450549_47451010.maf
ssa20	LG01	9346588	9346601	ssa20_47838086_47839440.maf
ssa20	LG01	9460293	9460323	ssa20_48038612_48039209.maf
ssa20	LG01	9460323	9460384	ssa20_48038612_48039209.maf
ssa20	LG01	9511080	9511100	ssa20_48105589_48106314.maf
ssa20	LG01	9511100	9511120	ssa20_48105589_48106314.maf
ssa20	LG01	9511120	9511143	ssa20_48105589_48106314.maf
ssa20	LG01	9511230	9511296	ssa20_48105589_48106314.maf
ssa20	LG01	10038817	10038871	ssa20_48754307_48755210.maf
ssa20	LG01	10038871	10038885	ssa20_48754307_48755210.maf
ssa20	LG01	10038892	10038929	ssa20_48754307_48755210.maf
ssa20	LG01	10190762	10190781	ssa20_48969791_48970423.maf
ssa20	LG01	10190781	10190837	ssa20_48969791_48970423.maf
ssa20	LG01	10191007	10191028	ssa20_48969791_48970423.maf
ssa20	LG01	10191028	10191077	ssa20_48969791_48970423.maf
ssa20	LG01	10191079	10191095	ssa20_48969791_48970423.maf
ssa20	LG01	10346428	10346493	ssa20_49144022_49144347.maf
ssa20	LG01	10614628	10614682	ssa20_49449698_49450138.maf
ssa20	LG01	10624115	10624212	ssa20_49471175_49471586.maf
ssa20	LG01	10624212	10624228	ssa20_49471175_49471586.maf
ssa20	LG01	10630905	10630920	ssa20_49475449_49475799.maf
ssa20	LG01	10630926	10630970	ssa20_49475449_49475799.maf
ssa20	LG01	10630970	10630980	ssa20_49475449_49475799.maf
ssa20	LG01	10675543	10675584	ssa20_49522768_49523456.maf
ssa20	LG01	10675584	10675641	ssa20_49522768_49523456.maf
ssa20	LG01	10675671	10675685	ssa20_49522768_49523456.maf
ssa20	LG01	10675692	10675710	ssa20_49522768_49523456.maf
ssa20	LG01	10675733	10675745	ssa20_49522768_49523456.maf
ssa20	LG01	11001107	11001197	ssa20_49874180_49874897.maf
ssa20	LG01	11001257	11001361	ssa20_49874180_49874897.maf
ssa20	LG01	11292546	11292597	ssa20_50209114_50209631.maf
ssa20	LG01	11887085	11887178	ssa20_50854924_50856425.maf
ssa20	LG01	11887479	11887550	ssa20_50854924_50856425.maf
ssa20	LG01	11887844	11887934	ssa20_50854924_50856425.maf
ssa20	LG01	12050180	12050208	ssa20_51041761_51042484.maf
ssa20	LG01	12050208	12050236	ssa20_51041761_51042484.maf
ssa20	LG01	12431494	12431552	ssa20_51598442_51598788.maf
ssa20	LG13	32305048	32305140	ssa20_5161639_5162292.maf
ssa20	LG13	32305143	32305160	ssa20_5161639_5162292.maf
ssa20	LG01	12547891	12547962	ssa20_51699500_51700274.maf
ssa20	LG01	12547970	12548063	ssa20_51699500_51700274.maf
ssa20	LG01	12906504	12906556	ssa20_52086988_52088093.maf
ssa20	LG01	13246496	13246530	ssa20_52404424_52404614.maf
ssa20	LG01	13428286	13428307	ssa20_52631364_52632222.maf
ssa20	LG01	13568492	13568521	ssa20_52823870_52824711.maf
ssa20	LG01	13568521	13568537	ssa20_52823870_52824711.maf
ssa20	LG01	13795444	13795462	ssa20_53078796_53079641.maf
ssa20	LG01	13795492	13795526	ssa20_53078796_53079641.maf
ssa20	LG01	13795526	13795551	ssa20_53078796_53079641.maf
ssa20	LG01	13915540	13915570	ssa20_53182684_53182941.maf
ssa20	LG01	14264448	14264501	ssa20_54407991_54408350.maf
ssa20	LG01	14374482	14374493	ssa20_54511726_54512253.maf
ssa20	LG01	14374496	14374508	ssa20_54511726_54512253.maf
ssa20	LG01	14374508	14374518	ssa20_54511726_54512253.maf
ssa20	LG01	14374518	14374548	ssa20_54511726_54512253.maf
ssa20	LG01	5541227	5541255	ssa20_55072007_55072418.maf
ssa20	LG01	5541333	5541378	ssa20_55072007_55072418.maf
ssa20	LG01	6563177	6563202	ssa20_55849369_55849766.maf
ssa20	LG01	6563211	6563233	ssa20_55849369_55849766.maf
ssa20	LG01	6563297	6563310	ssa20_55849369_55849766.maf
ssa20	LG01	6563310	6563367	ssa20_55849369_55849766.maf
ssa20	LG01	6101905	6101965	ssa20_56428034_56428515.maf
ssa20	LG01	6102182	6102242	ssa20_56428034_56428515.maf
ssa20	LG01	6102242	6102254	ssa20_56428034_56428515.maf
ssa20	LG01	5918123	5918184	ssa20_56635278_56635696.maf
ssa20	LG01	5918184	5918203	ssa20_56635278_56635696.maf
ssa20	LG01	5643583	5643655	ssa20_57239017_57240293.maf
ssa20	LG01	19514296	19514319	ssa20_57350110_57350966.maf
ssa20	LG01	19514321	19514481	ssa20_57350110_57350966.maf
ssa20	LG01	19514481	19514498	ssa20_57350110_57350966.maf
ssa20	LG01	19514499	19514531	ssa20_57350110_57350966.maf
ssa20	LG01	19514586	19514625	ssa20_57350110_57350966.maf
ssa20	LG01	19514625	19514640	ssa20_57350110_57350966.maf
ssa20	LG01	19514680	19514752	ssa20_57350110_57350966.maf
ssa20	LG01	19514757	19514782	ssa20_57350110_57350966.maf
ssa20	LG01	19429129	19429159	ssa20_57455115_57455972.maf
ssa20	LG01	19429159	19429246	ssa20_57455115_57455972.maf
ssa20	LG01	19429246	19429279	ssa20_57455115_57455972.maf
ssa20	LG01	19429542	19429590	ssa20_57455115_57455972.maf
ssa20	LG01	19429590	19429646	ssa20_57455115_57455972.maf
ssa20	LG01	19223971	19224002	ssa20_57734763_57735293.maf
ssa20	LG01	19088190	19088377	ssa20_57855592_57856059.maf
ssa20	LG01	18739071	18739083	ssa20_58266105_58267010.maf
ssa20	LG01	18739086	18739143	ssa20_58266105_58267010.maf
ssa20	LG01	18528391	18528407	ssa20_58539765_58540324.maf
ssa20	LG01	18528407	18528427	ssa20_58539765_58540324.maf
ssa20	LG01	18521882	18521902	ssa20_58553436_58553920.maf
ssa20	LG01	18521902	18521935	ssa20_58553436_58553920.maf
ssa20	LG01	18518358	18518387	ssa20_58555019_58555395.maf
ssa20	LG01	18401515	18401565	ssa20_58729716_58730558.maf
ssa20	LG01	18401565	18401594	ssa20_58729716_58730558.maf
ssa20	LG01	18318828	18318905	ssa20_58807788_58808775.maf
ssa20	LG01	18277895	18277920	ssa20_58872220_58873431.maf
ssa20	LG01	18277978	18277989	ssa20_58872220_58873431.maf
ssa20	LG01	18277989	18278019	ssa20_58872220_58873431.maf
ssa20	LG01	18276427	18276487	ssa20_58876796_58877300.maf
ssa20	LG01	18276487	18276550	ssa20_58876796_58877300.maf
ssa20	LG01	18276550	18276588	ssa20_58876796_58877300.maf
ssa20	LG01	18224956	18224976	ssa20_58983375_58984843.maf
ssa20	LG01	17927381	17927432	ssa20_59287609_59288139.maf
ssa20	LG01	17927432	17927461	ssa20_59287609_59288139.maf
ssa20	LG01	17584165	17584250	ssa20_59914079_59914967.maf
ssa20	LG01	17584250	17584283	ssa20_59914079_59914967.maf
ssa20	LG01	17522991	17523142	ssa20_60001034_60001789.maf
ssa20	LG01	17523142	17523269	ssa20_60001034_60001789.maf
ssa20	LG01	17351246	17351288	ssa20_60220767_60221411.maf
ssa20	LG01	17351288	17351327	ssa20_60220767_60221411.maf
ssa20	LG01	17351332	17351357	ssa20_60220767_60221411.maf
ssa20	LG01	17317991	17318074	ssa20_60267809_60269118.maf
ssa20	LG01	16783665	16783727	ssa20_61023584_61024601.maf
ssa20	LG01	16783734	16783767	ssa20_61023584_61024601.maf
ssa20	LG01	16539208	16539244	ssa20_61356684_61357313.maf
ssa20	LG01	16539265	16539345	ssa20_61356684_61357313.maf
ssa20	LG01	16539345	16539379	ssa20_61356684_61357313.maf
ssa20	LG01	16201281	16201500	ssa20_61736985_61737525.maf
ssa20	LG01	16201621	16201735	ssa20_61736985_61737525.maf
ssa20	LG01	16188984	16189019	ssa20_61752441_61753301.maf
ssa20	LG01	16189019	16189061	ssa20_61752441_61753301.maf
ssa20	LG01	16189061	16189152	ssa20_61752441_61753301.maf
ssa20	LG01	16189152	16189167	ssa20_61752441_61753301.maf
ssa20	LG01	16189168	16189253	ssa20_61752441_61753301.maf
ssa20	LG01	16189253	16189263	ssa20_61752441_61753301.maf
ssa20	LG01	16189529	16189546	ssa20_61752441_61753301.maf
ssa20	LG01	16129767	16129788	ssa20_61837627_61837912.maf
ssa20	LG01	16129788	16129834	ssa20_61837627_61837912.maf
ssa20	LG01	16129836	16129858	ssa20_61837627_61837912.maf
ssa20	LG01	16129939	16129954	ssa20_61837627_61837912.maf
ssa20	LG01	16129954	16129980	ssa20_61837627_61837912.maf
ssa20	LG01	16120477	16120491	ssa20_61840379_61841314.maf
ssa20	LG01	15867493	15867580	ssa20_62206625_62206817.maf
ssa20	LG01	15823661	15823719	ssa20_62253516_62253928.maf
ssa20	LG01	15823719	15823739	ssa20_62253516_62253928.maf
ssa20	LG01	15823739	15823749	ssa20_62253516_62253928.maf
ssa20	LG01	15706723	15706734	ssa20_62405499_62407308.maf
ssa20	LG01	15706734	15706785	ssa20_62405499_62407308.maf
ssa20	LG01	15706897	15706910	ssa20_62405499_62407308.maf
ssa20	LG01	15706910	15706947	ssa20_62405499_62407308.maf
ssa20	LG01	15706959	15706971	ssa20_62405499_62407308.maf
ssa20	LG01	15423286	15423309	ssa20_62777012_62777627.maf
ssa20	LG01	15423593	15423692	ssa20_62777012_62777627.maf
ssa20	LG01	15276856	15276918	ssa20_62966984_62967428.maf
ssa20	LG01	15124768	15124797	ssa20_63166992_63167451.maf
ssa20	LG01	15124799	15124809	ssa20_63166992_63167451.maf
ssa20	LG01	15125351	15125402	ssa20_63166992_63167451.maf
ssa20	LG01	15125402	15125412	ssa20_63166992_63167451.maf
ssa20	LG01	15007527	15007549	ssa20_63389962_63390815.maf
ssa20	LG01	15007549	15007593	ssa20_63389962_63390815.maf
ssa20	LG13	7506377	7506509	ssa20_6368075_6370565.maf
ssa20	LG01	20415606	20415638	ssa20_64515949_64516965.maf
ssa20	LG01	20415639	20415689	ssa20_64515949_64516965.maf
ssa20	LG01	20415817	20415840	ssa20_64515949_64516965.maf
ssa20	LG01	20415946	20415957	ssa20_64515949_64516965.maf
ssa20	LG01	20415987	20415999	ssa20_64515949_64516965.maf
ssa20	LG01	20416019	20416029	ssa20_64515949_64516965.maf
ssa20	LG01	20445131	20445277	ssa20_64542370_64543648.maf
ssa20	LG01	20813799	20813880	ssa20_65015559_65016091.maf
ssa20	LG01	20897756	20897783	ssa20_65124898_65125648.maf
ssa20	LG01	20897783	20897828	ssa20_65124898_65125648.maf
ssa20	LG01	20897828	20897865	ssa20_65124898_65125648.maf
ssa20	LG01	20897865	20897898	ssa20_65124898_65125648.maf
ssa20	LG01	20898221	20898271	ssa20_65124898_65125648.maf
ssa20	LG01	20898274	20898287	ssa20_65124898_65125648.maf
ssa20	LG01	20914261	20914294	ssa20_65147859_65148273.maf
ssa20	LG01	20914301	20914349	ssa20_65147859_65148273.maf
ssa20	LG01	20914349	20914363	ssa20_65147859_65148273.maf
ssa20	LG01	20914364	20914442	ssa20_65147859_65148273.maf
ssa20	LG01	21074545	21074614	ssa20_65362905_65363353.maf
ssa20	LG01	21083257	21083321	ssa20_65380456_65380892.maf
ssa20	LG01	21083435	21083446	ssa20_65380456_65380892.maf
ssa20	LG01	21112318	21112357	ssa20_65403097_65403370.maf
ssa20	LG01	21112464	21112543	ssa20_65403097_65403370.maf
ssa20	LG01	21135585	21135604	ssa20_65425457_65425937.maf
ssa20	LG01	21618367	21618398	ssa20_65996127_65996512.maf
ssa20	LG01	21618398	21618413	ssa20_65996127_65996512.maf
ssa20	LG01	21618441	21618568	ssa20_65996127_65996512.maf
ssa20	LG01	21618568	21618580	ssa20_65996127_65996512.maf
ssa20	LG01	21618580	21618609	ssa20_65996127_65996512.maf
ssa20	LG01	21618612	21618622	ssa20_65996127_65996512.maf
ssa20	LG01	21618623	21618644	ssa20_65996127_65996512.maf
ssa20	LG01	21685921	21685947	ssa20_66089723_66090242.maf
ssa20	LG01	21685947	21685978	ssa20_66089723_66090242.maf
ssa20	LG01	21685978	21685995	ssa20_66089723_66090242.maf
ssa20	LG01	21685995	21686071	ssa20_66089723_66090242.maf
ssa20	LG01	21686126	21686138	ssa20_66089723_66090242.maf
ssa20	LG01	21686145	21686164	ssa20_66089723_66090242.maf
ssa20	LG01	21882453	21882464	ssa20_66278460_66279481.maf
ssa20	LG01	21883099	21883121	ssa20_66278460_66279481.maf
ssa20	LG01	21883121	21883131	ssa20_66278460_66279481.maf
ssa20	LG01	22122032	22122106	ssa20_66434506_66435216.maf
ssa20	LG01	22122106	22122129	ssa20_66434506_66435216.maf
ssa20	LG01	22122137	22122151	ssa20_66434506_66435216.maf
ssa20	LG01	22122151	22122238	ssa20_66434506_66435216.maf
ssa20	LG01	22122443	22122465	ssa20_66434506_66435216.maf
ssa20	LG01	22122466	22122526	ssa20_66434506_66435216.maf
ssa20	LG01	22122526	22122540	ssa20_66434506_66435216.maf
ssa20	LG01	22126056	22126071	ssa20_66443999_66444942.maf
ssa20	LG01	22126079	22126093	ssa20_66443999_66444942.maf
ssa20	LG01	22230534	22230604	ssa20_66561082_66561399.maf
ssa20	LG01	22980666	22980798	ssa20_67418667_67419629.maf
ssa20	LG01	22980843	22980874	ssa20_67418667_67419629.maf
ssa20	LG01	22980888	22980901	ssa20_67418667_67419629.maf
ssa20	LG01	22980901	22980913	ssa20_67418667_67419629.maf
ssa20	LG01	23297560	23297585	ssa20_67723635_67724533.maf
ssa20	LG01	23589422	23589451	ssa20_68035008_68035279.maf
ssa20	LG01	23589451	23589479	ssa20_68035008_68035279.maf
ssa20	LG01	23589479	23589563	ssa20_68035008_68035279.maf
ssa20	LG01	24307377	24307407	ssa20_69233145_69233901.maf
ssa20	LG01	24307436	24307454	ssa20_69233145_69233901.maf
ssa20	LG01	24307517	24307549	ssa20_69233145_69233901.maf
ssa20	LG01	24307750	24307760	ssa20_69233145_69233901.maf
ssa20	LG01	24323396	24323461	ssa20_69251542_69251802.maf
ssa20	LG01	24323461	24323480	ssa20_69251542_69251802.maf
ssa20	LG01	24323480	24323499	ssa20_69251542_69251802.maf
ssa20	LG01	24632245	24632273	ssa20_69655704_69656249.maf
ssa20	LG01	24632279	24632291	ssa20_69655704_69656249.maf
ssa20	LG01	24632291	24632392	ssa20_69655704_69656249.maf
ssa20	LG01	24652550	24652600	ssa20_69674297_69674809.maf
ssa20	LG01	25437605	25437618	ssa20_70918887_70919912.maf
ssa20	LG01	25437618	25437691	ssa20_70918887_70919912.maf
ssa20	LG01	25640424	25640489	ssa20_71211366_71212319.maf
ssa20	LG01	25640886	25640897	ssa20_71211366_71212319.maf
ssa20	LG01	25640897	25640938	ssa20_71211366_71212319.maf
ssa20	LG01	25640938	25640956	ssa20_71211366_71212319.maf
ssa20	LG01	26113343	26113369	ssa20_71946494_71947624.maf
ssa20	LG01	26113376	26113402	ssa20_71946494_71947624.maf
ssa20	LG01	26113402	26113464	ssa20_71946494_71947624.maf
ssa20	LG01	26113464	26113474	ssa20_71946494_71947624.maf
ssa20	LG01	26113534	26113632	ssa20_71946494_71947624.maf
ssa20	LG01	26114892	26115062	ssa20_71947943_71948330.maf
ssa20	LG01	26499965	26499987	ssa20_72351487_72352208.maf
ssa20	LG01	26500025	26500037	ssa20_72351487_72352208.maf
ssa20	LG01	26870606	26870695	ssa20_73091356_73092338.maf
ssa20	LG01	26882108	26882173	ssa20_73098030_73098912.maf
ssa20	LG01	27132396	27132416	ssa20_73343187_73344266.maf
ssa20	LG01	27132416	27132471	ssa20_73343187_73344266.maf
ssa20	LG01	27238854	27238915	ssa20_73524876_73525518.maf
ssa20	LG01	27238915	27238960	ssa20_73524876_73525518.maf
ssa20	LG01	27300232	27300260	ssa20_73610469_73611128.maf
ssa20	LG01	27300269	27300304	ssa20_73610469_73611128.maf
ssa20	LG01	27300609	27300649	ssa20_73610469_73611128.maf
ssa20	LG01	27641957	27641984	ssa20_74449349_74449754.maf
ssa20	LG01	27641984	27642002	ssa20_74449349_74449754.maf
ssa20	LG01	27668945	27668979	ssa20_74639291_74639681.maf
ssa20	LG01	27668979	27669017	ssa20_74639291_74639681.maf
ssa20	LG01	27669017	27669038	ssa20_74639291_74639681.maf
ssa20	LG01	27669186	27669218	ssa20_74639291_74639681.maf
ssa20	LG01	27896544	27896559	ssa20_75053378_75054659.maf
ssa20	LG01	27896559	27896660	ssa20_75053378_75054659.maf
ssa20	LG01	27897562	27897607	ssa20_75053378_75054659.maf
ssa20	LG01	27897607	27897642	ssa20_75053378_75054659.maf
ssa20	LG01	27933607	27933752	ssa20_75132675_75133741.maf
ssa20	LG01	27986612	27986710	ssa20_75164531_75165365.maf
ssa20	LG01	27986717	27986846	ssa20_75164531_75165365.maf
ssa20	LG01	27987098	27987169	ssa20_75164531_75165365.maf
ssa20	LG01	28044970	28045081	ssa20_75337793_75338390.maf
ssa20	LG01	28156815	28156908	ssa20_75568783_75569151.maf
ssa20	LG01	28156908	28156920	ssa20_75568783_75569151.maf
ssa20	LG01	28203619	28203722	ssa20_75692475_75692802.maf
ssa20	LG01	28561938	28562011	ssa20_76242985_76243663.maf
ssa20	LG01	28562048	28562184	ssa20_76242985_76243663.maf
ssa20	LG01	28798199	28798217	ssa20_76487307_76488117.maf
ssa20	LG01	28798222	28798313	ssa20_76487307_76488117.maf
ssa20	LG01	28840520	28840578	ssa20_76543276_76543609.maf
ssa20	LG01	29174125	29174254	ssa20_77293307_77294164.maf
ssa20	LG01	29174254	29174266	ssa20_77293307_77294164.maf
ssa20	LG01	29175067	29175079	ssa20_77293307_77294164.maf
ssa20	LG01	29175079	29175166	ssa20_77293307_77294164.maf
ssa20	LG01	29935035	29935122	ssa20_78175230_78176334.maf
ssa20	LG01	29935122	29935134	ssa20_78175230_78176334.maf
ssa20	LG01	29935134	29935186	ssa20_78175230_78176334.maf
ssa20	LG01	29935186	29935244	ssa20_78175230_78176334.maf
ssa20	LG01	29935244	29935277	ssa20_78175230_78176334.maf
ssa20	LG01	30001345	30001363	ssa20_78244511_78245848.maf
ssa20	LG01	30001586	30001598	ssa20_78244511_78245848.maf
ssa20	LG01	30002426	30002437	ssa20_78244511_78245848.maf
ssa20	LG01	30002437	30002537	ssa20_78244511_78245848.maf
ssa20	LG01	30192553	30192606	ssa20_78731810_78732907.maf
ssa20	LG01	30192755	30192772	ssa20_78731810_78732907.maf
ssa20	LG01	30192795	30192850	ssa20_78731810_78732907.maf
ssa20	LG01	30192856	30192888	ssa20_78731810_78732907.maf
ssa20	LG01	30192894	30192907	ssa20_78731810_78732907.maf
ssa20	LG01	30321714	30321739	ssa20_79008971_79010150.maf
ssa20	LG01	30321739	30321812	ssa20_79008971_79010150.maf
ssa20	LG01	30321816	30321844	ssa20_79008971_79010150.maf
ssa20	LG01	30321916	30321939	ssa20_79008971_79010150.maf
ssa20	LG01	30361427	30361450	ssa20_79076081_79076459.maf
ssa20	LG01	30362109	30362182	ssa20_79080873_79081612.maf
ssa20	LG01	30402784	30402844	ssa20_79175476_79176134.maf
ssa20	LG01	30402866	30402908	ssa20_79175476_79176134.maf
ssa20	LG01	30402972	30402983	ssa20_79175476_79176134.maf
ssa20	LG01	30424880	30424971	ssa20_79222379_79224386.maf
ssa20	LG01	30425168	30425205	ssa20_79222379_79224386.maf
ssa20	LG01	30425205	30425252	ssa20_79222379_79224386.maf
ssa20	LG01	30425344	30425354	ssa20_79222379_79224386.maf
ssa20	LG01	30425418	30425465	ssa20_79222379_79224386.maf
ssa20	LG01	30425869	30425959	ssa20_79222379_79224386.maf
ssa20	LG01	30426156	30426177	ssa20_79222379_79224386.maf
ssa20	LG01	30439459	30439509	ssa20_79252434_79253540.maf
ssa20	LG01	30439811	30439873	ssa20_79252434_79253540.maf
ssa20	LG01	30439888	30439899	ssa20_79252434_79253540.maf
ssa20	LG01	30439899	30439938	ssa20_79252434_79253540.maf
ssa20	LG01	30440016	30440058	ssa20_79252434_79253540.maf
ssa20	LG01	30440058	30440103	ssa20_79252434_79253540.maf
ssa20	LG01	30463260	30463293	ssa20_79307489_79307891.maf
ssa20	LG01	32709400	32709428	ssa20_82633519_82633758.maf
ssa20	LG01	32709428	32709480	ssa20_82633519_82633758.maf
ssa20	LG01	32709480	32709500	ssa20_82633519_82633758.maf
ssa20	LG01	32763175	32763315	ssa20_82771712_82772567.maf
ssa20	LG01	32872422	32872436	ssa20_83019902_83020993.maf
ssa20	LG01	32872436	32872486	ssa20_83019902_83020993.maf
ssa20	LG01	32887663	32887676	ssa20_83027661_83028258.maf
ssa20	LG01	32887676	32887703	ssa20_83027661_83028258.maf
ssa20	LG01	32887716	32887735	ssa20_83027661_83028258.maf
ssa20	LG01	32887961	32887990	ssa20_83027661_83028258.maf
ssa20	LG01	32899401	32899438	ssa20_83050877_83051621.maf
ssa20	LG01	32900268	32900286	ssa20_83050877_83051621.maf
ssa20	LG01	32992314	32992370	ssa20_83236903_83237403.maf
ssa20	LG01	32996101	32996115	ssa20_83241494_83241798.maf
ssa20	LG01	32996115	32996158	ssa20_83241494_83241798.maf
ssa20	LG01	33033453	33033543	ssa20_83288665_83289149.maf
ssa20	LG01	34672084	34672109	ssa20_85000661_85002323.maf
ssa20	LG01	34672109	34672155	ssa20_85000661_85002323.maf
ssa20	LG01	34704924	34704980	ssa20_85007603_85008453.maf
ssa20	LG01	34704980	34704991	ssa20_85007603_85008453.maf
ssa20	LG01	34706355	34706442	ssa20_85007603_85008453.maf
ssa20	LG01	35061121	35061143	ssa20_85314159_85314991.maf
ssa20	LG01	35061201	35061213	ssa20_85314159_85314991.maf
ssa20	LG01	35061213	35061223	ssa20_85314159_85314991.maf
ssa20	LG01	35387406	35387417	ssa20_85757442_85758207.maf
ssa20	LG01	35387423	35387437	ssa20_85757442_85758207.maf
ssa20	LG01	35387485	35387522	ssa20_85757442_85758207.maf
ssa20	LG01	35387536	35387552	ssa20_85757442_85758207.maf
ssa20	LG01	35425926	35425991	ssa20_85801956_85802990.maf
ssa20	LG01	35425991	35426005	ssa20_85801956_85802990.maf
ssa20	LG01	35649081	35649124	ssa20_86134023_86136114.maf
ssa20	LG01	35649215	35649226	ssa20_86134023_86136114.maf
ssa20	LG01	35649231	35649441	ssa20_86134023_86136114.maf
ssa20	LG01	35651165	35651175	ssa20_86134023_86136114.maf
ssa20	LG01	35651175	35651208	ssa20_86134023_86136114.maf
ssa20	LG01	35651208	35651267	ssa20_86134023_86136114.maf
ssa20	LG01	35651267	35651282	ssa20_86134023_86136114.maf
ssa20	LG01	35651282	35651303	ssa20_86134023_86136114.maf
ssa20	LG01	35651315	35651326	ssa20_86134023_86136114.maf
ssa20	LG01	35662373	35662385	ssa20_86155727_86156253.maf
ssa20	LG01	35662385	35662440	ssa20_86155727_86156253.maf
ssa20	LG01	35663219	35663265	ssa20_86156534_86157792.maf
ssa20	LG01	35677299	35677313	ssa20_86184279_86184907.maf
ssa20	LG01	35677313	35677358	ssa20_86184279_86184907.maf
ssa20	LG01	35996229	35996239	ssa20_86630458_86631135.maf
ssa20	LG01	35996267	35996327	ssa20_86630458_86631135.maf
ssa20	LG01	35996327	35996379	ssa20_86630458_86631135.maf
ssa20	LG01	37418050	37418079	ssa20_87765488_87766157.maf
ssa20	LG01	37418094	37418106	ssa20_87765488_87766157.maf
ssa20	LG01	37418957	37419041	ssa20_87765488_87766157.maf
ssa20	LG01	37448459	37448564	ssa20_87816683_87816887.maf
ssa20	LG01	38332949	38333043	ssa20_88415835_88416250.maf
ssa20	LG01	38333217	38333337	ssa20_88415835_88416250.maf
ssa20	LG01	38333337	38333356	ssa20_88415835_88416250.maf
ssa20	LG01	38377298	38377383	ssa20_88489125_88490121.maf
ssa20	LG01	38377439	38377481	ssa20_88489125_88490121.maf
ssa20	LG01	38440235	38440274	ssa20_88595815_88596439.maf
ssa20	LG01	38440277	38440308	ssa20_88595815_88596439.maf
ssa20	LG01	38743016	38743090	ssa20_89011981_89012573.maf
ssa20	LG01	38763817	38763904	ssa20_89049188_89049660.maf
ssa20	LG01	38939866	38939923	ssa20_89237112_89238071.maf
ssa20	LG01	38939923	38939950	ssa20_89237112_89238071.maf
ssa20	LG01	3220242	3220253	ssa20_96114827_96115372.maf
ssa20	LG01	3220253	3220346	ssa20_96114827_96115372.maf
ssa20	LG01	3220346	3220381	ssa20_96114827_96115372.maf
ssa20	LG01	3220416	3220460	ssa20_96114827_96115372.maf
ssa20	LG01	3220486	3220539	ssa20_96114827_96115372.maf
ssa20	LG01	3220539	3220552	ssa20_96114827_96115372.maf
ssa20	LG01	3220552	3220562	ssa20_96114827_96115372.maf
ssa20	LG01	3226380	3226396	ssa20_96125461_96126266.maf
ssa20	LG01	3226438	3226524	ssa20_96125461_96126266.maf
ssa21	LG16	13618278	13618313	ssa21_10777749_10778010.maf
ssa21	LG16	13735970	13735992	ssa21_10969309_10970400.maf
ssa21	LG16	13848645	13848671	ssa21_11126873_11127726.maf
ssa21	LG16	13848695	13848708	ssa21_11126873_11127726.maf
ssa21	LG16	13976962	13977003	ssa21_11377403_11377900.maf
ssa21	LG16	13977003	13977013	ssa21_11377403_11377900.maf
ssa21	LG16	13977768	13977849	ssa21_11378259_11378871.maf
ssa21	LG16	13977849	13977877	ssa21_11378259_11378871.maf
ssa21	LG16	14384544	14384592	ssa21_12165555_12166321.maf
ssa21	LG16	14384601	14384624	ssa21_12165555_12166321.maf
ssa21	LG16	14384624	14384725	ssa21_12165555_12166321.maf
ssa21	LG16	14384807	14384827	ssa21_12165555_12166321.maf
ssa21	LG16	15147343	15147354	ssa21_12401170_12401939.maf
ssa21	LG16	15147504	15147568	ssa21_12401170_12401939.maf
ssa21	LG16	15147820	15147832	ssa21_12401170_12401939.maf
ssa21	LG16	15147838	15147858	ssa21_12401170_12401939.maf
ssa21	LG16	14429655	14429690	ssa21_13506735_13508142.maf
ssa21	LG16	14429696	14429713	ssa21_13506735_13508142.maf
ssa21	LG16	15309012	15309099	ssa21_13589307_13590620.maf
ssa21	LG16	15355660	15355671	ssa21_13649973_13650722.maf
ssa21	LG16	15586037	15586061	ssa21_13972591_13972930.maf
ssa21	LG16	15586061	15586072	ssa21_13972591_13972930.maf
ssa21	LG16	15667363	15667374	ssa21_14072060_14072580.maf
ssa21	LG16	15667399	15667541	ssa21_14072060_14072580.maf
ssa21	LG16	15685601	15685917	ssa21_14113255_14113868.maf
ssa21	LG16	15685924	15686020	ssa21_14113255_14113868.maf
ssa21	LG16	15686025	15686039	ssa21_14113255_14113868.maf
ssa21	LG16	15686050	15686064	ssa21_14113255_14113868.maf
ssa21	LG16	15904832	15904852	ssa21_14411110_14411677.maf
ssa21	LG16	15904863	15904936	ssa21_14411110_14411677.maf
ssa21	LG16	15967060	15967074	ssa21_14520356_14521267.maf
ssa21	LG16	16226236	16226247	ssa21_14872772_14873289.maf
ssa21	LG16	16226257	16226272	ssa21_14872772_14873289.maf
ssa21	LG16	16237865	16237875	ssa21_14906406_14907202.maf
ssa21	LG16	16493482	16493496	ssa21_15196174_15196437.maf
ssa21	LG16	16493496	16493515	ssa21_15196174_15196437.maf
ssa21	LG16	16628134	16628155	ssa21_15400750_15401470.maf
ssa21	LG16	16642144	16642158	ssa21_15430383_15431487.maf
ssa21	LG16	16642212	16642225	ssa21_15430383_15431487.maf
ssa21	LG16	16644004	16644028	ssa21_15439097_15439668.maf
ssa21	LG16	16644028	16644061	ssa21_15439097_15439668.maf
ssa21	LG16	16807981	16808115	ssa21_15708599_15709061.maf
ssa21	LG16	16813400	16813487	ssa21_15741696_15742158.maf
ssa21	LG16	17625559	17625610	ssa21_16848810_16849087.maf
ssa21	LG16	17625610	17625656	ssa21_16848810_16849087.maf
ssa21	LG16	17625656	17625669	ssa21_16848810_16849087.maf
ssa21	LG16	17813219	17813319	ssa21_17101083_17102832.maf
ssa21	LG16	17813325	17813340	ssa21_17101083_17102832.maf
ssa21	LG20	7925605	7925699	ssa21_17207586_17208472.maf
ssa21	LG20	7895145	7895203	ssa21_17248475_17249113.maf
ssa21	LG20	7895203	7895228	ssa21_17248475_17249113.maf
ssa21	LG20	7252587	7252651	ssa21_18149728_18150862.maf
ssa21	LG20	7123849	7123983	ssa21_18310998_18312263.maf
ssa21	LG20	7123983	7123995	ssa21_18310998_18312263.maf
ssa21	LG20	7125111	7125122	ssa21_18310998_18312263.maf
ssa21	LG20	7125122	7125242	ssa21_18310998_18312263.maf
ssa21	LG20	7125318	7125333	ssa21_18310998_18312263.maf
ssa21	LG20	7125333	7125398	ssa21_18310998_18312263.maf
ssa21	LG20	7013883	7013982	ssa21_18424451_18425626.maf
ssa21	LG20	7014320	7014402	ssa21_18424451_18425626.maf
ssa21	LG20	7014406	7014432	ssa21_18424451_18425626.maf
ssa21	LG20	7014441	7014472	ssa21_18424451_18425626.maf
ssa21	LG20	7014472	7014488	ssa21_18424451_18425626.maf
ssa21	LG20	6965582	6965615	ssa21_18485702_18486533.maf
ssa21	LG20	6863620	6863664	ssa21_18605524_18606460.maf
ssa21	LG20	6863664	6863681	ssa21_18605524_18606460.maf
ssa21	LG20	6863738	6863785	ssa21_18605524_18606460.maf
ssa21	LG20	6864072	6864095	ssa21_18605524_18606460.maf
ssa21	LG20	6803353	6803417	ssa21_18676409_18678226.maf
ssa21	LG20	8798101	8798114	ssa21_18741915_18742881.maf
ssa21	LG20	8982816	8982888	ssa21_19054382_19054933.maf
ssa21	LG20	9070776	9070802	ssa21_19226198_19226867.maf
ssa21	LG20	9070879	9070937	ssa21_19226198_19226867.maf
ssa21	LG20	9070937	9070958	ssa21_19226198_19226867.maf
ssa21	LG20	9070961	9070972	ssa21_19226198_19226867.maf
ssa21	LG20	9070973	9070988	ssa21_19226198_19226867.maf
ssa21	LG20	9070999	9071073	ssa21_19226198_19226867.maf
ssa21	LG20	9071388	9071433	ssa21_19226198_19226867.maf
ssa21	LG20	9075609	9075621	ssa21_19240029_19240271.maf
ssa21	LG20	9075621	9075689	ssa21_19240029_19240271.maf
ssa21	LG20	9075717	9075797	ssa21_19240029_19240271.maf
ssa21	LG20	9075797	9075814	ssa21_19240029_19240271.maf
ssa21	LG20	9075834	9075853	ssa21_19240029_19240271.maf
ssa21	LG20	9075984	9076020	ssa21_19240433_19241178.maf
ssa21	LG20	9076020	9076117	ssa21_19240433_19241178.maf
ssa21	LG20	9076378	9076388	ssa21_19240433_19241178.maf
ssa21	LG20	9076388	9076576	ssa21_19240433_19241178.maf
ssa21	LG20	9256679	9256722	ssa21_19495689_19495967.maf
ssa21	LG20	9256722	9256755	ssa21_19495689_19495967.maf
ssa21	LG20	9273171	9273211	ssa21_19535017_19536009.maf
ssa21	LG20	9273323	9273387	ssa21_19535017_19536009.maf
ssa21	LG20	9276416	9276446	ssa21_19544501_19545126.maf
ssa21	LG20	9503563	9503671	ssa21_19839776_19840144.maf
ssa21	LG20	9503671	9503696	ssa21_19839776_19840144.maf
ssa21	LG20	9503701	9503725	ssa21_19839776_19840144.maf
ssa21	LG20	9503728	9503747	ssa21_19839776_19840144.maf
ssa21	LG20	9512361	9512391	ssa21_19850970_19851716.maf
ssa21	LG20	9516883	9516971	ssa21_19859272_19859681.maf
ssa21	LG20	9555228	9555258	ssa21_19910612_19910928.maf
ssa21	LG20	9556063	9556082	ssa21_19911440_19911739.maf
ssa21	LG20	9556082	9556107	ssa21_19911440_19911739.maf
ssa21	LG20	9564089	9564200	ssa21_19914070_19915263.maf
ssa21	LG20	9564201	9564263	ssa21_19914070_19915263.maf
ssa21	LG20	9726556	9726705	ssa21_20230976_20231670.maf
ssa21	LG20	9726705	9726737	ssa21_20230976_20231670.maf
ssa21	LG20	9818855	9818899	ssa21_20397457_20397937.maf
ssa21	LG20	9818924	9818967	ssa21_20397457_20397937.maf
ssa21	LG20	9845789	9845820	ssa21_20437475_20438191.maf
ssa21	LG20	10011285	10011377	ssa21_20767096_20767494.maf
ssa21	LG20	10011377	10011408	ssa21_20767096_20767494.maf
ssa21	LG20	10089974	10090057	ssa21_20927017_20927364.maf
ssa21	LG20	10090057	10090070	ssa21_20927017_20927364.maf
ssa21	LG20	10090086	10090115	ssa21_20927017_20927364.maf
ssa21	LG20	10251772	10251804	ssa21_21192311_21192856.maf
ssa21	LG20	10511520	10511533	ssa21_21574240_21575125.maf
ssa21	LG20	10511541	10511566	ssa21_21574240_21575125.maf
ssa21	LG20	10511577	10511589	ssa21_21574240_21575125.maf
ssa21	LG20	10511602	10511652	ssa21_21574240_21575125.maf
ssa21	LG20	10511659	10511706	ssa21_21574240_21575125.maf
ssa21	LG20	11277070	11277134	ssa21_22608540_22610053.maf
ssa21	LG20	11305712	11305749	ssa21_22666224_22666746.maf
ssa21	LG20	11305749	11305787	ssa21_22666224_22666746.maf
ssa21	LG16	32730024	32730064	ssa21_2306561_2306933.maf
ssa21	LG16	32730121	32730217	ssa21_2306561_2306933.maf
ssa21	LG16	32730217	32730227	ssa21_2306561_2306933.maf
ssa21	LG16	2334946	2335001	ssa21_23268242_23268860.maf
ssa21	LG16	2315107	2315122	ssa21_23314981_23316267.maf
ssa21	LG16	2315289	2315317	ssa21_23314981_23316267.maf
ssa21	LG16	2315321	2315332	ssa21_23314981_23316267.maf
ssa21	LG16	2234347	2234422	ssa21_23405561_23406458.maf
ssa21	LG16	32669651	32669663	ssa21_2404993_2406265.maf
ssa21	LG16	32669663	32669692	ssa21_2404993_2406265.maf
ssa21	LG16	32669703	32669753	ssa21_2404993_2406265.maf
ssa21	LG16	32669756	32669897	ssa21_2404993_2406265.maf
ssa21	LG16	32669897	32669920	ssa21_2404993_2406265.maf
ssa21	LG16	32669920	32669955	ssa21_2404993_2406265.maf
ssa21	LG16	32670352	32670372	ssa21_2404993_2406265.maf
ssa21	LG16	32670381	32670396	ssa21_2404993_2406265.maf
ssa21	LG16	32670396	32670423	ssa21_2404993_2406265.maf
ssa21	LG16	32670425	32670445	ssa21_2404993_2406265.maf
ssa21	LG16	32670445	32670475	ssa21_2404993_2406265.maf
ssa21	LG16	32670475	32670495	ssa21_2404993_2406265.maf
ssa21	LG16	32670502	32670773	ssa21_2404993_2406265.maf
ssa21	LG16	1536718	1536742	ssa21_24491174_24491620.maf
ssa21	LG16	1536742	1536757	ssa21_24491174_24491620.maf
ssa21	LG16	1536757	1536978	ssa21_24491174_24491620.maf
ssa21	LG16	1536995	1537009	ssa21_24491174_24491620.maf
ssa21	LG16	1279815	1279831	ssa21_24932732_24933351.maf
ssa21	LG16	1279831	1279866	ssa21_24932732_24933351.maf
ssa21	LG16	1279866	1279877	ssa21_24932732_24933351.maf
ssa21	LG16	1280048	1280074	ssa21_24932732_24933351.maf
ssa21	LG16	1280217	1280233	ssa21_24932732_24933351.maf
ssa21	LG16	1274587	1274678	ssa21_24938965_24939713.maf
ssa21	LG16	1274780	1274832	ssa21_24938965_24939713.maf
ssa21	LG16	1090122	1090171	ssa21_25189318_25190047.maf
ssa21	LG16	1090403	1090455	ssa21_25189318_25190047.maf
ssa21	LG16	1090455	1090483	ssa21_25189318_25190047.maf
ssa21	LG16	1044480	1044501	ssa21_25275556_25276277.maf
ssa21	LG16	1044590	1044649	ssa21_25275556_25276277.maf
ssa21	LG16	676445	676538	ssa21_25951112_25951677.maf
ssa21	LG16	676538	676611	ssa21_25951112_25951677.maf
ssa21	LG16	676611	676631	ssa21_25951112_25951677.maf
ssa21	LG16	463056	463119	ssa21_26214390_26214816.maf
ssa21	LG16	449441	449461	ssa21_26233138_26234072.maf
ssa21	LG16	449461	449510	ssa21_26233138_26234072.maf
ssa21	LG16	345171	345182	ssa21_26375700_26377509.maf
ssa21	LG16	345182	345223	ssa21_26375700_26377509.maf
ssa21	LG16	345231	345283	ssa21_26375700_26377509.maf
ssa21	LG16	345287	345323	ssa21_26375700_26377509.maf
ssa21	LG16	6951438	6951521	ssa21_26818676_26819867.maf
ssa21	LG16	32450786	32450930	ssa21_2686392_2686926.maf
ssa21	LG16	32450930	32450995	ssa21_2686392_2686926.maf
ssa21	LG16	7045244	7045297	ssa21_26954568_26955493.maf
ssa21	LG16	7113126	7113244	ssa21_27072825_27073755.maf
ssa21	LG16	7113244	7113269	ssa21_27072825_27073755.maf
ssa21	LG16	7113278	7113340	ssa21_27072825_27073755.maf
ssa21	LG16	7113346	7113367	ssa21_27072825_27073755.maf
ssa21	LG16	7113367	7113378	ssa21_27072825_27073755.maf
ssa21	LG16	7113379	7113462	ssa21_27072825_27073755.maf
ssa21	LG16	7113462	7113556	ssa21_27072825_27073755.maf
ssa21	LG16	7113556	7113612	ssa21_27072825_27073755.maf
ssa21	LG16	7113612	7113677	ssa21_27072825_27073755.maf
ssa21	LG16	7158194	7158364	ssa21_27154469_27154829.maf
ssa21	LG16	7236708	7236733	ssa21_27285459_27286219.maf
ssa21	LG16	7248418	7248432	ssa21_27334489_27334992.maf
ssa21	LG16	7248432	7248483	ssa21_27334489_27334992.maf
ssa21	LG16	7338778	7338801	ssa21_27462362_27462901.maf
ssa21	LG16	7481381	7481571	ssa21_27651491_27652521.maf
ssa21	LG16	7481837	7481884	ssa21_27651491_27652521.maf
ssa21	LG16	7481884	7481900	ssa21_27651491_27652521.maf
ssa21	LG16	7722477	7722521	ssa21_28247340_28248259.maf
ssa21	LG16	7722645	7722669	ssa21_28247340_28248259.maf
ssa21	LG16	7722669	7722680	ssa21_28247340_28248259.maf
ssa21	LG16	8444409	8444426	ssa21_29113690_29114258.maf
ssa21	LG16	8450189	8450205	ssa21_29129481_29130205.maf
ssa21	LG16	8450218	8450264	ssa21_29129481_29130205.maf
ssa21	LG16	8450264	8450307	ssa21_29129481_29130205.maf
ssa21	LG16	8629850	8629887	ssa21_29371300_29371762.maf
ssa21	LG16	8629969	8629981	ssa21_29371300_29371762.maf
ssa21	LG16	8630046	8630061	ssa21_29371300_29371762.maf
ssa21	LG16	8630061	8630075	ssa21_29371300_29371762.maf
ssa21	LG16	8672448	8672471	ssa21_29425064_29425362.maf
ssa21	LG16	9138319	9138343	ssa21_30086070_30086698.maf
ssa21	LG16	9218727	9218743	ssa21_30223073_30223774.maf
ssa21	LG16	9220300	9220311	ssa21_30223924_30224651.maf
ssa21	LG16	9220311	9220375	ssa21_30223924_30224651.maf
ssa21	LG16	9220412	9220428	ssa21_30223924_30224651.maf
ssa21	LG16	9220435	9220445	ssa21_30223924_30224651.maf
ssa21	LG16	9220531	9220541	ssa21_30223924_30224651.maf
ssa21	LG16	9220541	9220565	ssa21_30223924_30224651.maf
ssa21	LG16	9220565	9220580	ssa21_30223924_30224651.maf
ssa21	LG16	32094229	32094287	ssa21_3029034_3029646.maf
ssa21	LG16	9404133	9404163	ssa21_30483500_30483638.maf
ssa21	LG16	9857495	9857522	ssa21_31211635_31212769.maf
ssa21	LG16	9857873	9857892	ssa21_31211635_31212769.maf
ssa21	LG16	9857892	9858007	ssa21_31211635_31212769.maf
ssa21	LG16	9871724	9871772	ssa21_31230768_31231762.maf
ssa21	LG16	9871921	9871932	ssa21_31230768_31231762.maf
ssa21	LG16	9871932	9872153	ssa21_31230768_31231762.maf
ssa21	LG16	9872153	9872189	ssa21_31230768_31231762.maf
ssa21	LG16	9872335	9872380	ssa21_31230768_31231762.maf
ssa21	LG16	9872512	9872542	ssa21_31230768_31231762.maf
ssa21	LG16	9872542	9872555	ssa21_31230768_31231762.maf
ssa21	LG16	10314986	10315006	ssa21_31981525_31983120.maf
ssa21	LG16	10315006	10315072	ssa21_31981525_31983120.maf
ssa21	LG16	11008181	11008260	ssa21_33226242_33226850.maf
ssa21	LG16	11008365	11008422	ssa21_33226242_33226850.maf
ssa21	LG16	11008422	11008444	ssa21_33226242_33226850.maf
ssa21	LG16	11015557	11015570	ssa21_33234919_33235524.maf
ssa21	LG16	11015570	11015602	ssa21_33234919_33235524.maf
ssa21	LG16	31927847	31927880	ssa21_3420343_3421560.maf
ssa21	LG16	31927903	31928000	ssa21_3420343_3421560.maf
ssa21	LG16	31928000	31928025	ssa21_3420343_3421560.maf
ssa21	LG16	11569098	11569212	ssa21_34500430_34500968.maf
ssa21	LG16	11825409	11825436	ssa21_34844712_34845000.maf
ssa21	LG16	11938097	11938160	ssa21_35061298_35062721.maf
ssa21	LG16	11951406	11951448	ssa21_35091422_35091956.maf
ssa21	LG16	11951448	11951509	ssa21_35091422_35091956.maf
ssa21	LG16	11964197	11964279	ssa21_35104087_35104946.maf
ssa21	LG16	31885700	31885711	ssa21_3515898_3516467.maf
ssa21	LG16	31885773	31885794	ssa21_3515898_3516467.maf
ssa21	LG16	31885801	31885883	ssa21_3515898_3516467.maf
ssa21	LG16	12073297	12073400	ssa21_35314974_35315443.maf
ssa21	LG16	12073460	12073476	ssa21_35314974_35315443.maf
ssa21	LG16	12244179	12244227	ssa21_35708653_35709414.maf
ssa21	LG16	12244227	12244239	ssa21_35708653_35709414.maf
ssa21	LG16	13411715	13411851	ssa21_37462198_37463165.maf
ssa21	LG16	13419271	13419333	ssa21_37473469_37473841.maf
ssa21	LG16	13422025	13422077	ssa21_37477978_37478880.maf
ssa21	LG16	13422077	13422232	ssa21_37477978_37478880.maf
ssa21	LG16	25335190	25335353	ssa21_38205802_38206518.maf
ssa21	LG16	25143445	25143465	ssa21_38373321_38374045.maf
ssa21	LG16	24566475	24566490	ssa21_39108244_39109751.maf
ssa21	LG16	24566490	24566552	ssa21_39108244_39109751.maf
ssa21	LG16	24566614	24566626	ssa21_39108244_39109751.maf
ssa21	LG16	23913313	23913325	ssa21_40001996_40003478.maf
ssa21	LG16	23913355	23913437	ssa21_40001996_40003478.maf
ssa21	LG16	23913945	23914049	ssa21_40001996_40003478.maf
ssa21	LG16	23914397	23914425	ssa21_40001996_40003478.maf
ssa21	LG16	23914504	23914577	ssa21_40001996_40003478.maf
ssa21	LG16	23914577	23914593	ssa21_40001996_40003478.maf
ssa21	LG16	23907714	23907727	ssa21_40010200_40010680.maf
ssa21	LG16	23907727	23907762	ssa21_40010200_40010680.maf
ssa21	LG16	23881733	23881777	ssa21_40163464_40164058.maf
ssa21	LG16	23608077	23608199	ssa21_40551019_40551432.maf
ssa21	LG16	23602390	23602463	ssa21_40553081_40554212.maf
ssa21	LG16	23125415	23125428	ssa21_41303676_41304580.maf
ssa21	LG16	23125447	23125496	ssa21_41303676_41304580.maf
ssa21	LG16	23125496	23125528	ssa21_41303676_41304580.maf
ssa21	LG16	23112350	23112401	ssa21_41320381_41320748.maf
ssa21	LG16	23112404	23112455	ssa21_41320381_41320748.maf
ssa21	LG16	22336327	22336355	ssa21_42574606_42575632.maf
ssa21	LG16	22330485	22330500	ssa21_42593411_42594588.maf
ssa21	LG16	22300875	22300888	ssa21_42652941_42653653.maf
ssa21	LG16	22300916	22300927	ssa21_42652941_42653653.maf
ssa21	LG16	22300927	22300942	ssa21_42652941_42653653.maf
ssa21	LG16	22300942	22301112	ssa21_42652941_42653653.maf
ssa21	LG16	22301112	22301126	ssa21_42652941_42653653.maf
ssa21	LG16	22301143	22301175	ssa21_42652941_42653653.maf
ssa21	LG16	22290943	22291064	ssa21_42662116_42663068.maf
ssa21	LG16	22291168	22291216	ssa21_42662116_42663068.maf
ssa21	LG16	22291263	22291275	ssa21_42662116_42663068.maf
ssa21	LG16	22291392	22291405	ssa21_42662116_42663068.maf
ssa21	LG16	22291447	22291458	ssa21_42662116_42663068.maf
ssa21	LG16	22291458	22291507	ssa21_42662116_42663068.maf
ssa21	LG16	22291509	22291571	ssa21_42662116_42663068.maf
ssa21	LG16	21820940	21821028	ssa21_43697987_43699171.maf
ssa21	LG16	21821208	21821263	ssa21_43697987_43699171.maf
ssa21	LG16	21821263	21821283	ssa21_43697987_43699171.maf
ssa21	LG16	20915321	20915347	ssa21_45475576_45476077.maf
ssa21	LG16	20684751	20684812	ssa21_45832383_45833061.maf
ssa21	LG16	20290887	20290897	ssa21_46459639_46460207.maf
ssa21	LG16	20290926	20290983	ssa21_46459639_46460207.maf
ssa21	LG16	20290993	20291006	ssa21_46459639_46460207.maf
ssa21	LG16	20291006	20291096	ssa21_46459639_46460207.maf
ssa21	LG16	20291096	20291112	ssa21_46459639_46460207.maf
ssa21	LG16	20291112	20291149	ssa21_46459639_46460207.maf
ssa21	LG16	20291199	20291216	ssa21_46459639_46460207.maf
ssa21	LG16	19481816	19481830	ssa21_47839389_47839905.maf
ssa21	LG16	19185253	19185333	ssa21_48232254_48232800.maf
ssa21	LG16	19065094	19065112	ssa21_48406211_48407238.maf
ssa21	LG16	19058303	19058361	ssa21_48430341_48430895.maf
ssa21	LG16	19058361	19058476	ssa21_48430341_48430895.maf
ssa21	LG16	19058476	19058566	ssa21_48430341_48430895.maf
ssa21	LG16	19058566	19058642	ssa21_48430341_48430895.maf
ssa21	LG16	18970767	18970816	ssa21_48585030_48585972.maf
ssa21	LG16	18970816	18970876	ssa21_48585030_48585972.maf
ssa21	LG16	18930764	18930785	ssa21_48657581_48658474.maf
ssa21	LG16	18930785	18930812	ssa21_48657581_48658474.maf
ssa21	LG16	18930812	18930873	ssa21_48657581_48658474.maf
ssa21	LG16	18930874	18930915	ssa21_48657581_48658474.maf
ssa21	LG16	18930915	18931075	ssa21_48657581_48658474.maf
ssa21	LG16	18679004	18679031	ssa21_48990480_48990750.maf
ssa21	LG16	18679031	18679090	ssa21_48990480_48990750.maf
ssa21	LG16	18679090	18679100	ssa21_48990480_48990750.maf
ssa21	LG16	18679100	18679110	ssa21_48990480_48990750.maf
ssa21	LG16	18147853	18148011	ssa21_50478769_50479378.maf
ssa21	LG16	18148011	18148047	ssa21_50478769_50479378.maf
ssa21	LG16	18148047	18148071	ssa21_50478769_50479378.maf
ssa21	LG16	18136569	18136657	ssa21_50546705_50547358.maf
ssa21	LG16	18136678	18136692	ssa21_50546705_50547358.maf
ssa21	LG16	18127136	18127159	ssa21_50560423_50560814.maf
ssa21	LG16	30394928	30394938	ssa21_5210421_5211539.maf
ssa21	LG16	30394997	30395082	ssa21_5210421_5211539.maf
ssa21	LG16	30395167	30395178	ssa21_5210421_5211539.maf
ssa21	LG16	30395198	30395213	ssa21_5210421_5211539.maf
ssa21	LG16	30395235	30395254	ssa21_5210421_5211539.maf
ssa21	LG16	30395327	30395341	ssa21_5210421_5211539.maf
ssa21	LG16	30395362	30395378	ssa21_5210421_5211539.maf
ssa21	LG16	30395378	30395395	ssa21_5210421_5211539.maf
ssa21	LG16	30395421	30395555	ssa21_5210421_5211539.maf
ssa21	LG16	30395555	30395565	ssa21_5210421_5211539.maf
ssa21	LG20	6197764	6197815	ssa21_52793965_52794553.maf
ssa21	LG20	6122525	6122619	ssa21_53074188_53074931.maf
ssa21	LG20	6122619	6122640	ssa21_53074188_53074931.maf
ssa21	LG20	5841174	5841197	ssa21_53585497_53585660.maf
ssa21	LG20	5612627	5612644	ssa21_54101994_54102785.maf
ssa21	LG20	4045105	4045144	ssa21_54493322_54494700.maf
ssa21	LG20	4045144	4045159	ssa21_54493322_54494700.maf
ssa21	LG20	3716567	3716599	ssa21_55389426_55390488.maf
ssa21	LG20	3716599	3716645	ssa21_55389426_55390488.maf
ssa21	LG20	3690585	3690654	ssa21_55443354_55443918.maf
ssa21	LG16	28317647	28317677	ssa21_7688985_7690915.maf
ssa21	LG16	28317677	28317726	ssa21_7688985_7690915.maf
ssa21	LG16	28317726	28317745	ssa21_7688985_7690915.maf
ssa21	LG16	28317863	28317894	ssa21_7688985_7690915.maf
ssa21	LG16	28317894	28317950	ssa21_7688985_7690915.maf
ssa21	LG16	28318294	28318315	ssa21_7688985_7690915.maf
ssa21	LG16	28318315	28318416	ssa21_7688985_7690915.maf
ssa22	LG17	36307787	36307906	ssa22_10264106_10265522.maf
ssa22	LG17	36307906	36307986	ssa22_10264106_10265522.maf
ssa22	LG17	36299488	36299537	ssa22_10273675_10274402.maf
ssa22	LG17	36299537	36299658	ssa22_10273675_10274402.maf
ssa22	LG17	36225664	36225674	ssa22_10362091_10363165.maf
ssa22	LG17	36225674	36225704	ssa22_10362091_10363165.maf
ssa22	LG17	36213940	36214022	ssa22_10364114_10364693.maf
ssa22	LG17	36214042	36214079	ssa22_10364114_10364693.maf
ssa22	LG17	36214127	36214148	ssa22_10364114_10364693.maf
ssa22	LG17	36214148	36214162	ssa22_10364114_10364693.maf
ssa22	LG17	36045487	36045499	ssa22_10614841_10616268.maf
ssa22	LG17	36045499	36045602	ssa22_10614841_10616268.maf
ssa22	LG17	35958383	35958463	ssa22_10790690_10790865.maf
ssa22	LG17	35958470	35958498	ssa22_10790690_10790865.maf
ssa22	LG17	35248059	35248111	ssa22_11881641_11882519.maf
ssa22	LG17	35248114	35248198	ssa22_11881641_11882519.maf
ssa22	LG17	35248198	35248211	ssa22_11881641_11882519.maf
ssa22	LG17	35295622	35295634	ssa22_11955884_11956230.maf
ssa22	LG17	35484423	35484511	ssa22_12168840_12169229.maf
ssa22	LG17	34162894	34162917	ssa22_12585799_12586145.maf
ssa22	LG17	34162918	34162935	ssa22_12585799_12586145.maf
ssa22	LG17	34162935	34162958	ssa22_12585799_12586145.maf
ssa22	LG17	34162959	34163009	ssa22_12585799_12586145.maf
ssa22	LG17	34163009	34163056	ssa22_12585799_12586145.maf
ssa22	LG17	34163059	34163078	ssa22_12585799_12586145.maf
ssa22	LG17	33696925	33696935	ssa22_12967657_12967883.maf
ssa22	LG17	33696935	33696988	ssa22_12967657_12967883.maf
ssa22	LG17	33671441	33671455	ssa22_12995886_12996942.maf
ssa22	LG17	33671460	33671486	ssa22_12995886_12996942.maf
ssa22	LG17	33642071	33642109	ssa22_13062199_13062700.maf
ssa22	LG17	33642109	33642254	ssa22_13062199_13062700.maf
ssa22	LG17	33635326	33635356	ssa22_13068333_13068769.maf
ssa22	LG17	33622368	33622383	ssa22_13091318_13091712.maf
ssa22	LG17	33622383	33622452	ssa22_13091318_13091712.maf
ssa22	LG17	33369218	33369277	ssa22_13392288_13392938.maf
ssa22	LG17	33158334	33158470	ssa22_13638448_13639089.maf
ssa22	LG17	33158470	33158487	ssa22_13638448_13639089.maf
ssa22	LG17	33142943	33143138	ssa22_13649711_13650156.maf
ssa22	LG17	33021351	33021421	ssa22_13779967_13780541.maf
ssa22	LG17	33021422	33021434	ssa22_13779967_13780541.maf
ssa22	LG17	32773520	32773531	ssa22_13962952_13963874.maf
ssa22	LG17	32773540	32773550	ssa22_13962952_13963874.maf
ssa22	LG17	32753909	32753973	ssa22_13980470_13981073.maf
ssa22	LG17	32754252	32754263	ssa22_13980470_13981073.maf
ssa22	LG17	32322475	32322622	ssa22_14268027_14269465.maf
ssa22	LG17	32322670	32322699	ssa22_14268027_14269465.maf
ssa22	LG17	32322699	32322807	ssa22_14268027_14269465.maf
ssa22	LG17	32323528	32323579	ssa22_14268027_14269465.maf
ssa22	LG17	32087644	32087675	ssa22_14582503_14583588.maf
ssa22	LG17	32088493	32088529	ssa22_14582503_14583588.maf
ssa22	LG17	32088529	32088571	ssa22_14582503_14583588.maf
ssa22	LG17	31954348	31954367	ssa22_14766327_14767420.maf
ssa22	LG17	31954367	31954377	ssa22_14766327_14767420.maf
ssa22	LG17	31954377	31954403	ssa22_14766327_14767420.maf
ssa22	LG17	31954403	31954572	ssa22_14766327_14767420.maf
ssa22	LG17	31954572	31954615	ssa22_14766327_14767420.maf
ssa22	LG17	31954615	31954674	ssa22_14766327_14767420.maf
ssa22	LG17	31954674	31954699	ssa22_14766327_14767420.maf
ssa22	LG17	31942044	31942078	ssa22_14784332_14784679.maf
ssa22	LG17	31942078	31942204	ssa22_14784332_14784679.maf
ssa22	LG17	31933536	31933546	ssa22_14789789_14789989.maf
ssa22	LG17	31933558	31933590	ssa22_14789789_14789989.maf
ssa22	LG17	31933598	31933608	ssa22_14789789_14789989.maf
ssa22	LG17	31883394	31883410	ssa22_14848778_14849399.maf
ssa22	LG17	31883410	31883420	ssa22_14848778_14849399.maf
ssa22	LG17	31883420	31883559	ssa22_14848778_14849399.maf
ssa22	LG17	31859805	31859844	ssa22_14875175_14875769.maf
ssa22	LG17	31859932	31859953	ssa22_14875175_14875769.maf
ssa22	LG17	31859961	31860107	ssa22_14875175_14875769.maf
ssa22	LG17	31624270	31624290	ssa22_15119047_15119274.maf
ssa22	LG17	31372846	31372860	ssa22_15471254_15472083.maf
ssa22	LG17	31372913	31372932	ssa22_15471254_15472083.maf
ssa22	LG17	31372971	31372993	ssa22_15471254_15472083.maf
ssa22	LG17	31373030	31373046	ssa22_15471254_15472083.maf
ssa22	LG17	31163250	31163260	ssa22_15778097_15778314.maf
ssa22	LG17	44967557	44967633	ssa22_1652190_1652783.maf
ssa22	LG17	44967640	44967838	ssa22_1652190_1652783.maf
ssa22	LG17	30515975	30515996	ssa22_16538873_16539333.maf
ssa22	LG17	30516038	30516085	ssa22_16538873_16539333.maf
ssa22	LG17	30516085	30516108	ssa22_16538873_16539333.maf
ssa22	LG17	30516108	30516135	ssa22_16538873_16539333.maf
ssa22	LG17	30516135	30516170	ssa22_16538873_16539333.maf
ssa22	LG17	30516170	30516186	ssa22_16538873_16539333.maf
ssa22	LG17	30516186	30516197	ssa22_16538873_16539333.maf
ssa22	LG17	30516197	30516209	ssa22_16538873_16539333.maf
ssa22	LG17	30516209	30516240	ssa22_16538873_16539333.maf
ssa22	LG17	30441998	30442064	ssa22_16630149_16630753.maf
ssa22	LG17	30442320	30442405	ssa22_16630149_16630753.maf
ssa22	LG17	30379377	30379406	ssa22_16726630_16727447.maf
ssa22	LG17	30379425	30379454	ssa22_16726630_16727447.maf
ssa22	LG17	30349933	30350047	ssa22_16780899_16781320.maf
ssa22	LG17	30350048	30350069	ssa22_16780899_16781320.maf
ssa22	LG17	29980498	29980534	ssa22_17307399_17308002.maf
ssa22	LG17	29980534	29980605	ssa22_17307399_17308002.maf
ssa22	LG17	29980605	29980621	ssa22_17307399_17308002.maf
ssa22	LG17	29980621	29980655	ssa22_17307399_17308002.maf
ssa22	LG17	29980655	29980694	ssa22_17307399_17308002.maf
ssa22	LG17	29980694	29980706	ssa22_17307399_17308002.maf
ssa22	LG17	29980706	29980806	ssa22_17307399_17308002.maf
ssa22	LG17	29980883	29980918	ssa22_17307399_17308002.maf
ssa22	LG17	29980918	29980949	ssa22_17307399_17308002.maf
ssa22	LG17	29980955	29980966	ssa22_17307399_17308002.maf
ssa22	LG17	29967212	29967264	ssa22_17318890_17319470.maf
ssa22	LG17	29967264	29967487	ssa22_17318890_17319470.maf
ssa22	LG17	29967491	29967506	ssa22_17318890_17319470.maf
ssa22	LG17	29707878	29707902	ssa22_17669353_17669888.maf
ssa22	LG17	29705931	29705975	ssa22_17671204_17671999.maf
ssa22	LG17	29223134	29223150	ssa22_18287812_18288419.maf
ssa22	LG17	29223150	29223173	ssa22_18287812_18288419.maf
ssa22	LG17	28944153	28944173	ssa22_18665678_18666096.maf
ssa22	LG17	28944173	28944194	ssa22_18665678_18666096.maf
ssa22	LG17	28897332	28897383	ssa22_18725882_18726638.maf
ssa22	LG17	28897383	28897433	ssa22_18725882_18726638.maf
ssa22	LG17	28897445	28897521	ssa22_18725882_18726638.maf
ssa22	LG17	28897521	28897750	ssa22_18725882_18726638.maf
ssa22	LG17	28897750	28897766	ssa22_18725882_18726638.maf
ssa22	LG17	28897778	28897809	ssa22_18725882_18726638.maf
ssa22	LG17	28897809	28897832	ssa22_18725882_18726638.maf
ssa22	LG17	27673379	27673454	ssa22_20423959_20424879.maf
ssa22	LG17	27571739	27571830	ssa22_20544874_20545776.maf
ssa22	LG17	27312481	27312506	ssa22_20859809_20860439.maf
ssa22	LG17	27312539	27312630	ssa22_20859809_20860439.maf
ssa22	LG17	45358256	45358309	ssa22_2118301_2119099.maf
ssa22	LG17	45358746	45358800	ssa22_2118301_2119099.maf
ssa22	LG17	26654824	26654836	ssa22_21948880_21950020.maf
ssa22	LG17	26655020	26655044	ssa22_21948880_21950020.maf
ssa22	LG17	26655044	26655091	ssa22_21948880_21950020.maf
ssa22	LG17	26563561	26563574	ssa22_22069969_22070474.maf
ssa22	LG17	26563574	26563594	ssa22_22069969_22070474.maf
ssa22	LG17	26563594	26563638	ssa22_22069969_22070474.maf
ssa22	LG17	25608505	25608684	ssa22_23185931_23186536.maf
ssa22	LG17	25188355	25188410	ssa22_23661494_23662177.maf
ssa22	LG17	25188486	25188500	ssa22_23661494_23662177.maf
ssa22	LG17	25016644	25016728	ssa22_24008424_24009237.maf
ssa22	LG17	25016782	25016798	ssa22_24008424_24009237.maf
ssa22	LG17	24557105	24557213	ssa22_24579616_24579941.maf
ssa22	LG17	24557235	24557328	ssa22_24579616_24579941.maf
ssa22	LG17	24544629	24544645	ssa22_24598000_24598698.maf
ssa22	LG17	24544645	24544703	ssa22_24598000_24598698.maf
ssa22	LG17	24544710	24544825	ssa22_24598000_24598698.maf
ssa22	LG17	24544825	24544835	ssa22_24598000_24598698.maf
ssa22	LG17	24498947	24499014	ssa22_24648039_24648541.maf
ssa22	LG17	24151763	24151786	ssa22_25084987_25085573.maf
ssa22	LG17	24151786	24151799	ssa22_25084987_25085573.maf
ssa22	LG17	24151829	24151839	ssa22_25084987_25085573.maf
ssa22	LG17	24151851	24151904	ssa22_25084987_25085573.maf
ssa22	LG17	24151904	24151942	ssa22_25084987_25085573.maf
ssa22	LG17	24146485	24146515	ssa22_25089088_25089723.maf
ssa22	LG17	24146520	24146557	ssa22_25089088_25089723.maf
ssa22	LG17	24106800	24106813	ssa22_25111347_25111753.maf
ssa22	LG17	24128166	24128225	ssa22_25112091_25113368.maf
ssa22	LG17	24128800	24128856	ssa22_25112091_25113368.maf
ssa22	LG17	24119342	24119448	ssa22_25117375_25118575.maf
ssa22	LG17	24119448	24119460	ssa22_25117375_25118575.maf
ssa22	LG17	24119460	24119481	ssa22_25117375_25118575.maf
ssa22	LG17	24119498	24119529	ssa22_25117375_25118575.maf
ssa22	LG17	24119693	24119704	ssa22_25117375_25118575.maf
ssa22	LG17	24119704	24119714	ssa22_25117375_25118575.maf
ssa22	LG17	24097370	24097449	ssa22_25145642_25146153.maf
ssa22	LG17	24097449	24097504	ssa22_25145642_25146153.maf
ssa22	LG17	24097504	24097529	ssa22_25145642_25146153.maf
ssa22	LG17	24097529	24097584	ssa22_25145642_25146153.maf
ssa22	LG17	24028509	24028523	ssa22_25211744_25212521.maf
ssa22	LG17	24028523	24028608	ssa22_25211744_25212521.maf
ssa22	LG17	24028621	24028641	ssa22_25211744_25212521.maf
ssa22	LG17	24028641	24028654	ssa22_25211744_25212521.maf
ssa22	LG17	23834712	23834813	ssa22_25442560_25442852.maf
ssa22	LG17	23820854	23820887	ssa22_25461808_25462319.maf
ssa22	LG17	23815348	23815360	ssa22_25468562_25469772.maf
ssa22	LG17	23815360	23815377	ssa22_25468562_25469772.maf
ssa22	LG17	23815377	23815434	ssa22_25468562_25469772.maf
ssa22	LG17	23815434	23815479	ssa22_25468562_25469772.maf
ssa22	LG17	23812652	23812704	ssa22_25474144_25475449.maf
ssa22	LG17	23813139	23813194	ssa22_25474144_25475449.maf
ssa22	LG17	23812155	23812191	ssa22_25475486_25476278.maf
ssa22	LG17	23802611	23802643	ssa22_25493697_25494135.maf
ssa22	LG17	23802730	23802835	ssa22_25493697_25494135.maf
ssa22	LG17	23802835	23802871	ssa22_25493697_25494135.maf
ssa22	LG17	23802871	23802884	ssa22_25493697_25494135.maf
ssa22	LG17	23726580	23726610	ssa22_25599664_25600387.maf
ssa22	LG17	23195768	23195942	ssa22_26392248_26392780.maf
ssa22	LG17	23112683	23112722	ssa22_26523897_26524886.maf
ssa22	LG17	23112722	23112789	ssa22_26523897_26524886.maf
ssa22	LG17	23113707	23113759	ssa22_26523897_26524886.maf
ssa22	LG17	23113759	23113777	ssa22_26523897_26524886.maf
ssa22	LG17	23088602	23088654	ssa22_26554379_26555180.maf
ssa22	LG17	22354166	22354243	ssa22_27587964_27588269.maf
ssa22	LG17	22010661	22010678	ssa22_28058592_28059128.maf
ssa22	LG17	22010716	22010744	ssa22_28058592_28059128.maf
ssa22	LG17	21775604	21775694	ssa22_28372036_28372412.maf
ssa22	LG17	21775694	21775723	ssa22_28372036_28372412.maf
ssa22	LG17	21775736	21775748	ssa22_28372036_28372412.maf
ssa22	LG17	21775757	21775768	ssa22_28372036_28372412.maf
ssa22	LG17	21711194	21711303	ssa22_28436329_28436685.maf
ssa22	LG17	21631476	21631499	ssa22_28544798_28545386.maf
ssa22	LG17	20381931	20381965	ssa22_30098583_30099210.maf
ssa22	LG17	20348447	20348461	ssa22_30126970_30127382.maf
ssa22	LG17	20348462	20348534	ssa22_30126970_30127382.maf
ssa22	LG17	20348534	20348551	ssa22_30126970_30127382.maf
ssa22	LG17	20258509	20258521	ssa22_30292183_30292926.maf
ssa22	LG17	20258524	20258571	ssa22_30292183_30292926.maf
ssa22	LG17	20258571	20258584	ssa22_30292183_30292926.maf
ssa22	LG17	20209300	20209380	ssa22_30405887_30406897.maf
ssa22	LG17	20209496	20209552	ssa22_30405887_30406897.maf
ssa22	LG17	19418497	19418521	ssa22_31387479_31388081.maf
ssa22	LG17	19418521	19418576	ssa22_31387479_31388081.maf
ssa22	LG17	19322927	19322954	ssa22_31493210_31494275.maf
ssa22	LG17	19322962	19323038	ssa22_31493210_31494275.maf
ssa22	LG17	19119228	19119333	ssa22_31849839_31850680.maf
ssa22	LG17	19119383	19119401	ssa22_31849839_31850680.maf
ssa22	LG17	19119401	19119412	ssa22_31849839_31850680.maf
ssa22	LG17	19119412	19119445	ssa22_31849839_31850680.maf
ssa22	LG17	19119445	19119491	ssa22_31849839_31850680.maf
ssa22	LG17	19119491	19119506	ssa22_31849839_31850680.maf
ssa22	LG17	19119509	19119521	ssa22_31849839_31850680.maf
ssa22	LG17	19119799	19119886	ssa22_31849839_31850680.maf
ssa22	LG17	18736470	18736482	ssa22_32586651_32587346.maf
ssa22	LG17	18736482	18736528	ssa22_32586651_32587346.maf
ssa22	LG17	18736785	18736807	ssa22_32586651_32587346.maf
ssa22	LG17	18736807	18736833	ssa22_32586651_32587346.maf
ssa22	LG17	18534064	18534093	ssa22_32905549_32906092.maf
ssa22	LG17	18436979	18437008	ssa22_33073987_33074740.maf
ssa22	LG17	18437008	18437049	ssa22_33073987_33074740.maf
ssa22	LG17	18437049	18437059	ssa22_33073987_33074740.maf
ssa22	LG17	18437196	18437209	ssa22_33073987_33074740.maf
ssa22	LG17	18438058	18438107	ssa22_33073987_33074740.maf
ssa22	LG17	18438107	18438148	ssa22_33073987_33074740.maf
ssa22	LG17	18220835	18220867	ssa22_33404800_33405561.maf
ssa22	LG17	18221167	18221263	ssa22_33404800_33405561.maf
ssa22	LG17	18221263	18221320	ssa22_33404800_33405561.maf
ssa22	LG17	18221320	18221343	ssa22_33404800_33405561.maf
ssa22	LG17	17902041	17902142	ssa22_33746611_33747022.maf
ssa22	LG17	17902142	17902163	ssa22_33746611_33747022.maf
ssa22	LG17	17899016	17899035	ssa22_33755482_33755739.maf
ssa22	LG17	17579700	17579832	ssa22_34248026_34249365.maf
ssa22	LG17	17580523	17580562	ssa22_34248026_34249365.maf
ssa22	LG17	17512299	17512316	ssa22_34354731_34355326.maf
ssa22	LG17	17512316	17512346	ssa22_34354731_34355326.maf
ssa22	LG17	17512346	17512359	ssa22_34354731_34355326.maf
ssa22	LG17	17512483	17512495	ssa22_34354731_34355326.maf
ssa22	LG17	17512495	17512531	ssa22_34354731_34355326.maf
ssa22	LG17	17512531	17512542	ssa22_34354731_34355326.maf
ssa22	LG17	17512586	17512635	ssa22_34354731_34355326.maf
ssa22	LG17	17512635	17512649	ssa22_34354731_34355326.maf
ssa22	LG17	16833897	16833929	ssa22_35310454_35310804.maf
ssa22	LG17	16833931	16833972	ssa22_35310454_35310804.maf
ssa22	LG17	16833978	16833992	ssa22_35310454_35310804.maf
ssa22	LG17	16603354	16603364	ssa22_35611140_35611960.maf
ssa22	LG17	16603694	16603763	ssa22_35611140_35611960.maf
ssa22	LG17	16551263	16551284	ssa22_35684098_35684552.maf
ssa22	LG17	16551449	16551467	ssa22_35684098_35684552.maf
ssa22	LG17	16551467	16551613	ssa22_35684098_35684552.maf
ssa22	LG17	16518214	16518239	ssa22_35726188_35726517.maf
ssa22	LG17	16518299	16518383	ssa22_35726188_35726517.maf
ssa22	LG17	16350870	16350888	ssa22_35979794_35980221.maf
ssa22	LG17	16350888	16350906	ssa22_35979794_35980221.maf
ssa22	LG17	16351019	16351042	ssa22_35979794_35980221.maf
ssa22	LG17	16351042	16351056	ssa22_35979794_35980221.maf
ssa22	LG17	16351057	16351070	ssa22_35979794_35980221.maf
ssa22	LG17	14921861	14921884	ssa22_37827678_37828188.maf
ssa22	LG17	14921884	14921904	ssa22_37827678_37828188.maf
ssa22	LG17	14921987	14922021	ssa22_37827678_37828188.maf
ssa22	LG17	14922021	14922056	ssa22_37827678_37828188.maf
ssa22	LG17	14922057	14922069	ssa22_37827678_37828188.maf
ssa22	LG17	14922070	14922080	ssa22_37827678_37828188.maf
ssa22	LG17	14061118	14061142	ssa22_39141986_39143657.maf
ssa22	LG17	14061149	14061309	ssa22_39141986_39143657.maf
ssa22	LG17	14038663	14038788	ssa22_39163102_39163580.maf
ssa22	LG17	13959168	13959209	ssa22_39256430_39256782.maf
ssa22	LG17	13953518	13953589	ssa22_39263091_39263659.maf
ssa22	LG17	13932417	13932469	ssa22_39320624_39321878.maf
ssa22	LG17	13932505	13932678	ssa22_39320624_39321878.maf
ssa22	LG17	13771815	13771856	ssa22_39560265_39560901.maf
ssa22	LG17	13633180	13633320	ssa22_39715072_39715526.maf
ssa22	LG17	13438672	13438764	ssa22_39937950_39938702.maf
ssa22	LG17	12524253	12524314	ssa22_41276022_41277503.maf
ssa22	LG17	12508877	12508969	ssa22_41320825_41321412.maf
ssa22	LG17	12285534	12285644	ssa22_41622128_41622750.maf
ssa22	LG17	12285050	12285070	ssa22_41642453_41643114.maf
ssa22	LG17	12285070	12285082	ssa22_41642453_41643114.maf
ssa22	LG17	12285082	12285114	ssa22_41642453_41643114.maf
ssa22	LG17	10338330	10338358	ssa22_44057569_44058302.maf
ssa22	LG17	9167247	9167318	ssa22_46440820_46441434.maf
ssa22	LG17	9054101	9054156	ssa22_46630960_46631596.maf
ssa22	LG17	9054159	9054187	ssa22_46630960_46631596.maf
ssa22	LG17	9054187	9054200	ssa22_46630960_46631596.maf
ssa22	LG17	9054200	9054222	ssa22_46630960_46631596.maf
ssa22	LG17	9051592	9051655	ssa22_46634877_46635719.maf
ssa22	LG17	9052225	9052250	ssa22_46634877_46635719.maf
ssa22	LG17	9052250	9052285	ssa22_46634877_46635719.maf
ssa22	LG17	9052285	9052342	ssa22_46634877_46635719.maf
ssa22	LG17	9052347	9052362	ssa22_46634877_46635719.maf
ssa22	LG17	8951629	8951737	ssa22_46821192_46823193.maf
ssa22	LG17	8846255	8846277	ssa22_46934297_46935174.maf
ssa22	LG17	8846277	8846306	ssa22_46934297_46935174.maf
ssa22	LG17	8846306	8846347	ssa22_46934297_46935174.maf
ssa22	LG17	8320417	8320577	ssa22_47935140_47935577.maf
ssa22	LG17	8298826	8298850	ssa22_47965962_47966593.maf
ssa22	LG17	8298850	8298887	ssa22_47965962_47966593.maf
ssa22	LG17	7939278	7939365	ssa22_48453447_48454068.maf
ssa22	LG17	7267358	7267393	ssa22_49589762_49590229.maf
ssa22	LG17	7241145	7241180	ssa22_49636134_49637004.maf
ssa22	LG17	7241186	7241200	ssa22_49636134_49637004.maf
ssa22	LG17	7143540	7143610	ssa22_49823043_49823527.maf
ssa22	LG17	7140582	7140619	ssa22_49828574_49829068.maf
ssa22	LG17	6857875	6857886	ssa22_50359088_50359733.maf
ssa22	LG17	6857886	6857976	ssa22_50359088_50359733.maf
ssa22	LG17	6836485	6836592	ssa22_50408216_50408947.maf
ssa22	LG17	6824835	6824958	ssa22_50434891_50435830.maf
ssa22	LG17	6123973	6124008	ssa22_51472425_51473080.maf
ssa22	LG17	6124008	6124018	ssa22_51472425_51473080.maf
ssa22	LG17	6124079	6124093	ssa22_51472425_51473080.maf
ssa22	LG17	6113402	6113448	ssa22_51517124_51517494.maf
ssa22	LG17	6113448	6113469	ssa22_51517124_51517494.maf
ssa22	LG17	6113469	6113484	ssa22_51517124_51517494.maf
ssa22	LG17	6113484	6113510	ssa22_51517124_51517494.maf
ssa22	LG17	6113510	6113520	ssa22_51517124_51517494.maf
ssa22	LG17	6113529	6113539	ssa22_51517124_51517494.maf
ssa22	LG17	6113539	6113562	ssa22_51517124_51517494.maf
ssa22	LG17	6113562	6113573	ssa22_51517124_51517494.maf
ssa22	LG17	6111282	6111350	ssa22_51521324_51521905.maf
ssa22	LG17	6111357	6111388	ssa22_51521324_51521905.maf
ssa22	LG17	6111388	6111451	ssa22_51521324_51521905.maf
ssa22	LG17	6108231	6108342	ssa22_51529374_51530086.maf
ssa22	LG17	42632604	42632634	ssa22_5187282_5187773.maf
ssa22	LG17	42527704	42527874	ssa22_5271074_5272458.maf
ssa22	LG17	42528294	42528382	ssa22_5271074_5272458.maf
ssa22	LG17	42528389	42528402	ssa22_5271074_5272458.maf
ssa22	LG17	181091	181149	ssa22_52955610_52956031.maf
ssa22	LG17	181149	181162	ssa22_52955610_52956031.maf
ssa22	LG17	181162	181239	ssa22_52955610_52956031.maf
ssa22	LG17	181239	181279	ssa22_52955610_52956031.maf
ssa22	LG17	5299640	5299661	ssa22_53406975_53407494.maf
ssa22	LG17	5299683	5299715	ssa22_53406975_53407494.maf
ssa22	LG17	5332681	5332709	ssa22_53446264_53447214.maf
ssa22	LG17	5332709	5332762	ssa22_53446264_53447214.maf
ssa22	LG17	42469298	42469314	ssa22_5384141_5384794.maf
ssa22	LG17	42469314	42469348	ssa22_5384141_5384794.maf
ssa22	LG17	911154	911276	ssa22_54713946_54715466.maf
ssa22	LG17	1319732	1319751	ssa22_55180774_55181469.maf
ssa22	LG17	1319755	1319799	ssa22_55180774_55181469.maf
ssa22	LG17	2154373	2154444	ssa22_55996609_55997577.maf
ssa22	LG17	2154444	2154503	ssa22_55996609_55997577.maf
ssa22	LG17	2158056	2158073	ssa22_56012149_56012710.maf
ssa22	LG17	2158073	2158135	ssa22_56012149_56012710.maf
ssa22	LG17	2187491	2187586	ssa22_56061512_56062009.maf
ssa22	LG17	2187586	2187624	ssa22_56061512_56062009.maf
ssa22	LG17	2383088	2383160	ssa22_56293739_56294428.maf
ssa22	LG17	2383390	2383464	ssa22_56293739_56294428.maf
ssa22	LG17	2503839	2503916	ssa22_56750684_56751303.maf
ssa22	LG17	2504087	2504204	ssa22_56750684_56751303.maf
ssa22	LG17	42181994	42182181	ssa22_5693710_5694134.maf
ssa22	LG17	2856779	2856871	ssa22_57304297_57304906.maf
ssa22	LG02	2876900	2876912	ssa22_58307834_58308351.maf
ssa22	LG02	2876912	2876989	ssa22_58307834_58308351.maf
ssa22	LG02	2877000	2877028	ssa22_58307834_58308351.maf
ssa22	LG02	2795608	2795671	ssa22_58614829_58615472.maf
ssa22	LG02	2650973	2651019	ssa22_58888628_58889205.maf
ssa22	LG02	2599958	2599976	ssa22_59011303_59012480.maf
ssa22	LG17	41780479	41780519	ssa22_5960886_5962352.maf
ssa22	LG02	1695802	1695890	ssa22_60886759_60887171.maf
ssa22	LG02	1095931	1095966	ssa22_62158626_62159341.maf
ssa22	LG02	1096520	1096534	ssa22_62158626_62159341.maf
ssa22	LG02	1096534	1096554	ssa22_62158626_62159341.maf
ssa22	LG02	1096569	1096714	ssa22_62158626_62159341.maf
ssa22	LG02	1096714	1096742	ssa22_62158626_62159341.maf
ssa22	LG02	1096742	1096759	ssa22_62158626_62159341.maf
ssa22	LG17	38327408	38327423	ssa22_7870458_7870836.maf
ssa22	LG17	38327508	38327561	ssa22_7870458_7870836.maf
ssa22	LG17	38327581	38327591	ssa22_7870458_7870836.maf
ssa22	LG17	38327591	38327614	ssa22_7870458_7870836.maf
ssa22	LG17	38000372	38000389	ssa22_8205599_8206661.maf
ssa22	LG17	38000389	38000416	ssa22_8205599_8206661.maf
ssa22	LG17	38000417	38000450	ssa22_8205599_8206661.maf
ssa22	LG17	37992644	37992894	ssa22_8233069_8233565.maf
ssa22	LG17	38846791	38846864	ssa22_8621962_8622328.maf
ssa22	LG17	38846864	38846910	ssa22_8621962_8622328.maf
ssa22	LG17	38922879	38922909	ssa22_8716652_8717599.maf
ssa22	LG17	37180724	37180738	ssa22_9191193_9191553.maf
ssa22	LG17	37180738	37180758	ssa22_9191193_9191553.maf
ssa22	LG17	37180834	37180869	ssa22_9191193_9191553.maf
ssa22	LG17	37180872	37180884	ssa22_9191193_9191553.maf
ssa22	LG17	37180884	37180904	ssa22_9191193_9191553.maf
ssa22	LG17	36691579	36691596	ssa22_9801623_9801998.maf
ssa22	LG17	36691596	36691707	ssa22_9801623_9801998.maf
ssa22	LG17	36691788	36691803	ssa22_9801623_9801998.maf
ssa22	LG17	36691803	36691823	ssa22_9801623_9801998.maf
ssa22	LG17	36669175	36669318	ssa22_9841796_9842185.maf
ssa22	LG17	36589008	36589039	ssa22_9975480_9976122.maf
ssa23	LG08	28400514	28400581	ssa23_10253497_10254121.maf
ssa23	LG08	28378348	28378388	ssa23_10276877_10277102.maf
ssa23	LG08	28324600	28324611	ssa23_10345030_10345280.maf
ssa23	LG08	28215756	28215800	ssa23_10510763_10511648.maf
ssa23	LG08	28215800	28215830	ssa23_10510763_10511648.maf
ssa23	LG08	27971818	27971838	ssa23_10954197_10954898.maf
ssa23	LG08	27923026	27923052	ssa23_11034671_11035599.maf
ssa23	LG08	27923052	27923082	ssa23_11034671_11035599.maf
ssa23	LG08	27923118	27923132	ssa23_11034671_11035599.maf
ssa23	LG08	26706896	26706922	ssa23_12265765_12267151.maf
ssa23	LG08	26707483	26707507	ssa23_12265765_12267151.maf
ssa23	LG08	26707507	26707520	ssa23_12265765_12267151.maf
ssa23	LG08	26707622	26707658	ssa23_12265765_12267151.maf
ssa23	LG08	26702368	26702409	ssa23_12294214_12295121.maf
ssa23	LG08	26286693	26286730	ssa23_12890301_12890903.maf
ssa23	LG08	26286730	26286760	ssa23_12890301_12890903.maf
ssa23	LG08	26039033	26039063	ssa23_13512872_13513261.maf
ssa23	LG08	26039063	26039173	ssa23_13512872_13513261.maf
ssa23	LG08	26039867	26039911	ssa23_13512872_13513261.maf
ssa23	LG08	26039911	26039940	ssa23_13512872_13513261.maf
ssa23	LG08	26039940	26039952	ssa23_13512872_13513261.maf
ssa23	LG08	26039952	26039970	ssa23_13512872_13513261.maf
ssa23	LG08	26039971	26039989	ssa23_13512872_13513261.maf
ssa23	LG08	26022576	26022606	ssa23_13534763_13535766.maf
ssa23	LG08	26022614	26022687	ssa23_13534763_13535766.maf
ssa23	LG08	26022784	26022828	ssa23_13534763_13535766.maf
ssa23	LG08	26023174	26023279	ssa23_13534763_13535766.maf
ssa23	LG08	26023295	26023337	ssa23_13534763_13535766.maf
ssa23	LG08	26009265	26009301	ssa23_13552772_13553027.maf
ssa23	LG08	24576590	24576691	ssa23_15835424_15836390.maf
ssa23	LG08	24576730	24576744	ssa23_15835424_15836390.maf
ssa23	LG08	24576744	24576781	ssa23_15835424_15836390.maf
ssa23	LG08	24242915	24242958	ssa23_16392446_16392576.maf
ssa23	LG08	24242992	24243004	ssa23_16392446_16392576.maf
ssa23	LG08	24241317	24241403	ssa23_16395722_16396905.maf
ssa23	LG08	24237275	24237391	ssa23_16398816_16399569.maf
ssa23	LG08	24237440	24237540	ssa23_16398816_16399569.maf
ssa23	LG08	24236227	24236264	ssa23_16400826_16401758.maf
ssa23	LG08	24236265	24236327	ssa23_16400826_16401758.maf
ssa23	LG08	24236345	24236355	ssa23_16400826_16401758.maf
ssa23	LG08	24236355	24236396	ssa23_16400826_16401758.maf
ssa23	LG08	24236405	24236419	ssa23_16400826_16401758.maf
ssa23	LG08	24236566	24236683	ssa23_16400826_16401758.maf
ssa23	LG08	24236691	24236703	ssa23_16400826_16401758.maf
ssa23	LG08	24236703	24236716	ssa23_16400826_16401758.maf
ssa23	LG08	24236716	24236727	ssa23_16400826_16401758.maf
ssa23	LG08	24236904	24236924	ssa23_16400826_16401758.maf
ssa23	LG08	24228537	24228589	ssa23_16406232_16406796.maf
ssa23	LG08	24228589	24228665	ssa23_16406232_16406796.maf
ssa23	LG08	24228667	24228692	ssa23_16406232_16406796.maf
ssa23	LG08	24110286	24110306	ssa23_16654096_16654501.maf
ssa23	LG08	23712361	23712375	ssa23_17329782_17330449.maf
ssa23	LG08	23712421	23712493	ssa23_17329782_17330449.maf
ssa23	LG08	23712502	23712517	ssa23_17329782_17330449.maf
ssa23	LG08	22852670	22852716	ssa23_18474377_18475142.maf
ssa23	LG08	22852837	22852889	ssa23_18474377_18475142.maf
ssa23	LG08	22852889	22853015	ssa23_18474377_18475142.maf
ssa23	LG08	22853015	22853054	ssa23_18474377_18475142.maf
ssa23	LG08	22828004	22828014	ssa23_18491798_18492241.maf
ssa23	LG08	22828020	22828033	ssa23_18491798_18492241.maf
ssa23	LG08	22628416	22628457	ssa23_18764971_18766375.maf
ssa23	LG08	21756529	21756544	ssa23_20122082_20122536.maf
ssa23	LG08	21756551	21756562	ssa23_20122082_20122536.maf
ssa23	LG08	21756592	21756604	ssa23_20122082_20122536.maf
ssa23	LG08	21756612	21756636	ssa23_20122082_20122536.maf
ssa23	LG08	21756643	21756725	ssa23_20122082_20122536.maf
ssa23	LG08	21651798	21651810	ssa23_20282887_20283169.maf
ssa23	LG08	21651810	21651899	ssa23_20282887_20283169.maf
ssa23	LG08	21249208	21249241	ssa23_20910458_20910903.maf
ssa23	LG08	21234877	21234906	ssa23_20936652_20937575.maf
ssa23	LG08	21234906	21234931	ssa23_20936652_20937575.maf
ssa23	LG08	21179074	21179094	ssa23_21032484_21032913.maf
ssa23	LG08	21179102	21179129	ssa23_21032484_21032913.maf
ssa23	LG08	21179167	21179211	ssa23_21032484_21032913.maf
ssa23	LG08	21179211	21179259	ssa23_21032484_21032913.maf
ssa23	LG08	21127859	21127878	ssa23_21131520_21132105.maf
ssa23	LG08	21128213	21128326	ssa23_21131520_21132105.maf
ssa23	LG08	21089179	21089199	ssa23_21185231_21186089.maf
ssa23	LG08	20933286	20933305	ssa23_21375768_21376497.maf
ssa23	LG08	20933305	20933343	ssa23_21375768_21376497.maf
ssa23	LG08	20933343	20933372	ssa23_21375768_21376497.maf
ssa23	LG08	20860037	20860088	ssa23_21468183_21468905.maf
ssa23	LG08	20830527	20830604	ssa23_21510666_21510981.maf
ssa23	LG08	20823545	20823618	ssa23_21547863_21548946.maf
ssa23	LG08	20823618	20823629	ssa23_21547863_21548946.maf
ssa23	LG08	20559391	20559442	ssa23_21977706_21978075.maf
ssa23	LG08	20559451	20559491	ssa23_21977706_21978075.maf
ssa23	LG08	20558675	20558721	ssa23_21979559_21980123.maf
ssa23	LG08	20558726	20558757	ssa23_21979559_21980123.maf
ssa23	LG08	20525940	20525994	ssa23_22029156_22029681.maf
ssa23	LG08	20203668	20203679	ssa23_22512838_22513259.maf
ssa23	LG08	20203679	20203737	ssa23_22512838_22513259.maf
ssa23	LG08	20198543	20198557	ssa23_22518672_22519775.maf
ssa23	LG08	20198578	20198596	ssa23_22518672_22519775.maf
ssa23	LG08	20008061	20008184	ssa23_22736099_22736847.maf
ssa23	LG08	20008184	20008201	ssa23_22736099_22736847.maf
ssa23	LG08	19926073	19926094	ssa23_22880875_22881759.maf
ssa23	LG08	19926115	19926193	ssa23_22880875_22881759.maf
ssa23	LG08	19926193	19926209	ssa23_22880875_22881759.maf
ssa23	LG08	19615961	19616034	ssa23_23391565_23392536.maf
ssa23	LG08	19615232	19615257	ssa23_23392814_23393539.maf
ssa23	LG08	19615257	19615346	ssa23_23392814_23393539.maf
ssa23	LG08	19613913	19613966	ssa23_23409627_23410286.maf
ssa23	LG08	16585770	16585812	ssa23_24518306_24518662.maf
ssa23	LG08	16716918	16717023	ssa23_24694954_24695950.maf
ssa23	LG08	16726199	16726212	ssa23_24704788_24705564.maf
ssa23	LG08	16726230	16726270	ssa23_24704788_24705564.maf
ssa23	LG08	16726270	16726281	ssa23_24704788_24705564.maf
ssa23	LG08	16726289	16726309	ssa23_24704788_24705564.maf
ssa23	LG08	16739400	16739471	ssa23_24750266_24750633.maf
ssa23	LG08	17451861	17451873	ssa23_25780470_25780902.maf
ssa23	LG08	17451886	17451908	ssa23_25780470_25780902.maf
ssa23	LG08	17545394	17545424	ssa23_25900277_25901273.maf
ssa23	LG08	17545556	17545611	ssa23_25900277_25901273.maf
ssa23	LG08	17603855	17603865	ssa23_26005852_26006843.maf
ssa23	LG08	17781643	17781684	ssa23_26202762_26203586.maf
ssa23	LG08	18704552	18704569	ssa23_27251297_27252162.maf
ssa23	LG08	18813179	18813204	ssa23_27391278_27393158.maf
ssa23	LG08	18813204	18813224	ssa23_27391278_27393158.maf
ssa23	LG08	18813224	18813256	ssa23_27391278_27393158.maf
ssa23	LG08	18813256	18813276	ssa23_27391278_27393158.maf
ssa23	LG08	18813276	18813287	ssa23_27391278_27393158.maf
ssa23	LG08	18917370	18917409	ssa23_27524130_27524702.maf
ssa23	LG08	18917409	18917443	ssa23_27524130_27524702.maf
ssa23	LG08	18917446	18917465	ssa23_27524130_27524702.maf
ssa23	LG08	18917476	18917486	ssa23_27524130_27524702.maf
ssa23	LG08	18917486	18917543	ssa23_27524130_27524702.maf
ssa23	LG08	19012229	19012326	ssa23_27637526_27638111.maf
ssa23	LG08	19012326	19012345	ssa23_27637526_27638111.maf
ssa23	LG08	19012375	19012392	ssa23_27637526_27638111.maf
ssa23	LG08	19087699	19087711	ssa23_27736192_27736535.maf
ssa23	LG08	19087711	19087827	ssa23_27736192_27736535.maf
ssa23	LG08	15846336	15846375	ssa23_28213617_28214046.maf
ssa23	LG08	15831865	15831881	ssa23_28246699_28247336.maf
ssa23	LG08	14973976	14974004	ssa23_29516945_29517184.maf
ssa23	LG08	14974128	14974144	ssa23_29516945_29517184.maf
ssa23	LG08	14936673	14936686	ssa23_29549473_29549781.maf
ssa23	LG08	14936686	14936697	ssa23_29549473_29549781.maf
ssa23	LG08	14936697	14936745	ssa23_29549473_29549781.maf
ssa23	LG08	14936754	14936783	ssa23_29549473_29549781.maf
ssa23	LG08	14470370	14470441	ssa23_30136015_30136361.maf
ssa23	LG08	14458024	14458034	ssa23_30144924_30145369.maf
ssa23	LG08	14458034	14458053	ssa23_30144924_30145369.maf
ssa23	LG08	14458084	14458110	ssa23_30144924_30145369.maf
ssa23	LG08	14406517	14406543	ssa23_30236691_30237170.maf
ssa23	LG08	14406643	14406654	ssa23_30236691_30237170.maf
ssa23	LG08	14406654	14406842	ssa23_30236691_30237170.maf
ssa23	LG08	14406842	14406892	ssa23_30236691_30237170.maf
ssa23	LG08	14388624	14388636	ssa23_30265433_30265729.maf
ssa23	LG08	14384593	14384647	ssa23_30268905_30270071.maf
ssa23	LG08	14384730	14384749	ssa23_30268905_30270071.maf
ssa23	LG08	14385173	14385205	ssa23_30268905_30270071.maf
ssa23	LG08	14385289	14385308	ssa23_30268905_30270071.maf
ssa23	LG08	14385376	14385408	ssa23_30268905_30270071.maf
ssa23	LG08	14183655	14183674	ssa23_30534058_30535056.maf
ssa23	LG08	14183679	14183724	ssa23_30534058_30535056.maf
ssa23	LG08	14183751	14183770	ssa23_30534058_30535056.maf
ssa23	LG08	13729461	13729513	ssa23_31161403_31161746.maf
ssa23	LG08	13729523	13729534	ssa23_31161403_31161746.maf
ssa23	LG08	13555149	13555160	ssa23_31506954_31508636.maf
ssa23	LG08	13555160	13555176	ssa23_31506954_31508636.maf
ssa23	LG08	13556094	13556126	ssa23_31506954_31508636.maf
ssa23	LG08	13556147	13556157	ssa23_31506954_31508636.maf
ssa23	LG08	13556174	13556220	ssa23_31506954_31508636.maf
ssa23	LG08	13556220	13556261	ssa23_31506954_31508636.maf
ssa23	LG08	13510184	13510217	ssa23_31586815_31587776.maf
ssa23	LG08	13510425	13510436	ssa23_31586815_31587776.maf
ssa23	LG08	13510436	13510510	ssa23_31586815_31587776.maf
ssa23	LG08	13458206	13458256	ssa23_31678469_31679356.maf
ssa23	LG08	13458337	13458349	ssa23_31678469_31679356.maf
ssa23	LG08	13458349	13458457	ssa23_31678469_31679356.maf
ssa23	LG08	13126759	13126796	ssa23_32155774_32156224.maf
ssa23	LG08	13126807	13126853	ssa23_32155774_32156224.maf
ssa23	LG08	13126853	13126970	ssa23_32155774_32156224.maf
ssa23	LG08	13126970	13126987	ssa23_32155774_32156224.maf
ssa23	LG08	13126992	13127015	ssa23_32155774_32156224.maf
ssa23	LG08	13086499	13086525	ssa23_32215935_32216510.maf
ssa23	LG08	13086525	13086544	ssa23_32215935_32216510.maf
ssa23	LG08	13051228	13051239	ssa23_32272584_32274007.maf
ssa23	LG08	13051239	13051281	ssa23_32272584_32274007.maf
ssa23	LG08	13051281	13051304	ssa23_32272584_32274007.maf
ssa23	LG08	13051304	13051319	ssa23_32272584_32274007.maf
ssa23	LG08	13051319	13051480	ssa23_32272584_32274007.maf
ssa23	LG08	13051480	13051510	ssa23_32272584_32274007.maf
ssa23	LG08	13051512	13051524	ssa23_32272584_32274007.maf
ssa23	LG08	13051937	13051950	ssa23_32272584_32274007.maf
ssa23	LG08	13051964	13052003	ssa23_32272584_32274007.maf
ssa23	LG08	13052178	13052258	ssa23_32272584_32274007.maf
ssa23	LG08	13041566	13041595	ssa23_32289010_32289512.maf
ssa23	LG08	13041668	13041699	ssa23_32289010_32289512.maf
ssa23	LG08	13021660	13021705	ssa23_32308862_32309530.maf
ssa23	LG08	13021705	13021750	ssa23_32308862_32309530.maf
ssa23	LG08	12748775	12748809	ssa23_32643762_32644729.maf
ssa23	LG08	12748811	12748847	ssa23_32643762_32644729.maf
ssa23	LG08	12748851	12748881	ssa23_32643762_32644729.maf
ssa23	LG08	12748881	12748892	ssa23_32643762_32644729.maf
ssa23	LG08	12748892	12748905	ssa23_32643762_32644729.maf
ssa23	LG08	12749485	12749570	ssa23_32643762_32644729.maf
ssa23	LG08	12742329	12742358	ssa23_32650112_32650558.maf
ssa23	LG08	12742358	12742388	ssa23_32650112_32650558.maf
ssa23	LG08	12725831	12725849	ssa23_32682649_32684141.maf
ssa23	LG08	12725913	12725924	ssa23_32682649_32684141.maf
ssa23	LG08	12725939	12725949	ssa23_32682649_32684141.maf
ssa23	LG08	12725971	12726069	ssa23_32682649_32684141.maf
ssa23	LG08	12726076	12726099	ssa23_32682649_32684141.maf
ssa23	LG08	12726104	12726126	ssa23_32682649_32684141.maf
ssa23	LG08	12726568	12726693	ssa23_32682649_32684141.maf
ssa23	LG08	12726696	12726729	ssa23_32682649_32684141.maf
ssa23	LG08	12416374	12416421	ssa23_33092270_33093316.maf
ssa23	LG08	12416618	12416635	ssa23_33092270_33093316.maf
ssa23	LG08	12416687	12416704	ssa23_33092270_33093316.maf
ssa23	LG08	12416707	12416724	ssa23_33092270_33093316.maf
ssa23	LG08	12416724	12416868	ssa23_33092270_33093316.maf
ssa23	LG08	12375459	12375507	ssa23_33164179_33166010.maf
ssa23	LG08	12375507	12375586	ssa23_33164179_33166010.maf
ssa23	LG08	12375672	12375691	ssa23_33164179_33166010.maf
ssa23	LG08	12375777	12375801	ssa23_33164179_33166010.maf
ssa23	LG08	12375802	12375816	ssa23_33164179_33166010.maf
ssa23	LG08	12375816	12375851	ssa23_33164179_33166010.maf
ssa23	LG08	12375851	12375861	ssa23_33164179_33166010.maf
ssa23	LG08	12331519	12331533	ssa23_33242504_33243037.maf
ssa23	LG08	12331533	12331543	ssa23_33242504_33243037.maf
ssa23	LG08	12331634	12331677	ssa23_33242504_33243037.maf
ssa23	LG08	12331677	12331688	ssa23_33242504_33243037.maf
ssa23	LG08	12327472	12327547	ssa23_33244181_33245144.maf
ssa23	LG08	12327578	12327588	ssa23_33244181_33245144.maf
ssa23	LG08	12327708	12327753	ssa23_33244181_33245144.maf
ssa23	LG08	12327753	12327801	ssa23_33244181_33245144.maf
ssa23	LG08	12327801	12327877	ssa23_33244181_33245144.maf
ssa23	LG08	12327877	12327939	ssa23_33244181_33245144.maf
ssa23	LG08	12327939	12327974	ssa23_33244181_33245144.maf
ssa23	LG08	12312465	12312479	ssa23_33283450_33284063.maf
ssa23	LG08	12312479	12312545	ssa23_33283450_33284063.maf
ssa23	LG08	12312713	12312734	ssa23_33283450_33284063.maf
ssa23	LG08	12268215	12268225	ssa23_33353480_33353841.maf
ssa23	LG08	12268245	12268262	ssa23_33353480_33353841.maf
ssa23	LG08	12263803	12263888	ssa23_33357610_33358237.maf
ssa23	LG08	12263888	12263916	ssa23_33357610_33358237.maf
ssa23	LG08	12263916	12263941	ssa23_33357610_33358237.maf
ssa23	LG08	12223709	12223730	ssa23_33400882_33401382.maf
ssa23	LG08	12223753	12223763	ssa23_33400882_33401382.maf
ssa23	LG08	12223765	12223806	ssa23_33400882_33401382.maf
ssa23	LG08	12223813	12223870	ssa23_33400882_33401382.maf
ssa23	LG08	12184734	12184748	ssa23_33487030_33487456.maf
ssa23	LG08	12161448	12161641	ssa23_33501916_33502649.maf
ssa23	LG08	12161641	12161680	ssa23_33501916_33502649.maf
ssa23	LG08	12046403	12046445	ssa23_33679360_33680594.maf
ssa23	LG08	12046445	12046485	ssa23_33679360_33680594.maf
ssa23	LG08	12046488	12046502	ssa23_33679360_33680594.maf
ssa23	LG19	30878169	30878204	ssa23_34044695_34045285.maf
ssa23	LG19	30900316	30900327	ssa23_34065930_34066434.maf
ssa23	LG19	30900346	30900361	ssa23_34065930_34066434.maf
ssa23	LG19	30900361	30900373	ssa23_34065930_34066434.maf
ssa23	LG19	30925876	30925905	ssa23_34120371_34120874.maf
ssa23	LG19	30925905	30925929	ssa23_34120371_34120874.maf
ssa23	LG19	30925929	30925975	ssa23_34120371_34120874.maf
ssa23	LG19	30926049	30926099	ssa23_34120371_34120874.maf
ssa23	LG19	30926099	30926186	ssa23_34120371_34120874.maf
ssa23	LG19	30935824	30935860	ssa23_34139812_34140451.maf
ssa23	LG19	30935860	30935918	ssa23_34139812_34140451.maf
ssa23	LG19	30935946	30935993	ssa23_34139812_34140451.maf
ssa23	LG19	30980836	30980874	ssa23_34210067_34210442.maf
ssa23	LG19	30980876	30980889	ssa23_34210067_34210442.maf
ssa23	LG19	31260141	31260159	ssa23_34574162_34574606.maf
ssa23	LG19	31442269	31442289	ssa23_34868961_34869715.maf
ssa23	LG19	31442289	31442350	ssa23_34868961_34869715.maf
ssa23	LG19	31442718	31442862	ssa23_34868961_34869715.maf
ssa23	LG19	31449994	31450005	ssa23_34882048_34882551.maf
ssa23	LG19	31450005	31450039	ssa23_34882048_34882551.maf
ssa23	LG19	31475654	31475673	ssa23_34919131_34919721.maf
ssa23	LG19	31475673	31475741	ssa23_34919131_34919721.maf
ssa23	LG19	31475741	31475810	ssa23_34919131_34919721.maf
ssa23	LG19	31476397	31476448	ssa23_34920175_34920782.maf
ssa23	LG19	31655503	31655515	ssa23_35258296_35258729.maf
ssa23	LG19	31655520	31655621	ssa23_35258296_35258729.maf
ssa23	LG19	31655621	31655640	ssa23_35258296_35258729.maf
ssa23	LG19	31858416	31858427	ssa23_35484230_35484625.maf
ssa23	LG19	31858427	31858438	ssa23_35484230_35484625.maf
ssa23	LG19	31858438	31858470	ssa23_35484230_35484625.maf
ssa23	LG19	31894078	31894088	ssa23_35529558_35530552.maf
ssa23	LG19	31894167	31894194	ssa23_35529558_35530552.maf
ssa23	LG19	31894594	31894622	ssa23_35529558_35530552.maf
ssa23	LG19	31894622	31894634	ssa23_35529558_35530552.maf
ssa23	LG19	31894637	31894700	ssa23_35529558_35530552.maf
ssa23	LG19	31894704	31894714	ssa23_35529558_35530552.maf
ssa23	LG19	31947201	31947225	ssa23_35587078_35587611.maf
ssa23	LG19	32713441	32713473	ssa23_36732662_36732843.maf
ssa23	LG19	32823360	32823394	ssa23_36881340_36882411.maf
ssa23	LG19	32823394	32823424	ssa23_36881340_36882411.maf
ssa23	LG19	32823907	32823954	ssa23_36881340_36882411.maf
ssa23	LG19	33747511	33747565	ssa23_38013461_38014114.maf
ssa23	LG19	33747568	33747583	ssa23_38013461_38014114.maf
ssa23	LG19	35574014	35574054	ssa23_39957057_39958042.maf
ssa23	LG19	35574065	35574083	ssa23_39957057_39958042.maf
ssa23	LG19	35574083	35574136	ssa23_39957057_39958042.maf
ssa23	LG19	35574136	35574152	ssa23_39957057_39958042.maf
ssa23	LG19	35574152	35574184	ssa23_39957057_39958042.maf
ssa23	LG19	35574318	35574351	ssa23_39957057_39958042.maf
ssa23	LG19	36863578	36863623	ssa23_40621493_40622700.maf
ssa23	LG19	36863624	36863661	ssa23_40621493_40622700.maf
ssa23	LG19	36859146	36859161	ssa23_40628411_40628792.maf
ssa23	LG19	36859161	36859199	ssa23_40628411_40628792.maf
ssa23	LG19	36859199	36859211	ssa23_40628411_40628792.maf
ssa23	LG19	36596858	36596903	ssa23_41035499_41036338.maf
ssa23	LG19	36596903	36596916	ssa23_41035499_41036338.maf
ssa23	LG19	36597067	36597087	ssa23_41035499_41036338.maf
ssa23	LG19	36597149	36597166	ssa23_41035499_41036338.maf
ssa23	LG19	36593746	36593827	ssa23_41040529_41041140.maf
ssa23	LG19	36593827	36593890	ssa23_41040529_41041140.maf
ssa23	LG19	37126943	37126953	ssa23_42099539_42099814.maf
ssa23	LG19	37126957	37126967	ssa23_42099539_42099814.maf
ssa23	LG19	37126972	37126986	ssa23_42099539_42099814.maf
ssa23	LG19	37126996	37127083	ssa23_42099539_42099814.maf
ssa23	LG19	37127093	37127117	ssa23_42099539_42099814.maf
ssa23	LG19	37405720	37405752	ssa23_42430106_42431113.maf
ssa23	LG19	37405779	37405870	ssa23_42430106_42431113.maf
ssa23	LG19	37546981	37547005	ssa23_42632937_42634165.maf
ssa23	LG19	37547477	37547535	ssa23_42632937_42634165.maf
ssa23	LG19	37547535	37547582	ssa23_42632937_42634165.maf
ssa23	LG19	37549932	37549968	ssa23_42636171_42636647.maf
ssa23	LG19	37549985	37550049	ssa23_42636171_42636647.maf
ssa23	LG19	37558852	37558873	ssa23_42643978_42644728.maf
ssa23	LG19	37558873	37558929	ssa23_42643978_42644728.maf
ssa23	LG19	37558929	37558948	ssa23_42643978_42644728.maf
ssa23	LG19	37558948	37558962	ssa23_42643978_42644728.maf
ssa23	LG19	37559382	37559420	ssa23_42643978_42644728.maf
ssa23	LG19	37559429	37559440	ssa23_42643978_42644728.maf
ssa23	LG19	37940195	37940287	ssa23_43361519_43361750.maf
ssa23	LG19	37940287	37940327	ssa23_43361519_43361750.maf
ssa23	LG19	37940328	37940347	ssa23_43361519_43361750.maf
ssa23	LG08	33108988	33109009	ssa23_4395525_4396011.maf
ssa23	LG08	33109009	33109026	ssa23_4395525_4396011.maf
ssa23	LG08	33109026	33109052	ssa23_4395525_4396011.maf
ssa23	LG08	33107453	33107537	ssa23_4400735_4401794.maf
ssa23	LG08	33107763	33107834	ssa23_4400735_4401794.maf
ssa23	LG08	33107849	33107947	ssa23_4400735_4401794.maf
ssa23	LG19	15436657	15436685	ssa23_44553655_44554033.maf
ssa23	LG19	15505780	15505795	ssa23_44722067_44722464.maf
ssa23	LG19	15505795	15505896	ssa23_44722067_44722464.maf
ssa23	LG08	33060225	33060324	ssa23_4538361_4539238.maf
ssa23	LG19	2746834	2746844	ssa23_46659144_46660379.maf
ssa23	LG19	2746846	2746856	ssa23_46659144_46660379.maf
ssa23	LG19	2746863	2746944	ssa23_46659144_46660379.maf
ssa23	LG19	2746946	2746956	ssa23_46659144_46660379.maf
ssa23	LG19	2747281	2747305	ssa23_46659144_46660379.maf
ssa23	LG19	2747305	2747355	ssa23_46659144_46660379.maf
ssa23	LG19	2747355	2747373	ssa23_46659144_46660379.maf
ssa23	LG19	2747373	2747407	ssa23_46659144_46660379.maf
ssa23	LG08	32929580	32929663	ssa23_4704659_4705186.maf
ssa23	LG08	32927163	32927251	ssa23_4708123_4708764.maf
ssa23	LG08	32921270	32921335	ssa23_4712644_4713406.maf
ssa23	LG08	32918010	32918050	ssa23_4732023_4732793.maf
ssa23	LG08	32674904	32674991	ssa23_4838429_4839320.maf
ssa23	LG08	32675028	32675119	ssa23_4838429_4839320.maf
ssa23	LG08	32022484	32022579	ssa23_5444047_5444915.maf
ssa23	LG08	32022607	32022652	ssa23_5444047_5444915.maf
ssa23	LG08	32022652	32022792	ssa23_5444047_5444915.maf
ssa23	LG08	32022847	32022909	ssa23_5444047_5444915.maf
ssa23	LG08	32022909	32022932	ssa23_5444047_5444915.maf
ssa23	LG08	32022932	32023004	ssa23_5444047_5444915.maf
ssa23	LG08	32023011	32023030	ssa23_5444047_5444915.maf
ssa23	LG08	32023030	32023076	ssa23_5444047_5444915.maf
ssa23	LG08	32023082	32023128	ssa23_5444047_5444915.maf
ssa23	LG08	32023128	32023143	ssa23_5444047_5444915.maf
ssa23	LG08	32023634	32023737	ssa23_5444047_5444915.maf
ssa23	LG08	32023737	32023752	ssa23_5444047_5444915.maf
ssa23	LG08	32023923	32024048	ssa23_5444047_5444915.maf
ssa23	LG08	30555376	30555415	ssa23_6742597_6743177.maf
ssa23	LG08	30555765	30555783	ssa23_6742597_6743177.maf
ssa23	LG08	30555783	30555805	ssa23_6742597_6743177.maf
ssa23	LG08	30555805	30555817	ssa23_6742597_6743177.maf
ssa23	LG08	30555817	30555875	ssa23_6742597_6743177.maf
ssa23	LG08	30555875	30555908	ssa23_6742597_6743177.maf
ssa23	LG08	30477603	30477640	ssa23_6864733_6865218.maf
ssa23	LG08	30477710	30477725	ssa23_6864733_6865218.maf
ssa23	LG08	30186886	30186919	ssa23_7481314_7482239.maf
ssa23	LG08	30186919	30186973	ssa23_7481314_7482239.maf
ssa23	LG08	30183289	30183334	ssa23_7486029_7486772.maf
ssa23	LG08	30183404	30183417	ssa23_7486029_7486772.maf
ssa23	LG08	30156435	30156456	ssa23_7529180_7530917.maf
ssa23	LG08	30156458	30156510	ssa23_7529180_7530917.maf
ssa23	LG08	30156632	30156682	ssa23_7529180_7530917.maf
ssa23	LG08	30153283	30153373	ssa23_7546224_7547396.maf
ssa23	LG08	30153417	30153427	ssa23_7546224_7547396.maf
ssa23	LG08	30153472	30153487	ssa23_7546224_7547396.maf
ssa23	LG08	30072593	30072615	ssa23_7660489_7661869.maf
ssa23	LG08	30072648	30072733	ssa23_7660489_7661869.maf
ssa23	LG08	29716857	29716881	ssa23_8173587_8175118.maf
ssa23	LG08	29716881	29716906	ssa23_8173587_8175118.maf
ssa23	LG08	29716906	29716930	ssa23_8173587_8175118.maf
ssa23	LG08	29505706	29505721	ssa23_8477728_8478409.maf
ssa23	LG08	29505749	29505786	ssa23_8477728_8478409.maf
ssa23	LG08	29181838	29182013	ssa23_9031941_9032169.maf
ssa23	LG08	28995731	28995750	ssa23_9381521_9382177.maf
ssa23	LG08	28995750	28995807	ssa23_9381521_9382177.maf
ssa23	LG08	28951673	28951750	ssa23_9462201_9462849.maf
ssa23	LG08	28860503	28860540	ssa23_9577544_9578136.maf
ssa23	LG08	28802503	28802565	ssa23_9638373_9639598.maf
ssa23	LG08	28802570	28802583	ssa23_9638373_9639598.maf
ssa23	LG08	28695111	28695175	ssa23_9797242_9798316.maf
ssa23	LG08	28695521	28695538	ssa23_9797242_9798316.maf
ssa23	LG08	28695538	28695575	ssa23_9797242_9798316.maf
ssa23	LG08	28695588	28695610	ssa23_9797242_9798316.maf
ssa24	LG13	15193399	15193420	ssa24_10550808_10551453.maf
ssa24	LG13	15203962	15203979	ssa24_10565623_10566489.maf
ssa24	LG13	15203979	15204072	ssa24_10565623_10566489.maf
ssa24	LG13	15204072	15204118	ssa24_10565623_10566489.maf
ssa24	LG13	15234499	15234513	ssa24_10610878_10611698.maf
ssa24	LG13	15234513	15234553	ssa24_10610878_10611698.maf
ssa24	LG13	15234553	15234606	ssa24_10610878_10611698.maf
ssa24	LG13	15249064	15249074	ssa24_10625082_10626005.maf
ssa24	LG13	15249097	15249116	ssa24_10625082_10626005.maf
ssa24	LG13	15249116	15249144	ssa24_10625082_10626005.maf
ssa24	LG13	15249233	15249254	ssa24_10625082_10626005.maf
ssa24	LG13	15267424	15267449	ssa24_10656509_10657317.maf
ssa24	LG13	15267449	15267463	ssa24_10656509_10657317.maf
ssa24	LG13	15267463	15267523	ssa24_10656509_10657317.maf
ssa24	LG13	15268014	15268057	ssa24_10656509_10657317.maf
ssa24	LG13	15286773	15286786	ssa24_10679985_10680480.maf
ssa24	LG13	15286786	15286799	ssa24_10679985_10680480.maf
ssa24	LG13	15286965	15286975	ssa24_10679985_10680480.maf
ssa24	LG13	15286975	15286987	ssa24_10679985_10680480.maf
ssa24	LG13	15287028	15287063	ssa24_10679985_10680480.maf
ssa24	LG13	15287147	15287167	ssa24_10679985_10680480.maf
ssa24	LG13	15287171	15287182	ssa24_10679985_10680480.maf
ssa24	LG13	15290349	15290465	ssa24_10683639_10684372.maf
ssa24	LG13	15290480	15290502	ssa24_10683639_10684372.maf
ssa24	LG13	15290503	15290524	ssa24_10683639_10684372.maf
ssa24	LG13	15290524	15290548	ssa24_10683639_10684372.maf
ssa24	LG13	15290548	15290600	ssa24_10683639_10684372.maf
ssa24	LG13	15290600	15290682	ssa24_10683639_10684372.maf
ssa24	LG13	15290688	15290698	ssa24_10683639_10684372.maf
ssa24	LG13	15290707	15290739	ssa24_10683639_10684372.maf
ssa24	LG13	15415898	15415924	ssa24_10815024_10815829.maf
ssa24	LG13	15668647	15668678	ssa24_11288323_11289590.maf
ssa24	LG13	15668678	15668703	ssa24_11288323_11289590.maf
ssa24	LG13	15668721	15668749	ssa24_11288323_11289590.maf
ssa24	LG13	15885748	15885758	ssa24_11515629_11516812.maf
ssa24	LG13	15885785	15885797	ssa24_11515629_11516812.maf
ssa24	LG13	15954938	15954967	ssa24_11597550_11598028.maf
ssa24	LG13	16552704	16552721	ssa24_12335788_12336434.maf
ssa24	LG13	16552738	16552840	ssa24_12335788_12336434.maf
ssa24	LG13	16552840	16552874	ssa24_12335788_12336434.maf
ssa24	LG13	16552930	16552940	ssa24_12335788_12336434.maf
ssa24	LG13	16552965	16552975	ssa24_12335788_12336434.maf
ssa24	LG13	16582755	16582770	ssa24_12368861_12369626.maf
ssa24	LG13	16582802	16582847	ssa24_12368861_12369626.maf
ssa24	LG13	16582847	16582864	ssa24_12368861_12369626.maf
ssa24	LG13	16643760	16643770	ssa24_12459046_12459664.maf
ssa24	LG13	16643804	16643894	ssa24_12459046_12459664.maf
ssa24	LG13	16644081	16644184	ssa24_12459046_12459664.maf
ssa24	LG13	17922460	17922524	ssa24_13882489_13883479.maf
ssa24	LG13	17922524	17922546	ssa24_13882489_13883479.maf
ssa24	LG13	17922546	17922575	ssa24_13882489_13883479.maf
ssa24	LG13	17922655	17922715	ssa24_13882489_13883479.maf
ssa24	LG13	17922715	17922855	ssa24_13882489_13883479.maf
ssa24	LG13	17922855	17922869	ssa24_13882489_13883479.maf
ssa24	LG13	17922869	17922891	ssa24_13882489_13883479.maf
ssa24	LG13	17922891	17922960	ssa24_13882489_13883479.maf
ssa24	LG13	17922967	17923014	ssa24_13882489_13883479.maf
ssa24	LG13	17923014	17923028	ssa24_13882489_13883479.maf
ssa24	LG13	17923028	17923107	ssa24_13882489_13883479.maf
ssa24	LG13	17923107	17923120	ssa24_13882489_13883479.maf
ssa24	LG13	17691527	17691553	ssa24_14214241_14214724.maf
ssa24	LG13	17691553	17691617	ssa24_14214241_14214724.maf
ssa24	LG13	32688311	32688338	ssa24_1446470_1447313.maf
ssa24	LG13	32688342	32688360	ssa24_1446470_1447313.maf
ssa24	LG13	19133122	19133165	ssa24_16050295_16050759.maf
ssa24	LG13	19133165	19133183	ssa24_16050295_16050759.maf
ssa24	LG13	19366994	19367172	ssa24_16348433_16348687.maf
ssa24	LG13	19564954	19564989	ssa24_16712322_16713875.maf
ssa24	LG13	19564998	19565025	ssa24_16712322_16713875.maf
ssa24	LG13	19607307	19607327	ssa24_16761321_16762377.maf
ssa24	LG13	19607340	19607359	ssa24_16761321_16762377.maf
ssa24	LG13	19607359	19607375	ssa24_16761321_16762377.maf
ssa24	LG13	19607479	19607518	ssa24_16761321_16762377.maf
ssa24	LG13	19607518	19607562	ssa24_16761321_16762377.maf
ssa24	LG13	32418508	32418584	ssa24_1682294_1682831.maf
ssa24	LG13	19718647	19718727	ssa24_16926172_16926845.maf
ssa24	LG13	19718727	19718804	ssa24_16926172_16926845.maf
ssa24	LG13	19719979	19720028	ssa24_16927196_16927844.maf
ssa24	LG13	19777112	19777202	ssa24_17007406_17008284.maf
ssa24	LG13	32412246	32412292	ssa24_1702423_1703192.maf
ssa24	LG13	32412292	32412312	ssa24_1702423_1703192.maf
ssa24	LG13	19894872	19894882	ssa24_17171333_17171720.maf
ssa24	LG13	19943226	19943239	ssa24_17240374_17241259.maf
ssa24	LG13	19943305	19943412	ssa24_17240374_17241259.maf
ssa24	LG13	19943459	19943495	ssa24_17240374_17241259.maf
ssa24	LG13	19943495	19943534	ssa24_17240374_17241259.maf
ssa24	LG13	19954274	19954292	ssa24_17262249_17262989.maf
ssa24	LG13	20036363	20036395	ssa24_17378856_17379731.maf
ssa24	LG13	20036395	20036444	ssa24_17378856_17379731.maf
ssa24	LG13	20036540	20036590	ssa24_17378856_17379731.maf
ssa24	LG13	20036590	20036615	ssa24_17378856_17379731.maf
ssa24	LG13	20037008	20037021	ssa24_17378856_17379731.maf
ssa24	LG13	20037021	20037041	ssa24_17378856_17379731.maf
ssa24	LG13	20037051	20037097	ssa24_17378856_17379731.maf
ssa24	LG13	20253707	20253727	ssa24_17575801_17576889.maf
ssa24	LG13	20253736	20253754	ssa24_17575801_17576889.maf
ssa24	LG13	20266049	20266062	ssa24_17594284_17595153.maf
ssa24	LG13	20266062	20266110	ssa24_17594284_17595153.maf
ssa24	LG13	20285076	20285094	ssa24_17615265_17616239.maf
ssa24	LG13	20285294	20285351	ssa24_17615265_17616239.maf
ssa24	LG13	20289195	20289283	ssa24_17618078_17618374.maf
ssa24	LG13	20392124	20392213	ssa24_17765051_17765904.maf
ssa24	LG13	20811939	20811979	ssa24_18280894_18281560.maf
ssa24	LG13	32307719	32307761	ssa24_1860173_1861590.maf
ssa24	LG13	21126601	21126876	ssa24_18808995_18809537.maf
ssa24	LG13	21168846	21168879	ssa24_18874858_18875419.maf
ssa24	LG13	21168961	21168975	ssa24_18874858_18875419.maf
ssa24	LG13	21168975	21169000	ssa24_18874858_18875419.maf
ssa24	LG13	21169000	21169038	ssa24_18874858_18875419.maf
ssa24	LG13	21180155	21180252	ssa24_18886169_18886359.maf
ssa24	LG13	21182117	21182192	ssa24_18888592_18889038.maf
ssa24	LG13	21182192	21182203	ssa24_18888592_18889038.maf
ssa24	LG13	21182203	21182218	ssa24_18888592_18889038.maf
ssa24	LG13	21182218	21182232	ssa24_18888592_18889038.maf
ssa24	LG13	21182232	21182270	ssa24_18888592_18889038.maf
ssa24	LG13	21182270	21182315	ssa24_18888592_18889038.maf
ssa24	LG13	21182315	21182331	ssa24_18888592_18889038.maf
ssa24	LG13	21182331	21182359	ssa24_18888592_18889038.maf
ssa24	LG13	21234907	21234921	ssa24_18938152_18938485.maf
ssa24	LG13	21234921	21234948	ssa24_18938152_18938485.maf
ssa24	LG13	21234948	21234974	ssa24_18938152_18938485.maf
ssa24	LG13	21234974	21235010	ssa24_18938152_18938485.maf
ssa24	LG13	21245562	21245623	ssa24_18955126_18955311.maf
ssa24	LG13	21245630	21245649	ssa24_18955126_18955311.maf
ssa24	LG13	21491308	21491377	ssa24_19178928_19180491.maf
ssa24	LG13	21502364	21502402	ssa24_19204454_19205727.maf
ssa24	LG13	21502550	21502583	ssa24_19204454_19205727.maf
ssa24	LG13	21502965	21503009	ssa24_19204454_19205727.maf
ssa24	LG13	21503009	21503019	ssa24_19204454_19205727.maf
ssa24	LG13	32260018	32260036	ssa24_1927117_1927939.maf
ssa24	LG13	32260036	32260080	ssa24_1927117_1927939.maf
ssa24	LG13	21606500	21606576	ssa24_19302794_19303476.maf
ssa24	LG13	21606584	21606645	ssa24_19302794_19303476.maf
ssa24	LG13	21606645	21606670	ssa24_19302794_19303476.maf
ssa24	LG13	21606670	21606719	ssa24_19302794_19303476.maf
ssa24	LG13	21606719	21606733	ssa24_19302794_19303476.maf
ssa24	LG13	21606747	21606891	ssa24_19302794_19303476.maf
ssa24	LG13	21606960	21606977	ssa24_19302794_19303476.maf
ssa24	LG13	21606977	21606990	ssa24_19302794_19303476.maf
ssa24	LG13	21607043	21607061	ssa24_19302794_19303476.maf
ssa24	LG13	21607095	21607118	ssa24_19302794_19303476.maf
ssa24	LG13	21894824	21894837	ssa24_19720671_19721114.maf
ssa24	LG13	21894990	21895011	ssa24_19720671_19721114.maf
ssa24	LG13	21895011	21895022	ssa24_19720671_19721114.maf
ssa24	LG13	21895022	21895102	ssa24_19720671_19721114.maf
ssa24	LG13	21899524	21899651	ssa24_19726053_19726385.maf
ssa24	LG13	32225848	32225981	ssa24_1976892_1977608.maf
ssa24	LG13	32225981	32226007	ssa24_1976892_1977608.maf
ssa24	LG13	32156408	32156476	ssa24_2065898_2066154.maf
ssa24	LG13	32156476	32156549	ssa24_2065898_2066154.maf
ssa24	LG13	23277087	23277102	ssa24_21720273_21720939.maf
ssa24	LG13	23277102	23277123	ssa24_21720273_21720939.maf
ssa24	LG13	23277123	23277175	ssa24_21720273_21720939.maf
ssa24	LG13	23277178	23277212	ssa24_21720273_21720939.maf
ssa24	LG13	23277212	23277231	ssa24_21720273_21720939.maf
ssa24	LG13	23277231	23277331	ssa24_21720273_21720939.maf
ssa24	LG13	23277357	23277416	ssa24_21720273_21720939.maf
ssa24	LG13	23827842	23827860	ssa24_22086342_22086605.maf
ssa24	LG13	23937227	23937247	ssa24_22192003_22193239.maf
ssa24	LG13	24392699	24392735	ssa24_22849896_22850171.maf
ssa24	LG13	24392735	24392763	ssa24_22849896_22850171.maf
ssa24	LG13	24833200	24833269	ssa24_23418140_23418730.maf
ssa24	LG13	24943923	24943938	ssa24_23598148_23598623.maf
ssa24	LG13	24971030	24971080	ssa24_23633160_23634115.maf
ssa24	LG13	25229582	25229647	ssa24_23885995_23886192.maf
ssa24	LG13	31869141	31869166	ssa24_2396616_2397351.maf
ssa24	LG13	31869166	31869181	ssa24_2396616_2397351.maf
ssa24	LG13	31869336	31869392	ssa24_2396616_2397351.maf
ssa24	LG13	25511905	25511924	ssa24_24221018_24222004.maf
ssa24	LG13	25511924	25511949	ssa24_24221018_24222004.maf
ssa24	LG13	25511949	25512031	ssa24_24221018_24222004.maf
ssa24	LG13	25633870	25633925	ssa24_24415059_24415258.maf
ssa24	LG13	25747849	25748075	ssa24_24660061_24660658.maf
ssa24	LG13	25748075	25748085	ssa24_24660061_24660658.maf
ssa24	LG13	25748088	25748100	ssa24_24660061_24660658.maf
ssa24	LG13	25896830	25896900	ssa24_24825089_24825293.maf
ssa24	LG13	25896900	25896923	ssa24_24825089_24825293.maf
ssa24	LG13	25896923	25896933	ssa24_24825089_24825293.maf
ssa24	LG13	25896934	25896951	ssa24_24825089_24825293.maf
ssa24	LG13	26601978	26602014	ssa24_25712971_25713625.maf
ssa24	LG13	26876728	26876758	ssa24_26149121_26149701.maf
ssa24	LG13	26967080	26967119	ssa24_26222520_26223061.maf
ssa24	LG13	27015736	27015746	ssa24_26277164_26277650.maf
ssa24	LG13	27015754	27015771	ssa24_26277164_26277650.maf
ssa24	LG13	27015783	27015822	ssa24_26277164_26277650.maf
ssa24	LG13	27015829	27015840	ssa24_26277164_26277650.maf
ssa24	LG13	27016002	27016074	ssa24_26277164_26277650.maf
ssa24	LG13	27016092	27016103	ssa24_26277164_26277650.maf
ssa24	LG13	27016235	27016254	ssa24_26277164_26277650.maf
ssa24	LG13	2577584	2577621	ssa24_27507363_27507814.maf
ssa24	LG13	2577625	2577665	ssa24_27507363_27507814.maf
ssa24	LG13	11425766	11425841	ssa24_27959882_27960928.maf
ssa24	LG13	11725041	11725052	ssa24_28277398_28278188.maf
ssa24	LG13	11725052	11725090	ssa24_28277398_28278188.maf
ssa24	LG13	11764865	11764876	ssa24_28328356_28329386.maf
ssa24	LG13	11764876	11764904	ssa24_28328356_28329386.maf
ssa24	LG13	11797051	11797079	ssa24_28369798_28370559.maf
ssa24	LG13	11797079	11797126	ssa24_28369798_28370559.maf
ssa24	LG13	12969667	12969833	ssa24_30202891_30204121.maf
ssa24	LG13	12969833	12969859	ssa24_30202891_30204121.maf
ssa24	LG13	12969862	12969875	ssa24_30202891_30204121.maf
ssa24	LG13	12969875	12969901	ssa24_30202891_30204121.maf
ssa24	LG13	12969908	12969933	ssa24_30202891_30204121.maf
ssa24	LG13	12969933	12969981	ssa24_30202891_30204121.maf
ssa24	LG13	12969992	12970011	ssa24_30202891_30204121.maf
ssa24	LG13	12970047	12970077	ssa24_30202891_30204121.maf
ssa24	LG13	12984665	12984692	ssa24_30222251_30222530.maf
ssa24	LG13	12984692	12984720	ssa24_30222251_30222530.maf
ssa24	LG13	13026803	13026832	ssa24_30271543_30272375.maf
ssa24	LG13	13307929	13308046	ssa24_30701343_30701793.maf
ssa24	LG13	3644456	3644594	ssa24_31873048_31873464.maf
ssa24	LG13	3644604	3644618	ssa24_31873048_31873464.maf
ssa24	LG13	3644637	3644653	ssa24_31873048_31873464.maf
ssa24	LG13	3771087	3771101	ssa24_32045009_32045648.maf
ssa24	LG13	3771109	3771226	ssa24_32045009_32045648.maf
ssa24	LG13	3771311	3771453	ssa24_32045009_32045648.maf
ssa24	LG13	3872494	3872551	ssa24_32190107_32190337.maf
ssa24	LG13	3872554	3872606	ssa24_32190107_32190337.maf
ssa24	LG13	4231121	4231229	ssa24_32721465_32722018.maf
ssa24	LG13	4231229	4231251	ssa24_32721465_32722018.maf
ssa24	LG13	4231251	4231268	ssa24_32721465_32722018.maf
ssa24	LG13	4231268	4231335	ssa24_32721465_32722018.maf
ssa24	LG13	31095006	31095039	ssa24_3279957_3280469.maf
ssa24	LG13	4560318	4560360	ssa24_33191803_33192380.maf
ssa24	LG13	4560360	4560375	ssa24_33191803_33192380.maf
ssa24	LG13	4565069	4565129	ssa24_33195146_33195609.maf
ssa24	LG13	5212176	5212193	ssa24_34310561_34311012.maf
ssa24	LG13	5212193	5212226	ssa24_34310561_34311012.maf
ssa24	LG13	5212226	5212329	ssa24_34310561_34311012.maf
ssa24	LG13	5224927	5224939	ssa24_34323699_34324545.maf
ssa24	LG13	5225301	5225355	ssa24_34323699_34324545.maf
ssa24	LG13	5225405	5225431	ssa24_34323699_34324545.maf
ssa24	LG13	5297224	5297243	ssa24_34448361_34448756.maf
ssa24	LG13	5317254	5317302	ssa24_34519129_34519657.maf
ssa24	LG13	5317344	5317425	ssa24_34519129_34519657.maf
ssa24	LG13	5517391	5517423	ssa24_34844449_34845268.maf
ssa24	LG13	5517423	5517498	ssa24_34844449_34845268.maf
ssa24	LG13	30881443	30881482	ssa24_3560870_3561145.maf
ssa24	LG13	30881482	30881497	ssa24_3560870_3561145.maf
ssa24	LG13	6040425	6040452	ssa24_35683684_35683884.maf
ssa24	LG13	6050713	6050751	ssa24_35700602_35701393.maf
ssa24	LG13	6050751	6050779	ssa24_35700602_35701393.maf
ssa24	LG13	6050779	6050828	ssa24_35700602_35701393.maf
ssa24	LG13	6051246	6051317	ssa24_35700602_35701393.maf
ssa24	LG13	6269803	6269863	ssa24_35796322_35796820.maf
ssa24	LG13	6273462	6273477	ssa24_35800255_35800846.maf
ssa24	LG13	6273477	6273515	ssa24_35800255_35800846.maf
ssa24	LG13	6273515	6273555	ssa24_35800255_35800846.maf
ssa24	LG13	6273557	6273572	ssa24_35800255_35800846.maf
ssa24	LG13	6418713	6418747	ssa24_36032808_36033161.maf
ssa24	LG13	6418787	6418805	ssa24_36032808_36033161.maf
ssa24	LG13	6418805	6418823	ssa24_36032808_36033161.maf
ssa24	LG13	7548900	7548989	ssa24_36388098_36388673.maf
ssa24	LG13	7548989	7549000	ssa24_36388098_36388673.maf
ssa24	LG13	7549007	7549021	ssa24_36388098_36388673.maf
ssa24	LG13	7549021	7549049	ssa24_36388098_36388673.maf
ssa24	LG13	7549372	7549453	ssa24_36388098_36388673.maf
ssa24	LG13	7549453	7549470	ssa24_36388098_36388673.maf
ssa24	LG13	7318174	7318209	ssa24_36778321_36778598.maf
ssa24	LG13	7318209	7318262	ssa24_36778321_36778598.maf
ssa24	LG13	7318262	7318277	ssa24_36778321_36778598.maf
ssa24	LG13	7301675	7301720	ssa24_36805010_36805256.maf
ssa24	LG13	7207039	7207160	ssa24_36930942_36931197.maf
ssa24	LG13	7207185	7207265	ssa24_36930942_36931197.maf
ssa24	LG13	9558012	9558025	ssa24_41685686_41686380.maf
ssa24	LG13	30263034	30263044	ssa24_4231543_4232455.maf
ssa24	LG13	30263044	30263073	ssa24_4231543_4232455.maf
ssa24	LG13	30263073	30263124	ssa24_4231543_4232455.maf
ssa24	LG13	30263241	30263290	ssa24_4231543_4232455.maf
ssa24	LG13	30263694	30263767	ssa24_4231543_4232455.maf
ssa24	LG13	30257014	30257037	ssa24_4241802_4242700.maf
ssa24	LG13	2117912	2117935	ssa24_42605274_42605860.maf
ssa24	LG13	2117943	2117966	ssa24_42605274_42605860.maf
ssa24	LG13	2117966	2118023	ssa24_42605274_42605860.maf
ssa24	LG13	2118023	2118073	ssa24_42605274_42605860.maf
ssa24	LG13	2118134	2118157	ssa24_42605274_42605860.maf
ssa24	LG13	2118161	2118174	ssa24_42605274_42605860.maf
ssa24	LG13	10818805	10818826	ssa24_43975565_43976386.maf
ssa24	LG13	10299978	10300006	ssa24_45415050_45415692.maf
ssa24	LG13	10300042	10300069	ssa24_45415050_45415692.maf
ssa24	LG13	10300133	10300154	ssa24_45415050_45415692.maf
ssa24	LG13	10297294	10297320	ssa24_45423257_45423688.maf
ssa24	LG13	10297320	10297630	ssa24_45423257_45423688.maf
ssa24	LG13	10297665	10297686	ssa24_45423257_45423688.maf
ssa24	LG13	9661227	9661258	ssa24_46899561_46899907.maf
ssa24	LG13	29374341	29374374	ssa24_5578458_5579659.maf
ssa24	LG13	29374374	29374413	ssa24_5578458_5579659.maf
ssa24	LG13	29374566	29374643	ssa24_5578458_5579659.maf
ssa24	LG13	29231165	29231373	ssa24_5768614_5769241.maf
ssa24	LG13	28513469	28513590	ssa24_5896384_5897353.maf
ssa24	LG13	28513590	28513644	ssa24_5896384_5897353.maf
ssa24	LG13	28513644	28513658	ssa24_5896384_5897353.maf
ssa24	LG13	28513681	28513729	ssa24_5896384_5897353.maf
ssa24	LG13	28513730	28513741	ssa24_5896384_5897353.maf
ssa24	LG13	28553373	28553444	ssa24_5945865_5946581.maf
ssa24	LG13	28553444	28553473	ssa24_5945865_5946581.maf
ssa24	LG13	28659184	28659194	ssa24_6080667_6081054.maf
ssa24	LG13	28659194	28659389	ssa24_6080667_6081054.maf
ssa24	LG13	28839921	28839944	ssa24_6273596_6273942.maf
ssa24	LG13	28839944	28840089	ssa24_6273596_6273942.maf
ssa24	LG13	29028035	29028064	ssa24_6478443_6479354.maf
ssa24	LG13	29028064	29028089	ssa24_6478443_6479354.maf
ssa24	LG13	29035403	29035417	ssa24_6488469_6489021.maf
ssa24	LG13	29035417	29035434	ssa24_6488469_6489021.maf
ssa24	LG13	29090890	29090905	ssa24_6552206_6553737.maf
ssa24	LG13	29090905	29091067	ssa24_6552206_6553737.maf
ssa24	LG13	29091076	29091113	ssa24_6552206_6553737.maf
ssa24	LG13	29091810	29091906	ssa24_6552206_6553737.maf
ssa24	LG13	27605601	27605671	ssa24_7664337_7665146.maf
ssa24	LG13	27611568	27611599	ssa24_7672685_7673959.maf
ssa24	LG13	27611607	27611759	ssa24_7672685_7673959.maf
ssa24	LG13	27611766	27611853	ssa24_7672685_7673959.maf
ssa24	LG13	27611853	27611891	ssa24_7672685_7673959.maf
ssa24	LG13	27611891	27611905	ssa24_7672685_7673959.maf
ssa24	LG13	27611905	27612036	ssa24_7672685_7673959.maf
ssa24	LG13	27612043	27612056	ssa24_7672685_7673959.maf
ssa24	LG13	27612056	27612161	ssa24_7672685_7673959.maf
ssa24	LG13	27612161	27612200	ssa24_7672685_7673959.maf
ssa24	LG13	27612405	27612475	ssa24_7672685_7673959.maf
ssa24	LG13	27822044	27822066	ssa24_7987742_7989163.maf
ssa24	LG13	27823341	27823370	ssa24_7987742_7989163.maf
ssa24	LG13	27823370	27823428	ssa24_7987742_7989163.maf
ssa24	LG13	27823428	27823492	ssa24_7987742_7989163.maf
ssa24	LG13	27823492	27823617	ssa24_7987742_7989163.maf
ssa24	LG13	27823617	27823634	ssa24_7987742_7989163.maf
ssa24	LG13	27823649	27823674	ssa24_7987742_7989163.maf
ssa24	LG13	27823674	27823832	ssa24_7987742_7989163.maf
ssa24	LG13	27859345	27859377	ssa24_8031636_8032382.maf
ssa24	LG13	27859424	27859447	ssa24_8031636_8032382.maf
ssa24	LG13	27859474	27859501	ssa24_8031636_8032382.maf
ssa24	LG13	27859505	27859516	ssa24_8031636_8032382.maf
ssa24	LG13	27859540	27859587	ssa24_8031636_8032382.maf
ssa24	LG13	27859587	27859597	ssa24_8031636_8032382.maf
ssa24	LG13	27859658	27859697	ssa24_8031636_8032382.maf
ssa24	LG13	27859746	27859756	ssa24_8031636_8032382.maf
ssa24	LG13	27878811	27878908	ssa24_8053452_8054073.maf
ssa24	LG13	27878911	27878933	ssa24_8053452_8054073.maf
ssa24	LG13	27883444	27883460	ssa24_8062141_8062428.maf
ssa24	LG13	27883460	27883487	ssa24_8062141_8062428.maf
ssa24	LG13	27883561	27883605	ssa24_8062141_8062428.maf
ssa24	LG13	28006689	28006713	ssa24_8221857_8223071.maf
ssa24	LG13	28006760	28006809	ssa24_8221857_8223071.maf
ssa24	LG13	22579641	22579666	ssa24_8768565_8769296.maf
ssa24	LG13	14260089	14260123	ssa24_9260358_9261570.maf
ssa24	LG13	14260397	14260417	ssa24_9260358_9261570.maf
ssa24	LG13	14260417	14260431	ssa24_9260358_9261570.maf
ssa24	LG13	33304798	33304817	ssa24_947128_948621.maf
ssa25	LG16	14329931	14329958	ssa25_10342253_10342834.maf
ssa25	LG16	14329961	14329979	ssa25_10342253_10342834.maf
ssa25	LG16	14893103	14893116	ssa25_10922621_10923475.maf
ssa25	LG16	14893116	14893245	ssa25_10922621_10923475.maf
ssa25	LG16	14893688	14893698	ssa25_10922621_10923475.maf
ssa25	LG16	31915014	31915037	ssa25_1092775_1093746.maf
ssa25	LG16	31915037	31915096	ssa25_1092775_1093746.maf
ssa25	LG16	31915096	31915110	ssa25_1092775_1093746.maf
ssa25	LG16	31915110	31915125	ssa25_1092775_1093746.maf
ssa25	LG16	31915173	31915187	ssa25_1092775_1093746.maf
ssa25	LG16	31915293	31915305	ssa25_1092775_1093746.maf
ssa25	LG16	31915361	31915394	ssa25_1092775_1093746.maf
ssa25	LG16	31915394	31915432	ssa25_1092775_1093746.maf
ssa25	LG16	31915432	31915446	ssa25_1092775_1093746.maf
ssa25	LG16	31915621	31915722	ssa25_1092775_1093746.maf
ssa25	LG16	31930471	31930487	ssa25_1131664_1132098.maf
ssa25	LG16	31957129	31957152	ssa25_1145877_1146634.maf
ssa25	LG16	31957153	31957163	ssa25_1145877_1146634.maf
ssa25	LG16	31957196	31957293	ssa25_1145877_1146634.maf
ssa25	LG16	31957308	31957331	ssa25_1145877_1146634.maf
ssa25	LG16	31957331	31957391	ssa25_1145877_1146634.maf
ssa25	LG16	31957395	31957450	ssa25_1145877_1146634.maf
ssa25	LG16	31957450	31957478	ssa25_1145877_1146634.maf
ssa25	LG16	15386378	15386441	ssa25_11839793_11840542.maf
ssa25	LG16	15386441	15386484	ssa25_11839793_11840542.maf
ssa25	LG16	15386484	15386521	ssa25_11839793_11840542.maf
ssa25	LG16	15470786	15470803	ssa25_11977280_11977736.maf
ssa25	LG16	15470803	15470841	ssa25_11977280_11977736.maf
ssa25	LG16	15470841	15470856	ssa25_11977280_11977736.maf
ssa25	LG16	15470856	15470876	ssa25_11977280_11977736.maf
ssa25	LG16	15470885	15470921	ssa25_11977280_11977736.maf
ssa25	LG16	15723669	15723806	ssa25_12259971_12260498.maf
ssa25	LG16	15723806	15723858	ssa25_12259971_12260498.maf
ssa25	LG16	15723858	15723903	ssa25_12259971_12260498.maf
ssa25	LG16	15723903	15723918	ssa25_12259971_12260498.maf
ssa25	LG16	15723918	15723965	ssa25_12259971_12260498.maf
ssa25	LG16	15805693	15805703	ssa25_12382073_12382537.maf
ssa25	LG16	15805703	15805730	ssa25_12382073_12382537.maf
ssa25	LG16	15805730	15805745	ssa25_12382073_12382537.maf
ssa25	LG16	15805748	15805825	ssa25_12382073_12382537.maf
ssa25	LG16	15846554	15846574	ssa25_12422886_12423199.maf
ssa25	LG16	15848616	15848668	ssa25_12424731_12425356.maf
ssa25	LG16	32017830	32017904	ssa25_1251313_1251993.maf
ssa25	LG16	32017909	32017930	ssa25_1251313_1251993.maf
ssa25	LG16	15912306	15912349	ssa25_12524813_12525084.maf
ssa25	LG16	32033187	32033213	ssa25_1256028_1256995.maf
ssa25	LG16	32033213	32033235	ssa25_1256028_1256995.maf
ssa25	LG16	32033235	32033272	ssa25_1256028_1256995.maf
ssa25	LG16	32033391	32033411	ssa25_1256028_1256995.maf
ssa25	LG16	32033413	32033667	ssa25_1256028_1256995.maf
ssa25	LG16	15933551	15933581	ssa25_12570761_12571356.maf
ssa25	LG16	32042401	32042464	ssa25_1295472_1296411.maf
ssa25	LG16	16187869	16187917	ssa25_13015087_13015398.maf
ssa25	LG16	16229004	16229031	ssa25_13068077_13068783.maf
ssa25	LG16	16229077	16229098	ssa25_13068077_13068783.maf
ssa25	LG16	32056751	32056776	ssa25_1307685_1308223.maf
ssa25	LG16	32056776	32056853	ssa25_1307685_1308223.maf
ssa25	LG16	32056853	32056903	ssa25_1307685_1308223.maf
ssa25	LG16	32056903	32056934	ssa25_1307685_1308223.maf
ssa25	LG16	32056954	32056971	ssa25_1307685_1308223.maf
ssa25	LG16	16250195	16250212	ssa25_13095119_13095929.maf
ssa25	LG16	16250212	16250251	ssa25_13095119_13095929.maf
ssa25	LG16	32086508	32086553	ssa25_1336329_1337381.maf
ssa25	LG16	32086553	32086582	ssa25_1336329_1337381.maf
ssa25	LG16	16740839	16740892	ssa25_13753786_13754489.maf
ssa25	LG16	16741542	16741562	ssa25_13753786_13754489.maf
ssa25	LG16	16741562	16741601	ssa25_13753786_13754489.maf
ssa25	LG16	16741601	16741622	ssa25_13753786_13754489.maf
ssa25	LG16	32104796	32104971	ssa25_1383611_1384086.maf
ssa25	LG16	32123095	32123111	ssa25_1393562_1394446.maf
ssa25	LG16	32123521	32123623	ssa25_1393562_1394446.maf
ssa25	LG16	17080153	17080237	ssa25_14175635_14176537.maf
ssa25	LG16	17080237	17080275	ssa25_14175635_14176537.maf
ssa25	LG16	17707401	17707437	ssa25_15022877_15023254.maf
ssa25	LG16	17827615	17827632	ssa25_15181994_15182806.maf
ssa25	LG16	17827704	17827730	ssa25_15181994_15182806.maf
ssa25	LG16	17846641	17846683	ssa25_15195657_15196175.maf
ssa25	LG16	17846683	17846714	ssa25_15195657_15196175.maf
ssa25	LG16	17846714	17846724	ssa25_15195657_15196175.maf
ssa25	LG16	17846724	17846734	ssa25_15195657_15196175.maf
ssa25	LG16	17846743	17846762	ssa25_15195657_15196175.maf
ssa25	LG16	18063915	18063925	ssa25_15432193_15433398.maf
ssa25	LG16	18064008	18064112	ssa25_15432193_15433398.maf
ssa25	LG16	18064454	18064476	ssa25_15432193_15433398.maf
ssa25	LG16	18064493	18064507	ssa25_15432193_15433398.maf
ssa25	LG16	18064507	18064692	ssa25_15432193_15433398.maf
ssa25	LG16	18245408	18245441	ssa25_15633876_15635643.maf
ssa25	LG16	18245441	18245499	ssa25_15633876_15635643.maf
ssa25	LG16	18245574	18245628	ssa25_15633876_15635643.maf
ssa25	LG16	18304288	18304362	ssa25_15711719_15712402.maf
ssa25	LG16	18304362	18304432	ssa25_15711719_15712402.maf
ssa25	LG16	18565749	18565804	ssa25_16044806_16046466.maf
ssa25	LG16	18565812	18565840	ssa25_16044806_16046466.maf
ssa25	LG16	18568890	18568905	ssa25_16048157_16048883.maf
ssa25	LG16	18568905	18568959	ssa25_16048157_16048883.maf
ssa25	LG16	18579174	18579188	ssa25_16055197_16056533.maf
ssa25	LG16	18696242	18696302	ssa25_16186631_16187280.maf
ssa25	LG16	18696302	18696328	ssa25_16186631_16187280.maf
ssa25	LG16	18696384	18696411	ssa25_16186631_16187280.maf
ssa25	LG16	18769266	18769357	ssa25_16230120_16230794.maf
ssa25	LG16	18769357	18769403	ssa25_16230120_16230794.maf
ssa25	LG16	18769548	18769564	ssa25_16230120_16230794.maf
ssa25	LG16	18780811	18780845	ssa25_16265086_16265850.maf
ssa25	LG16	18780845	18780954	ssa25_16265086_16265850.maf
ssa25	LG16	19044036	19044205	ssa25_16524770_16525390.maf
ssa25	LG16	19044208	19044246	ssa25_16524770_16525390.maf
ssa25	LG16	19060108	19060122	ssa25_16538049_16538573.maf
ssa25	LG16	19087753	19087785	ssa25_16578911_16579412.maf
ssa25	LG16	19087789	19087849	ssa25_16578911_16579412.maf
ssa25	LG16	19087849	19087887	ssa25_16578911_16579412.maf
ssa25	LG16	19244019	19244114	ssa25_16906077_16906533.maf
ssa25	LG16	19277798	19277838	ssa25_16950396_16950666.maf
ssa25	LG16	19574183	19574387	ssa25_17356580_17358005.maf
ssa25	LG16	19574440	19574553	ssa25_17356580_17358005.maf
ssa25	LG16	20010285	20010376	ssa25_17912477_17912682.maf
ssa25	LG16	20034733	20034779	ssa25_17942222_17942895.maf
ssa25	LG16	20034795	20034846	ssa25_17942222_17942895.maf
ssa25	LG16	20034846	20034868	ssa25_17942222_17942895.maf
ssa25	LG16	20170845	20170872	ssa25_18143165_18143739.maf
ssa25	LG16	20170932	20170944	ssa25_18143165_18143739.maf
ssa25	LG16	20170944	20170982	ssa25_18143165_18143739.maf
ssa25	LG16	20170993	20171005	ssa25_18143165_18143739.maf
ssa25	LG16	20289779	20289856	ssa25_18268863_18269632.maf
ssa25	LG16	20289856	20289869	ssa25_18268863_18269632.maf
ssa25	LG16	20289925	20289941	ssa25_18268863_18269632.maf
ssa25	LG16	20290333	20290420	ssa25_18268863_18269632.maf
ssa25	LG16	20391635	20391840	ssa25_18340017_18340450.maf
ssa25	LG16	20420179	20420224	ssa25_18366323_18367085.maf
ssa25	LG16	20420230	20420272	ssa25_18366323_18367085.maf
ssa25	LG16	20420310	20420340	ssa25_18366323_18367085.maf
ssa25	LG16	20539969	20540028	ssa25_18508444_18508839.maf
ssa25	LG16	20565337	20565410	ssa25_18553452_18553751.maf
ssa25	LG16	20839707	20839803	ssa25_18875618_18875853.maf
ssa25	LG16	21361714	21361724	ssa25_19711464_19712206.maf
ssa25	LG16	21361726	21361810	ssa25_19711464_19712206.maf
ssa25	LG16	21686975	21686994	ssa25_20217719_20218318.maf
ssa25	LG16	21687001	21687022	ssa25_20217719_20218318.maf
ssa25	LG16	21687022	21687057	ssa25_20217719_20218318.maf
ssa25	LG16	21707036	21707059	ssa25_20250980_20251526.maf
ssa25	LG16	21707455	21707519	ssa25_20251887_20252247.maf
ssa25	LG16	21707519	21707599	ssa25_20251887_20252247.maf
ssa25	LG16	22128687	22128699	ssa25_20910401_20911432.maf
ssa25	LG16	22203028	22203072	ssa25_20976576_20977031.maf
ssa25	LG16	22211273	22211305	ssa25_20984090_20985034.maf
ssa25	LG16	22448885	22448975	ssa25_21404372_21405371.maf
ssa25	LG16	22695752	22695800	ssa25_21787619_21788488.maf
ssa25	LG16	22695813	22695830	ssa25_21787619_21788488.maf
ssa25	LG16	22695830	22695859	ssa25_21787619_21788488.maf
ssa25	LG16	22695859	22695879	ssa25_21787619_21788488.maf
ssa25	LG16	22695879	22695896	ssa25_21787619_21788488.maf
ssa25	LG16	22729390	22729509	ssa25_21838392_21839030.maf
ssa25	LG16	22729559	22729578	ssa25_21838392_21839030.maf
ssa25	LG16	22729578	22729627	ssa25_21838392_21839030.maf
ssa25	LG16	22796395	22796471	ssa25_21921910_21923843.maf
ssa25	LG16	22796481	22796556	ssa25_21921910_21923843.maf
ssa25	LG16	23305523	23305600	ssa25_22506734_22507301.maf
ssa25	LG16	23305639	23305719	ssa25_22506734_22507301.maf
ssa25	LG16	23305738	23305820	ssa25_22506734_22507301.maf
ssa25	LG16	23370063	23370115	ssa25_22598586_22599563.maf
ssa25	LG16	23448626	23448699	ssa25_22704155_22704802.maf
ssa25	LG16	23477729	23477828	ssa25_22725505_22725912.maf
ssa25	LG16	23477828	23477843	ssa25_22725505_22725912.maf
ssa25	LG16	23912764	23912845	ssa25_23287568_23288132.maf
ssa25	LG16	23912846	23912896	ssa25_23287568_23288132.maf
ssa25	LG16	23971353	23971395	ssa25_23369304_23369649.maf
ssa25	LG16	24022938	24022955	ssa25_23424815_23425297.maf
ssa25	LG16	24022957	24023064	ssa25_23424815_23425297.maf
ssa25	LG16	24023240	24023318	ssa25_23424815_23425297.maf
ssa25	LG16	24030436	24030480	ssa25_23437493_23437960.maf
ssa25	LG16	33120570	33120663	ssa25_2356004_2356402.maf
ssa25	LG16	33120665	33120677	ssa25_2356004_2356402.maf
ssa25	LG16	24306853	24306976	ssa25_23778848_23779298.maf
ssa25	LG16	24307041	24307106	ssa25_23778848_23779298.maf
ssa25	LG16	24307106	24307148	ssa25_23778848_23779298.maf
ssa25	LG16	24307148	24307213	ssa25_23778848_23779298.maf
ssa25	LG16	25020318	25020401	ssa25_24381123_24381829.maf
ssa25	LG16	25124830	25124898	ssa25_24511958_24512643.maf
ssa25	LG16	25125066	25125083	ssa25_24511958_24512643.maf
ssa25	LG16	25125083	25125097	ssa25_24511958_24512643.maf
ssa25	LG16	33316262	33316302	ssa25_2519990_2520588.maf
ssa25	LG16	33316302	33316357	ssa25_2519990_2520588.maf
ssa25	LG16	33316357	33316396	ssa25_2519990_2520588.maf
ssa25	LG16	13443334	13443348	ssa25_25358195_25359557.maf
ssa25	LG16	13356063	13356123	ssa25_25498286_25498934.maf
ssa25	LG16	13066452	13066464	ssa25_25906374_25907480.maf
ssa25	LG16	13066472	13066512	ssa25_25906374_25907480.maf
ssa25	LG16	13066512	13066524	ssa25_25906374_25907480.maf
ssa25	LG16	33926294	33926309	ssa25_2593395_2594154.maf
ssa25	LG16	33926309	33926352	ssa25_2593395_2594154.maf
ssa25	LG16	13006596	13006616	ssa25_26005420_26006073.maf
ssa25	LG16	12987945	12987965	ssa25_26042524_26043830.maf
ssa25	LG16	12987965	12987979	ssa25_26042524_26043830.maf
ssa25	LG16	12944523	12944647	ssa25_26102048_26102631.maf
ssa25	LG16	12403978	12404001	ssa25_26665276_26665570.maf
ssa25	LG16	12404013	12404025	ssa25_26665276_26665570.maf
ssa25	LG16	12260355	12260435	ssa25_26925006_26925566.maf
ssa25	LG16	12105168	12105216	ssa25_27180510_27180983.maf
ssa25	LG16	12105313	12105356	ssa25_27180510_27180983.maf
ssa25	LG16	11977228	11977262	ssa25_27379871_27380716.maf
ssa25	LG16	11977265	11977338	ssa25_27379871_27380716.maf
ssa25	LG16	11870544	11870575	ssa25_27501913_27502622.maf
ssa25	LG16	11870575	11870601	ssa25_27501913_27502622.maf
ssa25	LG16	11870601	11870636	ssa25_27501913_27502622.maf
ssa25	LG16	11870638	11870656	ssa25_27501913_27502622.maf
ssa25	LG16	11847335	11847422	ssa25_27539451_27540047.maf
ssa25	LG16	11840145	11840246	ssa25_27556022_27556666.maf
ssa25	LG16	11807479	11807508	ssa25_27613614_27613961.maf
ssa25	LG16	11615345	11615367	ssa25_27888678_27889137.maf
ssa25	LG16	11024204	11024226	ssa25_28741742_28742665.maf
ssa25	LG16	11024226	11024238	ssa25_28741742_28742665.maf
ssa25	LG16	11024249	11024344	ssa25_28741742_28742665.maf
ssa25	LG16	11024360	11024370	ssa25_28741742_28742665.maf
ssa25	LG16	11024371	11024406	ssa25_28741742_28742665.maf
ssa25	LG16	11024406	11024489	ssa25_28741742_28742665.maf
ssa25	LG16	11024489	11024504	ssa25_28741742_28742665.maf
ssa25	LG16	11023419	11023558	ssa25_28742809_28743141.maf
ssa25	LG16	10664535	10664550	ssa25_29401855_29402594.maf
ssa25	LG16	10459036	10459057	ssa25_29788636_29789489.maf
ssa25	LG16	10459423	10459505	ssa25_29788636_29789489.maf
ssa25	LG16	10094693	10094734	ssa25_30406527_30407165.maf
ssa25	LG16	9980197	9980231	ssa25_30606066_30606843.maf
ssa25	LG16	9980231	9980256	ssa25_30606066_30606843.maf
ssa25	LG16	9980256	9980274	ssa25_30606066_30606843.maf
ssa25	LG16	9980547	9980567	ssa25_30606066_30606843.maf
ssa25	LG16	9980567	9980653	ssa25_30606066_30606843.maf
ssa25	LG16	9959967	9960045	ssa25_30634554_30635200.maf
ssa25	LG16	9960178	9960210	ssa25_30634554_30635200.maf
ssa25	LG16	9960210	9960224	ssa25_30634554_30635200.maf
ssa25	LG16	9923569	9923611	ssa25_30684618_30685968.maf
ssa25	LG16	9923611	9923627	ssa25_30684618_30685968.maf
ssa25	LG16	9923627	9923644	ssa25_30684618_30685968.maf
ssa25	LG16	9919836	9919852	ssa25_30701625_30702167.maf
ssa25	LG16	9919878	9919988	ssa25_30701625_30702167.maf
ssa25	LG16	9920012	9920065	ssa25_30701625_30702167.maf
ssa25	LG16	9914507	9914522	ssa25_30709820_30711206.maf
ssa25	LG16	9914522	9914555	ssa25_30709820_30711206.maf
ssa25	LG16	9914555	9914590	ssa25_30709820_30711206.maf
ssa25	LG16	9914590	9914634	ssa25_30709820_30711206.maf
ssa25	LG16	9914634	9914719	ssa25_30709820_30711206.maf
ssa25	LG16	9914845	9914862	ssa25_30709820_30711206.maf
ssa25	LG16	9914870	9914906	ssa25_30709820_30711206.maf
ssa25	LG16	9914906	9914966	ssa25_30709820_30711206.maf
ssa25	LG16	9914993	9915009	ssa25_30709820_30711206.maf
ssa25	LG16	9915047	9915084	ssa25_30709820_30711206.maf
ssa25	LG16	9915134	9915146	ssa25_30709820_30711206.maf
ssa25	LG16	9915181	9915196	ssa25_30709820_30711206.maf
ssa25	LG16	9909333	9909377	ssa25_30715970_30717136.maf
ssa25	LG16	9909436	9909458	ssa25_30715970_30717136.maf
ssa25	LG16	9909520	9909536	ssa25_30715970_30717136.maf
ssa25	LG16	9910231	9910256	ssa25_30715970_30717136.maf
ssa25	LG16	9910256	9910280	ssa25_30715970_30717136.maf
ssa25	LG16	9910280	9910340	ssa25_30715970_30717136.maf
ssa25	LG16	9892589	9892668	ssa25_30743146_30744124.maf
ssa25	LG16	9888749	9888806	ssa25_30745523_30746538.maf
ssa25	LG16	9888892	9889011	ssa25_30745523_30746538.maf
ssa25	LG16	9889418	9889466	ssa25_30745523_30746538.maf
ssa25	LG16	9887661	9887676	ssa25_30746834_30747208.maf
ssa25	LG16	9887676	9887735	ssa25_30746834_30747208.maf
ssa25	LG16	9505491	9505511	ssa25_31350047_31350960.maf
ssa25	LG16	9505686	9505754	ssa25_31350047_31350960.maf
ssa25	LG16	9308908	9308946	ssa25_31612237_31612648.maf
ssa25	LG16	9302402	9302453	ssa25_31617063_31617747.maf
ssa25	LG16	9302453	9302475	ssa25_31617063_31617747.maf
ssa25	LG16	9302475	9302499	ssa25_31617063_31617747.maf
ssa25	LG16	9302618	9302709	ssa25_31617063_31617747.maf
ssa25	LG16	9302709	9302719	ssa25_31617063_31617747.maf
ssa25	LG16	9302719	9302730	ssa25_31617063_31617747.maf
ssa25	LG16	9286318	9286334	ssa25_31633902_31634202.maf
ssa25	LG16	9286337	9286391	ssa25_31633902_31634202.maf
ssa25	LG16	9280438	9280539	ssa25_31641339_31642000.maf
ssa25	LG16	9280542	9280553	ssa25_31641339_31642000.maf
ssa25	LG16	8907960	8907982	ssa25_32213694_32214819.maf
ssa25	LG16	8907982	8908013	ssa25_32213694_32214819.maf
ssa25	LG16	8673632	8673694	ssa25_32647516_32647925.maf
ssa25	LG16	8240281	8240362	ssa25_33448345_33448958.maf
ssa25	LG16	8149143	8149166	ssa25_33574991_33575626.maf
ssa25	LG16	8149166	8149178	ssa25_33574991_33575626.maf
ssa25	LG16	8149178	8149194	ssa25_33574991_33575626.maf
ssa25	LG16	8149463	8149495	ssa25_33574991_33575626.maf
ssa25	LG16	8149495	8149509	ssa25_33574991_33575626.maf
ssa25	LG16	8147404	8147483	ssa25_33581932_33582633.maf
ssa25	LG16	8147491	8147539	ssa25_33581932_33582633.maf
ssa25	LG16	8146531	8146607	ssa25_33583086_33583623.maf
ssa25	LG16	8146607	8146626	ssa25_33583086_33583623.maf
ssa25	LG16	8144477	8144535	ssa25_33587728_33588657.maf
ssa25	LG16	8144535	8144552	ssa25_33587728_33588657.maf
ssa25	LG16	8144565	8144582	ssa25_33587728_33588657.maf
ssa25	LG16	8144582	8144610	ssa25_33587728_33588657.maf
ssa25	LG16	8144610	8144665	ssa25_33587728_33588657.maf
ssa25	LG16	8144685	8144758	ssa25_33587728_33588657.maf
ssa25	LG16	8144839	8144852	ssa25_33587728_33588657.maf
ssa25	LG16	8144855	8145023	ssa25_33587728_33588657.maf
ssa25	LG16	8145025	8145039	ssa25_33587728_33588657.maf
ssa25	LG16	8145065	8145078	ssa25_33587728_33588657.maf
ssa25	LG16	8145078	8145088	ssa25_33587728_33588657.maf
ssa25	LG16	8133513	8133621	ssa25_33603991_33604891.maf
ssa25	LG16	8134140	8134187	ssa25_33603991_33604891.maf
ssa25	LG16	8127650	8127695	ssa25_33623756_33624667.maf
ssa25	LG16	8127695	8127733	ssa25_33623756_33624667.maf
ssa25	LG16	8128150	8128204	ssa25_33623756_33624667.maf
ssa25	LG16	8128204	8128216	ssa25_33623756_33624667.maf
ssa25	LG16	7711032	7711109	ssa25_34259732_34260296.maf
ssa25	LG16	7711358	7711388	ssa25_34259732_34260296.maf
ssa25	LG16	7175519	7175603	ssa25_35381807_35382154.maf
ssa25	LG16	7175793	7175846	ssa25_35381807_35382154.maf
ssa25	LG16	7174700	7174779	ssa25_35382427_35383115.maf
ssa25	LG16	7175264	7175303	ssa25_35382427_35383115.maf
ssa25	LG16	7175303	7175350	ssa25_35382427_35383115.maf
ssa25	LG16	7161869	7161913	ssa25_35398970_35399976.maf
ssa25	LG16	7163088	7163101	ssa25_35398970_35399976.maf
ssa25	LG16	7163101	7163114	ssa25_35398970_35399976.maf
ssa25	LG16	7163121	7163137	ssa25_35398970_35399976.maf
ssa25	LG16	7105096	7105108	ssa25_35547724_35549233.maf
ssa25	LG16	7105405	7105418	ssa25_35547724_35549233.maf
ssa25	LG16	7030330	7030365	ssa25_35781758_35782436.maf
ssa25	LG16	7022468	7022513	ssa25_35788951_35789281.maf
ssa25	LG16	7022520	7022570	ssa25_35788951_35789281.maf
ssa25	LG16	318250	318357	ssa25_36422137_36422513.maf
ssa25	LG16	503535	503571	ssa25_36744594_36744924.maf
ssa25	LG16	854610	854634	ssa25_37386058_37386854.maf
ssa25	LG16	854634	854655	ssa25_37386058_37386854.maf
ssa25	LG16	854655	854759	ssa25_37386058_37386854.maf
ssa25	LG16	854759	854793	ssa25_37386058_37386854.maf
ssa25	LG16	854831	854870	ssa25_37386058_37386854.maf
ssa25	LG16	854870	854908	ssa25_37386058_37386854.maf
ssa25	LG16	854908	854924	ssa25_37386058_37386854.maf
ssa25	LG16	854924	854958	ssa25_37386058_37386854.maf
ssa25	LG16	854960	854981	ssa25_37386058_37386854.maf
ssa25	LG16	854981	855006	ssa25_37386058_37386854.maf
ssa25	LG16	883976	883997	ssa25_37474101_37475011.maf
ssa25	LG16	884045	884075	ssa25_37474101_37475011.maf
ssa25	LG16	884076	884143	ssa25_37474101_37475011.maf
ssa25	LG16	884143	884159	ssa25_37474101_37475011.maf
ssa25	LG16	884159	884188	ssa25_37474101_37475011.maf
ssa25	LG16	884542	884618	ssa25_37474101_37475011.maf
ssa25	LG16	884618	884628	ssa25_37474101_37475011.maf
ssa25	LG16	1223913	1223938	ssa25_38133259_38134443.maf
ssa25	LG16	1223938	1224008	ssa25_38133259_38134443.maf
ssa25	LG16	1224506	1224567	ssa25_38133259_38134443.maf
ssa25	LG16	1307571	1307583	ssa25_38293457_38293794.maf
ssa25	LG16	1342808	1342847	ssa25_38363633_38364178.maf
ssa25	LG16	1342847	1342896	ssa25_38363633_38364178.maf
ssa25	LG16	1342962	1342979	ssa25_38363633_38364178.maf
ssa25	LG16	1342979	1343099	ssa25_38363633_38364178.maf
ssa25	LG16	1343183	1343203	ssa25_38363633_38364178.maf
ssa25	LG16	1598466	1598497	ssa25_39108242_39109359.maf
ssa25	LG16	1598497	1598516	ssa25_39108242_39109359.maf
ssa25	LG16	1598516	1598562	ssa25_39108242_39109359.maf
ssa25	LG16	1598576	1598596	ssa25_39108242_39109359.maf
ssa25	LG16	1599175	1599187	ssa25_39108242_39109359.maf
ssa25	LG16	1599187	1599217	ssa25_39108242_39109359.maf
ssa25	LG16	1883071	1883081	ssa25_39712728_39713545.maf
ssa25	LG16	1883081	1883135	ssa25_39712728_39713545.maf
ssa25	LG16	1883135	1883173	ssa25_39712728_39713545.maf
ssa25	LG16	1883173	1883213	ssa25_39712728_39713545.maf
ssa25	LG16	1883216	1883253	ssa25_39712728_39713545.maf
ssa25	LG16	1884039	1884054	ssa25_39712728_39713545.maf
ssa25	LG16	1884054	1884157	ssa25_39712728_39713545.maf
ssa25	LG16	1904510	1904623	ssa25_39738495_39739490.maf
ssa25	LG16	1967419	1967441	ssa25_39837516_39838147.maf
ssa25	LG16	1967441	1967638	ssa25_39837516_39838147.maf
ssa25	LG16	2334274	2334325	ssa25_40564288_40565609.maf
ssa25	LG16	2334447	2334484	ssa25_40564288_40565609.maf
ssa25	LG20	11193028	11193051	ssa25_41339723_41341408.maf
ssa25	LG20	11028613	11028642	ssa25_41648871_41650403.maf
ssa25	LG20	10926489	10926552	ssa25_41852303_41852938.maf
ssa25	LG20	10907391	10907419	ssa25_41889131_41889346.maf
ssa25	LG20	10907419	10907454	ssa25_41889131_41889346.maf
ssa25	LG20	10702994	10703064	ssa25_42182606_42183392.maf
ssa25	LG20	10581771	10581841	ssa25_42323369_42324993.maf
ssa25	LG20	10579502	10579525	ssa25_42329888_42330291.maf
ssa25	LG20	10579556	10579631	ssa25_42329888_42330291.maf
ssa25	LG20	10577428	10577447	ssa25_42340058_42340668.maf
ssa25	LG20	10577449	10577514	ssa25_42340058_42340668.maf
ssa25	LG20	10577668	10577737	ssa25_42340058_42340668.maf
ssa25	LG20	10577737	10577753	ssa25_42340058_42340668.maf
ssa25	LG20	10578739	10578764	ssa25_42340058_42340668.maf
ssa25	LG20	10578764	10578778	ssa25_42340058_42340668.maf
ssa25	LG20	10566658	10566724	ssa25_42361634_42362620.maf
ssa25	LG20	10239258	10239270	ssa25_42865271_42865833.maf
ssa25	LG20	10239322	10239383	ssa25_42865271_42865833.maf
ssa25	LG20	10196780	10196857	ssa25_42909494_42911125.maf
ssa25	LG20	10065262	10065363	ssa25_43124585_43125283.maf
ssa25	LG20	10065366	10065398	ssa25_43124585_43125283.maf
ssa25	LG20	9943096	9943159	ssa25_43344066_43344792.maf
ssa25	LG20	9837461	9837479	ssa25_43516011_43516398.maf
ssa25	LG20	9837479	9837500	ssa25_43516011_43516398.maf
ssa25	LG20	9837520	9837538	ssa25_43516011_43516398.maf
ssa25	LG20	9837574	9837624	ssa25_43516011_43516398.maf
ssa25	LG20	9789284	9789313	ssa25_43575017_43575326.maf
ssa25	LG20	9665288	9665300	ssa25_43816151_43816722.maf
ssa25	LG20	9514274	9514286	ssa25_44100767_44101195.maf
ssa25	LG20	9514286	9514300	ssa25_44100767_44101195.maf
ssa25	LG20	9514314	9514350	ssa25_44100767_44101195.maf
ssa25	LG20	9439092	9439185	ssa25_44209149_44209893.maf
ssa25	LG20	9162491	9162512	ssa25_44921807_44922531.maf
ssa25	LG20	6819946	6820001	ssa25_45952201_45952778.maf
ssa25	LG20	6842169	6842201	ssa25_46000921_46002004.maf
ssa25	LG20	6842202	6842257	ssa25_46000921_46002004.maf
ssa25	LG20	6842440	6842465	ssa25_46000921_46002004.maf
ssa25	LG20	6842481	6842511	ssa25_46000921_46002004.maf
ssa25	LG20	6842511	6842537	ssa25_46000921_46002004.maf
ssa25	LG20	6842554	6842567	ssa25_46000921_46002004.maf
ssa25	LG20	7029673	7029705	ssa25_46396652_46397422.maf
ssa25	LG20	7029709	7029731	ssa25_46396652_46397422.maf
ssa25	LG20	7069332	7069396	ssa25_46493673_46494407.maf
ssa25	LG20	7087747	7087780	ssa25_46513231_46513669.maf
ssa25	LG20	7221913	7221973	ssa25_46725692_46726152.maf
ssa25	LG20	7619248	7619262	ssa25_47480452_47481411.maf
ssa25	LG20	7619262	7619296	ssa25_47480452_47481411.maf
ssa25	LG20	7619296	7619312	ssa25_47480452_47481411.maf
ssa25	LG20	7619337	7619585	ssa25_47480452_47481411.maf
ssa25	LG20	7619589	7619602	ssa25_47480452_47481411.maf
ssa25	LG20	7619848	7619897	ssa25_47480452_47481411.maf
ssa25	LG20	7619942	7619958	ssa25_47480452_47481411.maf
ssa25	LG20	7620008	7620024	ssa25_47480452_47481411.maf
ssa25	LG20	7620054	7620201	ssa25_47480452_47481411.maf
ssa25	LG20	7739875	7739921	ssa25_47704920_47705294.maf
ssa25	LG20	7739921	7739960	ssa25_47704920_47705294.maf
ssa25	LG20	6137308	6137332	ssa25_49395727_49396171.maf
ssa25	LG20	6137332	6137343	ssa25_49395727_49396171.maf
ssa25	LG20	6137347	6137408	ssa25_49395727_49396171.maf
ssa25	LG20	6088483	6088536	ssa25_49525064_49525919.maf
ssa25	LG20	6088689	6088724	ssa25_49525064_49525919.maf
ssa25	LG20	6078221	6078278	ssa25_49558732_49559007.maf
ssa25	LG16	29423189	29423225	ssa25_5586680_5587142.maf
ssa25	LG16	29423225	29423455	ssa25_5586680_5587142.maf
ssa25	LG16	29423455	29423498	ssa25_5586680_5587142.maf
ssa25	LG16	29423498	29423511	ssa25_5586680_5587142.maf
ssa25	LG16	29423511	29423523	ssa25_5586680_5587142.maf
ssa25	LG16	28059571	28059582	ssa25_6767234_6767773.maf
ssa25	LG16	28059582	28059604	ssa25_6767234_6767773.maf
ssa25	LG16	28059604	28059668	ssa25_6767234_6767773.maf
ssa25	LG16	27924105	27924125	ssa25_6883668_6884260.maf
ssa25	LG16	27924146	27924159	ssa25_6883668_6884260.maf
ssa25	LG16	27916252	27916294	ssa25_6905255_6905863.maf
ssa25	LG16	27916295	27916325	ssa25_6905255_6905863.maf
ssa25	LG16	26812426	26812536	ssa25_8003635_8004566.maf
ssa25	LG16	26036757	26036829	ssa25_8892831_8893386.maf
ssa25	LG16	26034523	26034602	ssa25_8894614_8895068.maf
ssa25	LG16	31791711	31791793	ssa25_904446_905322.maf
ssa25	LG16	13758768	13758867	ssa25_9295166_9296136.maf
ssa25	LG16	13816246	13816259	ssa25_9429796_9430267.maf
ssa25	LG16	13816306	13816322	ssa25_9429796_9430267.maf
ssa25	LG16	13816322	13816342	ssa25_9429796_9430267.maf
ssa25	LG16	13818443	13818518	ssa25_9430728_9431190.maf
ssa25	LG16	13818541	13818566	ssa25_9430728_9431190.maf
ssa25	LG16	13818714	13818732	ssa25_9430728_9431190.maf
ssa25	LG16	31865865	31865890	ssa25_977316_977875.maf
ssa25	LG16	31865890	31865900	ssa25_977316_977875.maf
ssa25	LG16	31865900	31866031	ssa25_977316_977875.maf
ssa26	LG02	34149010	34149059	ssa26_10130708_10131281.maf
ssa26	LG02	33533414	33533426	ssa26_10800372_10800894.maf
ssa26	LG02	33496443	33496567	ssa26_10847995_10849014.maf
ssa26	LG02	33496567	33496585	ssa26_10847995_10849014.maf
ssa26	LG02	32217571	32217595	ssa26_11958236_11958672.maf
ssa26	LG02	32217596	32217607	ssa26_11958236_11958672.maf
ssa26	LG02	32217607	32217649	ssa26_11958236_11958672.maf
ssa26	LG02	32217649	32217669	ssa26_11958236_11958672.maf
ssa26	LG02	31959524	31959615	ssa26_12266553_12267132.maf
ssa26	LG02	31959615	31959745	ssa26_12266553_12267132.maf
ssa26	LG02	31884414	31884484	ssa26_12341046_12341761.maf
ssa26	LG02	31722635	31722645	ssa26_12501250_12501772.maf
ssa26	LG02	31703612	31703643	ssa26_12522022_12522771.maf
ssa26	LG02	31703794	31703815	ssa26_12522022_12522771.maf
ssa26	LG02	31704150	31704174	ssa26_12522022_12522771.maf
ssa26	LG02	31704174	31704249	ssa26_12522022_12522771.maf
ssa26	LG02	30711206	30711258	ssa26_13373827_13374535.maf
ssa26	LG02	30711258	30711321	ssa26_13373827_13374535.maf
ssa26	LG02	30711602	30711692	ssa26_13373827_13374535.maf
ssa26	LG02	30541696	30541715	ssa26_13513675_13514008.maf
ssa26	LG02	30429531	30429569	ssa26_13580165_13580589.maf
ssa26	LG02	29935451	29935559	ssa26_13972415_13972844.maf
ssa26	LG02	29792681	29792753	ssa26_14084054_14085238.maf
ssa26	LG02	29792753	29792779	ssa26_14084054_14085238.maf
ssa26	LG02	29790298	29790318	ssa26_14086241_14087554.maf
ssa26	LG02	29790318	29790375	ssa26_14086241_14087554.maf
ssa26	LG02	29790375	29790403	ssa26_14086241_14087554.maf
ssa26	LG02	29790423	29790445	ssa26_14086241_14087554.maf
ssa26	LG02	29791228	29791238	ssa26_14086241_14087554.maf
ssa26	LG02	29791239	29791253	ssa26_14086241_14087554.maf
ssa26	LG02	29791253	29791266	ssa26_14086241_14087554.maf
ssa26	LG02	29791278	29791289	ssa26_14086241_14087554.maf
ssa26	LG02	29481957	29481976	ssa26_14257353_14257755.maf
ssa26	LG02	29481976	29481993	ssa26_14257353_14257755.maf
ssa26	LG02	29481993	29482059	ssa26_14257353_14257755.maf
ssa26	LG02	29482059	29482122	ssa26_14257353_14257755.maf
ssa26	LG02	29482131	29482141	ssa26_14257353_14257755.maf
ssa26	LG02	29482141	29482156	ssa26_14257353_14257755.maf
ssa26	LG02	29482156	29482210	ssa26_14257353_14257755.maf
ssa26	LG02	29482210	29482229	ssa26_14257353_14257755.maf
ssa26	LG02	29482229	29482260	ssa26_14257353_14257755.maf
ssa26	LG02	29482260	29482339	ssa26_14257353_14257755.maf
ssa26	LG02	29380889	29380920	ssa26_14343923_14344428.maf
ssa26	LG02	29380920	29380947	ssa26_14343923_14344428.maf
ssa26	LG02	29380954	29380976	ssa26_14343923_14344428.maf
ssa26	LG02	29381013	29381047	ssa26_14343923_14344428.maf
ssa26	LG02	29083294	29083310	ssa26_14564379_14565161.maf
ssa26	LG02	28495213	28495226	ssa26_14952261_14952649.maf
ssa26	LG02	28495226	28495420	ssa26_14952261_14952649.maf
ssa26	LG02	28364263	28364334	ssa26_15008322_15008769.maf
ssa26	LG02	28364334	28364364	ssa26_15008322_15008769.maf
ssa26	LG02	28364364	28364405	ssa26_15008322_15008769.maf
ssa26	LG02	28364405	28364448	ssa26_15008322_15008769.maf
ssa26	LG02	27812319	27812336	ssa26_15720395_15720997.maf
ssa26	LG02	27592761	27592813	ssa26_15943744_15944342.maf
ssa26	LG02	27592825	27592843	ssa26_15943744_15944342.maf
ssa26	LG02	27227448	27227585	ssa26_16359707_16360144.maf
ssa26	LG02	26875023	26875069	ssa26_16739416_16740243.maf
ssa26	LG02	26875076	26875125	ssa26_16739416_16740243.maf
ssa26	LG02	26875125	26875173	ssa26_16739416_16740243.maf
ssa26	LG02	26802766	26802779	ssa26_16793647_16794096.maf
ssa26	LG02	26802784	26802821	ssa26_16793647_16794096.maf
ssa26	LG02	26802821	26802838	ssa26_16793647_16794096.maf
ssa26	LG02	26802847	26802862	ssa26_16793647_16794096.maf
ssa26	LG02	26802862	26802894	ssa26_16793647_16794096.maf
ssa26	LG02	26641292	26641320	ssa26_16928148_16928893.maf
ssa26	LG02	26641323	26641346	ssa26_16928148_16928893.maf
ssa26	LG02	26641346	26641443	ssa26_16928148_16928893.maf
ssa26	LG02	26641443	26641453	ssa26_16928148_16928893.maf
ssa26	LG02	26641453	26641476	ssa26_16928148_16928893.maf
ssa26	LG02	26641916	26642036	ssa26_16928148_16928893.maf
ssa26	LG02	26642036	26642065	ssa26_16928148_16928893.maf
ssa26	LG02	26642065	26642082	ssa26_16928148_16928893.maf
ssa26	LG02	26642094	26642158	ssa26_16928148_16928893.maf
ssa26	LG02	26383719	26383738	ssa26_17195142_17196431.maf
ssa26	LG02	26383738	26383780	ssa26_17195142_17196431.maf
ssa26	LG02	26383780	26383793	ssa26_17195142_17196431.maf
ssa26	LG02	26383855	26383917	ssa26_17195142_17196431.maf
ssa26	LG02	26383920	26383943	ssa26_17195142_17196431.maf
ssa26	LG02	26383943	26383981	ssa26_17195142_17196431.maf
ssa26	LG02	26384588	26384606	ssa26_17195142_17196431.maf
ssa26	LG02	26384606	26384660	ssa26_17195142_17196431.maf
ssa26	LG02	26384672	26384779	ssa26_17195142_17196431.maf
ssa26	LG02	26384898	26384930	ssa26_17195142_17196431.maf
ssa26	LG02	26384930	26384949	ssa26_17195142_17196431.maf
ssa26	LG02	26309708	26309731	ssa26_17274653_17274816.maf
ssa26	LG02	26284937	26284985	ssa26_17294007_17294711.maf
ssa26	LG02	26285737	26285793	ssa26_17294007_17294711.maf
ssa26	LG02	26285898	26285957	ssa26_17294007_17294711.maf
ssa26	LG02	25909774	25909865	ssa26_17590300_17590614.maf
ssa26	LG02	25909865	25909891	ssa26_17590300_17590614.maf
ssa26	LG02	25909891	25909918	ssa26_17590300_17590614.maf
ssa26	LG02	25909040	25909051	ssa26_17591096_17591366.maf
ssa26	LG02	25909063	25909147	ssa26_17591096_17591366.maf
ssa26	LG02	25706178	25706214	ssa26_17815620_17816443.maf
ssa26	LG02	25706214	25706240	ssa26_17815620_17816443.maf
ssa26	LG02	25670794	25670811	ssa26_17863021_17863845.maf
ssa26	LG02	25670811	25670875	ssa26_17863021_17863845.maf
ssa26	LG02	25671080	25671096	ssa26_17863021_17863845.maf
ssa26	LG02	25671113	25671242	ssa26_17863021_17863845.maf
ssa26	LG02	25671242	25671314	ssa26_17863021_17863845.maf
ssa26	LG02	25671314	25671335	ssa26_17863021_17863845.maf
ssa26	LG02	25671335	25671349	ssa26_17863021_17863845.maf
ssa26	LG02	25671401	25671430	ssa26_17863021_17863845.maf
ssa26	LG02	25671430	25671447	ssa26_17863021_17863845.maf
ssa26	LG02	25670394	25670407	ssa26_17864073_17864549.maf
ssa26	LG02	25670474	25670532	ssa26_17864073_17864549.maf
ssa26	LG02	25670533	25670558	ssa26_17864073_17864549.maf
ssa26	LG02	25586603	25586667	ssa26_17947558_17948154.maf
ssa26	LG02	25561013	25561044	ssa26_17983841_17984308.maf
ssa26	LG02	25561066	25561110	ssa26_17983841_17984308.maf
ssa26	LG02	25020326	25020341	ssa26_18542750_18543591.maf
ssa26	LG02	25020341	25020388	ssa26_18542750_18543591.maf
ssa26	LG02	25020388	25020422	ssa26_18542750_18543591.maf
ssa26	LG02	22537285	22537368	ssa26_21055318_21055750.maf
ssa26	LG02	22344388	22344416	ssa26_21255960_21256637.maf
ssa26	LG02	22344493	22344519	ssa26_21255960_21256637.maf
ssa26	LG02	22344519	22344529	ssa26_21255960_21256637.maf
ssa26	LG02	22344547	22344587	ssa26_21255960_21256637.maf
ssa26	LG02	22344587	22344598	ssa26_21255960_21256637.maf
ssa26	LG02	22344599	22344620	ssa26_21255960_21256637.maf
ssa26	LG02	22344620	22344633	ssa26_21255960_21256637.maf
ssa26	LG02	22344633	22344651	ssa26_21255960_21256637.maf
ssa26	LG02	22344657	22344673	ssa26_21255960_21256637.maf
ssa26	LG02	21219995	21220008	ssa26_22555119_22555786.maf
ssa26	LG02	21082475	21082496	ssa26_22778706_22779991.maf
ssa26	LG02	21046749	21046760	ssa26_22840716_22842084.maf
ssa26	LG02	21046760	21046852	ssa26_22840716_22842084.maf
ssa26	LG02	21046853	21046898	ssa26_22840716_22842084.maf
ssa26	LG02	20344833	20344874	ssa26_23602563_23603813.maf
ssa26	LG02	20345464	20345593	ssa26_23602563_23603813.maf
ssa26	LG02	20308522	20308533	ssa26_23640379_23641011.maf
ssa26	LG02	20308533	20308576	ssa26_23640379_23641011.maf
ssa26	LG02	20308644	20308684	ssa26_23640379_23641011.maf
ssa26	LG02	20279222	20279241	ssa26_23664502_23664806.maf
ssa26	LG02	20279252	20279383	ssa26_23664502_23664806.maf
ssa26	LG02	20189638	20189662	ssa26_23753477_23754299.maf
ssa26	LG02	20189662	20189698	ssa26_23753477_23754299.maf
ssa26	LG02	20189698	20189712	ssa26_23753477_23754299.maf
ssa26	LG02	18387471	18387537	ssa26_25801827_25802326.maf
ssa26	LG02	18387537	18387673	ssa26_25801827_25802326.maf
ssa26	LG02	18387673	18387764	ssa26_25801827_25802326.maf
ssa26	LG02	17578715	17578726	ssa26_26562512_26562979.maf
ssa26	LG02	17578771	17578856	ssa26_26562512_26562979.maf
ssa26	LG02	17372597	17372651	ssa26_26751769_26751988.maf
ssa26	LG02	17372651	17372667	ssa26_26751769_26751988.maf
ssa26	LG02	17129255	17129297	ssa26_27060942_27061481.maf
ssa26	LG02	17129297	17129321	ssa26_27060942_27061481.maf
ssa26	LG02	17129321	17129370	ssa26_27060942_27061481.maf
ssa26	LG02	15573568	15573623	ssa26_28633221_28633656.maf
ssa26	LG02	15573706	15573716	ssa26_28633221_28633656.maf
ssa26	LG02	15573757	15573778	ssa26_28633221_28633656.maf
ssa26	LG02	15195285	15195305	ssa26_29036059_29036371.maf
ssa26	LG02	15195305	15195391	ssa26_29036059_29036371.maf
ssa26	LG02	14782160	14782206	ssa26_29479575_29480286.maf
ssa26	LG02	14782215	14782326	ssa26_29479575_29480286.maf
ssa26	LG02	14478530	14478544	ssa26_29917982_29918886.maf
ssa26	LG02	14478549	14478564	ssa26_29917982_29918886.maf
ssa26	LG02	14478564	14478704	ssa26_29917982_29918886.maf
ssa26	LG02	14478773	14478798	ssa26_29917982_29918886.maf
ssa26	LG02	14478798	14478810	ssa26_29917982_29918886.maf
ssa26	LG02	14478812	14478830	ssa26_29917982_29918886.maf
ssa26	LG02	14433489	14433582	ssa26_29953552_29954865.maf
ssa26	LG02	14433679	14433765	ssa26_29953552_29954865.maf
ssa26	LG02	14433765	14433823	ssa26_29953552_29954865.maf
ssa26	LG02	14433832	14433871	ssa26_29953552_29954865.maf
ssa26	LG02	14433952	14434011	ssa26_29953552_29954865.maf
ssa26	LG02	14434011	14434058	ssa26_29953552_29954865.maf
ssa26	LG02	14434139	14434162	ssa26_29953552_29954865.maf
ssa26	LG02	13852891	13852922	ssa26_30676807_30677148.maf
ssa26	LG02	13625575	13625621	ssa26_30939263_30939935.maf
ssa26	LG02	13625623	13625634	ssa26_30939263_30939935.maf
ssa26	LG02	13625634	13625731	ssa26_30939263_30939935.maf
ssa26	LG02	13618401	13618438	ssa26_30964323_30964822.maf
ssa26	LG02	13189981	13190022	ssa26_31624446_31625225.maf
ssa26	LG02	13190022	13190032	ssa26_31624446_31625225.maf
ssa26	LG02	12571661	12571678	ssa26_32568203_32568740.maf
ssa26	LG02	12571678	12571741	ssa26_32568203_32568740.maf
ssa26	LG02	12571742	12571772	ssa26_32568203_32568740.maf
ssa26	LG02	12571777	12571821	ssa26_32568203_32568740.maf
ssa26	LG02	12571821	12571903	ssa26_32568203_32568740.maf
ssa26	LG02	12571903	12571932	ssa26_32568203_32568740.maf
ssa26	LG02	12461384	12461406	ssa26_32758793_32759357.maf
ssa26	LG02	12461406	12461434	ssa26_32758793_32759357.maf
ssa26	LG02	12461435	12461491	ssa26_32758793_32759357.maf
ssa26	LG02	12461491	12461501	ssa26_32758793_32759357.maf
ssa26	LG02	12452880	12452894	ssa26_32775607_32776790.maf
ssa26	LG02	12452894	12452930	ssa26_32775607_32776790.maf
ssa26	LG02	12453038	12453064	ssa26_32775607_32776790.maf
ssa26	LG02	12453070	12453096	ssa26_32775607_32776790.maf
ssa26	LG02	12336387	12336397	ssa26_32988327_32989120.maf
ssa26	LG02	12336397	12336509	ssa26_32988327_32989120.maf
ssa26	LG02	12336509	12336552	ssa26_32988327_32989120.maf
ssa26	LG02	12220092	12220175	ssa26_33216394_33217440.maf
ssa26	LG02	12220804	12221021	ssa26_33216394_33217440.maf
ssa26	LG02	12119915	12119925	ssa26_33410131_33410703.maf
ssa26	LG02	12119925	12120015	ssa26_33410131_33410703.maf
ssa26	LG02	11947523	11947545	ssa26_33718059_33718949.maf
ssa26	LG02	11947645	11947667	ssa26_33718059_33718949.maf
ssa26	LG02	11934017	11934038	ssa26_33747383_33748146.maf
ssa26	LG02	10986983	10987043	ssa26_35518362_35518832.maf
ssa26	LG02	10987045	10987125	ssa26_35518362_35518832.maf
ssa26	LG02	10987201	10987222	ssa26_35518362_35518832.maf
ssa26	LG02	10987235	10987296	ssa26_35518362_35518832.maf
ssa26	LG02	10570940	10570994	ssa26_36264434_36264667.maf
ssa26	LG02	10570994	10571046	ssa26_36264434_36264667.maf
ssa26	LG02	10571046	10571058	ssa26_36264434_36264667.maf
ssa26	LG02	10236526	10236631	ssa26_36871736_36872138.maf
ssa26	LG02	9681146	9681256	ssa26_37821828_37822790.maf
ssa26	LG02	9681258	9681276	ssa26_37821828_37822790.maf
ssa26	LG02	9545925	9546024	ssa26_38133498_38133954.maf
ssa26	LG02	9369041	9369061	ssa26_38491298_38492429.maf
ssa26	LG02	9369099	9369134	ssa26_38491298_38492429.maf
ssa26	LG02	9369134	9369170	ssa26_38491298_38492429.maf
ssa26	LG02	9332036	9332051	ssa26_38608677_38609705.maf
ssa26	LG02	9332051	9332101	ssa26_38608677_38609705.maf
ssa26	LG02	9332101	9332138	ssa26_38608677_38609705.maf
ssa26	LG02	8815314	8815400	ssa26_39717716_39718768.maf
ssa26	LG02	8815400	8815414	ssa26_39717716_39718768.maf
ssa26	LG02	8815414	8815426	ssa26_39717716_39718768.maf
ssa26	LG02	7353327	7353461	ssa26_42649570_42650049.maf
ssa26	LG02	7353463	7353474	ssa26_42649570_42650049.maf
ssa26	LG02	6973693	6973728	ssa26_43511478_43513691.maf
ssa26	LG02	6973780	6973836	ssa26_43511478_43513691.maf
ssa26	LG02	6973836	6973852	ssa26_43511478_43513691.maf
ssa26	LG02	6973853	6973879	ssa26_43511478_43513691.maf
ssa26	LG02	6973884	6973923	ssa26_43511478_43513691.maf
ssa26	LG02	6973923	6974160	ssa26_43511478_43513691.maf
ssa26	LG02	6974160	6974177	ssa26_43511478_43513691.maf
ssa26	LG02	6974177	6974187	ssa26_43511478_43513691.maf
ssa26	LG02	6974199	6974226	ssa26_43511478_43513691.maf
ssa26	LG02	6974231	6974251	ssa26_43511478_43513691.maf
ssa26	LG02	6974251	6974261	ssa26_43511478_43513691.maf
ssa26	LG02	6974261	6974272	ssa26_43511478_43513691.maf
ssa26	LG02	6974272	6974300	ssa26_43511478_43513691.maf
ssa26	LG02	6974300	6974414	ssa26_43511478_43513691.maf
ssa26	LG02	6970441	6970454	ssa26_43514168_43514971.maf
ssa26	LG02	6970454	6970478	ssa26_43514168_43514971.maf
ssa26	LG02	6947399	6947444	ssa26_43551002_43551527.maf
ssa26	LG02	6045109	6045185	ssa26_45610294_45611237.maf
ssa26	LG02	6044343	6044383	ssa26_45612982_45613583.maf
ssa26	LG02	6044384	6044394	ssa26_45612982_45613583.maf
ssa26	LG02	6044394	6044449	ssa26_45612982_45613583.maf
ssa26	LG02	5577364	5577374	ssa26_47072825_47073707.maf
ssa26	LG02	5577388	5577426	ssa26_47072825_47073707.maf
ssa26	LG02	3753635	3753658	ssa26_50351472_50352348.maf
ssa26	LG02	3753658	3753676	ssa26_50351472_50352348.maf
ssa26	LG02	3753676	3753714	ssa26_50351472_50352348.maf
ssa26	LG02	3766519	3766565	ssa26_50385082_50386317.maf
ssa26	LG02	3766568	3766612	ssa26_50385082_50386317.maf
ssa26	LG02	3766612	3766633	ssa26_50385082_50386317.maf
ssa26	LG02	3769349	3769374	ssa26_50392400_50393604.maf
ssa26	LG02	3769374	3769404	ssa26_50392400_50393604.maf
ssa26	LG02	3885630	3885668	ssa26_50642379_50642914.maf
ssa26	LG02	36120171	36120189	ssa26_8954755_8955249.maf
ssa26	LG02	36120287	36120355	ssa26_8954755_8955249.maf
ssa26	LG02	35609750	35609764	ssa26_9293346_9294363.maf
ssa26	LG02	35609771	35609783	ssa26_9293346_9294363.maf
ssa26	LG02	35105377	35105391	ssa26_9498925_9499780.maf
ssa26	LG02	35105452	35105495	ssa26_9498925_9499780.maf
ssa26	LG02	35105576	35105636	ssa26_9498925_9499780.maf
ssa26	LG02	34856792	34856805	ssa26_9553671_9554465.maf
ssa26	LG02	34856854	34856876	ssa26_9553671_9554465.maf
ssa26	LG02	34744732	34744746	ssa26_9645852_9646473.maf
ssa26	LG02	34723757	34723858	ssa26_9670219_9670426.maf
ssa26	LG02	34719478	34719494	ssa26_9678739_9679913.maf
ssa26	LG02	34719603	34719821	ssa26_9678739_9679913.maf
ssa26	LG02	34435144	34435226	ssa26_9855158_9855409.maf
ssa27	LG10	20791988	20792038	ssa27_10241312_10241791.maf
ssa27	LG10	20792046	20792058	ssa27_10241312_10241791.maf
ssa27	LG10	19762980	19763027	ssa27_10928359_10929079.maf
ssa27	LG10	19763305	19763324	ssa27_10928359_10929079.maf
ssa27	LG10	19763338	19763360	ssa27_10928359_10929079.maf
ssa27	LG10	19452243	19452312	ssa27_11281603_11282094.maf
ssa27	LG10	19452411	19452483	ssa27_11281603_11282094.maf
ssa27	LG10	19262352	19262423	ssa27_11497863_11498751.maf
ssa27	LG10	19262439	19262508	ssa27_11497863_11498751.maf
ssa27	LG10	19262896	19262973	ssa27_11497863_11498751.maf
ssa27	LG10	19246590	19246612	ssa27_11510961_11511353.maf
ssa27	LG10	19246612	19246624	ssa27_11510961_11511353.maf
ssa27	LG10	18576528	18576627	ssa27_11868348_11868933.maf
ssa27	LG10	27056480	27056551	ssa27_1200102_1200736.maf
ssa27	LG10	27056930	27056957	ssa27_1200102_1200736.maf
ssa27	LG10	18448418	18448487	ssa27_12135822_12136641.maf
ssa27	LG10	18182908	18182982	ssa27_12578017_12578611.maf
ssa27	LG10	26923263	26923295	ssa27_1329804_1330432.maf
ssa27	LG10	17640841	17640871	ssa27_13559512_13560553.maf
ssa27	LG10	17609655	17609679	ssa27_13604016_13605102.maf
ssa27	LG10	17609679	17609690	ssa27_13604016_13605102.maf
ssa27	LG10	17609690	17609799	ssa27_13604016_13605102.maf
ssa27	LG10	17610667	17610759	ssa27_13604016_13605102.maf
ssa27	LG10	17610943	17611009	ssa27_13604016_13605102.maf
ssa27	LG10	17608623	17608640	ssa27_13605546_13606086.maf
ssa27	LG10	17608649	17608690	ssa27_13605546_13606086.maf
ssa27	LG10	17608690	17608783	ssa27_13605546_13606086.maf
ssa27	LG10	17608783	17608795	ssa27_13605546_13606086.maf
ssa27	LG10	17608837	17608872	ssa27_13605546_13606086.maf
ssa27	LG10	17533883	17533908	ssa27_13717743_13717965.maf
ssa27	LG10	17533908	17533928	ssa27_13717743_13717965.maf
ssa27	LG10	17533930	17533974	ssa27_13717743_13717965.maf
ssa27	LG10	16876679	16876711	ssa27_15319376_15320196.maf
ssa27	LG10	16876869	16876961	ssa27_15319376_15320196.maf
ssa27	LG10	16877250	16877493	ssa27_15319376_15320196.maf
ssa27	LG10	16868208	16868309	ssa27_15334651_15335284.maf
ssa27	LG10	16331420	16331477	ssa27_16489069_16489810.maf
ssa27	LG10	16331566	16331593	ssa27_16489069_16489810.maf
ssa27	LG10	16331593	16331604	ssa27_16489069_16489810.maf
ssa27	LG10	16331604	16331675	ssa27_16489069_16489810.maf
ssa27	LG10	16331815	16331842	ssa27_16489069_16489810.maf
ssa27	LG10	15665823	15665990	ssa27_17534939_17535789.maf
ssa27	LG10	15408750	15408788	ssa27_17847856_17848352.maf
ssa27	LG10	15408788	15408806	ssa27_17847856_17848352.maf
ssa27	LG10	15158384	15158401	ssa27_18263636_18264259.maf
ssa27	LG10	15158405	15158417	ssa27_18263636_18264259.maf
ssa27	LG10	15158437	15158467	ssa27_18263636_18264259.maf
ssa27	LG10	15158467	15158535	ssa27_18263636_18264259.maf
ssa27	LG10	15158563	15158634	ssa27_18263636_18264259.maf
ssa27	LG10	15158696	15158706	ssa27_18263636_18264259.maf
ssa27	LG10	15158707	15158729	ssa27_18263636_18264259.maf
ssa27	LG10	15158825	15158871	ssa27_18263636_18264259.maf
ssa27	LG10	15048873	15048898	ssa27_18509849_18510898.maf
ssa27	LG10	15045869	15045899	ssa27_18522848_18523404.maf
ssa27	LG10	15046068	15046080	ssa27_18522848_18523404.maf
ssa27	LG10	15046175	15046193	ssa27_18522848_18523404.maf
ssa27	LG10	15046234	15046244	ssa27_18522848_18523404.maf
ssa27	LG10	15046275	15046288	ssa27_18522848_18523404.maf
ssa27	LG10	15046544	15046576	ssa27_18522848_18523404.maf
ssa27	LG10	15046576	15046590	ssa27_18522848_18523404.maf
ssa27	LG10	15046590	15046629	ssa27_18522848_18523404.maf
ssa27	LG10	15044438	15044465	ssa27_18524020_18524617.maf
ssa27	LG10	15044467	15044494	ssa27_18524020_18524617.maf
ssa27	LG10	15044502	15044549	ssa27_18524020_18524617.maf
ssa27	LG10	15044549	15044559	ssa27_18524020_18524617.maf
ssa27	LG10	15044559	15044592	ssa27_18524020_18524617.maf
ssa27	LG10	15044715	15044729	ssa27_18524020_18524617.maf
ssa27	LG10	15044729	15044749	ssa27_18524020_18524617.maf
ssa27	LG10	15045090	15045168	ssa27_18524020_18524617.maf
ssa27	LG10	24545279	24545335	ssa27_1901030_1901689.maf
ssa27	LG10	14566396	14566633	ssa27_19293689_19294101.maf
ssa27	LG10	14566830	14566899	ssa27_19293689_19294101.maf
ssa27	LG10	14316027	14316124	ssa27_19813647_19815146.maf
ssa27	LG10	14316347	14316463	ssa27_19813647_19815146.maf
ssa27	LG10	14316484	14316525	ssa27_19813647_19815146.maf
ssa27	LG10	14316525	14316585	ssa27_19813647_19815146.maf
ssa27	LG10	14316587	14316598	ssa27_19813647_19815146.maf
ssa27	LG10	14283105	14283131	ssa27_19831786_19832359.maf
ssa27	LG10	14283131	14283318	ssa27_19831786_19832359.maf
ssa27	LG10	14283318	14283329	ssa27_19831786_19832359.maf
ssa27	LG10	14171137	14171178	ssa27_20038264_20038541.maf
ssa27	LG10	14171192	14171221	ssa27_20038264_20038541.maf
ssa27	LG10	14059002	14059063	ssa27_20195583_20196498.maf
ssa27	LG10	14059069	14059125	ssa27_20195583_20196498.maf
ssa27	LG10	13934018	13934050	ssa27_20386006_20386711.maf
ssa27	LG10	13934050	13934102	ssa27_20386006_20386711.maf
ssa27	LG10	13845125	13845199	ssa27_20515340_20516269.maf
ssa27	LG10	13610194	13610215	ssa27_20805337_20805936.maf
ssa27	LG10	13566564	13566612	ssa27_20875000_20875843.maf
ssa27	LG10	13566612	13566639	ssa27_20875000_20875843.maf
ssa27	LG10	13558482	13558554	ssa27_20886799_20887686.maf
ssa27	LG10	7942593	7942611	ssa27_21069538_21070532.maf
ssa27	LG10	7969303	7969378	ssa27_21093818_21094230.maf
ssa27	LG10	8161705	8161715	ssa27_21406757_21407517.maf
ssa27	LG10	8217556	8217572	ssa27_21512412_21513138.maf
ssa27	LG10	8217756	8217811	ssa27_21512412_21513138.maf
ssa27	LG10	8217825	8217835	ssa27_21512412_21513138.maf
ssa27	LG10	8385917	8386029	ssa27_21748594_21749287.maf
ssa27	LG10	8386029	8386084	ssa27_21748594_21749287.maf
ssa27	LG10	8393205	8393273	ssa27_21755361_21756494.maf
ssa27	LG10	8393273	8393288	ssa27_21755361_21756494.maf
ssa27	LG10	8393288	8393312	ssa27_21755361_21756494.maf
ssa27	LG10	8393514	8393594	ssa27_21755361_21756494.maf
ssa27	LG10	8455209	8455280	ssa27_21870345_21870991.maf
ssa27	LG10	8726944	8726971	ssa27_22289690_22291023.maf
ssa27	LG10	8726971	8726993	ssa27_22289690_22291023.maf
ssa27	LG10	8727298	8727310	ssa27_22289690_22291023.maf
ssa27	LG10	8727310	8727363	ssa27_22289690_22291023.maf
ssa27	LG10	8727363	8727449	ssa27_22289690_22291023.maf
ssa27	LG10	8727688	8727788	ssa27_22289690_22291023.maf
ssa27	LG10	8727795	8727805	ssa27_22289690_22291023.maf
ssa27	LG10	8768271	8768294	ssa27_22373739_22374177.maf
ssa27	LG10	8768301	8768332	ssa27_22373739_22374177.maf
ssa27	LG10	8806330	8806427	ssa27_22447655_22448220.maf
ssa27	LG10	8806467	8806578	ssa27_22447655_22448220.maf
ssa27	LG10	8867812	8867901	ssa27_22541697_22542850.maf
ssa27	LG10	8868210	8868280	ssa27_22541697_22542850.maf
ssa27	LG10	9118591	9118611	ssa27_23051430_23052830.maf
ssa27	LG10	9149694	9149759	ssa27_23089529_23090849.maf
ssa27	LG10	9149759	9149769	ssa27_23089529_23090849.maf
ssa27	LG10	9149793	9149824	ssa27_23089529_23090849.maf
ssa27	LG10	9149824	9149852	ssa27_23089529_23090849.maf
ssa27	LG10	9149852	9149867	ssa27_23089529_23090849.maf
ssa27	LG10	9157927	9158029	ssa27_23114649_23115685.maf
ssa27	LG10	9158135	9158149	ssa27_23114649_23115685.maf
ssa27	LG10	9158149	9158178	ssa27_23114649_23115685.maf
ssa27	LG10	9424070	9424118	ssa27_23621556_23622533.maf
ssa27	LG10	9424212	9424258	ssa27_23621556_23622533.maf
ssa27	LG10	9424323	9424347	ssa27_23621556_23622533.maf
ssa27	LG10	9424352	9424428	ssa27_23621556_23622533.maf
ssa27	LG10	9424686	9424704	ssa27_23621556_23622533.maf
ssa27	LG10	9429664	9429752	ssa27_23635081_23635490.maf
ssa27	LG10	9611987	9612020	ssa27_23931802_23932128.maf
ssa27	LG10	9612716	9612755	ssa27_23932667_23933035.maf
ssa27	LG10	25268026	25268121	ssa27_2439569_2440143.maf
ssa27	LG10	25268123	25268142	ssa27_2439569_2440143.maf
ssa27	LG10	25293194	25293264	ssa27_2476670_2477993.maf
ssa27	LG10	10233394	10233482	ssa27_25147397_25147834.maf
ssa27	LG10	10625681	10625732	ssa27_25817912_25819155.maf
ssa27	LG10	10632847	10632877	ssa27_25834477_25835269.maf
ssa27	LG10	10639201	10639222	ssa27_25842951_25843418.maf
ssa27	LG10	10639339	10639355	ssa27_25842951_25843418.maf
ssa27	LG10	10639355	10639409	ssa27_25842951_25843418.maf
ssa27	LG10	10702539	10702620	ssa27_25966285_25966869.maf
ssa27	LG10	10778876	10778933	ssa27_26102873_26103497.maf
ssa27	LG10	10849300	10849339	ssa27_26215342_26215965.maf
ssa27	LG10	25381268	25381278	ssa27_2625861_2626522.maf
ssa27	LG10	25381278	25381301	ssa27_2625861_2626522.maf
ssa27	LG10	25381363	25381406	ssa27_2625861_2626522.maf
ssa27	LG10	11011622	11011700	ssa27_26302979_26303543.maf
ssa27	LG10	11011700	11011734	ssa27_26302979_26303543.maf
ssa27	LG10	11212230	11212372	ssa27_26800710_26801349.maf
ssa27	LG10	11212388	11212402	ssa27_26800710_26801349.maf
ssa27	LG10	11591100	11591139	ssa27_27503271_27503502.maf
ssa27	LG10	11591426	11591482	ssa27_27504029_27504408.maf
ssa27	LG10	11592181	11592196	ssa27_27504629_27505611.maf
ssa27	LG10	11592196	11592246	ssa27_27504629_27505611.maf
ssa27	LG10	11779604	11779635	ssa27_27828271_27829368.maf
ssa27	LG10	11779647	11779668	ssa27_27828271_27829368.maf
ssa27	LG10	11780060	11780072	ssa27_27828271_27829368.maf
ssa27	LG10	11844073	11844149	ssa27_27969239_27970001.maf
ssa27	LG10	11856083	11856093	ssa27_27988965_27989310.maf
ssa27	LG10	25545208	25545221	ssa27_2835811_2836224.maf
ssa27	LG10	25545221	25545231	ssa27_2835811_2836224.maf
ssa27	LG10	12177706	12177777	ssa27_28516512_28517089.maf
ssa27	LG10	12177777	12177815	ssa27_28516512_28517089.maf
ssa27	LG10	12223952	12224014	ssa27_28624700_28625252.maf
ssa27	LG10	12224014	12224096	ssa27_28624700_28625252.maf
ssa27	LG10	25608363	25608391	ssa27_2931877_2932476.maf
ssa27	LG10	25608395	25608451	ssa27_2931877_2932476.maf
ssa27	LG10	25608451	25608476	ssa27_2931877_2932476.maf
ssa27	LG10	25608476	25608490	ssa27_2931877_2932476.maf
ssa27	LG10	25608490	25608510	ssa27_2931877_2932476.maf
ssa27	LG10	12598712	12598723	ssa27_29413086_29413335.maf
ssa27	LG10	25656847	25656860	ssa27_2996916_2997403.maf
ssa27	LG10	25656860	25656890	ssa27_2996916_2997403.maf
ssa27	LG10	12928514	12928583	ssa27_30055754_30056432.maf
ssa27	LG10	12928603	12928712	ssa27_30055754_30056432.maf
ssa27	LG10	5024711	5024778	ssa27_30552913_30553994.maf
ssa27	LG10	5173433	5173467	ssa27_30829274_30829626.maf
ssa27	LG10	5173467	5173500	ssa27_30829274_30829626.maf
ssa27	LG10	25777930	25777945	ssa27_3121694_3121988.maf
ssa27	LG10	5490774	5490788	ssa27_31548252_31549272.maf
ssa27	LG10	5490886	5490966	ssa27_31548252_31549272.maf
ssa27	LG10	5491380	5491391	ssa27_31548252_31549272.maf
ssa27	LG10	5491391	5491403	ssa27_31548252_31549272.maf
ssa27	LG10	5491403	5491419	ssa27_31548252_31549272.maf
ssa27	LG10	5491439	5491456	ssa27_31548252_31549272.maf
ssa27	LG10	5491456	5491468	ssa27_31548252_31549272.maf
ssa27	LG10	5831934	5831981	ssa27_32188336_32189343.maf
ssa27	LG10	5831981	5832014	ssa27_32188336_32189343.maf
ssa27	LG10	5832071	5832099	ssa27_32188336_32189343.maf
ssa27	LG10	5847329	5847367	ssa27_32240222_32241481.maf
ssa27	LG10	5847367	5847415	ssa27_32240222_32241481.maf
ssa27	LG10	5847864	5847895	ssa27_32240222_32241481.maf
ssa27	LG10	5861610	5861678	ssa27_32267454_32268708.maf
ssa27	LG10	5869745	5869781	ssa27_32280814_32281499.maf
ssa27	LG10	5905387	5905479	ssa27_32358962_32359796.maf
ssa27	LG10	5924010	5924063	ssa27_32434632_32435054.maf
ssa27	LG10	5924063	5924083	ssa27_32434632_32435054.maf
ssa27	LG10	5924341	5924410	ssa27_32434632_32435054.maf
ssa27	LG10	5941059	5941085	ssa27_32452567_32453029.maf
ssa27	LG10	5950108	5950126	ssa27_32469521_32470412.maf
ssa27	LG10	5950213	5950318	ssa27_32469521_32470412.maf
ssa27	LG10	5950412	5950468	ssa27_32469521_32470412.maf
ssa27	LG10	5970102	5970123	ssa27_32515065_32515917.maf
ssa27	LG10	5970760	5970806	ssa27_32515065_32515917.maf
ssa27	LG10	6452729	6452868	ssa27_33393620_33395034.maf
ssa27	LG10	6453009	6453034	ssa27_33393620_33395034.maf
ssa27	LG10	6453567	6453605	ssa27_33393620_33395034.maf
ssa27	LG10	6453605	6453619	ssa27_33393620_33395034.maf
ssa27	LG10	6453619	6453668	ssa27_33393620_33395034.maf
ssa27	LG10	6454299	6454384	ssa27_33393620_33395034.maf
ssa27	LG10	6538227	6538245	ssa27_33610774_33611412.maf
ssa27	LG10	6538403	6538455	ssa27_33610774_33611412.maf
ssa27	LG10	6538455	6538535	ssa27_33610774_33611412.maf
ssa27	LG10	6538582	6538598	ssa27_33610774_33611412.maf
ssa27	LG10	6538686	6538710	ssa27_33610774_33611412.maf
ssa27	LG10	7188354	7188376	ssa27_34557280_34557981.maf
ssa27	LG10	7188407	7188534	ssa27_34557280_34557981.maf
ssa27	LG10	7388532	7388573	ssa27_34954490_34955266.maf
ssa27	LG10	7628887	7628919	ssa27_35380224_35380736.maf
ssa27	LG10	7628919	7628960	ssa27_35380224_35380736.maf
ssa27	LG10	13258450	13258465	ssa27_36202275_36202878.maf
ssa27	LG10	13258465	13258534	ssa27_36202275_36202878.maf
ssa27	LG10	13079870	13079890	ssa27_36560965_36561913.maf
ssa27	LG10	13079895	13079910	ssa27_36560965_36561913.maf
ssa27	LG10	13053714	13053740	ssa27_36606413_36607063.maf
ssa27	LG10	12971774	12971824	ssa27_36771341_36771764.maf
ssa27	LG10	2965866	2965915	ssa27_36994634_36995507.maf
ssa27	LG10	3124072	3124102	ssa27_37309912_37311170.maf
ssa27	LG10	3124102	3124118	ssa27_37309912_37311170.maf
ssa27	LG10	3124129	3124170	ssa27_37309912_37311170.maf
ssa27	LG10	3124170	3124211	ssa27_37309912_37311170.maf
ssa27	LG10	3124211	3124242	ssa27_37309912_37311170.maf
ssa27	LG10	3185882	3185930	ssa27_37441128_37441779.maf
ssa27	LG10	3185930	3185940	ssa27_37441128_37441779.maf
ssa27	LG10	3298171	3298203	ssa27_37721144_37721832.maf
ssa27	LG10	3413052	3413076	ssa27_37929015_37929786.maf
ssa27	LG10	3413163	3413209	ssa27_37929015_37929786.maf
ssa27	LG10	3451136	3451188	ssa27_38007325_38007937.maf
ssa27	LG10	3451188	3451215	ssa27_38007325_38007937.maf
ssa27	LG10	3650115	3650143	ssa27_38542490_38543311.maf
ssa27	LG10	3650143	3650193	ssa27_38542490_38543311.maf
ssa27	LG10	3748284	3748296	ssa27_38679330_38680070.maf
ssa27	LG10	3748338	3748368	ssa27_38679330_38680070.maf
ssa27	LG10	3750747	3750817	ssa27_38700581_38701105.maf
ssa27	LG10	3759733	3759852	ssa27_38712061_38712420.maf
ssa27	LG10	3934236	3934285	ssa27_39049146_39049672.maf
ssa27	LG10	3934655	3934709	ssa27_39050074_39050794.maf
ssa27	LG10	3934715	3934729	ssa27_39050074_39050794.maf
ssa27	LG10	4636327	4636338	ssa27_40395646_40396305.maf
ssa27	LG10	4636338	4636386	ssa27_40395646_40396305.maf
ssa27	LG10	4636386	4636425	ssa27_40395646_40396305.maf
ssa27	LG10	4636425	4636439	ssa27_40395646_40396305.maf
ssa27	LG10	4636439	4636452	ssa27_40395646_40396305.maf
ssa27	LG10	2220452	2220462	ssa27_43380474_43382402.maf
ssa27	LG10	2220490	2220542	ssa27_43380474_43382402.maf
ssa27	LG10	2220552	2220581	ssa27_43380474_43382402.maf
ssa27	LG10	1800336	1800412	ssa27_44273618_44274028.maf
ssa27	LG10	1800478	1800539	ssa27_44273618_44274028.maf
ssa27	LG10	1800698	1800738	ssa27_44273618_44274028.maf
ssa27	LG10	1800738	1800767	ssa27_44273618_44274028.maf
ssa27	LG10	1800773	1800786	ssa27_44273618_44274028.maf
ssa27	LG10	30128669	30128843	ssa27_4695116_4695965.maf
ssa27	LG10	30124615	30124742	ssa27_4701972_4702485.maf
ssa27	LG10	30124742	30124762	ssa27_4701972_4702485.maf
ssa27	LG10	30089210	30089226	ssa27_4737027_4738513.maf
ssa27	LG10	29479577	29479620	ssa27_4972223_4972791.maf
ssa27	LG10	29479673	29479713	ssa27_4972223_4972791.maf
ssa27	LG10	29479713	29479723	ssa27_4972223_4972791.maf
ssa27	LG10	29479741	29479773	ssa27_4972223_4972791.maf
ssa27	LG10	28083580	28083665	ssa27_5782197_5783338.maf
ssa27	LG10	28083665	28083678	ssa27_5782197_5783338.maf
ssa27	LG10	28084338	28084357	ssa27_5782197_5783338.maf
ssa27	LG10	24099403	24099416	ssa27_6528799_6529878.maf
ssa27	LG10	24099470	24099545	ssa27_6528799_6529878.maf
ssa27	LG10	24099545	24099583	ssa27_6528799_6529878.maf
ssa27	LG10	24100227	24100271	ssa27_6528799_6529878.maf
ssa27	LG10	24100271	24100288	ssa27_6528799_6529878.maf
ssa27	LG10	23941951	23941969	ssa27_6692690_6692991.maf
ssa27	LG10	23941969	23941986	ssa27_6692690_6692991.maf
ssa27	LG10	23941986	23942012	ssa27_6692690_6692991.maf
ssa27	LG10	23942012	23942031	ssa27_6692690_6692991.maf
ssa27	LG10	23468651	23468684	ssa27_7164862_7165406.maf
ssa27	LG10	23330048	23330122	ssa27_7292094_7292895.maf
ssa27	LG10	23109224	23109326	ssa27_7522118_7522848.maf
ssa27	LG10	27336363	27336375	ssa27_899210_899553.maf
ssa27	LG10	21826897	21826907	ssa27_9032703_9033427.maf
ssa27	LG10	21130330	21130399	ssa27_9750601_9751094.maf
ssa27	LG10	21130399	21130409	ssa27_9750601_9751094.maf
ssa27	LG10	21130509	21130555	ssa27_9750601_9751094.maf
ssa27	LG10	21130562	21130587	ssa27_9750601_9751094.maf
ssa27	LG10	21116108	21116184	ssa27_9766195_9766815.maf
ssa27	LG10	21116472	21116550	ssa27_9766195_9766815.maf
ssa27	LG10	21116550	21116611	ssa27_9766195_9766815.maf
ssa27	LG10	21054283	21054337	ssa27_9829480_9830130.maf
ssa27	LG10	21054363	21054378	ssa27_9829480_9830130.maf
ssa28	LG05	14769603	14769628	ssa28_10074851_10075369.maf
ssa28	LG05	14769665	14769683	ssa28_10074851_10075369.maf
ssa28	LG05	14769683	14769729	ssa28_10074851_10075369.maf
ssa28	LG05	14769729	14769740	ssa28_10074851_10075369.maf
ssa28	LG05	15832072	15832095	ssa28_11738730_11738890.maf
ssa28	LG05	15832096	15832130	ssa28_11738730_11738890.maf
ssa28	LG05	16195079	16195138	ssa28_12201243_12201690.maf
ssa28	LG05	16408059	16408170	ssa28_12432122_12432988.maf
ssa28	LG05	16408170	16408315	ssa28_12432122_12432988.maf
ssa28	LG05	16408317	16408337	ssa28_12432122_12432988.maf
ssa28	LG05	16627791	16627810	ssa28_12828195_12828885.maf
ssa28	LG05	16884291	16884313	ssa28_13315577_13316033.maf
ssa28	LG05	16884313	16884368	ssa28_13315577_13316033.maf
ssa28	LG05	17423872	17423912	ssa28_14275322_14275907.maf
ssa28	LG05	17735328	17735368	ssa28_14738992_14739924.maf
ssa28	LG05	17735375	17735396	ssa28_14738992_14739924.maf
ssa28	LG05	17735572	17735582	ssa28_14738992_14739924.maf
ssa28	LG05	17735582	17735592	ssa28_14738992_14739924.maf
ssa28	LG05	17735592	17735663	ssa28_14738992_14739924.maf
ssa28	LG05	17785563	17785581	ssa28_14790246_14790892.maf
ssa28	LG05	17984435	17984447	ssa28_15091900_15092183.maf
ssa28	LG05	17984447	17984505	ssa28_15091900_15092183.maf
ssa28	LG05	17984510	17984551	ssa28_15091900_15092183.maf
ssa28	LG05	18176177	18176223	ssa28_15393485_15394035.maf
ssa28	LG05	18271079	18271104	ssa28_15535423_15536357.maf
ssa28	LG05	18271306	18271439	ssa28_15535423_15536357.maf
ssa28	LG05	18271586	18271603	ssa28_15535423_15536357.maf
ssa28	LG05	18271603	18271621	ssa28_15535423_15536357.maf
ssa28	LG05	18271624	18271640	ssa28_15535423_15536357.maf
ssa28	LG05	18536248	18536296	ssa28_15868687_15869289.maf
ssa28	LG05	18536296	18536334	ssa28_15868687_15869289.maf
ssa28	LG05	18810528	18810542	ssa28_16256583_16257259.maf
ssa28	LG05	18810542	18810636	ssa28_16256583_16257259.maf
ssa28	LG05	18811188	18811198	ssa28_16256583_16257259.maf
ssa28	LG05	18811198	18811211	ssa28_16256583_16257259.maf
ssa28	LG05	18811211	18811254	ssa28_16256583_16257259.maf
ssa28	LG05	18811254	18811271	ssa28_16256583_16257259.maf
ssa28	LG05	18811271	18811290	ssa28_16256583_16257259.maf
ssa28	LG05	18811297	18811310	ssa28_16256583_16257259.maf
ssa28	LG05	18811310	18811338	ssa28_16256583_16257259.maf
ssa28	LG05	18811338	18811351	ssa28_16256583_16257259.maf
ssa28	LG05	18811351	18811362	ssa28_16256583_16257259.maf
ssa28	LG05	18865351	18865414	ssa28_16309751_16310275.maf
ssa28	LG05	18865414	18865455	ssa28_16309751_16310275.maf
ssa28	LG05	18871822	18871901	ssa28_16319885_16320302.maf
ssa28	LG05	9290763	9290786	ssa28_1758244_1759075.maf
ssa28	LG05	19809915	19809936	ssa28_17663205_17663910.maf
ssa28	LG05	19809936	19809964	ssa28_17663205_17663910.maf
ssa28	LG05	19809964	19810015	ssa28_17663205_17663910.maf
ssa28	LG05	19810694	19810766	ssa28_17663205_17663910.maf
ssa28	LG05	19810766	19810869	ssa28_17663205_17663910.maf
ssa28	LG05	19814140	19814163	ssa28_17665834_17666665.maf
ssa28	LG05	19850795	19850809	ssa28_17735949_17736698.maf
ssa28	LG05	19891851	19891864	ssa28_17783240_17783875.maf
ssa28	LG05	19891864	19891988	ssa28_17783240_17783875.maf
ssa28	LG05	19891989	19892015	ssa28_17783240_17783875.maf
ssa28	LG05	19905650	19905711	ssa28_17801058_17801868.maf
ssa28	LG05	19919113	19919129	ssa28_17811083_17811586.maf
ssa28	LG05	19919129	19919241	ssa28_17811083_17811586.maf
ssa28	LG05	19989756	19989766	ssa28_17938319_17939064.maf
ssa28	LG05	19989771	19989801	ssa28_17938319_17939064.maf
ssa28	LG05	19989801	19989872	ssa28_17938319_17939064.maf
ssa28	LG05	20016845	20016865	ssa28_17980308_17980610.maf
ssa28	LG05	20034163	20034271	ssa28_18001961_18002481.maf
ssa28	LG05	20116936	20116947	ssa28_18137434_18138344.maf
ssa28	LG05	20143506	20143645	ssa28_18217737_18218341.maf
ssa28	LG05	20143645	20143675	ssa28_18217737_18218341.maf
ssa28	LG05	20154910	20154920	ssa28_18236756_18237957.maf
ssa28	LG05	20154920	20155003	ssa28_18236756_18237957.maf
ssa28	LG05	20200029	20200048	ssa28_18296965_18297227.maf
ssa28	LG05	20200051	20200063	ssa28_18296965_18297227.maf
ssa28	LG05	20200177	20200243	ssa28_18296965_18297227.maf
ssa28	LG05	20209059	20209172	ssa28_18340472_18341226.maf
ssa28	LG05	20209290	20209395	ssa28_18340472_18341226.maf
ssa28	LG05	20209470	20209510	ssa28_18340472_18341226.maf
ssa28	LG05	20209565	20209871	ssa28_18340472_18341226.maf
ssa28	LG05	20209871	20209901	ssa28_18340472_18341226.maf
ssa28	LG05	20227530	20227624	ssa28_18379745_18380212.maf
ssa28	LG05	20227671	20227692	ssa28_18379745_18380212.maf
ssa28	LG05	20292894	20292911	ssa28_18480742_18481123.maf
ssa28	LG05	20306079	20306113	ssa28_18504970_18505560.maf
ssa28	LG05	9374991	9375012	ssa28_1883331_1884212.maf
ssa28	LG05	9375092	9375165	ssa28_1883331_1884212.maf
ssa28	LG05	9375165	9375243	ssa28_1883331_1884212.maf
ssa28	LG05	20687189	20687202	ssa28_19047543_19048010.maf
ssa28	LG05	20687202	20687256	ssa28_19047543_19048010.maf
ssa28	LG05	20797660	20797720	ssa28_19205602_19206138.maf
ssa28	LG05	20815765	20815828	ssa28_19243882_19244590.maf
ssa28	LG05	20815828	20815884	ssa28_19243882_19244590.maf
ssa28	LG05	20815884	20815895	ssa28_19243882_19244590.maf
ssa28	LG05	20832831	20832857	ssa28_19274424_19275704.maf
ssa28	LG05	20833127	20833205	ssa28_19274424_19275704.maf
ssa28	LG05	20833430	20833496	ssa28_19274424_19275704.maf
ssa28	LG05	20833686	20833699	ssa28_19274424_19275704.maf
ssa28	LG05	20833699	20833736	ssa28_19274424_19275704.maf
ssa28	LG05	20882538	20882564	ssa28_19359781_19360305.maf
ssa28	LG05	20882753	20882816	ssa28_19359781_19360305.maf
ssa28	LG05	21138311	21138351	ssa28_19647164_19647592.maf
ssa28	LG05	21138373	21138387	ssa28_19647164_19647592.maf
ssa28	LG05	21138432	21138455	ssa28_19647164_19647592.maf
ssa28	LG05	21138521	21138540	ssa28_19647164_19647592.maf
ssa28	LG05	21138575	21138596	ssa28_19647164_19647592.maf
ssa28	LG05	21215869	21215956	ssa28_19829995_19830483.maf
ssa28	LG05	21285088	21285155	ssa28_19953694_19954397.maf
ssa28	LG05	9485418	9485478	ssa28_2080488_2081154.maf
ssa28	LG05	21887383	21887448	ssa28_20809447_20810077.maf
ssa28	LG05	21980047	21980065	ssa28_20979806_20980872.maf
ssa28	LG05	21980071	21980103	ssa28_20979806_20980872.maf
ssa28	LG05	21980253	21980276	ssa28_20979806_20980872.maf
ssa28	LG05	21980411	21980424	ssa28_20979806_20980872.maf
ssa28	LG05	21980424	21980470	ssa28_20979806_20980872.maf
ssa28	LG05	21984726	21984745	ssa28_20984943_20985328.maf
ssa28	LG05	21984758	21984777	ssa28_20984943_20985328.maf
ssa28	LG05	21984859	21984881	ssa28_20984943_20985328.maf
ssa28	LG05	21992508	21992523	ssa28_20999659_21000070.maf
ssa28	LG05	21992533	21992543	ssa28_20999659_21000070.maf
ssa28	LG05	21992544	21992608	ssa28_20999659_21000070.maf
ssa28	LG05	21992616	21992626	ssa28_20999659_21000070.maf
ssa28	LG05	22018769	22018836	ssa28_21035116_21035554.maf
ssa28	LG05	22032051	22032124	ssa28_21048763_21049451.maf
ssa28	LG05	22032368	22032437	ssa28_21048763_21049451.maf
ssa28	LG05	22045851	22045909	ssa28_21069406_21070308.maf
ssa28	LG05	22046105	22046115	ssa28_21069406_21070308.maf
ssa28	LG05	22046418	22046443	ssa28_21069406_21070308.maf
ssa28	LG05	22070285	22070309	ssa28_21100867_21101305.maf
ssa28	LG05	22081372	22081409	ssa28_21125910_21126972.maf
ssa28	LG05	22081561	22081669	ssa28_21125910_21126972.maf
ssa28	LG05	22081903	22081944	ssa28_21125910_21126972.maf
ssa28	LG05	22199825	22199839	ssa28_21352659_21352842.maf
ssa28	LG05	22199839	22199902	ssa28_21352659_21352842.maf
ssa28	LG05	22275223	22275238	ssa28_21525119_21525573.maf
ssa28	LG05	22275248	22275327	ssa28_21525119_21525573.maf
ssa28	LG05	22351854	22351876	ssa28_21676592_21677432.maf
ssa28	LG05	22731611	22731679	ssa28_22104051_22104732.maf
ssa28	LG05	22775336	22775370	ssa28_22202791_22203533.maf
ssa28	LG05	22776026	22776037	ssa28_22202791_22203533.maf
ssa28	LG05	22776078	22776091	ssa28_22202791_22203533.maf
ssa28	LG05	22791058	22791159	ssa28_22226708_22227375.maf
ssa28	LG05	23062644	23062657	ssa28_22562199_22562986.maf
ssa28	LG05	23062661	23062680	ssa28_22562199_22562986.maf
ssa28	LG05	23062680	23062690	ssa28_22562199_22562986.maf
ssa28	LG05	23062690	23062741	ssa28_22562199_22562986.maf
ssa28	LG05	23062837	23062878	ssa28_22562199_22562986.maf
ssa28	LG05	23068538	23068563	ssa28_22567846_22568646.maf
ssa28	LG05	23068564	23068588	ssa28_22567846_22568646.maf
ssa28	LG05	23082477	23082497	ssa28_22590107_22591171.maf
ssa28	LG05	23082497	23082632	ssa28_22590107_22591171.maf
ssa28	LG05	23082632	23082646	ssa28_22590107_22591171.maf
ssa28	LG05	23082650	23082665	ssa28_22590107_22591171.maf
ssa28	LG05	23087764	23087874	ssa28_22599267_22600632.maf
ssa28	LG05	23088722	23088751	ssa28_22599267_22600632.maf
ssa28	LG05	23088751	23088771	ssa28_22599267_22600632.maf
ssa28	LG05	23089510	23089547	ssa28_22599267_22600632.maf
ssa28	LG05	23089547	23089573	ssa28_22599267_22600632.maf
ssa28	LG05	23116385	23116410	ssa28_22662481_22663314.maf
ssa28	LG05	23116410	23116429	ssa28_22662481_22663314.maf
ssa28	LG05	23116429	23116441	ssa28_22662481_22663314.maf
ssa28	LG05	23119157	23119253	ssa28_22667130_22667826.maf
ssa28	LG05	23119613	23119783	ssa28_22667130_22667826.maf
ssa28	LG05	8378561	8378584	ssa28_23113450_23114021.maf
ssa28	LG05	8378585	8378615	ssa28_23113450_23114021.maf
ssa28	LG05	8378701	8378716	ssa28_23113450_23114021.maf
ssa28	LG05	8378727	8378773	ssa28_23113450_23114021.maf
ssa28	LG05	8367052	8367064	ssa28_23130881_23131078.maf
ssa28	LG05	8161007	8161079	ssa28_23655021_23655778.maf
ssa28	LG05	8161263	8161280	ssa28_23655021_23655778.maf
ssa28	LG05	8161280	8161332	ssa28_23655021_23655778.maf
ssa28	LG05	7897769	7897806	ssa28_24021598_24022222.maf
ssa28	LG05	7897806	7897861	ssa28_24021598_24022222.maf
ssa28	LG05	7897861	7897875	ssa28_24021598_24022222.maf
ssa28	LG05	7873852	7873876	ssa28_24047009_24047383.maf
ssa28	LG05	7866626	7866679	ssa28_24053663_24054106.maf
ssa28	LG05	7831642	7831688	ssa28_24112179_24113085.maf
ssa28	LG05	7831688	7831730	ssa28_24112179_24113085.maf
ssa28	LG05	7831896	7831950	ssa28_24112179_24113085.maf
ssa28	LG05	7831950	7831990	ssa28_24112179_24113085.maf
ssa28	LG05	7831990	7832025	ssa28_24112179_24113085.maf
ssa28	LG05	7761766	7761815	ssa28_24200097_24200737.maf
ssa28	LG05	7761815	7761894	ssa28_24200097_24200737.maf
ssa28	LG05	7752957	7753083	ssa28_24212755_24213911.maf
ssa28	LG05	7566257	7566348	ssa28_24623110_24623528.maf
ssa28	LG05	7438227	7438276	ssa28_24778450_24779527.maf
ssa28	LG05	7438278	7438307	ssa28_24778450_24779527.maf
ssa28	LG05	7438307	7438360	ssa28_24778450_24779527.maf
ssa28	LG05	7199950	7199960	ssa28_25183771_25184437.maf
ssa28	LG05	7199997	7200132	ssa28_25183771_25184437.maf
ssa28	LG05	7200428	7200482	ssa28_25183771_25184437.maf
ssa28	LG06	9170883	9170901	ssa28_28389996_28390432.maf
ssa28	LG06	9170901	9170926	ssa28_28389996_28390432.maf
ssa28	LG06	8531438	8531448	ssa28_29589997_29590759.maf
ssa28	LG06	8531448	8531458	ssa28_29589997_29590759.maf
ssa28	LG06	8531458	8531516	ssa28_29589997_29590759.maf
ssa28	LG06	568634	568766	ssa28_30268150_30268605.maf
ssa28	LG06	568776	568866	ssa28_30268150_30268605.maf
ssa28	LG05	10144103	10144157	ssa28_3104623_3105669.maf
ssa28	LG05	10144157	10144167	ssa28_3104623_3105669.maf
ssa28	LG05	10144568	10144605	ssa28_3104623_3105669.maf
ssa28	LG05	10144879	10144920	ssa28_3104623_3105669.maf
ssa28	LG06	1293814	1293848	ssa28_31130170_31131276.maf
ssa28	LG06	1293848	1293912	ssa28_31130170_31131276.maf
ssa28	LG06	1293912	1293927	ssa28_31130170_31131276.maf
ssa28	LG05	10155476	10155514	ssa28_3119516_3120291.maf
ssa28	LG05	10155514	10155542	ssa28_3119516_3120291.maf
ssa28	LG05	10155542	10155582	ssa28_3119516_3120291.maf
ssa28	LG05	10155720	10155732	ssa28_3119516_3120291.maf
ssa28	LG05	10155732	10155783	ssa28_3119516_3120291.maf
ssa28	LG05	10155783	10155856	ssa28_3119516_3120291.maf
ssa28	LG05	10155856	10155896	ssa28_3119516_3120291.maf
ssa28	LG06	1132529	1132603	ssa28_31408986_31409376.maf
ssa28	LG06	1132603	1132645	ssa28_31408986_31409376.maf
ssa28	LG06	1132662	1132672	ssa28_31408986_31409376.maf
ssa28	LG06	1132672	1132707	ssa28_31408986_31409376.maf
ssa28	LG06	1093504	1093519	ssa28_31482245_31482898.maf
ssa28	LG06	1093519	1093606	ssa28_31482245_31482898.maf
ssa28	LG06	1081003	1081022	ssa28_31498710_31500040.maf
ssa28	LG06	1081355	1081391	ssa28_31498710_31500040.maf
ssa28	LG06	1082706	1082755	ssa28_31498710_31500040.maf
ssa28	LG06	1045988	1046002	ssa28_31550220_31550797.maf
ssa28	LG06	1046009	1046061	ssa28_31550220_31550797.maf
ssa28	LG06	1948760	1948780	ssa28_32653449_32654079.maf
ssa28	LG06	1948780	1948869	ssa28_32653449_32654079.maf
ssa28	LG06	2496209	2496240	ssa28_33851890_33852314.maf
ssa28	LG06	2496243	2496259	ssa28_33851890_33852314.maf
ssa28	LG06	2496259	2496277	ssa28_33851890_33852314.maf
ssa28	LG06	2496277	2496295	ssa28_33851890_33852314.maf
ssa28	LG06	2496296	2496306	ssa28_33851890_33852314.maf
ssa28	LG06	2496306	2496321	ssa28_33851890_33852314.maf
ssa28	LG06	2496321	2496363	ssa28_33851890_33852314.maf
ssa28	LG06	2496363	2496503	ssa28_33851890_33852314.maf
ssa28	LG06	2496532	2496552	ssa28_33851890_33852314.maf
ssa28	LG06	2496553	2496564	ssa28_33851890_33852314.maf
ssa28	LG06	2498211	2498309	ssa28_33853926_33854576.maf
ssa28	LG06	2511401	2511441	ssa28_33880463_33881280.maf
ssa28	LG06	2511441	2511453	ssa28_33880463_33881280.maf
ssa28	LG06	2511453	2511501	ssa28_33880463_33881280.maf
ssa28	LG06	2511505	2511556	ssa28_33880463_33881280.maf
ssa28	LG06	2511556	2511598	ssa28_33880463_33881280.maf
ssa28	LG06	2511724	2511742	ssa28_33880463_33881280.maf
ssa28	LG06	2511742	2511757	ssa28_33880463_33881280.maf
ssa28	LG06	2511757	2511846	ssa28_33880463_33881280.maf
ssa28	LG06	2607174	2607206	ssa28_34092366_34093115.maf
ssa28	LG06	2607206	2607255	ssa28_34092366_34093115.maf
ssa28	LG06	2607544	2607586	ssa28_34092366_34093115.maf
ssa28	LG06	2607593	2607612	ssa28_34092366_34093115.maf
ssa28	LG06	2607697	2607728	ssa28_34092366_34093115.maf
ssa28	LG06	2607728	2607765	ssa28_34092366_34093115.maf
ssa28	LG06	2607783	2607800	ssa28_34092366_34093115.maf
ssa28	LG06	2607800	2607844	ssa28_34092366_34093115.maf
ssa28	LG06	2607844	2607947	ssa28_34092366_34093115.maf
ssa28	LG06	2607947	2607986	ssa28_34092366_34093115.maf
ssa28	LG06	3047475	3047516	ssa28_34847715_34849200.maf
ssa28	LG06	3704003	3704022	ssa28_36398563_36399072.maf
ssa28	LG06	3704088	3704115	ssa28_36398563_36399072.maf
ssa28	LG06	3704115	3704276	ssa28_36398563_36399072.maf
ssa28	LG05	4148046	4148116	ssa28_36842086_36842467.maf
ssa28	LG05	3964603	3964673	ssa28_37204501_37204887.maf
ssa28	LG05	3159878	3159942	ssa28_38225879_38226377.maf
ssa28	LG05	3113773	3113815	ssa28_38270944_38271865.maf
ssa28	LG05	2034848	2034887	ssa28_39657396_39658221.maf
ssa28	LG05	10707561	10707581	ssa28_4106156_4106581.maf
ssa28	LG05	10707590	10707612	ssa28_4106156_4106581.maf
ssa28	LG05	10707637	10707648	ssa28_4106156_4106581.maf
ssa28	LG05	10707648	10707682	ssa28_4106156_4106581.maf
ssa28	LG05	417704	417782	ssa28_41198578_41198997.maf
ssa28	LG05	11067752	11067768	ssa28_4557707_4558204.maf
ssa28	LG05	11356250	11356318	ssa28_4981169_4981460.maf
ssa28	LG05	11455320	11455390	ssa28_5184200_5184814.maf
ssa28	LG05	11730673	11730871	ssa28_5594603_5594874.maf
ssa28	LG05	13053304	13053320	ssa28_7458301_7458924.maf
ssa28	LG05	13053345	13053501	ssa28_7458301_7458924.maf
ssa28	LG05	13053501	13053514	ssa28_7458301_7458924.maf
ssa28	LG05	13053514	13053646	ssa28_7458301_7458924.maf
ssa28	LG05	13428935	13428965	ssa28_7896995_7897674.maf
ssa28	LG05	13428965	13428997	ssa28_7896995_7897674.maf
ssa28	LG05	13430815	13430877	ssa28_7910886_7911913.maf
ssa28	LG05	13448612	13448708	ssa28_7924594_7925480.maf
ssa28	LG05	13448711	13448735	ssa28_7924594_7925480.maf
ssa28	LG05	13448742	13448772	ssa28_7924594_7925480.maf
ssa28	LG05	13448795	13448834	ssa28_7924594_7925480.maf
ssa28	LG05	13456455	13456528	ssa28_7928921_7929253.maf
ssa28	LG05	13456611	13456668	ssa28_7928921_7929253.maf
ssa28	LG05	13459647	13459709	ssa28_7929734_7930576.maf
ssa28	LG05	13459709	13459735	ssa28_7929734_7930576.maf
ssa28	LG05	13474191	13474248	ssa28_7942496_7943589.maf
ssa28	LG05	13474248	13474258	ssa28_7942496_7943589.maf
ssa28	LG05	13474531	13474559	ssa28_7942496_7943589.maf
ssa28	LG05	13474559	13474580	ssa28_7942496_7943589.maf
ssa28	LG05	13474580	13474619	ssa28_7942496_7943589.maf
ssa28	LG05	13474687	13474697	ssa28_7942496_7943589.maf
ssa28	LG05	13474697	13474740	ssa28_7942496_7943589.maf
ssa28	LG05	13474740	13474761	ssa28_7942496_7943589.maf
ssa28	LG05	13474761	13474813	ssa28_7942496_7943589.maf
ssa28	LG05	13474813	13474833	ssa28_7942496_7943589.maf
ssa28	LG05	13474833	13474849	ssa28_7942496_7943589.maf
ssa28	LG05	13716104	13716150	ssa28_8334550_8335318.maf
ssa28	LG05	13716153	13716195	ssa28_8334550_8335318.maf
ssa28	LG05	13897708	13897725	ssa28_8701292_8701689.maf
ssa28	LG05	13897740	13897775	ssa28_8701292_8701689.maf
ssa28	LG05	13897775	13897785	ssa28_8701292_8701689.maf
ssa28	LG05	13897791	13897813	ssa28_8701292_8701689.maf
ssa28	LG05	14308592	14308655	ssa28_9155191_9156070.maf
ssa28	LG05	14308655	14308685	ssa28_9155191_9156070.maf
ssa28	LG05	14308685	14308709	ssa28_9155191_9156070.maf
ssa28	LG05	14308718	14308802	ssa28_9155191_9156070.maf
ssa28	LG05	8836233	8836302	ssa28_930353_931237.maf
ssa29	LG21	22826953	22826966	ssa29_10251771_10252496.maf
ssa29	LG21	22826966	22826988	ssa29_10251771_10252496.maf
ssa29	LG21	22817228	22817246	ssa29_10275342_10276583.maf
ssa29	LG21	22817251	22817307	ssa29_10275342_10276583.maf
ssa29	LG21	22817307	22817338	ssa29_10275342_10276583.maf
ssa29	LG21	22817398	22817437	ssa29_10275342_10276583.maf
ssa29	LG21	22817458	22817546	ssa29_10275342_10276583.maf
ssa29	LG21	22664030	22664062	ssa29_10541520_10541834.maf
ssa29	LG21	22664062	22664123	ssa29_10541520_10541834.maf
ssa29	LG21	22664194	22664219	ssa29_10541520_10541834.maf
ssa29	LG21	22664219	22664232	ssa29_10541520_10541834.maf
ssa29	LG21	22664238	22664255	ssa29_10541520_10541834.maf
ssa29	LG21	22485330	22485369	ssa29_10721564_10722107.maf
ssa29	LG21	24037915	24037985	ssa29_12577436_12577925.maf
ssa29	LG21	24037999	24038015	ssa29_12577436_12577925.maf
ssa29	LG21	24038015	24038029	ssa29_12577436_12577925.maf
ssa29	LG21	24038029	24038051	ssa29_12577436_12577925.maf
ssa29	LG21	24038051	24038094	ssa29_12577436_12577925.maf
ssa29	LG21	23918428	23918461	ssa29_12705801_12706451.maf
ssa29	LG21	23918461	23918489	ssa29_12705801_12706451.maf
ssa29	LG21	23913783	23913814	ssa29_12716736_12717920.maf
ssa29	LG21	23913814	23913858	ssa29_12716736_12717920.maf
ssa29	LG21	23913858	23913907	ssa29_12716736_12717920.maf
ssa29	LG21	23902678	23902764	ssa29_12742345_12742667.maf
ssa29	LG21	23902815	23902913	ssa29_12742345_12742667.maf
ssa29	LG21	23831412	23831430	ssa29_12819207_12820339.maf
ssa29	LG21	23812827	23812882	ssa29_12857529_12857851.maf
ssa29	LG21	23812882	23812893	ssa29_12857529_12857851.maf
ssa29	LG21	23812893	23812954	ssa29_12857529_12857851.maf
ssa29	LG21	17712133	17712152	ssa29_1286309_1287872.maf
ssa29	LG21	17712379	17712393	ssa29_1286309_1287872.maf
ssa29	LG21	17712466	17712483	ssa29_1286309_1287872.maf
ssa29	LG21	17712894	17712909	ssa29_1286309_1287872.maf
ssa29	LG21	17710863	17710875	ssa29_1288020_1289495.maf
ssa29	LG21	17711126	17711146	ssa29_1288020_1289495.maf
ssa29	LG21	17711431	17711476	ssa29_1288020_1289495.maf
ssa29	LG21	17711560	17711627	ssa29_1288020_1289495.maf
ssa29	LG21	23781362	23781439	ssa29_12888188_12888975.maf
ssa29	LG21	23782235	23782344	ssa29_12888188_12888975.maf
ssa29	LG21	23782392	23782517	ssa29_12888188_12888975.maf
ssa29	LG21	23782517	23782539	ssa29_12888188_12888975.maf
ssa29	LG21	23763420	23763564	ssa29_12908141_12909111.maf
ssa29	LG21	23763564	23763591	ssa29_12908141_12909111.maf
ssa29	LG21	23712132	23712160	ssa29_12963211_12963732.maf
ssa29	LG21	23712160	23712238	ssa29_12963211_12963732.maf
ssa29	LG21	23712238	23712273	ssa29_12963211_12963732.maf
ssa29	LG21	23712521	23712609	ssa29_12963211_12963732.maf
ssa29	LG21	23698203	23698223	ssa29_12976791_12977461.maf
ssa29	LG21	23698223	23698319	ssa29_12976791_12977461.maf
ssa29	LG21	23693736	23693822	ssa29_12986011_12986300.maf
ssa29	LG21	23693822	23693862	ssa29_12986011_12986300.maf
ssa29	LG21	23693862	23693873	ssa29_12986011_12986300.maf
ssa29	LG21	23693873	23693884	ssa29_12986011_12986300.maf
ssa29	LG21	23565913	23565962	ssa29_13176402_13177100.maf
ssa29	LG21	23469866	23469891	ssa29_13348722_13348920.maf
ssa29	LG21	23469891	23469902	ssa29_13348722_13348920.maf
ssa29	LG21	23469902	23469946	ssa29_13348722_13348920.maf
ssa29	LG21	26980291	26980395	ssa29_13428704_13430105.maf
ssa29	LG21	27253850	27253879	ssa29_13712280_13713530.maf
ssa29	LG21	27253912	27253939	ssa29_13712280_13713530.maf
ssa29	LG21	27269329	27269373	ssa29_13729333_13729854.maf
ssa29	LG21	27269373	27269489	ssa29_13729333_13729854.maf
ssa29	LG21	27434489	27434502	ssa29_13849465_13849814.maf
ssa29	LG21	27434752	27434768	ssa29_13849951_13850826.maf
ssa29	LG21	27435062	27435222	ssa29_13849951_13850826.maf
ssa29	LG21	27456675	27456689	ssa29_13870309_13870899.maf
ssa29	LG21	27456716	27456750	ssa29_13870309_13870899.maf
ssa29	LG21	27456750	27456773	ssa29_13870309_13870899.maf
ssa29	LG21	27456907	27456941	ssa29_13870309_13870899.maf
ssa29	LG21	27456941	27456968	ssa29_13870309_13870899.maf
ssa29	LG21	28060189	28060240	ssa29_14262505_14262995.maf
ssa29	LG21	28060240	28060329	ssa29_14262505_14262995.maf
ssa29	LG21	28396736	28396810	ssa29_14371757_14372586.maf
ssa29	LG21	28396810	28396826	ssa29_14371757_14372586.maf
ssa29	LG21	28396826	28396991	ssa29_14371757_14372586.maf
ssa29	LG21	28397063	28397119	ssa29_14371757_14372586.maf
ssa29	LG21	3514035	3514047	ssa29_16753730_16755757.maf
ssa29	LG21	3514275	3514334	ssa29_16753730_16755757.maf
ssa29	LG21	3514335	3514381	ssa29_16753730_16755757.maf
ssa29	LG21	3514923	3514951	ssa29_16753730_16755757.maf
ssa29	LG21	3515383	3515468	ssa29_16753730_16755757.maf
ssa29	LG21	3515468	3515487	ssa29_16753730_16755757.maf
ssa29	LG21	3515670	3515684	ssa29_16753730_16755757.maf
ssa29	LG21	17499060	17499087	ssa29_1736183_1736835.maf
ssa29	LG21	12777456	12777625	ssa29_17523910_17524868.maf
ssa29	LG21	12773458	12773500	ssa29_17528230_17528566.maf
ssa29	LG21	12773500	12773562	ssa29_17528230_17528566.maf
ssa29	LG21	12773565	12773593	ssa29_17528230_17528566.maf
ssa29	LG21	12773594	12773631	ssa29_17528230_17528566.maf
ssa29	LG21	12773631	12773641	ssa29_17528230_17528566.maf
ssa29	LG21	12725106	12725116	ssa29_17562505_17562888.maf
ssa29	LG21	12725129	12725154	ssa29_17562505_17562888.maf
ssa29	LG21	12348214	12348238	ssa29_17851428_17852352.maf
ssa29	LG21	12348238	12348270	ssa29_17851428_17852352.maf
ssa29	LG21	12348270	12348306	ssa29_17851428_17852352.maf
ssa29	LG21	12348306	12348392	ssa29_17851428_17852352.maf
ssa29	LG21	12348393	12348565	ssa29_17851428_17852352.maf
ssa29	LG21	12348565	12348599	ssa29_17851428_17852352.maf
ssa29	LG21	12348644	12348657	ssa29_17851428_17852352.maf
ssa29	LG21	12053808	12053823	ssa29_18254675_18255886.maf
ssa29	LG21	12053823	12053872	ssa29_18254675_18255886.maf
ssa29	LG21	12053872	12053915	ssa29_18254675_18255886.maf
ssa29	LG21	12054149	12054161	ssa29_18254675_18255886.maf
ssa29	LG21	12054161	12054210	ssa29_18254675_18255886.maf
ssa29	LG21	12054214	12054249	ssa29_18254675_18255886.maf
ssa29	LG21	11904611	11904629	ssa29_18495898_18496396.maf
ssa29	LG21	11904629	11904656	ssa29_18495898_18496396.maf
ssa29	LG21	11904656	11904683	ssa29_18495898_18496396.maf
ssa29	LG21	11893426	11893515	ssa29_18513654_18514191.maf
ssa29	LG21	11874301	11874387	ssa29_18541664_18543140.maf
ssa29	LG21	11874387	11874398	ssa29_18541664_18543140.maf
ssa29	LG21	11693743	11693820	ssa29_18742861_18743804.maf
ssa29	LG21	11682597	11682623	ssa29_18754475_18755000.maf
ssa29	LG21	11578771	11578793	ssa29_18885870_18886289.maf
ssa29	LG21	11434673	11434718	ssa29_19066968_19067846.maf
ssa29	LG21	11339713	11339736	ssa29_19224824_19225104.maf
ssa29	LG21	11338402	11338500	ssa29_19227062_19227535.maf
ssa29	LG21	10829122	10829157	ssa29_20060893_20061127.maf
ssa29	LG21	10829160	10829174	ssa29_20060893_20061127.maf
ssa29	LG21	10828048	10828068	ssa29_20062157_20062494.maf
ssa29	LG21	10682879	10682896	ssa29_20342229_20343215.maf
ssa29	LG21	10683232	10683246	ssa29_20342229_20343215.maf
ssa29	LG21	10683268	10683296	ssa29_20342229_20343215.maf
ssa29	LG21	10296399	10296438	ssa29_20909323_20909891.maf
ssa29	LG21	10296438	10296493	ssa29_20909323_20909891.maf
ssa29	LG21	10195552	10195602	ssa29_21063625_21064289.maf
ssa29	LG21	10195609	10195678	ssa29_21063625_21064289.maf
ssa29	LG21	10008328	10008459	ssa29_21336630_21337420.maf
ssa29	LG21	9937561	9937677	ssa29_21474701_21476042.maf
ssa29	LG21	9869518	9869602	ssa29_21566730_21567874.maf
ssa29	LG21	9869604	9869628	ssa29_21566730_21567874.maf
ssa29	LG21	9869636	9869727	ssa29_21566730_21567874.maf
ssa29	LG21	9856726	9856772	ssa29_21598241_21598604.maf
ssa29	LG21	9792238	9792357	ssa29_21682188_21682965.maf
ssa29	LG21	17309081	17309129	ssa29_2173738_2174254.maf
ssa29	LG21	17309129	17309176	ssa29_2173738_2174254.maf
ssa29	LG21	9720355	9720385	ssa29_21777644_21778162.maf
ssa29	LG21	9718867	9718890	ssa29_21781186_21781535.maf
ssa29	LG21	9718890	9718901	ssa29_21781186_21781535.maf
ssa29	LG21	9602683	9602731	ssa29_21978529_21979735.maf
ssa29	LG21	8948102	8948312	ssa29_22921994_22923281.maf
ssa29	LG21	8948458	8948583	ssa29_22921994_22923281.maf
ssa29	LG21	8949209	8949225	ssa29_22921994_22923281.maf
ssa29	LG21	8949225	8949270	ssa29_22921994_22923281.maf
ssa29	LG21	8937137	8937216	ssa29_22946810_22947537.maf
ssa29	LG21	8922147	8922229	ssa29_22963869_22965053.maf
ssa29	LG21	8922724	8922817	ssa29_22963869_22965053.maf
ssa29	LG21	8831768	8831855	ssa29_23078985_23079482.maf
ssa29	LG21	8831914	8832055	ssa29_23078985_23079482.maf
ssa29	LG21	8735517	8735677	ssa29_23182416_23183326.maf
ssa29	LG21	8735927	8736196	ssa29_23182416_23183326.maf
ssa29	LG21	8729353	8729422	ssa29_23196436_23196920.maf
ssa29	LG21	8729422	8729441	ssa29_23196436_23196920.maf
ssa29	LG21	8729592	8729703	ssa29_23196436_23196920.maf
ssa29	LG21	17229608	17229781	ssa29_2363449_2364269.maf
ssa29	LG21	7831973	7832004	ssa29_24723702_24724144.maf
ssa29	LG21	7827704	7827833	ssa29_24728969_24729576.maf
ssa29	LG21	7827833	7827843	ssa29_24728969_24729576.maf
ssa29	LG21	7826232	7826249	ssa29_24730914_24731649.maf
ssa29	LG21	7826249	7826296	ssa29_24730914_24731649.maf
ssa29	LG21	7443408	7443439	ssa29_25303196_25303650.maf
ssa29	LG21	7443579	7443602	ssa29_25303196_25303650.maf
ssa29	LG21	7443786	7443811	ssa29_25303196_25303650.maf
ssa29	LG21	7418376	7418406	ssa29_25338965_25340106.maf
ssa29	LG21	7418410	7418426	ssa29_25338965_25340106.maf
ssa29	LG21	7353711	7353725	ssa29_25436027_25437069.maf
ssa29	LG21	7353752	7353771	ssa29_25436027_25437069.maf
ssa29	LG21	7355060	7355077	ssa29_25436027_25437069.maf
ssa29	LG21	7355077	7355088	ssa29_25436027_25437069.maf
ssa29	LG21	7355088	7355145	ssa29_25436027_25437069.maf
ssa29	LG21	7355152	7355163	ssa29_25436027_25437069.maf
ssa29	LG21	7355199	7355288	ssa29_25436027_25437069.maf
ssa29	LG21	7355288	7355303	ssa29_25436027_25437069.maf
ssa29	LG21	7355303	7355333	ssa29_25436027_25437069.maf
ssa29	LG21	7355333	7355352	ssa29_25436027_25437069.maf
ssa29	LG21	7355377	7355404	ssa29_25436027_25437069.maf
ssa29	LG21	7355406	7355418	ssa29_25436027_25437069.maf
ssa29	LG21	7277909	7277919	ssa29_25549040_25549968.maf
ssa29	LG21	7277948	7277993	ssa29_25549040_25549968.maf
ssa29	LG21	7277993	7278043	ssa29_25549040_25549968.maf
ssa29	LG21	7278574	7278591	ssa29_25549040_25549968.maf
ssa29	LG21	7278591	7278616	ssa29_25549040_25549968.maf
ssa29	LG21	7278616	7278673	ssa29_25549040_25549968.maf
ssa29	LG21	7278673	7278707	ssa29_25549040_25549968.maf
ssa29	LG21	7278707	7278725	ssa29_25549040_25549968.maf
ssa29	LG21	7278725	7278743	ssa29_25549040_25549968.maf
ssa29	LG21	7278743	7278762	ssa29_25549040_25549968.maf
ssa29	LG21	7278764	7278801	ssa29_25549040_25549968.maf
ssa29	LG21	5858344	5858369	ssa29_28308548_28309328.maf
ssa29	LG21	5858369	5858493	ssa29_28308548_28309328.maf
ssa29	LG21	5858493	5858520	ssa29_28308548_28309328.maf
ssa29	LG21	5858520	5858535	ssa29_28308548_28309328.maf
ssa29	LG21	5858552	5858563	ssa29_28308548_28309328.maf
ssa29	LG21	5856940	5857016	ssa29_28311889_28312777.maf
ssa29	LG21	5854546	5854652	ssa29_28319905_28320242.maf
ssa29	LG21	5854652	5854663	ssa29_28319905_28320242.maf
ssa29	LG21	5848964	5848987	ssa29_28322031_28323062.maf
ssa29	LG21	5849035	5849050	ssa29_28322031_28323062.maf
ssa29	LG21	18396630	18396687	ssa29_2843971_2844692.maf
ssa29	LG21	18396700	18396753	ssa29_2843971_2844692.maf
ssa29	LG21	5224395	5224433	ssa29_29625502_29626595.maf
ssa29	LG21	5224707	5224800	ssa29_29625502_29626595.maf
ssa29	LG21	5225682	5225701	ssa29_29625502_29626595.maf
ssa29	LG21	5225701	5225752	ssa29_29625502_29626595.maf
ssa29	LG21	5225752	5225764	ssa29_29625502_29626595.maf
ssa29	LG21	5225912	5225932	ssa29_29625502_29626595.maf
ssa29	LG21	5225941	5225992	ssa29_29625502_29626595.maf
ssa29	LG21	5226054	5226084	ssa29_29625502_29626595.maf
ssa29	LG21	5226107	5226118	ssa29_29625502_29626595.maf
ssa29	LG21	5226142	5226155	ssa29_29625502_29626595.maf
ssa29	LG21	5226672	5226701	ssa29_29625502_29626595.maf
ssa29	LG21	5226701	5226762	ssa29_29625502_29626595.maf
ssa29	LG21	5203471	5203530	ssa29_29660779_29661053.maf
ssa29	LG21	5203530	5203565	ssa29_29660779_29661053.maf
ssa29	LG21	5182725	5182748	ssa29_29702177_29702618.maf
ssa29	LG21	5159911	5159988	ssa29_29754630_29755078.maf
ssa29	LG21	5159997	5160067	ssa29_29754630_29755078.maf
ssa29	LG21	5098864	5098989	ssa29_29897524_29898388.maf
ssa29	LG21	5098989	5099001	ssa29_29897524_29898388.maf
ssa29	LG21	5099014	5099029	ssa29_29897524_29898388.maf
ssa29	LG21	5043333	5043392	ssa29_30017552_30017994.maf
ssa29	LG21	4928725	4928737	ssa29_30231945_30232400.maf
ssa29	LG21	4928765	4928807	ssa29_30231945_30232400.maf
ssa29	LG21	4928807	4928957	ssa29_30231945_30232400.maf
ssa29	LG21	4928957	4928986	ssa29_30231945_30232400.maf
ssa29	LG21	4928996	4929007	ssa29_30231945_30232400.maf
ssa29	LG21	4929007	4929044	ssa29_30231945_30232400.maf
ssa29	LG21	18520882	18521004	ssa29_3069153_3070544.maf
ssa29	LG21	18521004	18521014	ssa29_3069153_3070544.maf
ssa29	LG21	18533713	18533726	ssa29_3116148_3117046.maf
ssa29	LG21	18533726	18533770	ssa29_3116148_3117046.maf
ssa29	LG21	18250871	18250886	ssa29_312607_312976.maf
ssa29	LG21	18543509	18543528	ssa29_3127132_3128044.maf
ssa29	LG21	18543532	18543581	ssa29_3127132_3128044.maf
ssa29	LG21	18544118	18544160	ssa29_3127132_3128044.maf
ssa29	LG21	18544181	18544275	ssa29_3127132_3128044.maf
ssa29	LG21	18547233	18547276	ssa29_3136701_3137294.maf
ssa29	LG21	18547276	18547316	ssa29_3136701_3137294.maf
ssa29	LG21	18547542	18547585	ssa29_3136701_3137294.maf
ssa29	LG21	18547585	18547602	ssa29_3136701_3137294.maf
ssa29	LG21	4378859	4378916	ssa29_31413141_31413846.maf
ssa29	LG21	18561332	18561411	ssa29_3159395_3159993.maf
ssa29	LG21	18561642	18561688	ssa29_3159395_3159993.maf
ssa29	LG21	18572217	18572237	ssa29_3177500_3178348.maf
ssa29	LG21	18572354	18572390	ssa29_3177500_3178348.maf
ssa29	LG21	18572442	18572457	ssa29_3177500_3178348.maf
ssa29	LG21	18572758	18572783	ssa29_3177500_3178348.maf
ssa29	LG21	18572849	18572881	ssa29_3177500_3178348.maf
ssa29	LG21	18572881	18572898	ssa29_3177500_3178348.maf
ssa29	LG21	18572898	18572982	ssa29_3177500_3178348.maf
ssa29	LG21	18572982	18573003	ssa29_3177500_3178348.maf
ssa29	LG21	12832488	12832529	ssa29_31841713_31842095.maf
ssa29	LG21	12832529	12832589	ssa29_31841713_31842095.maf
ssa29	LG21	12832589	12832608	ssa29_31841713_31842095.maf
ssa29	LG21	12832843	12832923	ssa29_31841713_31842095.maf
ssa29	LG21	12832929	12832958	ssa29_31841713_31842095.maf
ssa29	LG21	12833139	12833214	ssa29_31841713_31842095.maf
ssa29	LG21	12847997	12848014	ssa29_31856242_31856458.maf
ssa29	LG21	12848037	12848076	ssa29_31856242_31856458.maf
ssa29	LG21	12891641	12891657	ssa29_31929598_31930635.maf
ssa29	LG21	12891665	12891709	ssa29_31929598_31930635.maf
ssa29	LG21	12891709	12891752	ssa29_31929598_31930635.maf
ssa29	LG21	12891752	12891767	ssa29_31929598_31930635.maf
ssa29	LG21	12915311	12915356	ssa29_32006821_32008526.maf
ssa29	LG21	13164721	13164744	ssa29_32520074_32520977.maf
ssa29	LG21	13164744	13164772	ssa29_32520074_32520977.maf
ssa29	LG21	13164779	13164815	ssa29_32520074_32520977.maf
ssa29	LG21	13290886	13290904	ssa29_32839162_32839827.maf
ssa29	LG21	13290904	13290938	ssa29_32839162_32839827.maf
ssa29	LG21	13290938	13290955	ssa29_32839162_32839827.maf
ssa29	LG21	13331568	13331593	ssa29_32920542_32921649.maf
ssa29	LG21	13384981	13385024	ssa29_33003044_33003534.maf
ssa29	LG21	13385024	13385146	ssa29_33003044_33003534.maf
ssa29	LG21	13427298	13427371	ssa29_33105751_33106662.maf
ssa29	LG21	13427560	13427584	ssa29_33105751_33106662.maf
ssa29	LG21	13427584	13427732	ssa29_33105751_33106662.maf
ssa29	LG21	13430044	13430065	ssa29_33109867_33110783.maf
ssa29	LG21	13430094	13430193	ssa29_33109867_33110783.maf
ssa29	LG21	13430439	13430476	ssa29_33109867_33110783.maf
ssa29	LG21	18240727	18240760	ssa29_333816_334650.maf
ssa29	LG21	18240760	18240776	ssa29_333816_334650.maf
ssa29	LG21	18658140	18658223	ssa29_3342285_3343184.maf
ssa29	LG21	18658223	18658233	ssa29_3342285_3343184.maf
ssa29	LG21	18658874	18658907	ssa29_3342285_3343184.maf
ssa29	LG21	18658907	18659000	ssa29_3342285_3343184.maf
ssa29	LG21	18709531	18709549	ssa29_3414594_3415049.maf
ssa29	LG21	18709549	18709604	ssa29_3414594_3415049.maf
ssa29	LG21	14759933	14760012	ssa29_35567539_35568264.maf
ssa29	LG21	14872295	14872323	ssa29_35672072_35673763.maf
ssa29	LG21	14872330	14872353	ssa29_35672072_35673763.maf
ssa29	LG21	14872360	14872432	ssa29_35672072_35673763.maf
ssa29	LG21	2816215	2816256	ssa29_36693603_36694149.maf
ssa29	LG21	2881940	2881965	ssa29_36827208_36828024.maf
ssa29	LG21	2881965	2882084	ssa29_36827208_36828024.maf
ssa29	LG21	2882084	2882113	ssa29_36827208_36828024.maf
ssa29	LG21	2882113	2882133	ssa29_36827208_36828024.maf
ssa29	LG21	2882311	2882384	ssa29_36827208_36828024.maf
ssa29	LG21	2882384	2882423	ssa29_36827208_36828024.maf
ssa29	LG21	2882427	2882438	ssa29_36827208_36828024.maf
ssa29	LG21	3030493	3030517	ssa29_37241621_37242573.maf
ssa29	LG21	3030517	3030548	ssa29_37241621_37242573.maf
ssa29	LG21	3031047	3031068	ssa29_37241621_37242573.maf
ssa29	LG21	3031068	3031097	ssa29_37241621_37242573.maf
ssa29	LG21	3038946	3038957	ssa29_37260258_37260551.maf
ssa29	LG21	3038977	3039038	ssa29_37260258_37260551.maf
ssa29	LG21	3039071	3039100	ssa29_37260258_37260551.maf
ssa29	LG21	2477210	2477322	ssa29_38580004_38580452.maf
ssa29	LG21	2477463	2477499	ssa29_38580004_38580452.maf
ssa29	LG21	2462141	2462159	ssa29_38617757_38618435.maf
ssa29	LG21	2462160	2462213	ssa29_38617757_38618435.maf
ssa29	LG21	2004715	2004745	ssa29_38980604_38981154.maf
ssa29	LG21	1593332	1593344	ssa29_40080151_40081027.maf
ssa29	LG21	1593345	1593405	ssa29_40080151_40081027.maf
ssa29	LG21	1593405	1593452	ssa29_40080151_40081027.maf
ssa29	LG21	1354659	1354717	ssa29_40747817_40748710.maf
ssa29	LG21	1354717	1354771	ssa29_40747817_40748710.maf
ssa29	LG21	1354771	1354798	ssa29_40747817_40748710.maf
ssa29	LG21	1220858	1220959	ssa29_41073224_41073890.maf
ssa29	LG21	1220959	1220979	ssa29_41073224_41073890.maf
ssa29	LG21	1220984	1220996	ssa29_41073224_41073890.maf
ssa29	LG21	1221451	1221482	ssa29_41073224_41073890.maf
ssa29	LG21	1221486	1221544	ssa29_41073224_41073890.maf
ssa29	LG21	1221544	1221559	ssa29_41073224_41073890.maf
ssa29	LG21	19034465	19034532	ssa29_4130429_4131163.maf
ssa29	LG21	19035073	19035112	ssa29_4130429_4131163.maf
ssa29	LG21	19035121	19035344	ssa29_4130429_4131163.maf
ssa29	LG21	19035344	19035384	ssa29_4130429_4131163.maf
ssa29	LG21	19035384	19035404	ssa29_4130429_4131163.maf
ssa29	LG21	1130069	1130080	ssa29_41436902_41437842.maf
ssa29	LG21	1130087	1130128	ssa29_41436902_41437842.maf
ssa29	LG21	1130325	1130340	ssa29_41436902_41437842.maf
ssa29	LG21	1130340	1130369	ssa29_41436902_41437842.maf
ssa29	LG21	1130378	1130391	ssa29_41436902_41437842.maf
ssa29	LG21	20524097	20524118	ssa29_6363468_6364470.maf
ssa29	LG21	20524122	20524150	ssa29_6363468_6364470.maf
ssa29	LG21	21296735	21296764	ssa29_7564519_7565670.maf
ssa29	LG21	21296764	21296846	ssa29_7564519_7565670.maf
ssa29	LG21	21296991	21297049	ssa29_7564519_7565670.maf
ssa29	LG21	21652523	21652549	ssa29_8266259_8266777.maf
ssa29	LG21	21652549	21652608	ssa29_8266259_8266777.maf
ssa29	LG21	22225425	22225436	ssa29_9291674_9292218.maf
ssa29	LG21	22225598	22225659	ssa29_9291674_9292218.maf
ssa29	LG21	22225668	22225732	ssa29_9291674_9292218.maf
ssa02	LG20	13336903	13336921	ssa2_10168604_10169382.maf
ssa02	LG20	14135184	14135264	ssa2_12042730_12043266.maf
ssa02	LG20	14442744	14442756	ssa2_13159005_13159917.maf
ssa02	LG20	14442761	14442822	ssa2_13159005_13159917.maf
ssa02	LG20	14442938	14443007	ssa2_13159005_13159917.maf
ssa02	LG20	14443007	14443029	ssa2_13159005_13159917.maf
ssa02	LG20	14456542	14456581	ssa2_13168614_13169060.maf
ssa02	LG20	14457771	14457781	ssa2_13169845_13171780.maf
ssa02	LG20	14457781	14457839	ssa2_13169845_13171780.maf
ssa02	LG20	14458060	14458084	ssa2_13169845_13171780.maf
ssa02	LG20	14458084	14458095	ssa2_13169845_13171780.maf
ssa02	LG20	14458095	14458136	ssa2_13169845_13171780.maf
ssa02	LG20	14458408	14458428	ssa2_13169845_13171780.maf
ssa02	LG20	14458428	14458466	ssa2_13169845_13171780.maf
ssa02	LG20	14458492	14458510	ssa2_13169845_13171780.maf
ssa02	LG20	14458510	14458558	ssa2_13169845_13171780.maf
ssa02	LG20	14458973	14458997	ssa2_13169845_13171780.maf
ssa02	LG20	14458997	14459008	ssa2_13169845_13171780.maf
ssa02	LG20	14484435	14484500	ssa2_13230785_13231332.maf
ssa02	LG16	4773698	4773738	ssa2_1351091_1351738.maf
ssa02	LG16	4765503	4765517	ssa2_1376165_1376856.maf
ssa02	LG20	15642384	15642440	ssa2_14877901_14878558.maf
ssa02	LG20	15738676	15738732	ssa2_15102105_15102717.maf
ssa02	LG20	15738861	15738895	ssa2_15102105_15102717.maf
ssa02	LG20	15738958	15738991	ssa2_15102105_15102717.maf
ssa02	LG20	15755863	15755911	ssa2_15117312_15117939.maf
ssa02	LG20	15755924	15756117	ssa2_15117312_15117939.maf
ssa02	LG20	15758748	15758809	ssa2_15129824_15131008.maf
ssa02	LG20	15758809	15758866	ssa2_15129824_15131008.maf
ssa02	LG20	15758866	15759004	ssa2_15129824_15131008.maf
ssa02	LG20	15759080	15759092	ssa2_15129824_15131008.maf
ssa02	LG20	15759092	15759129	ssa2_15129824_15131008.maf
ssa02	LG20	15759129	15759156	ssa2_15129824_15131008.maf
ssa02	LG20	15759156	15759202	ssa2_15129824_15131008.maf
ssa02	LG20	15759202	15759258	ssa2_15129824_15131008.maf
ssa02	LG20	15783412	15783466	ssa2_15304107_15305509.maf
ssa02	LG20	15783810	15783844	ssa2_15304107_15305509.maf
ssa02	LG20	15783844	15783886	ssa2_15304107_15305509.maf
ssa02	LG20	15783886	15783907	ssa2_15304107_15305509.maf
ssa02	LG20	15784610	15784654	ssa2_15304107_15305509.maf
ssa02	LG20	15784654	15784667	ssa2_15304107_15305509.maf
ssa02	LG20	15784977	15785072	ssa2_15304107_15305509.maf
ssa02	LG20	17123025	17123043	ssa2_17357015_17358041.maf
ssa02	LG20	17123043	17123057	ssa2_17357015_17358041.maf
ssa02	LG20	17123060	17123082	ssa2_17357015_17358041.maf
ssa02	LG20	17123082	17123191	ssa2_17357015_17358041.maf
ssa02	LG20	17123191	17123225	ssa2_17357015_17358041.maf
ssa02	LG20	17123225	17123254	ssa2_17357015_17358041.maf
ssa02	LG20	17123254	17123269	ssa2_17357015_17358041.maf
ssa02	LG20	17178460	17178473	ssa2_17589813_17590848.maf
ssa02	LG20	17178473	17178501	ssa2_17589813_17590848.maf
ssa02	LG20	17185829	17185840	ssa2_17610901_17611541.maf
ssa02	LG20	17185856	17185913	ssa2_17610901_17611541.maf
ssa02	LG20	17185913	17185970	ssa2_17610901_17611541.maf
ssa02	LG20	17185970	17185987	ssa2_17610901_17611541.maf
ssa02	LG20	17186038	17186119	ssa2_17610901_17611541.maf
ssa02	LG20	18052858	18052872	ssa2_19859916_19861091.maf
ssa02	LG20	18900084	18900094	ssa2_21013906_21014801.maf
ssa02	LG20	18900094	18900119	ssa2_21013906_21014801.maf
ssa02	LG20	18900119	18900129	ssa2_21013906_21014801.maf
ssa02	LG20	19788126	19788223	ssa2_22366945_22367414.maf
ssa02	LG20	20128613	20128635	ssa2_22799361_22800554.maf
ssa02	LG20	20128635	20128693	ssa2_22799361_22800554.maf
ssa02	LG20	20129033	20129060	ssa2_22799361_22800554.maf
ssa02	LG20	20129066	20129080	ssa2_22799361_22800554.maf
ssa02	LG20	20130025	20130035	ssa2_22799361_22800554.maf
ssa02	LG20	22231526	22231666	ssa2_25704569_25705415.maf
ssa02	LG20	22232643	22232653	ssa2_25704569_25705415.maf
ssa02	LG20	22232653	22232724	ssa2_25704569_25705415.maf
ssa02	LG20	22232724	22232742	ssa2_25704569_25705415.maf
ssa02	LG20	22232761	22232847	ssa2_25704569_25705415.maf
ssa02	LG20	22232860	22232893	ssa2_25704569_25705415.maf
ssa02	LG20	22253299	22253483	ssa2_25725907_25726685.maf
ssa02	LG20	22253770	22253800	ssa2_25725907_25726685.maf
ssa02	LG20	22265686	22265703	ssa2_25741124_25741708.maf
ssa02	LG20	22265752	22266085	ssa2_25741124_25741708.maf
ssa02	LG20	23065871	23065950	ssa2_26642897_26643509.maf
ssa02	LG20	23121993	23122021	ssa2_26677880_26678169.maf
ssa02	LG20	23672302	23672322	ssa2_27131471_27133054.maf
ssa02	LG20	23672324	23672341	ssa2_27131471_27133054.maf
ssa02	LG20	23672341	23672354	ssa2_27131471_27133054.maf
ssa02	LG20	23672354	23672366	ssa2_27131471_27133054.maf
ssa02	LG20	23672419	23672561	ssa2_27131471_27133054.maf
ssa02	LG20	23672606	23672633	ssa2_27131471_27133054.maf
ssa02	LG20	24207280	24207319	ssa2_27524071_27524819.maf
ssa02	LG20	24207319	24207418	ssa2_27524071_27524819.maf
ssa02	LG20	24228653	24228679	ssa2_27562984_27563256.maf
ssa02	LG20	24228686	24228733	ssa2_27562984_27563256.maf
ssa02	LG20	24360576	24360589	ssa2_27646903_27647942.maf
ssa02	LG20	24360610	24360681	ssa2_27646903_27647942.maf
ssa02	LG20	24542727	24542759	ssa2_27784210_27784819.maf
ssa02	LG20	24542759	24542791	ssa2_27784210_27784819.maf
ssa02	LG20	24542791	24542884	ssa2_27784210_27784819.maf
ssa02	LG20	24958410	24958426	ssa2_28125140_28125901.maf
ssa02	LG20	24958427	24958491	ssa2_28125140_28125901.maf
ssa02	LG20	25508998	25509061	ssa2_28559739_28560744.maf
ssa02	LG20	26781505	26781539	ssa2_30043013_30043613.maf
ssa02	LG20	26781582	26781609	ssa2_30043013_30043613.maf
ssa02	LG20	27125369	27125407	ssa2_30489724_30490105.maf
ssa02	LG20	27125407	27125418	ssa2_30489724_30490105.maf
ssa02	LG20	27125450	27125477	ssa2_30489724_30490105.maf
ssa02	LG20	27125477	27125495	ssa2_30489724_30490105.maf
ssa02	LG20	27125549	27125565	ssa2_30489724_30490105.maf
ssa02	LG20	27423045	27423114	ssa2_30890344_30891486.maf
ssa02	LG20	27498306	27498378	ssa2_30966921_30967219.maf
ssa02	LG20	27659941	27660000	ssa2_31107848_31108324.maf
ssa02	LG20	27660001	27660017	ssa2_31107848_31108324.maf
ssa02	LG20	27853004	27853088	ssa2_31268371_31268795.maf
ssa02	LG16	3744832	3744850	ssa2_3189372_3189719.maf
ssa02	LG16	3744850	3744936	ssa2_3189372_3189719.maf
ssa02	LG20	28474911	28474961	ssa2_32053685_32054354.maf
ssa02	LG20	28475115	28475152	ssa2_32053685_32054354.maf
ssa02	LG20	28475233	28475304	ssa2_32053685_32054354.maf
ssa02	LG20	29430695	29430751	ssa2_33078457_33078929.maf
ssa02	LG16	3807888	3807912	ssa2_3310869_3311696.maf
ssa02	LG16	3807912	3807923	ssa2_3310869_3311696.maf
ssa02	LG20	29630877	29630906	ssa2_33286836_33287205.maf
ssa02	LG20	29630906	29630948	ssa2_33286836_33287205.maf
ssa02	LG20	30736164	30736175	ssa2_34552915_34553400.maf
ssa02	LG20	30736175	30736185	ssa2_34552915_34553400.maf
ssa02	LG20	30788729	30788759	ssa2_34599204_34599705.maf
ssa02	LG20	30788770	30788809	ssa2_34599204_34599705.maf
ssa02	LG20	30788869	30788891	ssa2_34599204_34599705.maf
ssa02	LG20	30814754	30814844	ssa2_34631833_34632998.maf
ssa02	LG20	30850947	30851071	ssa2_34672556_34673552.maf
ssa02	LG20	30851071	30851085	ssa2_34672556_34673552.maf
ssa02	LG20	30851085	30851098	ssa2_34672556_34673552.maf
ssa02	LG20	31019202	31019268	ssa2_34802766_34803507.maf
ssa02	LG20	31644187	31644339	ssa2_35285865_35286048.maf
ssa02	LG20	31658592	31658611	ssa2_35303733_35304430.maf
ssa02	LG20	31658611	31658631	ssa2_35303733_35304430.maf
ssa02	LG20	31658839	31658849	ssa2_35303733_35304430.maf
ssa02	LG20	31658849	31658879	ssa2_35303733_35304430.maf
ssa02	LG20	31658879	31658903	ssa2_35303733_35304430.maf
ssa02	LG20	31659060	31659072	ssa2_35303733_35304430.maf
ssa02	LG20	31659072	31659099	ssa2_35303733_35304430.maf
ssa02	LG20	31659099	31659136	ssa2_35303733_35304430.maf
ssa02	LG20	31684571	31684686	ssa2_35326573_35326839.maf
ssa02	LG20	31684686	31684738	ssa2_35326573_35326839.maf
ssa02	LG20	31686247	31686276	ssa2_35327557_35327808.maf
ssa02	LG20	31686276	31686327	ssa2_35327557_35327808.maf
ssa02	LG20	32214406	32214433	ssa2_35898772_35899311.maf
ssa02	LG20	32214442	32214453	ssa2_35898772_35899311.maf
ssa02	LG20	32214453	32214472	ssa2_35898772_35899311.maf
ssa02	LG20	32214514	32214559	ssa2_35898772_35899311.maf
ssa02	LG20	32214559	32214622	ssa2_35898772_35899311.maf
ssa02	LG20	32214639	32214661	ssa2_35898772_35899311.maf
ssa02	LG20	32214661	32214728	ssa2_35898772_35899311.maf
ssa02	LG20	32253145	32253168	ssa2_35951113_35951468.maf
ssa02	LG20	32475415	32475429	ssa2_36143699_36144159.maf
ssa02	LG20	32475429	32475446	ssa2_36143699_36144159.maf
ssa02	LG20	32475446	32475535	ssa2_36143699_36144159.maf
ssa02	LG20	32942541	32942553	ssa2_36580204_36580772.maf
ssa02	LG20	32942553	32942599	ssa2_36580204_36580772.maf
ssa02	LG20	32942608	32942632	ssa2_36580204_36580772.maf
ssa02	LG20	32942632	32942675	ssa2_36580204_36580772.maf
ssa02	LG20	32942741	32942798	ssa2_36580204_36580772.maf
ssa02	LG20	32942798	32942808	ssa2_36580204_36580772.maf
ssa02	LG20	33256546	33256610	ssa2_36859796_36860245.maf
ssa02	LG20	33256610	33256643	ssa2_36859796_36860245.maf
ssa02	LG20	33256643	33256659	ssa2_36859796_36860245.maf
ssa02	LG20	33256659	33256734	ssa2_36859796_36860245.maf
ssa02	LG20	33256734	33256750	ssa2_36859796_36860245.maf
ssa02	LG20	33256765	33256810	ssa2_36859796_36860245.maf
ssa02	LG20	33256811	33256833	ssa2_36859796_36860245.maf
ssa02	LG20	33891754	33891765	ssa2_37431407_37431791.maf
ssa02	LG20	33891789	33891799	ssa2_37431407_37431791.maf
ssa02	LG20	33891901	33891939	ssa2_37431407_37431791.maf
ssa02	LG20	33891957	33891973	ssa2_37431407_37431791.maf
ssa02	LG20	34076681	34076750	ssa2_37595938_37596316.maf
ssa02	LG20	35232868	35232915	ssa2_38642545_38643438.maf
ssa02	LG20	35232919	35232988	ssa2_38642545_38643438.maf
ssa02	LG20	35342535	35342560	ssa2_38760520_38761527.maf
ssa02	LG20	35342560	35342576	ssa2_38760520_38761527.maf
ssa02	LG20	35342580	35342623	ssa2_38760520_38761527.maf
ssa02	LG20	35343181	35343205	ssa2_38760520_38761527.maf
ssa02	LG20	35343353	35343372	ssa2_38760520_38761527.maf
ssa02	LG20	35343372	35343408	ssa2_38760520_38761527.maf
ssa02	LG20	35445799	35445837	ssa2_38827011_38827339.maf
ssa02	LG20	35764394	35764422	ssa2_39021626_39022174.maf
ssa02	LG20	35764424	35764447	ssa2_39021626_39022174.maf
ssa02	LG20	35793510	35793602	ssa2_39061646_39062571.maf
ssa02	LG20	35793991	35794008	ssa2_39061646_39062571.maf
ssa02	LG20	35794062	35794158	ssa2_39061646_39062571.maf
ssa02	LG20	36344957	36344971	ssa2_39509413_39510304.maf
ssa02	LG20	36344971	36345023	ssa2_39509413_39510304.maf
ssa02	LG20	36700748	36700760	ssa2_39906423_39907870.maf
ssa02	LG20	36700760	36700817	ssa2_39906423_39907870.maf
ssa02	LG20	36700952	36700964	ssa2_39906423_39907870.maf
ssa02	LG20	36701138	36701176	ssa2_39906423_39907870.maf
ssa02	LG20	36701176	36701244	ssa2_39906423_39907870.maf
ssa02	LG20	36701244	36701308	ssa2_39906423_39907870.maf
ssa02	LG20	36701308	36701441	ssa2_39906423_39907870.maf
ssa02	LG20	37510099	37510120	ssa2_40644290_40644907.maf
ssa02	LG20	38173719	38173832	ssa2_41212787_41213295.maf
ssa02	LG20	38173832	38173862	ssa2_41212787_41213295.maf
ssa02	LG20	38173862	38173901	ssa2_41212787_41213295.maf
ssa02	LG20	38173905	38173916	ssa2_41212787_41213295.maf
ssa02	LG20	38173916	38173933	ssa2_41212787_41213295.maf
ssa02	LG20	38169061	38169091	ssa2_41219661_41220660.maf
ssa02	LG20	38169091	38169153	ssa2_41219661_41220660.maf
ssa02	LG20	38169153	38169244	ssa2_41219661_41220660.maf
ssa02	LG20	38169244	38169259	ssa2_41219661_41220660.maf
ssa02	LG20	38169259	38169271	ssa2_41219661_41220660.maf
ssa02	LG20	38169271	38169381	ssa2_41219661_41220660.maf
ssa02	LG20	38169381	38169399	ssa2_41219661_41220660.maf
ssa02	LG20	38164042	38164100	ssa2_41224748_41225664.maf
ssa02	LG20	38164173	38164205	ssa2_41224748_41225664.maf
ssa02	LG20	38164208	38164306	ssa2_41224748_41225664.maf
ssa02	LG20	39598694	39598707	ssa2_42399136_42400059.maf
ssa02	LG20	39598707	39598849	ssa2_42399136_42400059.maf
ssa02	LG20	39598849	39598903	ssa2_42399136_42400059.maf
ssa02	LG20	39599049	39599061	ssa2_42399136_42400059.maf
ssa02	LG20	39599061	39599285	ssa2_42399136_42400059.maf
ssa02	LG20	39599285	39599295	ssa2_42399136_42400059.maf
ssa02	LG20	39601164	39601181	ssa2_42406857_42407557.maf
ssa02	LG20	39601594	39601664	ssa2_42406857_42407557.maf
ssa02	LG20	39601664	39601700	ssa2_42406857_42407557.maf
ssa02	LG20	39618530	39618598	ssa2_42424270_42425422.maf
ssa02	LG20	39618641	39618651	ssa2_42424270_42425422.maf
ssa02	LG20	39619262	39619283	ssa2_42424270_42425422.maf
ssa02	LG20	39619283	39619338	ssa2_42424270_42425422.maf
ssa02	LG20	39619341	39619397	ssa2_42424270_42425422.maf
ssa02	LG20	39619397	39619432	ssa2_42424270_42425422.maf
ssa02	LG20	39619432	39619444	ssa2_42424270_42425422.maf
ssa02	LG20	39619471	39619515	ssa2_42424270_42425422.maf
ssa02	LG20	39619515	39619540	ssa2_42424270_42425422.maf
ssa02	LG20	39619540	39619627	ssa2_42424270_42425422.maf
ssa02	LG20	39619628	39619640	ssa2_42424270_42425422.maf
ssa02	LG20	39619640	39619693	ssa2_42424270_42425422.maf
ssa02	LG20	39726102	39726127	ssa2_42559019_42560357.maf
ssa02	LG20	39726135	39726187	ssa2_42559019_42560357.maf
ssa02	LG20	39726187	39726233	ssa2_42559019_42560357.maf
ssa02	LG20	39726233	39726281	ssa2_42559019_42560357.maf
ssa02	LG20	39726283	39726333	ssa2_42559019_42560357.maf
ssa02	LG20	39726333	39726356	ssa2_42559019_42560357.maf
ssa02	LG20	39726360	39726382	ssa2_42559019_42560357.maf
ssa02	LG20	39726386	39726410	ssa2_42559019_42560357.maf
ssa02	LG20	39948551	39948566	ssa2_42842351_42842752.maf
ssa02	LG20	40574502	40574582	ssa2_43422583_43423348.maf
ssa02	LG20	40574582	40574598	ssa2_43422583_43423348.maf
ssa02	LG20	40574598	40574614	ssa2_43422583_43423348.maf
ssa02	LG20	40764804	40764826	ssa2_43627228_43627602.maf
ssa02	LG20	40764864	40764885	ssa2_43627228_43627602.maf
ssa02	LG20	40771295	40771323	ssa2_43633625_43633990.maf
ssa02	LG20	41874828	41874843	ssa2_43722426_43723207.maf
ssa02	LG20	41874894	41874918	ssa2_43722426_43723207.maf
ssa02	LG20	41875019	41875071	ssa2_43722426_43723207.maf
ssa02	LG20	41873363	41873409	ssa2_43723451_43723948.maf
ssa02	LG20	41873409	41873431	ssa2_43723451_43723948.maf
ssa02	LG20	41873437	41873460	ssa2_43723451_43723948.maf
ssa02	LG20	41578872	41578883	ssa2_44028975_44029687.maf
ssa02	LG20	41578905	41578986	ssa2_44028975_44029687.maf
ssa02	LG20	41578986	41579004	ssa2_44028975_44029687.maf
ssa02	LG20	41579004	41579017	ssa2_44028975_44029687.maf
ssa02	LG20	41561285	41561300	ssa2_44045828_44046216.maf
ssa02	LG20	41561308	41561464	ssa2_44045828_44046216.maf
ssa02	LG20	41008041	41008061	ssa2_44441891_44442522.maf
ssa02	LG20	41008065	41008076	ssa2_44441891_44442522.maf
ssa02	LG20	41008078	41008179	ssa2_44441891_44442522.maf
ssa02	LG20	41001016	41001097	ssa2_44453537_44454133.maf
ssa02	LG20	41001097	41001126	ssa2_44453537_44454133.maf
ssa02	LG20	42332922	42333014	ssa2_44718456_44719049.maf
ssa02	LG20	42341797	42341875	ssa2_44743983_44744904.maf
ssa02	LG20	42342229	42342257	ssa2_44743983_44744904.maf
ssa02	LG20	42342336	42342366	ssa2_44743983_44744904.maf
ssa02	LG20	42342366	42342388	ssa2_44743983_44744904.maf
ssa02	LG20	42342443	42342495	ssa2_44743983_44744904.maf
ssa02	LG20	42509356	42509371	ssa2_44880973_44881473.maf
ssa02	LG20	42509371	42509393	ssa2_44880973_44881473.maf
ssa02	LG20	42509393	42509487	ssa2_44880973_44881473.maf
ssa02	LG20	42509487	42509574	ssa2_44880973_44881473.maf
ssa02	LG20	42509593	42509668	ssa2_44880973_44881473.maf
ssa02	LG20	42839516	42839544	ssa2_45158664_45159315.maf
ssa02	LG20	42839551	42839603	ssa2_45158664_45159315.maf
ssa02	LG20	42839603	42839645	ssa2_45158664_45159315.maf
ssa02	LG20	42839645	42839718	ssa2_45158664_45159315.maf
ssa02	LG20	44513573	44513618	ssa2_46212750_46213272.maf
ssa02	LG20	44513618	44513674	ssa2_46212750_46213272.maf
ssa02	LG20	44513674	44513698	ssa2_46212750_46213272.maf
ssa02	LG20	44513698	44513708	ssa2_46212750_46213272.maf
ssa02	LG20	45753083	45753111	ssa2_48002516_48003181.maf
ssa02	LG20	45753139	45753162	ssa2_48002516_48003181.maf
ssa02	LG20	45753166	45753281	ssa2_48002516_48003181.maf
ssa02	LG20	45753441	45753466	ssa2_48002516_48003181.maf
ssa02	LG20	45753493	45753506	ssa2_48002516_48003181.maf
ssa02	LG09	22369936	22370044	ssa2_51054131_51054645.maf
ssa02	LG09	22370292	22370338	ssa2_51054131_51054645.maf
ssa02	LG09	21398374	21398414	ssa2_51857032_51857340.maf
ssa02	LG09	21286244	21286304	ssa2_51958748_51959097.maf
ssa02	LG09	21280672	21280728	ssa2_51961449_51962019.maf
ssa02	LG09	21247456	21247558	ssa2_51991021_51991401.maf
ssa02	LG09	21247607	21247682	ssa2_51991021_51991401.maf
ssa02	LG09	21233506	21233563	ssa2_51996900_51997161.maf
ssa02	LG09	18845757	18845843	ssa2_52537664_52538923.maf
ssa02	LG09	18846024	18846125	ssa2_52537664_52538923.maf
ssa02	LG09	18846523	18846585	ssa2_52537664_52538923.maf
ssa02	LG09	18846585	18846752	ssa2_52537664_52538923.maf
ssa02	LG09	18846753	18846790	ssa2_52537664_52538923.maf
ssa02	LG09	18882846	18882870	ssa2_52583819_52584112.maf
ssa02	LG09	18882870	18882895	ssa2_52583819_52584112.maf
ssa02	LG09	19005830	19005910	ssa2_52726897_52727175.maf
ssa02	LG09	20220311	20220378	ssa2_53644189_53645366.maf
ssa02	LG09	20220391	20220416	ssa2_53644189_53645366.maf
ssa02	LG09	20046891	20046906	ssa2_53869550_53870047.maf
ssa02	LG09	20046906	20046917	ssa2_53869550_53870047.maf
ssa02	LG09	20046917	20046927	ssa2_53869550_53870047.maf
ssa02	LG09	20046967	20047036	ssa2_53869550_53870047.maf
ssa02	LG09	20047047	20047064	ssa2_53869550_53870047.maf
ssa02	LG09	20047068	20047080	ssa2_53869550_53870047.maf
ssa02	LG09	20047084	20047098	ssa2_53869550_53870047.maf
ssa02	LG09	20047098	20047108	ssa2_53869550_53870047.maf
ssa02	LG09	20047108	20047121	ssa2_53869550_53870047.maf
ssa02	LG09	20043752	20043783	ssa2_53873890_53874454.maf
ssa02	LG09	20043783	20043798	ssa2_53873890_53874454.maf
ssa02	LG09	19976533	19976553	ssa2_53953967_53954916.maf
ssa02	LG09	19976558	19976667	ssa2_53953967_53954916.maf
ssa02	LG09	19976667	19976685	ssa2_53953967_53954916.maf
ssa02	LG09	19976685	19976716	ssa2_53953967_53954916.maf
ssa02	LG09	19963897	19963918	ssa2_53964740_53965563.maf
ssa02	LG09	19963923	19964031	ssa2_53964740_53965563.maf
ssa02	LG09	19964080	19964156	ssa2_53964740_53965563.maf
ssa02	LG09	19964156	19964257	ssa2_53964740_53965563.maf
ssa02	LG09	19664871	19664908	ssa2_54378063_54378486.maf
ssa02	LG09	19665265	19665280	ssa2_54378063_54378486.maf
ssa02	LG09	19665280	19665290	ssa2_54378063_54378486.maf
ssa02	LG09	19665299	19665324	ssa2_54378063_54378486.maf
ssa02	LG09	19665333	19665343	ssa2_54378063_54378486.maf
ssa02	LG09	19665343	19665363	ssa2_54378063_54378486.maf
ssa02	LG09	19632516	19632630	ssa2_54404133_54404395.maf
ssa02	LG09	17280893	17280903	ssa2_55557064_55557404.maf
ssa02	LG09	17280903	17280933	ssa2_55557064_55557404.maf
ssa02	LG09	17280933	17280943	ssa2_55557064_55557404.maf
ssa02	LG09	17334147	17334235	ssa2_55628286_55629019.maf
ssa02	LG09	17362213	17362267	ssa2_55684871_55685809.maf
ssa02	LG09	17362267	17362282	ssa2_55684871_55685809.maf
ssa02	LG09	17362282	17362302	ssa2_55684871_55685809.maf
ssa02	LG09	17362609	17362620	ssa2_55684871_55685809.maf
ssa02	LG09	17362631	17362664	ssa2_55684871_55685809.maf
ssa02	LG09	15888267	15888287	ssa2_57599087_57599628.maf
ssa02	LG09	15402423	15402517	ssa2_58378077_58378411.maf
ssa02	LG09	15398206	15398217	ssa2_58382453_58383139.maf
ssa02	LG09	15398217	15398236	ssa2_58382453_58383139.maf
ssa02	LG09	15398243	15398258	ssa2_58382453_58383139.maf
ssa02	LG09	15398295	15398307	ssa2_58382453_58383139.maf
ssa02	LG09	15398307	15398349	ssa2_58382453_58383139.maf
ssa02	LG09	14663139	14663150	ssa2_59259555_59259935.maf
ssa02	LG09	13702812	13702866	ssa2_61352213_61352516.maf
ssa02	LG09	13700881	13700915	ssa2_61355394_61355938.maf
ssa02	LG09	13685793	13685811	ssa2_61374752_61375028.maf
ssa02	LG09	13685960	13685971	ssa2_61374752_61375028.maf
ssa02	LG09	12690042	12690054	ssa2_62051256_62051837.maf
ssa02	LG09	12690076	12690455	ssa2_62051256_62051837.maf
ssa02	LG09	12690455	12690504	ssa2_62051256_62051837.maf
ssa02	LG09	13049091	13049130	ssa2_62563392_62564083.maf
ssa02	LG09	13049130	13049141	ssa2_62563392_62564083.maf
ssa02	LG09	13049141	13049181	ssa2_62563392_62564083.maf
ssa02	LG09	13236480	13236500	ssa2_62796785_62797179.maf
ssa02	LG09	13236565	13236577	ssa2_62796785_62797179.maf
ssa02	LG09	11923085	11923097	ssa2_63708053_63708282.maf
ssa02	LG09	11923098	11923111	ssa2_63708053_63708282.maf
ssa02	LG09	11823698	11823746	ssa2_63852557_63853168.maf
ssa02	LG09	11823827	11823839	ssa2_63852557_63853168.maf
ssa02	LG09	11823842	11823860	ssa2_63852557_63853168.maf
ssa02	LG09	11615856	11615919	ssa2_64190973_64191340.maf
ssa02	LG09	11615919	11616154	ssa2_64190973_64191340.maf
ssa02	LG09	11614143	11614202	ssa2_64191811_64192401.maf
ssa02	LG09	11612598	11612609	ssa2_64194177_64194797.maf
ssa02	LG09	11612609	11612762	ssa2_64194177_64194797.maf
ssa02	LG09	11612764	11612774	ssa2_64194177_64194797.maf
ssa02	LG09	11611717	11611734	ssa2_64195165_64195943.maf
ssa02	LG09	11611734	11611754	ssa2_64195165_64195943.maf
ssa02	LG09	11611760	11611785	ssa2_64195165_64195943.maf
ssa02	LG09	11611788	11611888	ssa2_64195165_64195943.maf
ssa02	LG09	11611888	11611905	ssa2_64195165_64195943.maf
ssa02	LG09	11588905	11588958	ssa2_64227440_64228119.maf
ssa02	LG09	11589572	11589584	ssa2_64227440_64228119.maf
ssa02	LG09	11572612	11572650	ssa2_64239773_64240569.maf
ssa02	LG09	11572650	11572663	ssa2_64239773_64240569.maf
ssa02	LG09	11572663	11572688	ssa2_64239773_64240569.maf
ssa02	LG09	11537663	11537828	ssa2_64285549_64286075.maf
ssa02	LG09	10760506	10760531	ssa2_65434545_65434916.maf
ssa02	LG09	10438649	10438709	ssa2_66075511_66075918.maf
ssa02	LG09	10438731	10438791	ssa2_66075511_66075918.maf
ssa02	LG09	10311298	10311358	ssa2_66381600_66382047.maf
ssa02	LG09	10311358	10311418	ssa2_66381600_66382047.maf
ssa02	LG09	10306433	10306469	ssa2_66394935_66395899.maf
ssa02	LG09	9533018	9533036	ssa2_68279454_68279647.maf
ssa02	LG09	9533036	9533079	ssa2_68279454_68279647.maf
ssa02	LG09	8645164	8645197	ssa2_69885650_69887855.maf
ssa02	LG09	8645204	8645236	ssa2_69885650_69887855.maf
ssa02	LG09	8645790	8645868	ssa2_69885650_69887855.maf
ssa02	LG09	7023695	7023725	ssa2_70545860_70546640.maf
ssa02	LG09	7023729	7023751	ssa2_70545860_70546640.maf
ssa02	LG09	1351452	1351500	ssa2_78832917_78833760.maf
ssa02	LG09	1351536	1351565	ssa2_78832917_78833760.maf
ssa02	LG09	1351624	1351655	ssa2_78832917_78833760.maf
ssa02	LG09	2970314	2970351	ssa2_84148819_84149766.maf
ssa02	LG09	2970389	2970430	ssa2_84148819_84149766.maf
ssa02	LG09	2907590	2907663	ssa2_84236063_84237516.maf
ssa02	LG09	2907670	2907688	ssa2_84236063_84237516.maf
ssa02	LG20	12777879	12777896	ssa2_9167652_9168444.maf
ssa03	LG03	6996605	6996681	ssa3_11490199_11490917.maf
ssa03	LG03	6996681	6996691	ssa3_11490199_11490917.maf
ssa03	LG03	6996694	6996714	ssa3_11490199_11490917.maf
ssa03	LG03	7221427	7221459	ssa3_11914727_11915796.maf
ssa03	LG03	7221554	7221569	ssa3_11914727_11915796.maf
ssa03	LG03	7366388	7366460	ssa3_12111420_12112346.maf
ssa03	LG03	7614152	7614210	ssa3_12400851_12401183.maf
ssa03	LG03	7845568	7845588	ssa3_12790189_12791720.maf
ssa03	LG03	7845743	7845759	ssa3_12790189_12791720.maf
ssa03	LG03	7845759	7845782	ssa3_12790189_12791720.maf
ssa03	LG03	7845793	7845810	ssa3_12790189_12791720.maf
ssa03	LG03	7845875	7845887	ssa3_12790189_12791720.maf
ssa03	LG03	8104806	8104875	ssa3_13179476_13180108.maf
ssa03	LG03	9902140	9902208	ssa3_14235210_14236964.maf
ssa03	LG03	9524356	9524393	ssa3_14844395_14845498.maf
ssa03	LG03	9524555	9524573	ssa3_14844395_14845498.maf
ssa03	LG03	9524573	9524588	ssa3_14844395_14845498.maf
ssa03	LG03	9473877	9474041	ssa3_14908417_14909144.maf
ssa03	LG03	9470377	9470462	ssa3_14919809_14920293.maf
ssa03	LG03	9470462	9470520	ssa3_14919809_14920293.maf
ssa03	LG03	9431646	9431663	ssa3_15001857_15002548.maf
ssa03	LG03	9431773	9431788	ssa3_15001857_15002548.maf
ssa03	LG03	36357609	36357665	ssa3_17103192_17103575.maf
ssa03	LG03	32180764	32180825	ssa3_19412785_19413351.maf
ssa03	LG03	32122212	32122287	ssa3_19519064_19519665.maf
ssa03	LG03	32122287	32122340	ssa3_19519064_19519665.maf
ssa03	LG03	32122343	32122362	ssa3_19519064_19519665.maf
ssa03	LG03	32122441	32122458	ssa3_19519064_19519665.maf
ssa03	LG03	32092811	32092825	ssa3_19587530_19588645.maf
ssa03	LG03	31953468	31953571	ssa3_19740762_19741210.maf
ssa03	LG03	31953591	31953601	ssa3_19740762_19741210.maf
ssa03	LG03	31953612	31953651	ssa3_19740762_19741210.maf
ssa03	LG03	31701096	31701210	ssa3_20074453_20075322.maf
ssa03	LG03	31701210	31701221	ssa3_20074453_20075322.maf
ssa03	LG03	31678921	31678938	ssa3_20102338_20103317.maf
ssa03	LG03	31679263	31679342	ssa3_20102338_20103317.maf
ssa03	LG03	31680111	31680140	ssa3_20102338_20103317.maf
ssa03	LG03	31680230	31680240	ssa3_20102338_20103317.maf
ssa03	LG03	31680240	31680371	ssa3_20102338_20103317.maf
ssa03	LG03	31595226	31595268	ssa3_20205307_20206029.maf
ssa03	LG03	29136708	29136720	ssa3_20908923_20909346.maf
ssa03	LG03	29150511	29150528	ssa3_20963878_20964611.maf
ssa03	LG03	29195874	29195891	ssa3_21029205_21029763.maf
ssa03	LG03	29195891	29195922	ssa3_21029205_21029763.maf
ssa03	LG03	29464927	29464961	ssa3_21398289_21398934.maf
ssa03	LG03	29647093	29647104	ssa3_21627620_21628202.maf
ssa03	LG03	29647113	29647131	ssa3_21627620_21628202.maf
ssa03	LG03	29647148	29647239	ssa3_21627620_21628202.maf
ssa03	LG03	29870378	29870424	ssa3_21948867_21949607.maf
ssa03	LG03	29870454	29870479	ssa3_21948867_21949607.maf
ssa03	LG03	29912319	29912362	ssa3_22026056_22026873.maf
ssa03	LG03	30139739	30139801	ssa3_22262711_22263482.maf
ssa03	LG03	30326116	30326146	ssa3_22414728_22415005.maf
ssa03	LG03	30377782	30377792	ssa3_22470787_22471316.maf
ssa03	LG03	30377835	30377849	ssa3_22470787_22471316.maf
ssa03	LG03	30377849	30377863	ssa3_22470787_22471316.maf
ssa03	LG03	30377871	30377887	ssa3_22470787_22471316.maf
ssa03	LG03	30784077	30784131	ssa3_22884173_22884624.maf
ssa03	LG03	30784133	30784149	ssa3_22884173_22884624.maf
ssa03	LG03	30784149	30784178	ssa3_22884173_22884624.maf
ssa03	LG03	30784178	30784224	ssa3_22884173_22884624.maf
ssa03	LG03	26065462	26065506	ssa3_24041417_24042405.maf
ssa03	LG03	25490361	25490415	ssa3_24611217_24611788.maf
ssa03	LG03	25490415	25490459	ssa3_24611217_24611788.maf
ssa03	LG03	25427530	25427563	ssa3_24722798_24723595.maf
ssa03	LG03	25427563	25427591	ssa3_24722798_24723595.maf
ssa03	LG03	25427672	25427732	ssa3_24722798_24723595.maf
ssa03	LG03	25206873	25206892	ssa3_25026850_25028479.maf
ssa03	LG03	25165291	25165398	ssa3_25094211_25094870.maf
ssa03	LG03	24981773	24981788	ssa3_25305493_25305745.maf
ssa03	LG03	24981788	24981800	ssa3_25305493_25305745.maf
ssa03	LG03	24981801	24981847	ssa3_25305493_25305745.maf
ssa03	LG03	24931797	24931899	ssa3_25353894_25354755.maf
ssa03	LG03	24176277	24176299	ssa3_26377695_26378484.maf
ssa03	LG03	24081627	24081697	ssa3_26526693_26527159.maf
ssa03	LG03	23715286	23715365	ssa3_26935338_26935860.maf
ssa03	LG03	23715365	23715375	ssa3_26935338_26935860.maf
ssa03	LG03	23667899	23667922	ssa3_27000225_27000764.maf
ssa03	LG03	23667965	23667985	ssa3_27000225_27000764.maf
ssa03	LG03	23667985	23667996	ssa3_27000225_27000764.maf
ssa03	LG03	23667999	23668031	ssa3_27000225_27000764.maf
ssa03	LG03	23668031	23668055	ssa3_27000225_27000764.maf
ssa03	LG03	23668055	23668141	ssa3_27000225_27000764.maf
ssa03	LG03	23668141	23668154	ssa3_27000225_27000764.maf
ssa03	LG03	22919700	22919710	ssa3_28094335_28095093.maf
ssa03	LG03	22919726	22919787	ssa3_28094335_28095093.maf
ssa03	LG03	22919949	22919962	ssa3_28094335_28095093.maf
ssa03	LG03	22919962	22919979	ssa3_28094335_28095093.maf
ssa03	LG03	22919979	22919992	ssa3_28094335_28095093.maf
ssa03	LG03	22919992	22920011	ssa3_28094335_28095093.maf
ssa03	LG03	22920016	22920044	ssa3_28094335_28095093.maf
ssa03	LG03	22920077	22920123	ssa3_28094335_28095093.maf
ssa03	LG03	22920123	22920155	ssa3_28094335_28095093.maf
ssa03	LG03	22920157	22920177	ssa3_28094335_28095093.maf
ssa03	LG03	22919111	22919129	ssa3_28096136_28096861.maf
ssa03	LG03	22914830	22914851	ssa3_28099658_28100043.maf
ssa03	LG03	22914856	22914920	ssa3_28099658_28100043.maf
ssa03	LG03	22820042	22820166	ssa3_28256066_28256529.maf
ssa03	LG03	22649434	22649462	ssa3_28568680_28569074.maf
ssa03	LG03	22649479	22649502	ssa3_28568680_28569074.maf
ssa03	LG03	22572602	22572703	ssa3_28739260_28740282.maf
ssa03	LG03	22312328	22312403	ssa3_29245294_29245948.maf
ssa03	LG03	22312403	22312431	ssa3_29245294_29245948.maf
ssa03	LG03	22312511	22312543	ssa3_29245294_29245948.maf
ssa03	LG03	22312543	22312557	ssa3_29245294_29245948.maf
ssa03	LG03	22312557	22312570	ssa3_29245294_29245948.maf
ssa03	LG03	22312570	22312623	ssa3_29245294_29245948.maf
ssa03	LG03	22296196	22296208	ssa3_29265120_29265628.maf
ssa03	LG03	22296208	22296300	ssa3_29265120_29265628.maf
ssa03	LG03	22296368	22296382	ssa3_29265120_29265628.maf
ssa03	LG03	22296382	22296466	ssa3_29265120_29265628.maf
ssa03	LG03	22296484	22296500	ssa3_29265120_29265628.maf
ssa03	LG03	22296500	22296512	ssa3_29265120_29265628.maf
ssa03	LG03	22249799	22249847	ssa3_29322751_29323493.maf
ssa03	LG03	22249847	22249858	ssa3_29322751_29323493.maf
ssa03	LG03	22249865	22249988	ssa3_29322751_29323493.maf
ssa03	LG03	22249988	22250032	ssa3_29322751_29323493.maf
ssa03	LG03	22250039	22250090	ssa3_29322751_29323493.maf
ssa03	LG03	22250090	22250162	ssa3_29322751_29323493.maf
ssa03	LG03	22250179	22250191	ssa3_29322751_29323493.maf
ssa03	LG03	22250191	22250231	ssa3_29322751_29323493.maf
ssa03	LG03	22250234	22250245	ssa3_29322751_29323493.maf
ssa03	LG03	22250245	22250269	ssa3_29322751_29323493.maf
ssa03	LG03	22250269	22250318	ssa3_29322751_29323493.maf
ssa03	LG03	22250361	22250375	ssa3_29322751_29323493.maf
ssa03	LG03	22250375	22250419	ssa3_29322751_29323493.maf
ssa03	LG03	22250427	22250439	ssa3_29322751_29323493.maf
ssa03	LG03	22250442	22250460	ssa3_29322751_29323493.maf
ssa03	LG03	22250460	22250477	ssa3_29322751_29323493.maf
ssa03	LG03	22250523	22250539	ssa3_29322751_29323493.maf
ssa03	LG03	22250539	22250550	ssa3_29322751_29323493.maf
ssa03	LG03	22141653	22141680	ssa3_29528147_29529134.maf
ssa03	LG03	22141680	22141799	ssa3_29528147_29529134.maf
ssa03	LG03	22141799	22141921	ssa3_29528147_29529134.maf
ssa03	LG03	22141939	22141985	ssa3_29528147_29529134.maf
ssa03	LG03	22141985	22142045	ssa3_29528147_29529134.maf
ssa03	LG03	22142056	22142114	ssa3_29528147_29529134.maf
ssa03	LG03	22142114	22142131	ssa3_29528147_29529134.maf
ssa03	LG03	22142137	22142175	ssa3_29528147_29529134.maf
ssa03	LG03	22142327	22142438	ssa3_29528147_29529134.maf
ssa03	LG03	22142443	22142467	ssa3_29528147_29529134.maf
ssa03	LG03	22142468	22142478	ssa3_29528147_29529134.maf
ssa03	LG03	21847651	21847750	ssa3_29979966_29980394.maf
ssa03	LG03	21846746	21846845	ssa3_29981731_29982032.maf
ssa03	LG03	21846845	21846881	ssa3_29981731_29982032.maf
ssa03	LG03	21805715	21805785	ssa3_30007722_30008325.maf
ssa03	LG03	21806039	21806088	ssa3_30007722_30008325.maf
ssa03	LG03	21806130	21806230	ssa3_30007722_30008325.maf
ssa03	LG03	21797084	21797109	ssa3_30016626_30017211.maf
ssa03	LG03	21294490	21294511	ssa3_30721147_30721321.maf
ssa03	LG03	21294511	21294524	ssa3_30721147_30721321.maf
ssa03	LG03	21294531	21294566	ssa3_30721147_30721321.maf
ssa03	LG03	21262093	21262132	ssa3_30766354_30766644.maf
ssa03	LG03	21262132	21262142	ssa3_30766354_30766644.maf
ssa03	LG03	21262206	21262223	ssa3_30766354_30766644.maf
ssa03	LG03	21260115	21260143	ssa3_30767672_30768554.maf
ssa03	LG03	21260143	21260224	ssa3_30767672_30768554.maf
ssa03	LG03	21260224	21260286	ssa3_30767672_30768554.maf
ssa03	LG03	21260295	21260309	ssa3_30767672_30768554.maf
ssa03	LG03	21053986	21054048	ssa3_31126089_31126542.maf
ssa03	LG03	21054048	21054075	ssa3_31126089_31126542.maf
ssa03	LG03	21054075	21054092	ssa3_31126089_31126542.maf
ssa03	LG03	21054093	21054111	ssa3_31126089_31126542.maf
ssa03	LG03	21054111	21054151	ssa3_31126089_31126542.maf
ssa03	LG03	21054151	21054173	ssa3_31126089_31126542.maf
ssa03	LG03	21054173	21054202	ssa3_31126089_31126542.maf
ssa03	LG03	21054202	21054242	ssa3_31126089_31126542.maf
ssa03	LG03	20855590	20855603	ssa3_31422530_31424102.maf
ssa03	LG03	20855609	20855623	ssa3_31422530_31424102.maf
ssa03	LG03	20855641	20855686	ssa3_31422530_31424102.maf
ssa03	LG03	20855686	20855769	ssa3_31422530_31424102.maf
ssa03	LG03	20856466	20856483	ssa3_31422530_31424102.maf
ssa03	LG03	20775607	20775680	ssa3_31531750_31532307.maf
ssa03	LG03	20775687	20775707	ssa3_31531750_31532307.maf
ssa03	LG03	20598865	20598885	ssa3_31692476_31692878.maf
ssa03	LG03	20598911	20598941	ssa3_31692476_31692878.maf
ssa03	LG03	20598941	20598964	ssa3_31692476_31692878.maf
ssa03	LG03	20598970	20598996	ssa3_31692476_31692878.maf
ssa03	LG03	20598996	20599107	ssa3_31692476_31692878.maf
ssa03	LG03	20505933	20505947	ssa3_31829742_31830325.maf
ssa03	LG03	20505947	20505962	ssa3_31829742_31830325.maf
ssa03	LG03	20505962	20505992	ssa3_31829742_31830325.maf
ssa03	LG03	20505992	20506014	ssa3_31829742_31830325.maf
ssa03	LG03	20506018	20506109	ssa3_31829742_31830325.maf
ssa03	LG03	20506177	20506200	ssa3_31829742_31830325.maf
ssa03	LG03	20506200	20506250	ssa3_31829742_31830325.maf
ssa03	LG03	20506442	20506460	ssa3_31829742_31830325.maf
ssa03	LG03	20366428	20366454	ssa3_32162671_32163304.maf
ssa03	LG03	20366454	20366475	ssa3_32162671_32163304.maf
ssa03	LG03	20366484	20366529	ssa3_32162671_32163304.maf
ssa03	LG03	20366822	20366848	ssa3_32162671_32163304.maf
ssa03	LG03	20021473	20021497	ssa3_32736007_32736448.maf
ssa03	LG03	20021587	20021655	ssa3_32736007_32736448.maf
ssa03	LG03	19904300	19904367	ssa3_32871590_32872062.maf
ssa03	LG03	19904367	19904400	ssa3_32871590_32872062.maf
ssa03	LG03	19844798	19844821	ssa3_32956039_32956556.maf
ssa03	LG03	19241487	19241512	ssa3_33874990_33875392.maf
ssa03	LG03	19241512	19241575	ssa3_33874990_33875392.maf
ssa03	LG03	19241575	19241594	ssa3_33874990_33875392.maf
ssa03	LG03	19241614	19241660	ssa3_33874990_33875392.maf
ssa03	LG03	18734022	18734088	ssa3_34668404_34668891.maf
ssa03	LG03	18734092	18734111	ssa3_34668404_34668891.maf
ssa03	LG03	18611069	18611095	ssa3_34830561_34831187.maf
ssa03	LG03	18525104	18525156	ssa3_34966598_34967205.maf
ssa03	LG03	18502617	18502641	ssa3_34991661_34991925.maf
ssa03	LG03	18502649	18502688	ssa3_34991661_34991925.maf
ssa03	LG03	18502688	18502711	ssa3_34991661_34991925.maf
ssa03	LG03	18247798	18247825	ssa3_35388088_35388958.maf
ssa03	LG03	18247860	18247899	ssa3_35388088_35388958.maf
ssa03	LG03	18247899	18247911	ssa3_35388088_35388958.maf
ssa03	LG03	18247931	18247960	ssa3_35388088_35388958.maf
ssa03	LG03	18040153	18040169	ssa3_35694365_35694653.maf
ssa03	LG03	18040169	18040196	ssa3_35694365_35694653.maf
ssa03	LG03	18040196	18040218	ssa3_35694365_35694653.maf
ssa03	LG03	18040218	18040250	ssa3_35694365_35694653.maf
ssa03	LG03	18040250	18040274	ssa3_35694365_35694653.maf
ssa03	LG03	17934996	17935082	ssa3_35854944_35855229.maf
ssa03	LG03	17935285	17935322	ssa3_35854944_35855229.maf
ssa03	LG03	17935322	17935336	ssa3_35854944_35855229.maf
ssa03	LG03	17935377	17935396	ssa3_35854944_35855229.maf
ssa03	LG03	17506444	17506455	ssa3_36741969_36742601.maf
ssa03	LG03	17506677	17506689	ssa3_36741969_36742601.maf
ssa03	LG03	17506745	17506757	ssa3_36741969_36742601.maf
ssa03	LG03	17317038	17317064	ssa3_37024397_37025101.maf
ssa03	LG03	17317064	17317100	ssa3_37024397_37025101.maf
ssa03	LG03	17317407	17317473	ssa3_37024397_37025101.maf
ssa03	LG03	16906448	16906479	ssa3_37637737_37638259.maf
ssa03	LG03	16906617	16906662	ssa3_37637737_37638259.maf
ssa03	LG03	16663784	16663800	ssa3_37952334_37953596.maf
ssa03	LG03	16663800	16663821	ssa3_37952334_37953596.maf
ssa03	LG03	16663830	16663859	ssa3_37952334_37953596.maf
ssa03	LG03	16663859	16663891	ssa3_37952334_37953596.maf
ssa03	LG03	16663894	16663909	ssa3_37952334_37953596.maf
ssa03	LG03	16663918	16663940	ssa3_37952334_37953596.maf
ssa03	LG03	16663940	16663950	ssa3_37952334_37953596.maf
ssa03	LG03	16566878	16566933	ssa3_38080980_38081548.maf
ssa03	LG03	16566933	16566953	ssa3_38080980_38081548.maf
ssa03	LG03	16566953	16566966	ssa3_38080980_38081548.maf
ssa03	LG03	16566966	16567060	ssa3_38080980_38081548.maf
ssa03	LG03	16559052	16559106	ssa3_38090997_38091702.maf
ssa03	LG03	16559106	16559127	ssa3_38090997_38091702.maf
ssa03	LG03	16514727	16514772	ssa3_38153852_38154621.maf
ssa03	LG03	16514906	16514941	ssa3_38153852_38154621.maf
ssa03	LG03	16514941	16514956	ssa3_38153852_38154621.maf
ssa03	LG03	16425711	16425785	ssa3_38244484_38245080.maf
ssa03	LG03	16425785	16425811	ssa3_38244484_38245080.maf
ssa03	LG03	16425860	16425939	ssa3_38244484_38245080.maf
ssa03	LG03	16440718	16440734	ssa3_38259137_38259646.maf
ssa03	LG03	16440736	16440748	ssa3_38259137_38259646.maf
ssa03	LG03	16440789	16440869	ssa3_38259137_38259646.maf
ssa03	LG03	16440869	16440889	ssa3_38259137_38259646.maf
ssa03	LG03	16397735	16397804	ssa3_38284536_38285900.maf
ssa03	LG03	16398175	16398291	ssa3_38284536_38285900.maf
ssa03	LG03	16396280	16396342	ssa3_38286526_38287057.maf
ssa03	LG03	16396703	16396746	ssa3_38286526_38287057.maf
ssa03	LG03	16396746	16396781	ssa3_38286526_38287057.maf
ssa03	LG03	16396781	16396792	ssa3_38286526_38287057.maf
ssa03	LG03	16391833	16391860	ssa3_38315483_38316626.maf
ssa03	LG03	16391861	16391897	ssa3_38315483_38316626.maf
ssa03	LG03	16392055	16392098	ssa3_38315483_38316626.maf
ssa03	LG03	16392111	16392121	ssa3_38315483_38316626.maf
ssa03	LG03	15747559	15747581	ssa3_39328734_39328982.maf
ssa03	LG03	15383807	15383906	ssa3_39937462_39938556.maf
ssa03	LG03	15211376	15211386	ssa3_40293735_40294325.maf
ssa03	LG03	15211386	15211425	ssa3_40293735_40294325.maf
ssa03	LG03	12747043	12747056	ssa3_40890584_40891647.maf
ssa03	LG03	13232828	13232843	ssa3_41740225_41740964.maf
ssa03	LG03	13232843	13232877	ssa3_41740225_41740964.maf
ssa03	LG03	13669944	13669954	ssa3_42393487_42394639.maf
ssa03	LG03	13670006	13670032	ssa3_42393487_42394639.maf
ssa03	LG03	14193825	14193856	ssa3_43306212_43308286.maf
ssa03	LG03	14193856	14193904	ssa3_43306212_43308286.maf
ssa03	LG03	14671771	14671822	ssa3_44390644_44391586.maf
ssa03	LG03	14672757	14672821	ssa3_44390644_44391586.maf
ssa03	LG12	26449323	26449351	ssa3_46331870_46332884.maf
ssa03	LG12	26449491	26449546	ssa3_46331870_46332884.maf
ssa03	LG12	26449546	26449566	ssa3_46331870_46332884.maf
ssa03	LG12	26449940	26449959	ssa3_46331870_46332884.maf
ssa03	LG12	26445796	26445825	ssa3_46342717_46343863.maf
ssa03	LG12	26437608	26437643	ssa3_46370240_46370575.maf
ssa03	LG12	26411414	26411482	ssa3_46423823_46424503.maf
ssa03	LG12	26411545	26411567	ssa3_46423823_46424503.maf
ssa03	LG12	26274318	26274371	ssa3_46585454_46586418.maf
ssa03	LG12	26274435	26274454	ssa3_46585454_46586418.maf
ssa03	LG12	26274456	26274472	ssa3_46585454_46586418.maf
ssa03	LG12	26274482	26274497	ssa3_46585454_46586418.maf
ssa03	LG12	26274503	26274558	ssa3_46585454_46586418.maf
ssa03	LG12	26274632	26274670	ssa3_46585454_46586418.maf
ssa03	LG03	3176910	3176984	ssa3_4908489_4908883.maf
ssa03	LG11	50777425	50777437	ssa3_50089553_50090307.maf
ssa03	LG11	47907062	47907122	ssa3_53205813_53207161.maf
ssa03	LG11	17934509	17934561	ssa3_53624575_53625369.maf
ssa03	LG11	18098299	18098335	ssa3_53814797_53815399.maf
ssa03	LG11	18098335	18098389	ssa3_53814797_53815399.maf
ssa03	LG11	16637053	16637125	ssa3_56556055_56556210.maf
ssa03	LG11	16635136	16635154	ssa3_56557116_56558084.maf
ssa03	LG11	16039020	16039031	ssa3_57023039_57023675.maf
ssa03	LG11	16039031	16039070	ssa3_57023039_57023675.maf
ssa03	LG11	16039070	16039084	ssa3_57023039_57023675.maf
ssa03	LG11	15767722	15767783	ssa3_57396204_57396807.maf
ssa03	LG11	15768228	15768256	ssa3_57396204_57396807.maf
ssa03	LG11	15233320	15233419	ssa3_57986944_57987163.maf
ssa03	LG11	15227784	15227821	ssa3_57990180_57990420.maf
ssa03	LG11	14836203	14836257	ssa3_58449030_58449926.maf
ssa03	LG11	14754664	14754685	ssa3_58546363_58546742.maf
ssa03	LG11	14754687	14754707	ssa3_58546363_58546742.maf
ssa03	LG11	14363985	14364012	ssa3_59014634_59016179.maf
ssa03	LG11	13794388	13794398	ssa3_59687631_59687816.maf
ssa03	LG11	13794416	13794474	ssa3_59687631_59687816.maf
ssa03	LG11	13327034	13327063	ssa3_60290445_60290909.maf
ssa03	LG11	13327063	13327079	ssa3_60290445_60290909.maf
ssa03	LG11	12587403	12587432	ssa3_61062043_61062572.maf
ssa03	LG11	12587441	12587488	ssa3_61062043_61062572.maf
ssa03	LG11	12587562	12587616	ssa3_61062043_61062572.maf
ssa03	LG11	12587616	12587647	ssa3_61062043_61062572.maf
ssa03	LG11	12587656	12587686	ssa3_61062043_61062572.maf
ssa03	LG11	12402280	12402340	ssa3_61252986_61253601.maf
ssa03	LG11	12402340	12402380	ssa3_61252986_61253601.maf
ssa03	LG11	12388607	12388662	ssa3_61273307_61273893.maf
ssa03	LG11	12269921	12269945	ssa3_61335746_61337297.maf
ssa03	LG11	12270173	12270229	ssa3_61335746_61337297.maf
ssa03	LG11	12270229	12270243	ssa3_61335746_61337297.maf
ssa03	LG11	12270296	12270370	ssa3_61335746_61337297.maf
ssa03	LG11	12270370	12270396	ssa3_61335746_61337297.maf
ssa03	LG11	12270459	12270470	ssa3_61335746_61337297.maf
ssa03	LG11	12271705	12271770	ssa3_61335746_61337297.maf
ssa03	LG11	12121120	12121148	ssa3_61460443_61461215.maf
ssa03	LG11	12121148	12121165	ssa3_61460443_61461215.maf
ssa03	LG11	12121165	12121183	ssa3_61460443_61461215.maf
ssa03	LG11	12121183	12121215	ssa3_61460443_61461215.maf
ssa03	LG11	11878637	11878685	ssa3_61700515_61701110.maf
ssa03	LG11	11878685	11878818	ssa3_61700515_61701110.maf
ssa03	LG11	11878818	11878829	ssa3_61700515_61701110.maf
ssa03	LG11	11807751	11807816	ssa3_61788674_61789093.maf
ssa03	LG11	11730110	11730121	ssa3_61877437_61877751.maf
ssa03	LG11	11730129	11730171	ssa3_61877437_61877751.maf
ssa03	LG11	11730171	11730211	ssa3_61877437_61877751.maf
ssa03	LG11	11657060	11657077	ssa3_61946918_61947147.maf
ssa03	LG11	11657100	11657119	ssa3_61946918_61947147.maf
ssa03	LG11	11657119	11657130	ssa3_61946918_61947147.maf
ssa03	LG11	11657130	11657193	ssa3_61946918_61947147.maf
ssa03	LG11	11630417	11630437	ssa3_61990768_61991506.maf
ssa03	LG11	11630437	11630452	ssa3_61990768_61991506.maf
ssa03	LG11	11630457	11630518	ssa3_61990768_61991506.maf
ssa03	LG11	11065040	11065057	ssa3_62453664_62453859.maf
ssa03	LG11	11028380	11028411	ssa3_62488688_62489261.maf
ssa03	LG11	9938121	9938189	ssa3_63222175_63222480.maf
ssa03	LG11	9938189	9938227	ssa3_63222175_63222480.maf
ssa03	LG11	9116064	9116118	ssa3_63836757_63837474.maf
ssa03	LG11	9116119	9116152	ssa3_63836757_63837474.maf
ssa03	LG11	9117189	9117238	ssa3_63836757_63837474.maf
ssa03	LG11	9117243	9117266	ssa3_63836757_63837474.maf
ssa03	LG11	9117271	9117288	ssa3_63836757_63837474.maf
ssa03	LG11	9117288	9117311	ssa3_63836757_63837474.maf
ssa03	LG11	9117311	9117393	ssa3_63836757_63837474.maf
ssa03	LG11	8686314	8686332	ssa3_64290414_64291596.maf
ssa03	LG11	8686603	8686728	ssa3_64290414_64291596.maf
ssa03	LG11	8687268	8687294	ssa3_64290414_64291596.maf
ssa03	LG11	8687298	8687320	ssa3_64290414_64291596.maf
ssa03	LG11	8687321	8687346	ssa3_64290414_64291596.maf
ssa03	LG11	8687349	8687359	ssa3_64290414_64291596.maf
ssa03	LG11	8687359	8687378	ssa3_64290414_64291596.maf
ssa03	LG11	8435805	8435935	ssa3_64494852_64495493.maf
ssa03	LG11	8436422	8436449	ssa3_64494852_64495493.maf
ssa03	LG11	8436449	8436510	ssa3_64494852_64495493.maf
ssa03	LG11	8436560	8436621	ssa3_64494852_64495493.maf
ssa03	LG11	7864669	7864693	ssa3_64983697_64984257.maf
ssa03	LG11	7663000	7663081	ssa3_65230113_65230548.maf
ssa03	LG11	7610911	7610964	ssa3_65299069_65299575.maf
ssa03	LG11	7243073	7243138	ssa3_65742685_65743350.maf
ssa03	LG11	6655955	6656013	ssa3_66359398_66359935.maf
ssa03	LG11	5941219	5941246	ssa3_67030111_67030602.maf
ssa03	LG11	5941492	5941518	ssa3_67030111_67030602.maf
ssa03	LG11	5941518	5941547	ssa3_67030111_67030602.maf
ssa03	LG11	5729635	5729747	ssa3_67236180_67236750.maf
ssa03	LG11	5729747	5729776	ssa3_67236180_67236750.maf
ssa03	LG11	5729776	5729823	ssa3_67236180_67236750.maf
ssa03	LG11	5670625	5670680	ssa3_67311080_67311526.maf
ssa03	LG11	5670680	5670709	ssa3_67311080_67311526.maf
ssa03	LG11	5670718	5670755	ssa3_67311080_67311526.maf
ssa03	LG11	5670755	5670787	ssa3_67311080_67311526.maf
ssa03	LG11	5670794	5670821	ssa3_67311080_67311526.maf
ssa03	LG11	5670828	5670879	ssa3_67311080_67311526.maf
ssa03	LG11	5670879	5670924	ssa3_67311080_67311526.maf
ssa03	LG11	5655247	5655350	ssa3_67325277_67325898.maf
ssa03	LG11	5655350	5655364	ssa3_67325277_67325898.maf
ssa03	LG11	5655364	5655391	ssa3_67325277_67325898.maf
ssa03	LG11	5620829	5620869	ssa3_67353274_67353835.maf
ssa03	LG11	5620871	5620896	ssa3_67353274_67353835.maf
ssa03	LG11	5620896	5620934	ssa3_67353274_67353835.maf
ssa03	LG11	5620936	5620992	ssa3_67353274_67353835.maf
ssa03	LG11	5621104	5621121	ssa3_67353274_67353835.maf
ssa03	LG11	5621121	5621188	ssa3_67353274_67353835.maf
ssa03	LG11	5621188	5621230	ssa3_67353274_67353835.maf
ssa03	LG11	5620314	5620343	ssa3_67353962_67354502.maf
ssa03	LG11	5566196	5566228	ssa3_67384323_67385164.maf
ssa03	LG11	5566228	5566283	ssa3_67384323_67385164.maf
ssa03	LG11	5566294	5566355	ssa3_67384323_67385164.maf
ssa03	LG11	5561047	5561112	ssa3_67386634_67387308.maf
ssa03	LG11	4519840	4519878	ssa3_68341328_68342517.maf
ssa03	LG11	4479363	4479418	ssa3_68387741_68388395.maf
ssa03	LG11	4479418	4479433	ssa3_68387741_68388395.maf
ssa03	LG11	4480252	4480270	ssa3_68387741_68388395.maf
ssa03	LG11	4480270	4480324	ssa3_68387741_68388395.maf
ssa03	LG11	4480324	4480334	ssa3_68387741_68388395.maf
ssa03	LG11	4473806	4473818	ssa3_68397141_68397841.maf
ssa03	LG11	4473818	4473844	ssa3_68397141_68397841.maf
ssa03	LG11	19614810	19614883	ssa3_69015350_69015890.maf
ssa03	LG11	19744453	19744508	ssa3_69146489_69146810.maf
ssa03	LG11	19744508	19744522	ssa3_69146489_69146810.maf
ssa03	LG11	19744522	19744580	ssa3_69146489_69146810.maf
ssa03	LG11	30359586	30359637	ssa3_69443141_69443510.maf
ssa03	LG11	29941391	29941419	ssa3_69906994_69907357.maf
ssa03	LG11	29941512	29941531	ssa3_69906994_69907357.maf
ssa03	LG11	29577749	29577803	ssa3_70364626_70366704.maf
ssa03	LG11	29577803	29577830	ssa3_70364626_70366704.maf
ssa03	LG11	29577862	29577875	ssa3_70364626_70366704.maf
ssa03	LG11	29513846	29513859	ssa3_70447043_70447422.maf
ssa03	LG11	29446016	29446058	ssa3_70488743_70489249.maf
ssa03	LG11	29446058	29446074	ssa3_70488743_70489249.maf
ssa03	LG11	29446376	29446388	ssa3_70488743_70489249.maf
ssa03	LG11	29446390	29446401	ssa3_70488743_70489249.maf
ssa03	LG11	29446401	29446429	ssa3_70488743_70489249.maf
ssa03	LG11	29446429	29446439	ssa3_70488743_70489249.maf
ssa03	LG11	29060151	29060164	ssa3_70873868_70874460.maf
ssa03	LG11	29060184	29060236	ssa3_70873868_70874460.maf
ssa03	LG11	29060236	29060314	ssa3_70873868_70874460.maf
ssa03	LG11	29060314	29060341	ssa3_70873868_70874460.maf
ssa03	LG11	29060341	29060360	ssa3_70873868_70874460.maf
ssa03	LG11	29060370	29060393	ssa3_70873868_70874460.maf
ssa03	LG11	29060393	29060409	ssa3_70873868_70874460.maf
ssa03	LG11	29060468	29060522	ssa3_70873868_70874460.maf
ssa03	LG11	28820078	28820124	ssa3_71071486_71071934.maf
ssa03	LG11	28801008	28801073	ssa3_71086724_71087515.maf
ssa03	LG11	28696923	28696935	ssa3_71193856_71194366.maf
ssa03	LG11	28697057	28697076	ssa3_71193856_71194366.maf
ssa03	LG11	28223536	28223584	ssa3_71618378_71618684.maf
ssa03	LG11	28223584	28223630	ssa3_71618378_71618684.maf
ssa03	LG11	28223640	28223656	ssa3_71618378_71618684.maf
ssa03	LG11	27959560	27959627	ssa3_71921117_71922055.maf
ssa03	LG11	27959633	27959700	ssa3_71921117_71922055.maf
ssa03	LG11	27959700	27959711	ssa3_71921117_71922055.maf
ssa03	LG11	27488293	27488309	ssa3_72408203_72408745.maf
ssa03	LG11	27367650	27367718	ssa3_72503114_72504399.maf
ssa03	LG11	27367718	27367733	ssa3_72503114_72504399.maf
ssa03	LG11	26330142	26330155	ssa3_73569358_73569820.maf
ssa03	LG11	26330155	26330172	ssa3_73569358_73569820.maf
ssa03	LG11	25502583	25502664	ssa3_74414836_74415462.maf
ssa03	LG11	25502764	25502782	ssa3_74414836_74415462.maf
ssa03	LG11	25503074	25503122	ssa3_74414836_74415462.maf
ssa03	LG11	25335139	25335154	ssa3_74543500_74544219.maf
ssa03	LG11	24814613	24814665	ssa3_74923804_74924206.maf
ssa03	LG03	4881134	4881153	ssa3_7552929_7553771.maf
ssa03	LG03	4881156	4881176	ssa3_7552929_7553771.maf
ssa03	LG03	4881176	4881212	ssa3_7552929_7553771.maf
ssa03	LG11	23279989	23280040	ssa3_76449565_76450122.maf
ssa03	LG11	22667907	22667979	ssa3_77197552_77198844.maf
ssa03	LG11	22533933	22533989	ssa3_77310516_77311554.maf
ssa03	LG11	22106763	22106848	ssa3_77924622_77925612.maf
ssa03	LG11	22106935	22106945	ssa3_77924622_77925612.maf
ssa03	LG11	22107082	22107142	ssa3_77924622_77925612.maf
ssa03	LG11	22107142	22107160	ssa3_77924622_77925612.maf
ssa03	LG11	22071483	22071562	ssa3_77975648_77976300.maf
ssa03	LG11	22053852	22053892	ssa3_78013768_78014960.maf
ssa03	LG11	22053892	22054260	ssa3_78013768_78014960.maf
ssa03	LG11	22054647	22054699	ssa3_78013768_78014960.maf
ssa03	LG11	20237103	20237115	ssa3_81034275_81034533.maf
ssa03	LG11	20237115	20237127	ssa3_81034275_81034533.maf
ssa03	LG11	20237127	20237165	ssa3_81034275_81034533.maf
ssa03	LG11	20237191	20237202	ssa3_81034275_81034533.maf
ssa03	LG11	20237202	20237219	ssa3_81034275_81034533.maf
ssa03	LG11	20237223	20237234	ssa3_81034275_81034533.maf
ssa03	LG11	30837722	30837735	ssa3_81992726_81993176.maf
ssa03	LG11	32201315	32201346	ssa3_83429375_83429858.maf
ssa03	LG11	32201349	32201409	ssa3_83429375_83429858.maf
ssa03	LG11	32201409	32201420	ssa3_83429375_83429858.maf
ssa03	LG11	32362493	32362530	ssa3_83887262_83887723.maf
ssa03	LG11	33295177	33295257	ssa3_85141411_85142109.maf
ssa03	LG11	33295494	33295570	ssa3_85141411_85142109.maf
ssa03	LG11	33757480	33757494	ssa3_85750230_85750993.maf
ssa03	LG11	33757494	33757507	ssa3_85750230_85750993.maf
ssa03	LG11	33757507	33757521	ssa3_85750230_85750993.maf
ssa03	LG11	33757618	33757697	ssa3_85750230_85750993.maf
ssa03	LG11	33757697	33757749	ssa3_85750230_85750993.maf
ssa03	LG11	33757750	33757764	ssa3_85750230_85750993.maf
ssa03	LG11	33784874	33784896	ssa3_85772028_85773127.maf
ssa03	LG11	33784896	33784907	ssa3_85772028_85773127.maf
ssa03	LG11	33784907	33784923	ssa3_85772028_85773127.maf
ssa03	LG11	33784923	33784934	ssa3_85772028_85773127.maf
ssa03	LG11	33784946	33784968	ssa3_85772028_85773127.maf
ssa03	LG11	33785010	33785026	ssa3_85772028_85773127.maf
ssa03	LG11	33785026	33785111	ssa3_85772028_85773127.maf
ssa03	LG11	33785111	33785156	ssa3_85772028_85773127.maf
ssa03	LG11	33786322	33786343	ssa3_85773409_85774105.maf
ssa03	LG11	33786457	33786598	ssa3_85773409_85774105.maf
ssa03	LG11	33845374	33845399	ssa3_85878013_85878551.maf
ssa03	LG11	33845463	33845710	ssa3_85878013_85878551.maf
ssa03	LG11	34721243	34721327	ssa3_87136603_87136885.maf
ssa03	LG11	35051118	35051166	ssa3_87621978_87622801.maf
ssa03	LG11	35098478	35098517	ssa3_87696456_87697731.maf
ssa03	LG11	35098524	35098562	ssa3_87696456_87697731.maf
ssa03	LG11	35098571	35098685	ssa3_87696456_87697731.maf
ssa03	LG11	35100315	35100356	ssa3_87708992_87709367.maf
ssa03	LG11	35100613	35100656	ssa3_87708992_87709367.maf
ssa03	LG11	35100656	35100670	ssa3_87708992_87709367.maf
ssa03	LG11	35100670	35100680	ssa3_87708992_87709367.maf
ssa03	LG11	35100680	35100722	ssa3_87708992_87709367.maf
ssa03	LG11	35358592	35358655	ssa3_88631372_88631834.maf
ssa04	LG25	10238897	10238937	ssa4_10539965_10541067.maf
ssa04	LG25	10239487	10239524	ssa4_10539965_10541067.maf
ssa04	LG25	10239524	10239553	ssa4_10539965_10541067.maf
ssa04	LG25	9963175	9963256	ssa4_11032267_11032662.maf
ssa04	LG25	9649137	9649237	ssa4_11616184_11616808.maf
ssa04	LG25	9255147	9255216	ssa4_12205551_12206090.maf
ssa04	LG25	9168081	9168231	ssa4_12316435_12318492.maf
ssa04	LG25	9168920	9169036	ssa4_12316435_12318492.maf
ssa04	LG25	9169120	9169173	ssa4_12316435_12318492.maf
ssa04	LG25	9169232	9169246	ssa4_12316435_12318492.maf
ssa04	LG25	9169304	9169341	ssa4_12316435_12318492.maf
ssa04	LG25	9169596	9169794	ssa4_12316435_12318492.maf
ssa04	LG25	9149482	9149493	ssa4_12346753_12347559.maf
ssa04	LG25	9061999	9062038	ssa4_12475356_12476472.maf
ssa04	LG25	9062038	9062065	ssa4_12475356_12476472.maf
ssa04	LG25	9062065	9062079	ssa4_12475356_12476472.maf
ssa04	LG25	8682743	8682776	ssa4_13150803_13151364.maf
ssa04	LG25	8111405	8111445	ssa4_13979562_13979818.maf
ssa04	LG25	8111500	8111553	ssa4_13979562_13979818.maf
ssa04	LG25	8111592	8111619	ssa4_13979562_13979818.maf
ssa04	LG25	8026903	8026983	ssa4_14093131_14093539.maf
ssa04	LG25	8026983	8027020	ssa4_14093131_14093539.maf
ssa04	LG25	8027020	8027044	ssa4_14093131_14093539.maf
ssa04	LG25	8027044	8027055	ssa4_14093131_14093539.maf
ssa04	LG25	8027061	8027080	ssa4_14093131_14093539.maf
ssa04	LG25	8006746	8006794	ssa4_14120490_14120690.maf
ssa04	LG25	7497494	7497564	ssa4_14809322_14809774.maf
ssa04	LG25	7497576	7497602	ssa4_14809322_14809774.maf
ssa04	LG25	7497602	7497634	ssa4_14809322_14809774.maf
ssa04	LG25	7463278	7463295	ssa4_14856649_14856864.maf
ssa04	LG25	7463343	7463379	ssa4_14856649_14856864.maf
ssa04	LG25	7408892	7408918	ssa4_14916714_14917506.maf
ssa04	LG25	7295794	7295825	ssa4_15114078_15114604.maf
ssa04	LG25	7295825	7295875	ssa4_15114078_15114604.maf
ssa04	LG25	7295888	7295898	ssa4_15114078_15114604.maf
ssa04	LG25	6530849	6530905	ssa4_16253811_16254785.maf
ssa04	LG25	6530905	6530946	ssa4_16253811_16254785.maf
ssa04	LG25	12848784	12848901	ssa4_17865202_17865670.maf
ssa04	LG25	13355935	13355955	ssa4_20761420_20761708.maf
ssa04	LG25	14249092	14249162	ssa4_22635412_22635774.maf
ssa04	LG25	14249182	14249207	ssa4_22635412_22635774.maf
ssa04	LG25	14249207	14249218	ssa4_22635412_22635774.maf
ssa04	LG25	14280271	14280281	ssa4_22674258_22675005.maf
ssa04	LG25	14280414	14280447	ssa4_22674258_22675005.maf
ssa04	LG25	14305105	14305124	ssa4_22702031_22702500.maf
ssa04	LG25	14305130	14305140	ssa4_22702031_22702500.maf
ssa04	LG25	14305142	14305282	ssa4_22702031_22702500.maf
ssa04	LG25	14308599	14308666	ssa4_22712399_22713073.maf
ssa04	LG25	14331729	14331876	ssa4_22732941_22733872.maf
ssa04	LG25	16555777	16555803	ssa4_25812107_25813055.maf
ssa04	LG25	16555803	16555816	ssa4_25812107_25813055.maf
ssa04	LG25	16555820	16555841	ssa4_25812107_25813055.maf
ssa04	LG25	16601895	16601963	ssa4_25860741_25861245.maf
ssa04	LG25	16601963	16602007	ssa4_25860741_25861245.maf
ssa04	LG25	16602066	16602120	ssa4_25860741_25861245.maf
ssa04	LG25	16602120	16602138	ssa4_25860741_25861245.maf
ssa04	LG25	16610149	16610229	ssa4_25863917_25864336.maf
ssa04	LG25	16610255	16610266	ssa4_25863917_25864336.maf
ssa04	LG25	16610274	16610365	ssa4_25863917_25864336.maf
ssa04	LG25	17282515	17282580	ssa4_26237522_26238174.maf
ssa04	LG25	17282844	17282955	ssa4_26237522_26238174.maf
ssa04	LG25	17599754	17599835	ssa4_26456237_26456710.maf
ssa04	LG25	17776940	17777013	ssa4_26667774_26668581.maf
ssa04	LG25	17777114	17777144	ssa4_26667774_26668581.maf
ssa04	LG25	17777194	17777210	ssa4_26667774_26668581.maf
ssa04	LG25	18077765	18077826	ssa4_27035222_27036032.maf
ssa04	LG25	18077826	18077841	ssa4_27035222_27036032.maf
ssa04	LG25	18077844	18077884	ssa4_27035222_27036032.maf
ssa04	LG25	18077890	18077953	ssa4_27035222_27036032.maf
ssa04	LG25	18078207	18078266	ssa4_27035222_27036032.maf
ssa04	LG25	18078266	18078289	ssa4_27035222_27036032.maf
ssa04	LG25	18078306	18078340	ssa4_27035222_27036032.maf
ssa04	LG25	18087479	18087625	ssa4_27042329_27042865.maf
ssa04	LG25	18087640	18087677	ssa4_27042329_27042865.maf
ssa04	LG25	18088550	18088638	ssa4_27042329_27042865.maf
ssa04	LG25	18088647	18088671	ssa4_27042329_27042865.maf
ssa04	LG25	18088671	18088719	ssa4_27042329_27042865.maf
ssa04	LG25	18088732	18088746	ssa4_27042329_27042865.maf
ssa04	LG25	18088746	18088781	ssa4_27042329_27042865.maf
ssa04	LG25	18088781	18088804	ssa4_27042329_27042865.maf
ssa04	LG25	19493156	19493178	ssa4_28000767_28001332.maf
ssa04	LG25	19493178	19493251	ssa4_28000767_28001332.maf
ssa04	LG25	21909583	21909603	ssa4_29511500_29512343.maf
ssa04	LG25	21909603	21909706	ssa4_29511500_29512343.maf
ssa04	LG07	48671955	48672000	ssa4_35353551_35354283.maf
ssa04	LG07	48672000	48672072	ssa4_35353551_35354283.maf
ssa04	LG07	42531778	42531795	ssa4_37411662_37412037.maf
ssa04	LG07	42531795	42531831	ssa4_37411662_37412037.maf
ssa04	LG07	42531831	42531841	ssa4_37411662_37412037.maf
ssa04	LG07	43636351	43636368	ssa4_38370205_38370947.maf
ssa04	LG07	43636368	43636398	ssa4_38370205_38370947.maf
ssa04	LG07	41481469	41481530	ssa4_38867654_38867979.maf
ssa04	LG07	41168443	41168490	ssa4_39079913_39080677.maf
ssa04	LG07	40698050	40698060	ssa4_39625629_39625973.maf
ssa04	LG07	40698065	40698106	ssa4_39625629_39625973.maf
ssa04	LG07	40604357	40604384	ssa4_39708522_39709248.maf
ssa04	LG07	40604384	40604423	ssa4_39708522_39709248.maf
ssa04	LG07	40604423	40604434	ssa4_39708522_39709248.maf
ssa04	LG07	40604553	40604643	ssa4_39708522_39709248.maf
ssa04	LG07	40569189	40569201	ssa4_39744249_39744932.maf
ssa04	LG07	39893339	39893350	ssa4_40671138_40671600.maf
ssa04	LG07	39893414	39893426	ssa4_40671138_40671600.maf
ssa04	LG07	39893546	39893566	ssa4_40671138_40671600.maf
ssa04	LG07	39893566	39893579	ssa4_40671138_40671600.maf
ssa04	LG07	39811783	39811908	ssa4_40781487_40782423.maf
ssa04	LG07	39811908	39811920	ssa4_40781487_40782423.maf
ssa04	LG07	39811920	39811949	ssa4_40781487_40782423.maf
ssa04	LG07	39221752	39221782	ssa4_41387278_41388218.maf
ssa04	LG07	39221782	39221805	ssa4_41387278_41388218.maf
ssa04	LG07	39152589	39152620	ssa4_41446351_41446876.maf
ssa04	LG07	39152727	39152818	ssa4_41446351_41446876.maf
ssa04	LG07	39144661	39144703	ssa4_41459605_41460295.maf
ssa04	LG07	39144703	39144729	ssa4_41459605_41460295.maf
ssa04	LG07	39074148	39074203	ssa4_41609525_41610587.maf
ssa04	LG07	39074203	39074249	ssa4_41609525_41610587.maf
ssa04	LG07	39074629	39074768	ssa4_41609525_41610587.maf
ssa04	LG07	38819086	38819110	ssa4_41779620_41780176.maf
ssa04	LG07	38819110	38819178	ssa4_41779620_41780176.maf
ssa04	LG07	38545826	38545924	ssa4_42094531_42094847.maf
ssa04	LG07	38505414	38505452	ssa4_42137109_42137518.maf
ssa04	LG07	38505452	38505465	ssa4_42137109_42137518.maf
ssa04	LG07	38505465	38505478	ssa4_42137109_42137518.maf
ssa04	LG07	38463114	38463200	ssa4_42198135_42199246.maf
ssa04	LG07	38455617	38455701	ssa4_42207878_42208462.maf
ssa04	LG07	38397863	38397917	ssa4_42256599_42257326.maf
ssa04	LG07	38383833	38383865	ssa4_42259010_42260330.maf
ssa04	LG07	38383867	38383878	ssa4_42259010_42260330.maf
ssa04	LG07	38383932	38383942	ssa4_42259010_42260330.maf
ssa04	LG07	38383981	38384066	ssa4_42259010_42260330.maf
ssa04	LG07	38381460	38381488	ssa4_42265570_42266392.maf
ssa04	LG07	38381488	38381524	ssa4_42265570_42266392.maf
ssa04	LG07	38381527	38381609	ssa4_42265570_42266392.maf
ssa04	LG07	38381614	38381634	ssa4_42265570_42266392.maf
ssa04	LG07	38381638	38381658	ssa4_42265570_42266392.maf
ssa04	LG07	38381668	38381690	ssa4_42265570_42266392.maf
ssa04	LG07	38381734	38381824	ssa4_42265570_42266392.maf
ssa04	LG07	38381824	38381835	ssa4_42265570_42266392.maf
ssa04	LG07	38381844	38381858	ssa4_42265570_42266392.maf
ssa04	LG07	38381969	38381986	ssa4_42265570_42266392.maf
ssa04	LG07	38382006	38382023	ssa4_42265570_42266392.maf
ssa04	LG07	38380503	38380529	ssa4_42266722_42267416.maf
ssa04	LG07	38041266	38041315	ssa4_42567671_42568258.maf
ssa04	LG07	38041315	38041347	ssa4_42567671_42568258.maf
ssa04	LG07	37633382	37633455	ssa4_43030565_43032048.maf
ssa04	LG07	37633503	37633516	ssa4_43030565_43032048.maf
ssa04	LG07	37298426	37298446	ssa4_43393068_43393617.maf
ssa04	LG07	37147879	37147946	ssa4_43515902_43516642.maf
ssa04	LG07	37148037	37148051	ssa4_43515902_43516642.maf
ssa04	LG07	37148068	37148138	ssa4_43515902_43516642.maf
ssa04	LG07	37148138	37148155	ssa4_43515902_43516642.maf
ssa04	LG07	37148155	37148165	ssa4_43515902_43516642.maf
ssa04	LG07	37013805	37013833	ssa4_43658043_43658854.maf
ssa04	LG07	37013833	37013876	ssa4_43658043_43658854.maf
ssa04	LG07	36373962	36373982	ssa4_44362747_44363412.maf
ssa04	LG07	36373986	36373997	ssa4_44362747_44363412.maf
ssa04	LG07	36374003	36374020	ssa4_44362747_44363412.maf
ssa04	LG07	36374028	36374080	ssa4_44362747_44363412.maf
ssa04	LG07	36374080	36374101	ssa4_44362747_44363412.maf
ssa04	LG07	36374106	36374121	ssa4_44362747_44363412.maf
ssa04	LG07	36374121	36374166	ssa4_44362747_44363412.maf
ssa04	LG07	36374169	36374195	ssa4_44362747_44363412.maf
ssa04	LG07	35685303	35685317	ssa4_45029203_45030704.maf
ssa04	LG07	35685317	35685405	ssa4_45029203_45030704.maf
ssa04	LG07	35685405	35685454	ssa4_45029203_45030704.maf
ssa04	LG07	35685454	35685510	ssa4_45029203_45030704.maf
ssa04	LG07	35685510	35685595	ssa4_45029203_45030704.maf
ssa04	LG07	35685595	35685636	ssa4_45029203_45030704.maf
ssa04	LG07	35685653	35685672	ssa4_45029203_45030704.maf
ssa04	LG07	35685694	35685706	ssa4_45029203_45030704.maf
ssa04	LG07	35685706	35685746	ssa4_45029203_45030704.maf
ssa04	LG07	35685746	35685760	ssa4_45029203_45030704.maf
ssa04	LG07	35685763	35685846	ssa4_45029203_45030704.maf
ssa04	LG07	35671927	35671950	ssa4_45036392_45036876.maf
ssa04	LG07	35671958	35672002	ssa4_45036392_45036876.maf
ssa04	LG07	35559226	35559240	ssa4_45162702_45163666.maf
ssa04	LG07	35558083	35558221	ssa4_45166040_45166497.maf
ssa04	LG07	35558224	35558246	ssa4_45166040_45166497.maf
ssa04	LG07	35384125	35384187	ssa4_45523867_45524519.maf
ssa04	LG07	35260771	35260806	ssa4_45664246_45665041.maf
ssa04	LG07	34836648	34836729	ssa4_46219008_46220666.maf
ssa04	LG07	34836729	34836780	ssa4_46219008_46220666.maf
ssa04	LG07	34837204	34837222	ssa4_46219008_46220666.maf
ssa04	LG07	34837268	34837285	ssa4_46219008_46220666.maf
ssa04	LG07	34837440	34837475	ssa4_46219008_46220666.maf
ssa04	LG07	34749479	34749492	ssa4_46325785_46326964.maf
ssa04	LG07	34406190	34406266	ssa4_46863858_46864761.maf
ssa04	LG07	34406266	34406471	ssa4_46863858_46864761.maf
ssa04	LG07	34314266	34314305	ssa4_47027290_47028223.maf
ssa04	LG07	34314330	34314351	ssa4_47027290_47028223.maf
ssa04	LG07	34236599	34236715	ssa4_47168317_47168743.maf
ssa04	LG07	34189144	34189246	ssa4_47206100_47206771.maf
ssa04	LG07	33986289	33986400	ssa4_47445000_47445190.maf
ssa04	LG07	33924470	33924516	ssa4_47540068_47540843.maf
ssa04	LG07	33894564	33894644	ssa4_47573585_47574256.maf
ssa04	LG07	33894644	33894679	ssa4_47573585_47574256.maf
ssa04	LG07	33890817	33890855	ssa4_47582583_47583218.maf
ssa04	LG07	33890915	33890925	ssa4_47582583_47583218.maf
ssa04	LG07	30997054	30997065	ssa4_50773986_50774345.maf
ssa04	LG07	30994132	30994228	ssa4_50774772_50775583.maf
ssa04	LG07	30994307	30994398	ssa4_50774772_50775583.maf
ssa04	LG07	30988559	30988632	ssa4_50779862_50780261.maf
ssa04	LG07	30988657	30988685	ssa4_50779862_50780261.maf
ssa04	LG07	30584973	30584987	ssa4_51266914_51267704.maf
ssa04	LG07	30584987	30585019	ssa4_51266914_51267704.maf
ssa04	LG07	30379764	30379824	ssa4_51539947_51540364.maf
ssa04	LG07	30379824	30379848	ssa4_51539947_51540364.maf
ssa04	LG07	30379853	30379906	ssa4_51539947_51540364.maf
ssa04	LG07	30217159	30217200	ssa4_51694314_51695593.maf
ssa04	LG07	30217200	30217274	ssa4_51694314_51695593.maf
ssa04	LG07	30217274	30217328	ssa4_51694314_51695593.maf
ssa04	LG07	30193318	30193328	ssa4_51704890_51705406.maf
ssa04	LG07	30193429	30193487	ssa4_51704890_51705406.maf
ssa04	LG07	30039698	30039837	ssa4_51874782_51875226.maf
ssa04	LG07	30039858	30039971	ssa4_51874782_51875226.maf
ssa04	LG07	30039971	30039995	ssa4_51874782_51875226.maf
ssa04	LG07	30035501	30035604	ssa4_51877087_51877551.maf
ssa04	LG07	30035637	30035686	ssa4_51877087_51877551.maf
ssa04	LG07	30035686	30035710	ssa4_51877087_51877551.maf
ssa04	LG07	29536084	29536096	ssa4_52508796_52509504.maf
ssa04	LG07	29536098	29536118	ssa4_52508796_52509504.maf
ssa04	LG07	29536210	29536221	ssa4_52508796_52509504.maf
ssa04	LG07	29454532	29454607	ssa4_52660115_52660716.maf
ssa04	LG07	28299617	28299689	ssa4_54065279_54065718.maf
ssa04	LG07	27988227	27988317	ssa4_54481218_54482046.maf
ssa04	LG07	27988324	27988339	ssa4_54481218_54482046.maf
ssa04	LG07	27817084	27817192	ssa4_54660864_54661273.maf
ssa04	LG07	27378846	27378877	ssa4_55318216_55319467.maf
ssa04	LG07	27378891	27378904	ssa4_55318216_55319467.maf
ssa04	LG07	27378905	27378918	ssa4_55318216_55319467.maf
ssa04	LG07	27378918	27378998	ssa4_55318216_55319467.maf
ssa04	LG07	27378998	27379018	ssa4_55318216_55319467.maf
ssa04	LG07	27379018	27379031	ssa4_55318216_55319467.maf
ssa04	LG07	27379031	27379131	ssa4_55318216_55319467.maf
ssa04	LG07	27379132	27379142	ssa4_55318216_55319467.maf
ssa04	LG07	27379149	27379202	ssa4_55318216_55319467.maf
ssa04	LG07	27337527	27337581	ssa4_55361474_55362403.maf
ssa04	LG07	27337581	27337602	ssa4_55361474_55362403.maf
ssa04	LG07	27337612	27337624	ssa4_55361474_55362403.maf
ssa04	LG07	27337632	27337659	ssa4_55361474_55362403.maf
ssa04	LG07	27338132	27338186	ssa4_55361474_55362403.maf
ssa04	LG07	27338186	27338292	ssa4_55361474_55362403.maf
ssa04	LG07	27338295	27338324	ssa4_55361474_55362403.maf
ssa04	LG07	27338340	27338368	ssa4_55361474_55362403.maf
ssa04	LG07	27338377	27338392	ssa4_55361474_55362403.maf
ssa04	LG07	27288676	27288732	ssa4_55414652_55414997.maf
ssa04	LG07	27078657	27078683	ssa4_55657992_55658506.maf
ssa04	LG07	27078714	27078772	ssa4_55657992_55658506.maf
ssa04	LG07	26918201	26918385	ssa4_55913300_55914117.maf
ssa04	LG07	26918393	26918434	ssa4_55913300_55914117.maf
ssa04	LG07	26918434	26918469	ssa4_55913300_55914117.maf
ssa04	LG07	26918497	26918507	ssa4_55913300_55914117.maf
ssa04	LG07	26918507	26918524	ssa4_55913300_55914117.maf
ssa04	LG07	26918528	26918540	ssa4_55913300_55914117.maf
ssa04	LG07	26918545	26918578	ssa4_55913300_55914117.maf
ssa04	LG07	26918578	26918591	ssa4_55913300_55914117.maf
ssa04	LG07	26918591	26918613	ssa4_55913300_55914117.maf
ssa04	LG07	26834370	26834449	ssa4_56077411_56078161.maf
ssa04	LG07	26834452	26834469	ssa4_56077411_56078161.maf
ssa04	LG07	26704774	26704860	ssa4_56265469_56265698.maf
ssa04	LG07	26704860	26704906	ssa4_56265469_56265698.maf
ssa04	LG07	26698407	26698472	ssa4_56282827_56283550.maf
ssa04	LG07	26698472	26698482	ssa4_56282827_56283550.maf
ssa04	LG07	26698482	26698540	ssa4_56282827_56283550.maf
ssa04	LG07	26695035	26695064	ssa4_56287525_56288490.maf
ssa04	LG07	26662843	26662853	ssa4_56300158_56300460.maf
ssa04	LG07	26662853	26662868	ssa4_56300158_56300460.maf
ssa04	LG07	26662868	26662940	ssa4_56300158_56300460.maf
ssa04	LG07	26526383	26526450	ssa4_56539463_56540650.maf
ssa04	LG07	26430684	26430717	ssa4_56674355_56674525.maf
ssa04	LG07	26315668	26315742	ssa4_56864668_56865435.maf
ssa04	LG07	26315748	26315758	ssa4_56864668_56865435.maf
ssa04	LG07	26315758	26315770	ssa4_56864668_56865435.maf
ssa04	LG07	26315770	26315804	ssa4_56864668_56865435.maf
ssa04	LG07	14209654	14209749	ssa4_58649318_58649887.maf
ssa04	LG07	14371032	14371097	ssa4_58827359_58827988.maf
ssa04	LG07	14417797	14417914	ssa4_58871731_58872660.maf
ssa04	LG07	14510084	14510198	ssa4_58997679_58998476.maf
ssa04	LG07	14984951	14985005	ssa4_59736246_59736589.maf
ssa04	LG07	15041071	15041082	ssa4_59808524_59809216.maf
ssa04	LG07	15235928	15235948	ssa4_60074667_60074990.maf
ssa04	LG07	15235948	15236003	ssa4_60074667_60074990.maf
ssa04	LG07	15527033	15527052	ssa4_60503546_60504647.maf
ssa04	LG07	15527401	15527418	ssa4_60503546_60504647.maf
ssa04	LG07	15527491	15527528	ssa4_60503546_60504647.maf
ssa04	LG07	15527590	15527600	ssa4_60503546_60504647.maf
ssa04	LG07	15807630	15807668	ssa4_60986954_60987307.maf
ssa04	LG07	15913360	15913377	ssa4_61140856_61141344.maf
ssa04	LG07	15913385	15913412	ssa4_61140856_61141344.maf
ssa04	LG07	15913412	15913426	ssa4_61140856_61141344.maf
ssa04	LG07	15913428	15913454	ssa4_61140856_61141344.maf
ssa04	LG07	16746929	16746939	ssa4_62251955_62252470.maf
ssa04	LG07	16747129	16747161	ssa4_62251955_62252470.maf
ssa04	LG07	16747226	16747306	ssa4_62251955_62252470.maf
ssa04	LG07	16747306	16747465	ssa4_62251955_62252470.maf
ssa04	LG07	16747486	16747496	ssa4_62251955_62252470.maf
ssa04	LG07	16825939	16825956	ssa4_62345968_62346293.maf
ssa04	LG07	16825956	16826004	ssa4_62345968_62346293.maf
ssa04	LG07	16826018	16826110	ssa4_62345968_62346293.maf
ssa04	LG07	17092088	17092187	ssa4_62690902_62691583.maf
ssa04	LG07	17469733	17469776	ssa4_63373824_63374962.maf
ssa04	LG07	17469776	17469860	ssa4_63373824_63374962.maf
ssa04	LG07	17946355	17946432	ssa4_64156840_64158025.maf
ssa04	LG07	18268303	18268321	ssa4_64586978_64587457.maf
ssa04	LG07	18268321	18268332	ssa4_64586978_64587457.maf
ssa04	LG07	18268334	18268347	ssa4_64586978_64587457.maf
ssa04	LG07	18268468	18268535	ssa4_64586978_64587457.maf
ssa04	LG07	18753706	18753754	ssa4_65202320_65202520.maf
ssa04	LG07	18753754	18753767	ssa4_65202320_65202520.maf
ssa04	LG07	18753775	18753798	ssa4_65202320_65202520.maf
ssa04	LG07	19541836	19541902	ssa4_66070232_66070659.maf
ssa04	LG07	19542076	19542154	ssa4_66070232_66070659.maf
ssa04	LG07	19645371	19645476	ssa4_66181457_66182353.maf
ssa04	LG07	20487363	20487424	ssa4_67328397_67329193.maf
ssa04	LG07	20545665	20545751	ssa4_67386684_67387055.maf
ssa04	LG07	20545759	20545775	ssa4_67386684_67387055.maf
ssa04	LG07	20546302	20546318	ssa4_67387432_67387670.maf
ssa04	LG07	20546321	20546349	ssa4_67387432_67387670.maf
ssa04	LG07	20546349	20546427	ssa4_67387432_67387670.maf
ssa04	LG07	21347027	21347043	ssa4_68504355_68505520.maf
ssa04	LG07	21347047	21347083	ssa4_68504355_68505520.maf
ssa04	LG07	21353323	21353407	ssa4_68537191_68537551.maf
ssa04	LG07	21651559	21651585	ssa4_68961496_68961999.maf
ssa04	LG07	22446704	22446726	ssa4_70182504_70183257.maf
ssa04	LG07	23027632	23027718	ssa4_71052738_71053288.maf
ssa04	LG07	23207303	23207348	ssa4_71395112_71396454.maf
ssa04	LG07	23208090	23208101	ssa4_71395112_71396454.maf
ssa04	LG07	23802310	23802399	ssa4_72097641_72099186.maf
ssa04	LG07	23802411	23802488	ssa4_72097641_72099186.maf
ssa04	LG07	23802488	23802500	ssa4_72097641_72099186.maf
ssa04	LG07	23889208	23889351	ssa4_72327325_72327923.maf
ssa04	LG07	24192330	24192507	ssa4_72798075_72798767.maf
ssa04	LG07	24494210	24494235	ssa4_73208400_73208784.maf
ssa04	LG07	24541978	24542019	ssa4_73263645_73264576.maf
ssa04	LG07	24542019	24542066	ssa4_73263645_73264576.maf
ssa04	LG07	24565021	24565062	ssa4_73301988_73302778.maf
ssa04	LG07	24565062	24565094	ssa4_73301988_73302778.maf
ssa04	LG07	24565094	24565129	ssa4_73301988_73302778.maf
ssa04	LG07	24565200	24565211	ssa4_73301988_73302778.maf
ssa04	LG07	24565211	24565248	ssa4_73301988_73302778.maf
ssa04	LG07	24933966	24933992	ssa4_73912017_73912631.maf
ssa04	LG07	24933992	24934021	ssa4_73912017_73912631.maf
ssa04	LG07	25505875	25505885	ssa4_74998222_74998936.maf
ssa04	LG07	25505885	25505944	ssa4_74998222_74998936.maf
ssa04	LG07	7502357	7502484	ssa4_75529058_75529906.maf
ssa04	LG07	7502488	7502498	ssa4_75529058_75529906.maf
ssa04	LG07	7479426	7479501	ssa4_75561482_75562236.maf
ssa04	LG07	7267897	7267955	ssa4_75861521_75861961.maf
ssa04	LG07	7243847	7243896	ssa4_75902054_75902414.maf
ssa04	LG07	7222402	7222429	ssa4_75924115_75924817.maf
ssa04	LG07	7222641	7222735	ssa4_75924115_75924817.maf
ssa04	LG07	7222735	7222747	ssa4_75924115_75924817.maf
ssa04	LG07	7222843	7222883	ssa4_75924115_75924817.maf
ssa04	LG07	7222883	7222932	ssa4_75924115_75924817.maf
ssa04	LG07	7164808	7164842	ssa4_75968487_75969092.maf
ssa04	LG07	7164842	7164894	ssa4_75968487_75969092.maf
ssa04	LG07	6869937	6869977	ssa4_76222219_76222766.maf
ssa04	LG07	6910716	6910745	ssa4_76235853_76236653.maf
ssa04	LG07	6941785	6941836	ssa4_76273634_76274968.maf
ssa04	LG07	6941836	6941852	ssa4_76273634_76274968.maf
ssa04	LG07	6941852	6942008	ssa4_76273634_76274968.maf
ssa04	LG07	6620603	6620711	ssa4_76733485_76734269.maf
ssa04	LG07	6621838	6621898	ssa4_76733485_76734269.maf
ssa04	LG07	6616387	6616438	ssa4_76740284_76741009.maf
ssa04	LG07	6555409	6555503	ssa4_76844639_76845576.maf
ssa04	LG07	6423651	6423672	ssa4_77092172_77093152.maf
ssa04	LG07	5930884	5930932	ssa4_77807620_77808659.maf
ssa04	LG07	5714268	5714284	ssa4_78087006_78088205.maf
ssa04	LG07	5714325	5714335	ssa4_78087006_78088205.maf
ssa04	LG07	5714794	5714830	ssa4_78087006_78088205.maf
ssa04	LG07	5634573	5634621	ssa4_78151835_78152820.maf
ssa04	LG07	5635591	5635659	ssa4_78151835_78152820.maf
ssa04	LG07	4307021	4307118	ssa4_80440941_80442381.maf
ssa04	LG07	4307174	4307213	ssa4_80440941_80442381.maf
ssa04	LG07	4307280	4307350	ssa4_80440941_80442381.maf
ssa04	LG07	4307831	4307876	ssa4_80440941_80442381.maf
ssa04	LG07	3751950	3752024	ssa4_81242091_81242913.maf
ssa04	LG25	10989126	10989178	ssa4_8886253_8886922.maf
ssa04	LG25	10989178	10989188	ssa4_8886253_8886922.maf
ssa04	LG25	10989188	10989214	ssa4_8886253_8886922.maf
ssa04	LG25	10989214	10989226	ssa4_8886253_8886922.maf
ssa04	LG25	10989226	10989238	ssa4_8886253_8886922.maf
ssa05	LG04	22071249	22071259	ssa5_10040589_10041145.maf
ssa05	LG04	22071259	22071307	ssa5_10040589_10041145.maf
ssa05	LG04	21357057	21357081	ssa5_11159592_11160265.maf
ssa05	LG04	21271676	21271700	ssa5_11382892_11383731.maf
ssa05	LG04	21271700	21271788	ssa5_11382892_11383731.maf
ssa05	LG04	21272071	21272109	ssa5_11382892_11383731.maf
ssa05	LG04	21272119	21272183	ssa5_11382892_11383731.maf
ssa05	LG04	21272183	21272269	ssa5_11382892_11383731.maf
ssa05	LG04	21272270	21272289	ssa5_11382892_11383731.maf
ssa05	LG04	21158338	21158352	ssa5_11627755_11628558.maf
ssa05	LG04	21158355	21158365	ssa5_11627755_11628558.maf
ssa05	LG04	21158365	21158412	ssa5_11627755_11628558.maf
ssa05	LG04	21158412	21158452	ssa5_11627755_11628558.maf
ssa05	LG04	20992051	20992092	ssa5_11986021_11986352.maf
ssa05	LG04	20992157	20992171	ssa5_11986021_11986352.maf
ssa05	LG04	20493972	20493982	ssa5_12901848_12902364.maf
ssa05	LG04	20493982	20494022	ssa5_12901848_12902364.maf
ssa05	LG04	20462722	20462797	ssa5_12977086_12978066.maf
ssa05	LG04	20375583	20375611	ssa5_13193611_13194346.maf
ssa05	LG04	20375613	20375644	ssa5_13193611_13194346.maf
ssa05	LG04	20376309	20376349	ssa5_13193611_13194346.maf
ssa05	LG04	20376349	20376371	ssa5_13193611_13194346.maf
ssa05	LG04	20327144	20327159	ssa5_13273231_13274986.maf
ssa05	LG04	20328195	20328262	ssa5_13273231_13274986.maf
ssa05	LG04	20312743	20312769	ssa5_13310852_13312130.maf
ssa05	LG04	18247754	18247802	ssa5_14748599_14750124.maf
ssa05	LG04	18247807	18247819	ssa5_14748599_14750124.maf
ssa05	LG04	18248051	18248075	ssa5_14748599_14750124.maf
ssa05	LG04	18248520	18248556	ssa5_14748599_14750124.maf
ssa05	LG04	18301381	18301396	ssa5_14912085_14913622.maf
ssa05	LG04	18543863	18543879	ssa5_15461191_15461528.maf
ssa05	LG04	18689580	18689622	ssa5_15829651_15830063.maf
ssa05	LG04	18691456	18691511	ssa5_15838948_15839214.maf
ssa05	LG04	18691521	18691567	ssa5_15838948_15839214.maf
ssa05	LG04	18892484	18892592	ssa5_16158396_16159097.maf
ssa05	LG04	19271182	19271198	ssa5_16886062_16886761.maf
ssa05	LG04	19271198	19271209	ssa5_16886062_16886761.maf
ssa05	LG04	19271209	19271221	ssa5_16886062_16886761.maf
ssa05	LG04	19271235	19271248	ssa5_16886062_16886761.maf
ssa05	LG04	19271248	19271312	ssa5_16886062_16886761.maf
ssa05	LG04	19271651	19271745	ssa5_16886062_16886761.maf
ssa05	LG04	19271747	19271761	ssa5_16886062_16886761.maf
ssa05	LG04	19704011	19704101	ssa5_17564018_17566238.maf
ssa05	LG04	17832824	17832865	ssa5_17871165_17871796.maf
ssa05	LG04	17832973	17832983	ssa5_17871165_17871796.maf
ssa05	LG04	17832983	17833038	ssa5_17871165_17871796.maf
ssa05	LG04	17833038	17833107	ssa5_17871165_17871796.maf
ssa05	LG04	17833107	17833184	ssa5_17871165_17871796.maf
ssa05	LG04	17345473	17345558	ssa5_18570407_18571025.maf
ssa05	LG04	17339768	17339848	ssa5_18586975_18587749.maf
ssa05	LG04	29196863	29196925	ssa5_22325910_22326748.maf
ssa05	LG04	29197161	29197306	ssa5_22325910_22326748.maf
ssa05	LG04	29250008	29250021	ssa5_22400092_22400767.maf
ssa05	LG04	29250056	29250066	ssa5_22400092_22400767.maf
ssa05	LG04	29136111	29136183	ssa5_22923728_22924522.maf
ssa05	LG04	29035228	29035310	ssa5_23017086_23017499.maf
ssa05	LG04	27967605	27967634	ssa5_23841824_23842527.maf
ssa05	LG04	27954712	27954738	ssa5_23883826_23884274.maf
ssa05	LG04	27954970	27954998	ssa5_23883826_23884274.maf
ssa05	LG04	27955002	27955013	ssa5_23883826_23884274.maf
ssa05	LG04	27949830	27949840	ssa5_23890747_23891207.maf
ssa05	LG04	27449934	27449946	ssa5_24421798_24422480.maf
ssa05	LG04	27449950	27449963	ssa5_24421798_24422480.maf
ssa05	LG04	27449990	27450056	ssa5_24421798_24422480.maf
ssa05	LG04	27450056	27450111	ssa5_24421798_24422480.maf
ssa05	LG04	27407057	27407096	ssa5_24449537_24450412.maf
ssa05	LG04	27407096	27407107	ssa5_24449537_24450412.maf
ssa05	LG04	27407114	27407126	ssa5_24449537_24450412.maf
ssa05	LG04	27407147	27407168	ssa5_24449537_24450412.maf
ssa05	LG04	27387937	27387947	ssa5_24469186_24470173.maf
ssa05	LG04	27387983	27388003	ssa5_24469186_24470173.maf
ssa05	LG04	27388163	27388181	ssa5_24469186_24470173.maf
ssa05	LG04	27388181	27388283	ssa5_24469186_24470173.maf
ssa05	LG04	27252828	27252839	ssa5_24577175_24577570.maf
ssa05	LG04	27252842	27252873	ssa5_24577175_24577570.maf
ssa05	LG04	27252928	27252941	ssa5_24577175_24577570.maf
ssa05	LG04	27249135	27249149	ssa5_24580857_24581440.maf
ssa05	LG04	27240649	27240785	ssa5_24596421_24597152.maf
ssa05	LG04	27230113	27230126	ssa5_24611211_24611923.maf
ssa05	LG04	27230183	27230271	ssa5_24611211_24611923.maf
ssa05	LG04	26555024	26555114	ssa5_25306528_25307445.maf
ssa05	LG04	26555438	26555480	ssa5_25306528_25307445.maf
ssa05	LG04	26555480	26555520	ssa5_25306528_25307445.maf
ssa05	LG04	26555520	26555569	ssa5_25306528_25307445.maf
ssa05	LG04	26555608	26555621	ssa5_25306528_25307445.maf
ssa05	LG04	26479881	26479992	ssa5_25389105_25389502.maf
ssa05	LG04	26390466	26390517	ssa5_25577901_25578766.maf
ssa05	LG04	25726848	25726859	ssa5_26188436_26189013.maf
ssa05	LG04	25708230	25708247	ssa5_26210109_26210476.maf
ssa05	LG04	8445652	8445686	ssa5_27273374_27273963.maf
ssa05	LG04	8445686	8445715	ssa5_27273374_27273963.maf
ssa05	LG04	8386933	8387038	ssa5_27373746_27374080.maf
ssa05	LG04	8144037	8144080	ssa5_27790314_27791123.maf
ssa05	LG04	7885169	7885262	ssa5_28140973_28141495.maf
ssa05	LG04	7635124	7635193	ssa5_28420470_28421031.maf
ssa05	LG04	7451061	7451076	ssa5_28659614_28659865.maf
ssa05	LG04	7451076	7451091	ssa5_28659614_28659865.maf
ssa05	LG04	7451091	7451101	ssa5_28659614_28659865.maf
ssa05	LG04	7451102	7451157	ssa5_28659614_28659865.maf
ssa05	LG04	7240544	7240586	ssa5_28939529_28940660.maf
ssa05	LG04	7240586	7240644	ssa5_28939529_28940660.maf
ssa05	LG04	7240644	7240694	ssa5_28939529_28940660.maf
ssa05	LG04	7240759	7240779	ssa5_28939529_28940660.maf
ssa05	LG04	7240779	7240836	ssa5_28939529_28940660.maf
ssa05	LG04	6343252	6343275	ssa5_30107708_30108125.maf
ssa05	LG04	5807241	5807299	ssa5_30850546_30851313.maf
ssa05	LG04	5807299	5807311	ssa5_30850546_30851313.maf
ssa05	LG04	5792803	5792886	ssa5_30901943_30902523.maf
ssa05	LG04	5792886	5792915	ssa5_30901943_30902523.maf
ssa05	LG04	5786690	5786704	ssa5_31042171_31042961.maf
ssa05	LG04	5786704	5786739	ssa5_31042171_31042961.maf
ssa05	LG04	5786741	5786772	ssa5_31042171_31042961.maf
ssa05	LG04	5787200	5787244	ssa5_31042171_31042961.maf
ssa05	LG04	5787251	5787276	ssa5_31042171_31042961.maf
ssa05	LG04	5787276	5787329	ssa5_31042171_31042961.maf
ssa05	LG04	5731625	5731729	ssa5_31112692_31113291.maf
ssa05	LG04	5604356	5604380	ssa5_31276191_31276851.maf
ssa05	LG04	5604392	5604417	ssa5_31276191_31276851.maf
ssa05	LG04	5604417	5604430	ssa5_31276191_31276851.maf
ssa05	LG04	5604430	5604441	ssa5_31276191_31276851.maf
ssa05	LG04	5604441	5604474	ssa5_31276191_31276851.maf
ssa05	LG04	5604494	5604512	ssa5_31276191_31276851.maf
ssa05	LG04	5604512	5604527	ssa5_31276191_31276851.maf
ssa05	LG04	5604527	5604542	ssa5_31276191_31276851.maf
ssa05	LG04	5604542	5604759	ssa5_31276191_31276851.maf
ssa05	LG04	5554824	5554867	ssa5_31343700_31344089.maf
ssa05	LG04	5554867	5554893	ssa5_31343700_31344089.maf
ssa05	LG04	5554918	5554929	ssa5_31343700_31344089.maf
ssa05	LG04	5373269	5373451	ssa5_31593260_31593850.maf
ssa05	LG04	4547553	4547598	ssa5_32759926_32760868.maf
ssa05	LG04	4547598	4547616	ssa5_32759926_32760868.maf
ssa05	LG04	4548406	4548429	ssa5_32759926_32760868.maf
ssa05	LG04	4548463	4548504	ssa5_32759926_32760868.maf
ssa05	LG04	4548504	4548517	ssa5_32759926_32760868.maf
ssa05	LG04	4548517	4548527	ssa5_32759926_32760868.maf
ssa05	LG04	4121861	4121875	ssa5_33452476_33452793.maf
ssa05	LG04	4029773	4029872	ssa5_33551193_33551749.maf
ssa05	LG04	3419566	3419611	ssa5_34317496_34318715.maf
ssa05	LG04	3419696	3419767	ssa5_34317496_34318715.maf
ssa05	LG04	3354602	3354613	ssa5_34413149_34413587.maf
ssa05	LG04	9908026	9908036	ssa5_3481080_3481872.maf
ssa05	LG04	9908045	9908089	ssa5_3481080_3481872.maf
ssa05	LG04	9908121	9908133	ssa5_3481080_3481872.maf
ssa05	LG04	9909005	9909019	ssa5_3481080_3481872.maf
ssa05	LG04	9909019	9909029	ssa5_3481080_3481872.maf
ssa05	LG04	9909036	9909097	ssa5_3481080_3481872.maf
ssa05	LG04	2789048	2789060	ssa5_35233703_35233978.maf
ssa05	LG04	2639277	2639296	ssa5_35457434_35457835.maf
ssa05	LG04	2575223	2575288	ssa5_35538083_35538539.maf
ssa05	LG04	2575467	2575554	ssa5_35538083_35538539.maf
ssa05	LG04	2575554	2575567	ssa5_35538083_35538539.maf
ssa05	LG04	2429776	2429793	ssa5_35762885_35764158.maf
ssa05	LG04	2430339	2430380	ssa5_35762885_35764158.maf
ssa05	LG04	2430380	2430394	ssa5_35762885_35764158.maf
ssa05	LG04	2430394	2430416	ssa5_35762885_35764158.maf
ssa05	LG04	2430416	2430463	ssa5_35762885_35764158.maf
ssa05	LG04	2282607	2282636	ssa5_35973812_35974558.maf
ssa05	LG04	2282636	2282652	ssa5_35973812_35974558.maf
ssa05	LG04	2282652	2282668	ssa5_35973812_35974558.maf
ssa05	LG04	2282668	2282688	ssa5_35973812_35974558.maf
ssa05	LG04	2218950	2219052	ssa5_36070046_36070838.maf
ssa05	LG04	2213483	2213523	ssa5_36082853_36083506.maf
ssa05	LG04	2135076	2135097	ssa5_36190199_36190808.maf
ssa05	LG04	10670244	10670299	ssa5_37764127_37765089.maf
ssa05	LG04	11329608	11329621	ssa5_38482280_38482903.maf
ssa05	LG04	11329621	11329654	ssa5_38482280_38482903.maf
ssa05	LG04	11329658	11329688	ssa5_38482280_38482903.maf
ssa05	LG04	11329699	11329714	ssa5_38482280_38482903.maf
ssa05	LG04	11329714	11329741	ssa5_38482280_38482903.maf
ssa05	LG04	11347194	11347210	ssa5_38503625_38504307.maf
ssa05	LG04	11347211	11347427	ssa5_38503625_38504307.maf
ssa05	LG04	11349267	11349356	ssa5_38504454_38505517.maf
ssa05	LG04	11398005	11398030	ssa5_38589265_38589566.maf
ssa05	LG04	11398054	11398077	ssa5_38589265_38589566.maf
ssa05	LG04	11398077	11398165	ssa5_38589265_38589566.maf
ssa05	LG04	11652916	11652929	ssa5_39008625_39010092.maf
ssa05	LG04	11652984	11653031	ssa5_39008625_39010092.maf
ssa05	LG04	12140041	12140098	ssa5_39643565_39644940.maf
ssa05	LG04	12141189	12141208	ssa5_39643565_39644940.maf
ssa05	LG04	12146256	12146319	ssa5_39665534_39666073.maf
ssa05	LG04	12146656	12146672	ssa5_39665534_39666073.maf
ssa05	LG04	12146672	12146686	ssa5_39665534_39666073.maf
ssa05	LG04	12146686	12146708	ssa5_39665534_39666073.maf
ssa05	LG04	12431962	12432012	ssa5_40200954_40201466.maf
ssa05	LG04	12513215	12513226	ssa5_40332127_40332999.maf
ssa05	LG04	12514125	12514194	ssa5_40332127_40332999.maf
ssa05	LG04	12747551	12747641	ssa5_40773305_40773840.maf
ssa05	LG04	12770102	12770228	ssa5_40792122_40792780.maf
ssa05	LG04	12790819	12790895	ssa5_40826920_40827653.maf
ssa05	LG04	12793793	12793830	ssa5_40842339_40842980.maf
ssa05	LG04	12793832	12793883	ssa5_40842339_40842980.maf
ssa05	LG04	12823750	12823762	ssa5_40956584_40956914.maf
ssa05	LG04	12823762	12823773	ssa5_40956584_40956914.maf
ssa05	LG04	12823773	12823832	ssa5_40956584_40956914.maf
ssa05	LG04	9629166	9629192	ssa5_4098673_4099107.maf
ssa05	LG04	9629219	9629244	ssa5_4098673_4099107.maf
ssa05	LG04	9629265	9629316	ssa5_4098673_4099107.maf
ssa05	LG04	9629316	9629326	ssa5_4098673_4099107.maf
ssa05	LG04	9629854	9629896	ssa5_4098673_4099107.maf
ssa05	LG04	9629898	9629918	ssa5_4098673_4099107.maf
ssa05	LG04	9629918	9629937	ssa5_4098673_4099107.maf
ssa05	LG04	12842338	12842412	ssa5_40992860_40993366.maf
ssa05	LG04	12842648	12842659	ssa5_40992860_40993366.maf
ssa05	LG04	12937254	12937294	ssa5_41156002_41156896.maf
ssa05	LG04	12937320	12937340	ssa5_41156002_41156896.maf
ssa05	LG04	13075909	13075957	ssa5_41318805_41319838.maf
ssa05	LG04	13076148	13076171	ssa5_41318805_41319838.maf
ssa05	LG04	13136263	13136482	ssa5_41399085_41399615.maf
ssa05	LG04	13160812	13160880	ssa5_41428978_41429892.maf
ssa05	LG04	13185691	13185715	ssa5_41466758_41468089.maf
ssa05	LG04	13185740	13185754	ssa5_41466758_41468089.maf
ssa05	LG04	13185754	13185764	ssa5_41466758_41468089.maf
ssa05	LG04	13185816	13185833	ssa5_41466758_41468089.maf
ssa05	LG04	13185833	13185846	ssa5_41466758_41468089.maf
ssa05	LG04	13186040	13186084	ssa5_41466758_41468089.maf
ssa05	LG04	13187497	13187539	ssa5_41466758_41468089.maf
ssa05	LG04	13561750	13561792	ssa5_42023912_42024423.maf
ssa05	LG04	13561792	13561807	ssa5_42023912_42024423.maf
ssa05	LG04	13561807	13561847	ssa5_42023912_42024423.maf
ssa05	LG04	13570075	13570129	ssa5_42030771_42031009.maf
ssa05	LG04	13664215	13664291	ssa5_42164604_42165065.maf
ssa05	LG04	14050393	14050419	ssa5_42719942_42720507.maf
ssa05	LG04	14050436	14050489	ssa5_42719942_42720507.maf
ssa05	LG04	14183097	14183146	ssa5_42976634_42977043.maf
ssa05	LG04	14190580	14190602	ssa5_42993810_42994062.maf
ssa05	LG04	14515805	14515818	ssa5_43404820_43405718.maf
ssa05	LG04	14515819	14515907	ssa5_43404820_43405718.maf
ssa05	LG04	15035003	15035051	ssa5_44163456_44164230.maf
ssa05	LG04	15885745	15885802	ssa5_45697157_45698064.maf
ssa05	LG04	15886103	15886160	ssa5_45697157_45698064.maf
ssa05	LG04	15956604	15956662	ssa5_45804244_45804817.maf
ssa05	LG04	15993998	15994062	ssa5_45897979_45898924.maf
ssa05	LG04	16182449	16182480	ssa5_46305063_46305425.maf
ssa05	LG04	16182480	16182499	ssa5_46305063_46305425.maf
ssa05	LG20	44291407	44291509	ssa5_48511471_48512259.maf
ssa05	LG20	44291586	44291656	ssa5_48511471_48512259.maf
ssa05	LG20	44088091	44088155	ssa5_48540051_48540827.maf
ssa05	LG04	9252433	9252472	ssa5_4928582_4929848.maf
ssa05	LG20	42828624	42828652	ssa5_49389906_49390220.maf
ssa05	LG20	42096989	42097012	ssa5_49933858_49934470.maf
ssa05	LG20	42097012	42097066	ssa5_49933858_49934470.maf
ssa05	LG20	41634116	41634291	ssa5_50597994_50599103.maf
ssa05	LG20	41634378	41634441	ssa5_50597994_50599103.maf
ssa05	LG20	41634448	41634489	ssa5_50597994_50599103.maf
ssa05	LG20	41634489	41634536	ssa5_50597994_50599103.maf
ssa05	LG20	41829893	41829924	ssa5_50794123_50794445.maf
ssa05	LG20	40782249	40782265	ssa5_50911928_50912108.maf
ssa05	LG20	40748208	40748296	ssa5_50947197_50947570.maf
ssa05	LG20	40748362	40748410	ssa5_50947197_50947570.maf
ssa05	LG20	40748446	40748467	ssa5_50947197_50947570.maf
ssa05	LG20	40111574	40111592	ssa5_51529108_51529618.maf
ssa05	LG20	40111599	40111612	ssa5_51529108_51529618.maf
ssa05	LG20	39961055	39961081	ssa5_51708130_51708842.maf
ssa05	LG20	39961188	39961222	ssa5_51708130_51708842.maf
ssa05	LG20	39961319	39961339	ssa5_51708130_51708842.maf
ssa05	LG20	39961432	39961467	ssa5_51708130_51708842.maf
ssa05	LG20	39931378	39931390	ssa5_51758859_51759509.maf
ssa05	LG20	39931390	39931409	ssa5_51758859_51759509.maf
ssa05	LG20	39931409	39931535	ssa5_51758859_51759509.maf
ssa05	LG20	39931546	39931587	ssa5_51758859_51759509.maf
ssa05	LG20	39931587	39931659	ssa5_51758859_51759509.maf
ssa05	LG20	39931693	39931724	ssa5_51758859_51759509.maf
ssa05	LG20	39674263	39674383	ssa5_52064345_52065253.maf
ssa05	LG20	39674383	39674399	ssa5_52064345_52065253.maf
ssa05	LG20	39674405	39674499	ssa5_52064345_52065253.maf
ssa05	LG20	39616813	39616853	ssa5_52123178_52124163.maf
ssa05	LG20	39616853	39617001	ssa5_52123178_52124163.maf
ssa05	LG20	39617001	39617060	ssa5_52123178_52124163.maf
ssa05	LG20	39617063	39617229	ssa5_52123178_52124163.maf
ssa05	LG20	39617229	39617252	ssa5_52123178_52124163.maf
ssa05	LG20	39617252	39617302	ssa5_52123178_52124163.maf
ssa05	LG20	39617302	39617364	ssa5_52123178_52124163.maf
ssa05	LG20	39617387	39617628	ssa5_52123178_52124163.maf
ssa05	LG20	37572127	37572157	ssa5_53718145_53718402.maf
ssa05	LG20	37572160	37572219	ssa5_53718145_53718402.maf
ssa05	LG20	37572226	37572266	ssa5_53718145_53718402.maf
ssa05	LG20	37572266	37572290	ssa5_53718145_53718402.maf
ssa05	LG20	36885392	36885428	ssa5_54387762_54388408.maf
ssa05	LG20	36711613	36711681	ssa5_54580634_54581348.maf
ssa05	LG20	36691216	36691227	ssa5_54591418_54592231.maf
ssa05	LG20	36691249	36691282	ssa5_54591418_54592231.maf
ssa05	LG20	36691426	36691440	ssa5_54591418_54592231.maf
ssa05	LG20	36691440	36691527	ssa5_54591418_54592231.maf
ssa05	LG20	36691658	36691703	ssa5_54591418_54592231.maf
ssa05	LG20	36691703	36691737	ssa5_54591418_54592231.maf
ssa05	LG20	36691737	36691952	ssa5_54591418_54592231.maf
ssa05	LG04	8988812	8988822	ssa5_5472480_5473245.maf
ssa05	LG20	36523002	36523031	ssa5_54787793_54788193.maf
ssa05	LG20	36523145	36523167	ssa5_54787793_54788193.maf
ssa05	LG20	36512738	36512751	ssa5_54797687_54798223.maf
ssa05	LG20	36512848	36512863	ssa5_54797687_54798223.maf
ssa05	LG20	36512863	36512931	ssa5_54797687_54798223.maf
ssa05	LG20	36512931	36512984	ssa5_54797687_54798223.maf
ssa05	LG20	36512984	36513008	ssa5_54797687_54798223.maf
ssa05	LG20	36513008	36513049	ssa5_54797687_54798223.maf
ssa05	LG20	36490510	36490548	ssa5_54819749_54820153.maf
ssa05	LG20	36103233	36103254	ssa5_55225115_55225431.maf
ssa05	LG20	36103256	36103279	ssa5_55225115_55225431.maf
ssa05	LG20	36103279	36103333	ssa5_55225115_55225431.maf
ssa05	LG20	36103333	36103382	ssa5_55225115_55225431.maf
ssa05	LG20	36103382	36103419	ssa5_55225115_55225431.maf
ssa05	LG20	36103433	36103513	ssa5_55225115_55225431.maf
ssa05	LG20	35729246	35729256	ssa5_55564794_55565204.maf
ssa05	LG20	35729264	35729274	ssa5_55564794_55565204.maf
ssa05	LG20	34011504	34011520	ssa5_57080811_57081258.maf
ssa05	LG20	34011815	34011853	ssa5_57080811_57081258.maf
ssa05	LG20	34011853	34011867	ssa5_57080811_57081258.maf
ssa05	LG20	33639224	33639279	ssa5_57403099_57403881.maf
ssa05	LG20	33639281	33639355	ssa5_57403099_57403881.maf
ssa05	LG20	33639355	33639392	ssa5_57403099_57403881.maf
ssa05	LG20	32574607	32574618	ssa5_58344402_58345297.maf
ssa05	LG20	32574642	32574688	ssa5_58344402_58345297.maf
ssa05	LG20	32574688	32574721	ssa5_58344402_58345297.maf
ssa05	LG20	32575046	32575114	ssa5_58344402_58345297.maf
ssa05	LG20	32575122	32575169	ssa5_58344402_58345297.maf
ssa05	LG20	32420072	32420129	ssa5_58498229_58498732.maf
ssa05	LG20	32420202	32420220	ssa5_58498229_58498732.maf
ssa05	LG20	32204523	32204551	ssa5_58699229_58699934.maf
ssa05	LG20	32204555	32204575	ssa5_58699229_58699934.maf
ssa05	LG20	32204575	32204593	ssa5_58699229_58699934.maf
ssa05	LG20	32204593	32204621	ssa5_58699229_58699934.maf
ssa05	LG20	32204801	32204842	ssa5_58699229_58699934.maf
ssa05	LG20	32204900	32204926	ssa5_58699229_58699934.maf
ssa05	LG20	32204929	32204970	ssa5_58699229_58699934.maf
ssa05	LG20	32204974	32204987	ssa5_58699229_58699934.maf
ssa05	LG20	32204987	32205034	ssa5_58699229_58699934.maf
ssa05	LG20	32205035	32205047	ssa5_58699229_58699934.maf
ssa05	LG20	32205047	32205130	ssa5_58699229_58699934.maf
ssa05	LG20	32191014	32191025	ssa5_58711712_58711960.maf
ssa05	LG20	32191025	32191193	ssa5_58711712_58711960.maf
ssa05	LG20	30573608	30573622	ssa5_60034633_60035180.maf
ssa05	LG20	30573626	30573658	ssa5_60034633_60035180.maf
ssa05	LG20	30573659	30573677	ssa5_60034633_60035180.maf
ssa05	LG20	30573823	30573841	ssa5_60034633_60035180.maf
ssa05	LG20	30573841	30573872	ssa5_60034633_60035180.maf
ssa05	LG20	30060860	30060874	ssa5_60601854_60602280.maf
ssa05	LG20	30060874	30060988	ssa5_60601854_60602280.maf
ssa05	LG20	30060992	30061078	ssa5_60601854_60602280.maf
ssa05	LG20	29994598	29994608	ssa5_60688280_60688701.maf
ssa05	LG20	29646863	29646874	ssa5_61133024_61133395.maf
ssa05	LG20	29647027	29647083	ssa5_61133024_61133395.maf
ssa05	LG20	29594352	29594418	ssa5_61177283_61177981.maf
ssa05	LG20	29542274	29542328	ssa5_61217896_61218867.maf
ssa05	LG20	27957336	27957358	ssa5_62977576_62978224.maf
ssa05	LG20	27957457	27957487	ssa5_62977576_62978224.maf
ssa05	LG20	26875921	26875943	ssa5_64057022_64057484.maf
ssa05	LG20	26875943	26876115	ssa5_64057022_64057484.maf
ssa05	LG20	26876120	26876151	ssa5_64057022_64057484.maf
ssa05	LG20	26876154	26876165	ssa5_64057022_64057484.maf
ssa05	LG20	26422016	26422072	ssa5_64515993_64516288.maf
ssa05	LG20	23354476	23354493	ssa5_67292684_67293398.maf
ssa05	LG20	23354538	23354587	ssa5_67292684_67293398.maf
ssa05	LG20	23118981	23118998	ssa5_67503067_67503979.maf
ssa05	LG20	23119028	23119060	ssa5_67503067_67503979.maf
ssa05	LG20	23119060	23119089	ssa5_67503067_67503979.maf
ssa05	LG20	22983513	22983524	ssa5_67672610_67673179.maf
ssa05	LG20	22701274	22701346	ssa5_67967359_67967667.maf
ssa05	LG20	22131995	22132008	ssa5_68541757_68542256.maf
ssa05	LG20	22132008	22132047	ssa5_68541757_68542256.maf
ssa05	LG20	22132050	22132062	ssa5_68541757_68542256.maf
ssa05	LG20	21768359	21768417	ssa5_69004438_69004620.maf
ssa05	LG20	21753346	21753396	ssa5_69017273_69018080.maf
ssa05	LG20	21753811	21753831	ssa5_69017273_69018080.maf
ssa05	LG20	21401176	21401215	ssa5_69323885_69324103.maf
ssa05	LG20	21331421	21331449	ssa5_69399424_69400288.maf
ssa05	LG20	21321308	21321350	ssa5_69415649_69416085.maf
ssa05	LG20	21321350	21321415	ssa5_69415649_69416085.maf
ssa05	LG20	21291333	21291344	ssa5_69450596_69451048.maf
ssa05	LG20	21215444	21215479	ssa5_69548945_69549386.maf
ssa05	LG20	21215482	21215496	ssa5_69548945_69549386.maf
ssa05	LG20	21215496	21215506	ssa5_69548945_69549386.maf
ssa05	LG20	21215506	21215578	ssa5_69548945_69549386.maf
ssa05	LG20	21200579	21200627	ssa5_69567875_69568699.maf
ssa05	LG20	19970406	19970497	ssa5_71594735_71595484.maf
ssa05	LG20	19970497	19970521	ssa5_71594735_71595484.maf
ssa05	LG20	19443491	19443502	ssa5_72337072_72337324.maf
ssa05	LG20	19443502	19443522	ssa5_72337072_72337324.maf
ssa05	LG20	19259659	19259722	ssa5_72593612_72594234.maf
ssa05	LG20	19259861	19259877	ssa5_72593612_72594234.maf
ssa05	LG20	19193031	19193072	ssa5_72666590_72667559.maf
ssa05	LG20	19193072	19193111	ssa5_72666590_72667559.maf
ssa05	LG20	19193111	19193127	ssa5_72666590_72667559.maf
ssa05	LG20	19193135	19193145	ssa5_72666590_72667559.maf
ssa05	LG20	19193560	19193592	ssa5_72666590_72667559.maf
ssa05	LG20	18764458	18764488	ssa5_73302423_73303841.maf
ssa05	LG20	18764488	18764524	ssa5_73302423_73303841.maf
ssa05	LG04	23762063	23762215	ssa5_7335586_7336005.maf
ssa05	LG04	23762276	23762337	ssa5_7335586_7336005.maf
ssa05	LG04	23712346	23712361	ssa5_7425355_7426859.maf
ssa05	LG04	23712361	23712521	ssa5_7425355_7426859.maf
ssa05	LG20	17870105	17870141	ssa5_74755958_74756378.maf
ssa05	LG20	17827463	17827475	ssa5_74810051_74810740.maf
ssa05	LG20	17827616	17827648	ssa5_74810051_74810740.maf
ssa05	LG20	17526270	17526294	ssa5_75227765_75228310.maf
ssa05	LG20	17526294	17526305	ssa5_75227765_75228310.maf
ssa05	LG20	17526320	17526331	ssa5_75227765_75228310.maf
ssa05	LG20	17526331	17526367	ssa5_75227765_75228310.maf
ssa05	LG20	17526377	17526399	ssa5_75227765_75228310.maf
ssa05	LG20	17526399	17526414	ssa5_75227765_75228310.maf
ssa05	LG20	17283307	17283372	ssa5_75666234_75666837.maf
ssa05	LG20	17281018	17281038	ssa5_75678320_75678543.maf
ssa05	LG20	17281038	17281076	ssa5_75678320_75678543.maf
ssa05	LG20	17281112	17281126	ssa5_75678320_75678543.maf
ssa05	LG20	16983064	16983077	ssa5_76316685_76317783.maf
ssa05	LG20	16983083	16983094	ssa5_76316685_76317783.maf
ssa05	LG20	16379836	16379898	ssa5_77345772_77346920.maf
ssa05	LG20	15793302	15793441	ssa5_78483690_78484651.maf
ssa05	LG20	15737135	15737202	ssa5_78693864_78694514.maf
ssa05	LG20	15640303	15640317	ssa5_78916290_78916681.maf
ssa05	LG20	15640317	15640370	ssa5_78916290_78916681.maf
ssa05	LG20	15628793	15628853	ssa5_78951513_78952024.maf
ssa05	LG20	15628952	15628962	ssa5_78951513_78952024.maf
ssa05	LG20	15626092	15626124	ssa5_78952180_78952587.maf
ssa05	LG20	15626124	15626265	ssa5_78952180_78952587.maf
ssa05	LG20	14377464	14377543	ssa5_80644706_80645276.maf
ssa05	LG20	14322001	14322030	ssa5_80842893_80843799.maf
ssa05	LG20	14309329	14309346	ssa5_80858715_80859179.maf
ssa05	LG20	14309368	14309399	ssa5_80858715_80859179.maf
ssa05	LG20	14309506	14309576	ssa5_80858715_80859179.maf
ssa05	LG20	14308820	14308845	ssa5_80859595_80860404.maf
ssa05	LG20	13545950	13546015	ssa5_82118201_82118617.maf
ssa05	LG20	13546158	13546191	ssa5_82118201_82118617.maf
ssa05	LG20	13544339	13544354	ssa5_82120482_82121157.maf
ssa05	LG20	13542246	13542340	ssa5_82126026_82126987.maf
ssa05	LG20	13542340	13542400	ssa5_82126026_82126987.maf
ssa05	LG20	13535530	13535578	ssa5_82142612_82143271.maf
ssa05	LG20	13535578	13535589	ssa5_82142612_82143271.maf
ssa05	LG20	13535589	13535604	ssa5_82142612_82143271.maf
ssa05	LG20	13535604	13535649	ssa5_82142612_82143271.maf
ssa05	LG20	13533251	13533311	ssa5_82148320_82148755.maf
ssa05	LG20	13533311	13533327	ssa5_82148320_82148755.maf
ssa05	LG20	13528146	13528159	ssa5_82154557_82155972.maf
ssa05	LG20	13528159	13528174	ssa5_82154557_82155972.maf
ssa05	LG20	13528174	13528314	ssa5_82154557_82155972.maf
ssa05	LG20	13529451	13529499	ssa5_82154557_82155972.maf
ssa05	LG20	13508643	13508666	ssa5_82188903_82189399.maf
ssa05	LG20	13508666	13508778	ssa5_82188903_82189399.maf
ssa05	LG20	13505995	13506007	ssa5_82196156_82196748.maf
ssa05	LG20	13506007	13506044	ssa5_82196156_82196748.maf
ssa05	LG20	13506044	13506060	ssa5_82196156_82196748.maf
ssa05	LG04	23134763	23134860	ssa5_8294798_8295695.maf
ssa05	LG04	23031953	23031963	ssa5_8442943_8443407.maf
ssa05	LG04	23031971	23032009	ssa5_8442943_8443407.maf
ssa05	LG04	22393751	22393835	ssa5_9417130_9417294.maf
ssa05	LG04	22277970	22277980	ssa5_9627521_9628229.maf
ssa05	LG04	22277980	22278004	ssa5_9627521_9628229.maf
ssa05	LG04	22278004	22278019	ssa5_9627521_9628229.maf
ssa05	LG04	22278019	22278076	ssa5_9627521_9628229.maf
ssa06	LG11	35599159	35599186	ssa6_12912117_12912460.maf
ssa06	LG11	35599194	35599255	ssa6_12912117_12912460.maf
ssa06	LG11	35332333	35332483	ssa6_13596440_13597891.maf
ssa06	LG11	35333209	35333283	ssa6_13596440_13597891.maf
ssa06	LG11	35092471	35092497	ssa6_14033276_14034393.maf
ssa06	LG11	35092497	35092517	ssa6_14033276_14034393.maf
ssa06	LG11	35092585	35092610	ssa6_14033276_14034393.maf
ssa06	LG11	35092611	35092628	ssa6_14033276_14034393.maf
ssa06	LG11	35082488	35082642	ssa6_14039824_14041577.maf
ssa06	LG11	35082643	35082657	ssa6_14039824_14041577.maf
ssa06	LG11	35073799	35073810	ssa6_14048857_14049258.maf
ssa06	LG11	35073831	35073858	ssa6_14048857_14049258.maf
ssa06	LG11	35071640	35071745	ssa6_14049778_14051843.maf
ssa06	LG11	35071859	35071871	ssa6_14049778_14051843.maf
ssa06	LG11	35071871	35071893	ssa6_14049778_14051843.maf
ssa06	LG11	35071929	35071971	ssa6_14049778_14051843.maf
ssa06	LG11	35071971	35071981	ssa6_14049778_14051843.maf
ssa06	LG11	35071981	35072034	ssa6_14049778_14051843.maf
ssa06	LG11	35072034	35072050	ssa6_14049778_14051843.maf
ssa06	LG11	35072050	35072071	ssa6_14049778_14051843.maf
ssa06	LG11	35072137	35072158	ssa6_14049778_14051843.maf
ssa06	LG11	35072158	35072173	ssa6_14049778_14051843.maf
ssa06	LG11	35072173	35072197	ssa6_14049778_14051843.maf
ssa06	LG11	35072197	35072277	ssa6_14049778_14051843.maf
ssa06	LG11	35072586	35072646	ssa6_14049778_14051843.maf
ssa06	LG11	35072798	35072981	ssa6_14049778_14051843.maf
ssa06	LG11	35073018	35073116	ssa6_14049778_14051843.maf
ssa06	LG11	35073673	35073691	ssa6_14049778_14051843.maf
ssa06	LG11	35073691	35073714	ssa6_14049778_14051843.maf
ssa06	LG11	35073714	35073762	ssa6_14049778_14051843.maf
ssa06	LG11	35035158	35035199	ssa6_14144742_14145852.maf
ssa06	LG11	35035255	35035275	ssa6_14144742_14145852.maf
ssa06	LG11	35023486	35023515	ssa6_14167535_14169178.maf
ssa06	LG11	35023919	35024001	ssa6_14167535_14169178.maf
ssa06	LG11	35024446	35024458	ssa6_14167535_14169178.maf
ssa06	LG11	35024458	35024482	ssa6_14167535_14169178.maf
ssa06	LG11	35024482	35024504	ssa6_14167535_14169178.maf
ssa06	LG11	35024521	35024590	ssa6_14167535_14169178.maf
ssa06	LG11	35024590	35024603	ssa6_14167535_14169178.maf
ssa06	LG11	35008837	35008881	ssa6_14256504_14256877.maf
ssa06	LG11	35008881	35008892	ssa6_14256504_14256877.maf
ssa06	LG11	35008892	35008903	ssa6_14256504_14256877.maf
ssa06	LG11	33814835	33814898	ssa6_16033027_16033548.maf
ssa06	LG11	33814898	33814947	ssa6_16033027_16033548.maf
ssa06	LG11	33756486	33756530	ssa6_16223283_16224036.maf
ssa06	LG11	33756530	33756547	ssa6_16223283_16224036.maf
ssa06	LG11	33756744	33756754	ssa6_16223283_16224036.maf
ssa06	LG11	33756754	33756770	ssa6_16223283_16224036.maf
ssa06	LG11	33756770	33756798	ssa6_16223283_16224036.maf
ssa06	LG11	33732104	33732274	ssa6_16259553_16260498.maf
ssa06	LG11	33731914	33732016	ssa6_16260696_16261681.maf
ssa06	LG11	33659095	33659123	ssa6_16407537_16408505.maf
ssa06	LG11	33659137	33659181	ssa6_16407537_16408505.maf
ssa06	LG11	33659255	33659471	ssa6_16407537_16408505.maf
ssa06	LG11	33546680	33546692	ssa6_16550022_16550817.maf
ssa06	LG11	33546692	33546817	ssa6_16550022_16550817.maf
ssa06	LG11	33547961	33548068	ssa6_16550022_16550817.maf
ssa06	LG11	33548068	33548175	ssa6_16550022_16550817.maf
ssa06	LG11	33548175	33548203	ssa6_16550022_16550817.maf
ssa06	LG11	33037914	33037937	ssa6_17197223_17197995.maf
ssa06	LG11	32457812	32457823	ssa6_18159016_18159430.maf
ssa06	LG11	32457873	32457884	ssa6_18159016_18159430.maf
ssa06	LG11	32457905	32457921	ssa6_18159016_18159430.maf
ssa06	LG11	31927187	31927239	ssa6_18972117_18973351.maf
ssa06	LG11	31755135	31755148	ssa6_19286970_19288548.maf
ssa06	LG11	31755157	31755198	ssa6_19286970_19288548.maf
ssa06	LG11	31755271	31755299	ssa6_19286970_19288548.maf
ssa06	LG11	31752894	31752935	ssa6_19293346_19293564.maf
ssa06	LG11	21759771	21760018	ssa6_23426675_23427342.maf
ssa06	LG11	21760032	21760085	ssa6_23426675_23427342.maf
ssa06	LG11	21896466	21896477	ssa6_23537040_23538594.maf
ssa06	LG11	21896493	21896507	ssa6_23537040_23538594.maf
ssa06	LG11	21896507	21896561	ssa6_23537040_23538594.maf
ssa06	LG11	21896561	21896643	ssa6_23537040_23538594.maf
ssa06	LG11	21896643	21896757	ssa6_23537040_23538594.maf
ssa06	LG11	22037776	22037830	ssa6_23720496_23721400.maf
ssa06	LG11	22038048	22038130	ssa6_23720496_23721400.maf
ssa06	LG11	22038378	22038440	ssa6_23720496_23721400.maf
ssa06	LG11	22554497	22554514	ssa6_24625633_24626449.maf
ssa06	LG11	22554514	22554554	ssa6_24625633_24626449.maf
ssa06	LG11	22554554	22554568	ssa6_24625633_24626449.maf
ssa06	LG11	22554574	22554597	ssa6_24625633_24626449.maf
ssa06	LG11	22554597	22554613	ssa6_24625633_24626449.maf
ssa06	LG11	22579698	22579720	ssa6_24655201_24655721.maf
ssa06	LG11	22579720	22579732	ssa6_24655201_24655721.maf
ssa06	LG11	22579732	22579750	ssa6_24655201_24655721.maf
ssa06	LG11	22737991	22738231	ssa6_24852710_24853326.maf
ssa06	LG11	22738231	22738247	ssa6_24852710_24853326.maf
ssa06	LG11	22979296	22979393	ssa6_25136029_25136597.maf
ssa06	LG11	23089057	23089070	ssa6_25277559_25278080.maf
ssa06	LG11	23089075	23089113	ssa6_25277559_25278080.maf
ssa06	LG11	23468532	23468542	ssa6_25708353_25709897.maf
ssa06	LG11	25469007	25469066	ssa6_27173916_27174250.maf
ssa06	LG11	25508454	25508467	ssa6_27195744_27196017.maf
ssa06	LG11	26694876	26694952	ssa6_28516261_28516880.maf
ssa06	LG11	26746876	26746916	ssa6_28586611_28587088.maf
ssa06	LG11	26747549	26747587	ssa6_28587439_28587730.maf
ssa06	LG11	27664400	27664437	ssa6_29655064_29655655.maf
ssa06	LG11	27664900	27664914	ssa6_29656205_29656738.maf
ssa06	LG11	27745631	27745682	ssa6_29751153_29751601.maf
ssa06	LG11	27745765	27745811	ssa6_29751153_29751601.maf
ssa06	LG11	27766452	27766537	ssa6_29779994_29780707.maf
ssa06	LG11	29132367	29132401	ssa6_31026739_31027108.maf
ssa06	LG11	29132408	29132497	ssa6_31026739_31027108.maf
ssa06	LG11	29132497	29132566	ssa6_31026739_31027108.maf
ssa06	LG11	29132566	29132601	ssa6_31026739_31027108.maf
ssa06	LG11	29319618	29319684	ssa6_31205850_31206100.maf
ssa06	LG11	29319684	29319723	ssa6_31205850_31206100.maf
ssa06	LG11	29492565	29492575	ssa6_31368950_31369427.maf
ssa06	LG11	29492584	29492600	ssa6_31368950_31369427.maf
ssa06	LG11	29492600	29492625	ssa6_31368950_31369427.maf
ssa06	LG11	29492625	29492674	ssa6_31368950_31369427.maf
ssa06	LG11	29492688	29492708	ssa6_31368950_31369427.maf
ssa06	LG11	29496050	29496105	ssa6_31372199_31372684.maf
ssa06	LG11	29558291	29558303	ssa6_31442427_31443999.maf
ssa06	LG11	29558312	29558364	ssa6_31442427_31443999.maf
ssa06	LG11	29558364	29558407	ssa6_31442427_31443999.maf
ssa06	LG11	29711130	29711159	ssa6_31640986_31641603.maf
ssa06	LG11	29988744	29988766	ssa6_31978803_31979170.maf
ssa06	LG11	30087631	30087689	ssa6_32090260_32090909.maf
ssa06	LG11	30087746	30087840	ssa6_32090260_32090909.maf
ssa06	LG11	30090519	30090539	ssa6_32096117_32096701.maf
ssa06	LG11	30097848	30097956	ssa6_32101498_32102479.maf
ssa06	LG11	30347141	30347175	ssa6_32341756_32342134.maf
ssa06	LG11	30347175	30347256	ssa6_32341756_32342134.maf
ssa06	LG11	30347264	30347304	ssa6_32341756_32342134.maf
ssa06	LG11	19747785	19747831	ssa6_32590946_32591267.maf
ssa06	LG11	19747831	19747906	ssa6_32590946_32591267.maf
ssa06	LG11	19747906	19747933	ssa6_32590946_32591267.maf
ssa06	LG11	19405603	19405648	ssa6_32967732_32968322.maf
ssa06	LG11	19405655	19405683	ssa6_32967732_32968322.maf
ssa06	LG11	19405683	19405789	ssa6_32967732_32968322.maf
ssa06	LG11	4502058	4502136	ssa6_33366729_33367352.maf
ssa06	LG11	4549134	4549254	ssa6_33430763_33431387.maf
ssa06	LG11	5962701	5962730	ssa6_34776152_34776491.maf
ssa06	LG11	5962730	5962743	ssa6_34776152_34776491.maf
ssa06	LG11	6484159	6484194	ssa6_35240071_35240619.maf
ssa06	LG11	6484194	6484246	ssa6_35240071_35240619.maf
ssa06	LG11	7088063	7088180	ssa6_35898997_35899351.maf
ssa06	LG11	7362344	7362361	ssa6_36192265_36193141.maf
ssa06	LG11	7362361	7362438	ssa6_36192265_36193141.maf
ssa06	LG11	7403207	7403332	ssa6_36249370_36249616.maf
ssa06	LG11	8386783	8386844	ssa6_37230267_37231302.maf
ssa06	LG11	8386853	8386955	ssa6_37230267_37231302.maf
ssa06	LG11	8700138	8700165	ssa6_37476028_37476524.maf
ssa06	LG11	8700202	8700223	ssa6_37476028_37476524.maf
ssa06	LG11	8940191	8940251	ssa6_37717795_37718155.maf
ssa06	LG11	9695712	9695722	ssa6_38359033_38359697.maf
ssa06	LG11	11061759	11061794	ssa6_39243764_39244236.maf
ssa06	LG11	11815786	11815832	ssa6_39934353_39934752.maf
ssa06	LG11	11815832	11815874	ssa6_39934353_39934752.maf
ssa06	LG11	12206605	12206616	ssa6_40317428_40317818.maf
ssa06	LG11	12206637	12206647	ssa6_40317428_40317818.maf
ssa06	LG11	12206663	12206686	ssa6_40317428_40317818.maf
ssa06	LG11	12206689	12206727	ssa6_40317428_40317818.maf
ssa06	LG11	12567864	12567910	ssa6_40632722_40633047.maf
ssa06	LG11	12567910	12567966	ssa6_40632722_40633047.maf
ssa06	LG11	12567966	12567999	ssa6_40632722_40633047.maf
ssa06	LG11	12567999	12568113	ssa6_40632722_40633047.maf
ssa06	LG11	12568115	12568156	ssa6_40632722_40633047.maf
ssa06	LG11	12568156	12568171	ssa6_40632722_40633047.maf
ssa06	LG11	12588856	12588893	ssa6_40655675_40656183.maf
ssa06	LG11	12588893	12588910	ssa6_40655675_40656183.maf
ssa06	LG11	13037929	13037963	ssa6_41096162_41097079.maf
ssa06	LG11	13037963	13038099	ssa6_41096162_41097079.maf
ssa06	LG11	13047657	13047714	ssa6_41117293_41117831.maf
ssa06	LG11	13047714	13047727	ssa6_41117293_41117831.maf
ssa06	LG11	13463116	13463133	ssa6_41623344_41623686.maf
ssa06	LG11	13463133	13463159	ssa6_41623344_41623686.maf
ssa06	LG11	13463170	13463186	ssa6_41623344_41623686.maf
ssa06	LG11	13611997	13612036	ssa6_41825813_41826496.maf
ssa06	LG11	13612402	13612412	ssa6_41825813_41826496.maf
ssa06	LG11	13612412	13612452	ssa6_41825813_41826496.maf
ssa06	LG11	13642665	13642684	ssa6_41891351_41891902.maf
ssa06	LG11	13955585	13955715	ssa6_42241317_42241872.maf
ssa06	LG11	13955836	13955873	ssa6_42241317_42241872.maf
ssa06	LG11	13955873	13955941	ssa6_42241317_42241872.maf
ssa06	LG11	14046274	14046289	ssa6_42333763_42334077.maf
ssa06	LG11	14046299	14046316	ssa6_42333763_42334077.maf
ssa06	LG11	14046337	14046357	ssa6_42333763_42334077.maf
ssa06	LG11	14046481	14046494	ssa6_42333763_42334077.maf
ssa06	LG11	14046566	14046576	ssa6_42333763_42334077.maf
ssa06	LG11	14142476	14142522	ssa6_42405361_42406991.maf
ssa06	LG11	14142522	14142537	ssa6_42405361_42406991.maf
ssa06	LG11	14142537	14142547	ssa6_42405361_42406991.maf
ssa06	LG11	14142547	14142589	ssa6_42405361_42406991.maf
ssa06	LG11	14142589	14142608	ssa6_42405361_42406991.maf
ssa06	LG11	14142767	14142790	ssa6_42405361_42406991.maf
ssa06	LG11	14142790	14142801	ssa6_42405361_42406991.maf
ssa06	LG11	14143651	14143673	ssa6_42405361_42406991.maf
ssa06	LG11	14143677	14143766	ssa6_42405361_42406991.maf
ssa06	LG11	14143988	14144038	ssa6_42405361_42406991.maf
ssa06	LG11	14398363	14398471	ssa6_42773894_42774639.maf
ssa06	LG11	14398471	14398488	ssa6_42773894_42774639.maf
ssa06	LG11	14398490	14398520	ssa6_42773894_42774639.maf
ssa06	LG11	14398530	14398547	ssa6_42773894_42774639.maf
ssa06	LG11	14813878	14813888	ssa6_43246686_43247625.maf
ssa06	LG11	14813892	14813937	ssa6_43246686_43247625.maf
ssa06	LG11	14814169	14814237	ssa6_43246686_43247625.maf
ssa06	LG11	15744359	15744459	ssa6_44408746_44409288.maf
ssa06	LG11	15744459	15744478	ssa6_44408746_44409288.maf
ssa06	LG11	15753808	15753834	ssa6_44416385_44416706.maf
ssa06	LG11	15753834	15753863	ssa6_44416385_44416706.maf
ssa06	LG11	15785022	15785061	ssa6_44450120_44450478.maf
ssa06	LG11	17084481	17084498	ssa6_45702921_45703611.maf
ssa06	LG11	17084500	17084513	ssa6_45702921_45703611.maf
ssa06	LG11	17084513	17084532	ssa6_45702921_45703611.maf
ssa06	LG11	17084724	17084765	ssa6_45702921_45703611.maf
ssa06	LG11	17429698	17429784	ssa6_46132319_46133136.maf
ssa06	LG11	17429793	17429849	ssa6_46132319_46133136.maf
ssa06	LG11	17429849	17429860	ssa6_46132319_46133136.maf
ssa06	LG11	17470790	17470847	ssa6_46183811_46184461.maf
ssa06	LG11	18599155	18599167	ssa6_46880089_46880849.maf
ssa06	LG11	18599167	18599193	ssa6_46880089_46880849.maf
ssa06	LG11	18599193	18599284	ssa6_46880089_46880849.maf
ssa06	LG14	3917364	3917692	ssa6_49893571_49894871.maf
ssa06	LG14	3917692	3917705	ssa6_49893571_49894871.maf
ssa06	LG14	3918189	3918199	ssa6_49893571_49894871.maf
ssa06	LG14	3918239	3918261	ssa6_49893571_49894871.maf
ssa06	LG14	3747452	3747476	ssa6_50173327_50173602.maf
ssa06	LG14	4911262	4911272	ssa6_51983495_51983982.maf
ssa06	LG14	4911272	4911310	ssa6_51983495_51983982.maf
ssa06	LG14	5144991	5145033	ssa6_52445623_52446514.maf
ssa06	LG14	5246492	5246549	ssa6_52795662_52796358.maf
ssa06	LG14	5385916	5385950	ssa6_53046482_53047397.maf
ssa06	LG14	5385998	5386095	ssa6_53046482_53047397.maf
ssa06	LG14	5405027	5405091	ssa6_53089917_53090785.maf
ssa06	LG14	5405091	5405103	ssa6_53089917_53090785.maf
ssa06	LG14	5406065	5406121	ssa6_53098111_53099078.maf
ssa06	LG14	5406181	5406195	ssa6_53098111_53099078.maf
ssa06	LG14	5406195	5406289	ssa6_53098111_53099078.maf
ssa06	LG14	5406313	5406368	ssa6_53098111_53099078.maf
ssa06	LG14	5406368	5406470	ssa6_53098111_53099078.maf
ssa06	LG14	5406913	5406981	ssa6_53098111_53099078.maf
ssa06	LG14	5407025	5407071	ssa6_53098111_53099078.maf
ssa06	LG14	5455601	5455617	ssa6_53216892_53217786.maf
ssa06	LG14	5455857	5455885	ssa6_53216892_53217786.maf
ssa06	LG14	5455885	5455915	ssa6_53216892_53217786.maf
ssa06	LG14	5455915	5455935	ssa6_53216892_53217786.maf
ssa06	LG14	5455963	5455986	ssa6_53216892_53217786.maf
ssa06	LG14	5455986	5456028	ssa6_53216892_53217786.maf
ssa06	LG14	5456037	5456083	ssa6_53216892_53217786.maf
ssa06	LG14	5464022	5464041	ssa6_53228217_53229245.maf
ssa06	LG14	5464042	5464068	ssa6_53228217_53229245.maf
ssa06	LG14	5464068	5464148	ssa6_53228217_53229245.maf
ssa06	LG14	5464148	5464213	ssa6_53228217_53229245.maf
ssa06	LG14	5464213	5464332	ssa6_53228217_53229245.maf
ssa06	LG14	5465797	5465808	ssa6_53229798_53230301.maf
ssa06	LG14	3497926	3497970	ssa6_55234504_55235188.maf
ssa06	LG18	6737359	6737387	ssa6_56239813_56240820.maf
ssa06	LG18	6738199	6738214	ssa6_56239813_56240820.maf
ssa06	LG18	6738221	6738268	ssa6_56239813_56240820.maf
ssa06	LG18	6930475	6930508	ssa6_56538866_56539712.maf
ssa06	LG18	6930508	6930533	ssa6_56538866_56539712.maf
ssa06	LG18	7329657	7329677	ssa6_57141121_57141500.maf
ssa06	LG18	7329711	7329734	ssa6_57141121_57141500.maf
ssa06	LG18	7786385	7786461	ssa6_57898430_57898914.maf
ssa06	LG18	7985502	7985516	ssa6_58231203_58231467.maf
ssa06	LG18	8078071	8078086	ssa6_58335758_58336601.maf
ssa06	LG18	8078175	8078201	ssa6_58335758_58336601.maf
ssa06	LG18	8078249	8078269	ssa6_58335758_58336601.maf
ssa06	LG18	8108591	8108606	ssa6_58360991_58361836.maf
ssa06	LG18	8149528	8149540	ssa6_58426722_58427878.maf
ssa06	LG18	8149607	8149624	ssa6_58426722_58427878.maf
ssa06	LG18	8149624	8149699	ssa6_58426722_58427878.maf
ssa06	LG18	8149699	8149715	ssa6_58426722_58427878.maf
ssa06	LG18	8149715	8149725	ssa6_58426722_58427878.maf
ssa06	LG18	8270297	8270314	ssa6_58654864_58655529.maf
ssa06	LG18	8270325	8270374	ssa6_58654864_58655529.maf
ssa06	LG18	8299467	8299514	ssa6_58685886_58686383.maf
ssa06	LG18	8327132	8327203	ssa6_58756358_58757074.maf
ssa06	LG18	8327476	8327503	ssa6_58756358_58757074.maf
ssa06	LG18	8327503	8327536	ssa6_58756358_58757074.maf
ssa06	LG18	8327536	8327552	ssa6_58756358_58757074.maf
ssa06	LG18	8327882	8327925	ssa6_58756358_58757074.maf
ssa06	LG18	8327925	8327946	ssa6_58756358_58757074.maf
ssa06	LG18	8327962	8327972	ssa6_58756358_58757074.maf
ssa06	LG18	8525884	8525894	ssa6_59009228_59010614.maf
ssa06	LG18	8525948	8525970	ssa6_59009228_59010614.maf
ssa06	LG18	8525970	8525993	ssa6_59009228_59010614.maf
ssa06	LG18	8526456	8526493	ssa6_59009228_59010614.maf
ssa06	LG18	8526526	8526622	ssa6_59009228_59010614.maf
ssa06	LG18	8526622	8526711	ssa6_59009228_59010614.maf
ssa06	LG18	8526821	8526841	ssa6_59009228_59010614.maf
ssa06	LG18	8836298	8836322	ssa6_59466657_59467190.maf
ssa06	LG18	8874209	8874228	ssa6_59513298_59514160.maf
ssa06	LG18	8874615	8874628	ssa6_59513298_59514160.maf
ssa06	LG18	8874628	8874640	ssa6_59513298_59514160.maf
ssa06	LG18	8897398	8897471	ssa6_59544900_59545540.maf
ssa06	LG18	8897620	8897662	ssa6_59544900_59545540.maf
ssa06	LG18	8897662	8897674	ssa6_59544900_59545540.maf
ssa06	LG18	8897674	8897688	ssa6_59544900_59545540.maf
ssa06	LG18	8903069	8903081	ssa6_59548250_59548757.maf
ssa06	LG18	8903081	8903159	ssa6_59548250_59548757.maf
ssa06	LG18	8922407	8922432	ssa6_59569747_59570102.maf
ssa06	LG18	8980677	8980767	ssa6_59667831_59668884.maf
ssa06	LG18	9093943	9094008	ssa6_59827968_59828676.maf
ssa06	LG18	9094008	9094057	ssa6_59827968_59828676.maf
ssa06	LG18	9212019	9212035	ssa6_59954745_59955808.maf
ssa06	LG18	9212823	9212936	ssa6_59954745_59955808.maf
ssa06	LG18	9213093	9213169	ssa6_59954745_59955808.maf
ssa06	LG18	9213169	9213190	ssa6_59954745_59955808.maf
ssa06	LG18	9322068	9322120	ssa6_60153722_60154251.maf
ssa06	LG18	9462367	9462395	ssa6_60362811_60363620.maf
ssa06	LG18	9462395	9462450	ssa6_60362811_60363620.maf
ssa06	LG18	9462450	9462465	ssa6_60362811_60363620.maf
ssa06	LG18	9462465	9462496	ssa6_60362811_60363620.maf
ssa06	LG18	9462514	9462656	ssa6_60362811_60363620.maf
ssa06	LG18	9462656	9462666	ssa6_60362811_60363620.maf
ssa06	LG18	9462666	9462706	ssa6_60362811_60363620.maf
ssa06	LG18	9495985	9496042	ssa6_60407992_60408960.maf
ssa06	LG18	9496097	9496191	ssa6_60407992_60408960.maf
ssa06	LG18	9496210	9496335	ssa6_60407992_60408960.maf
ssa06	LG18	9496618	9496663	ssa6_60407992_60408960.maf
ssa06	LG18	9690674	9690753	ssa6_60689389_60689955.maf
ssa06	LG18	9690760	9690871	ssa6_60689389_60689955.maf
ssa06	LG18	9707022	9707096	ssa6_60722556_60722938.maf
ssa06	LG18	9707165	9707255	ssa6_60722556_60722938.maf
ssa06	LG18	9757104	9757189	ssa6_60788375_60789312.maf
ssa06	LG18	9874925	9874999	ssa6_60953379_60954554.maf
ssa06	LG18	10012103	10012280	ssa6_61148992_61149481.maf
ssa06	LG18	10258981	10259123	ssa6_61553185_61553615.maf
ssa06	LG18	10292810	10292825	ssa6_61587612_61587984.maf
ssa06	LG18	10292893	10292930	ssa6_61587612_61587984.maf
ssa06	LG18	10808268	10808368	ssa6_62248877_62249462.maf
ssa06	LG18	10893616	10893674	ssa6_62365939_62366988.maf
ssa06	LG18	10893674	10893692	ssa6_62365939_62366988.maf
ssa06	LG18	10894266	10894398	ssa6_62365939_62366988.maf
ssa06	LG18	10894415	10894473	ssa6_62365939_62366988.maf
ssa06	LG18	11343065	11343084	ssa6_63105314_63106054.maf
ssa06	LG18	11615944	11615965	ssa6_63485620_63486599.maf
ssa06	LG18	11616031	11616065	ssa6_63485620_63486599.maf
ssa06	LG18	11616066	11616106	ssa6_63485620_63486599.maf
ssa06	LG18	11616109	11616122	ssa6_63485620_63486599.maf
ssa06	LG18	12068139	12068199	ssa6_64010471_64010831.maf
ssa06	LG18	12068199	12068214	ssa6_64010471_64010831.maf
ssa06	LG18	12086368	12086416	ssa6_64031124_64031756.maf
ssa06	LG18	12373377	12373419	ssa6_64468928_64469645.maf
ssa06	LG18	12396331	12396424	ssa6_64494835_64495146.maf
ssa06	LG18	12419180	12419228	ssa6_64517416_64518293.maf
ssa06	LG18	12419228	12419301	ssa6_64517416_64518293.maf
ssa06	LG18	12620249	12620274	ssa6_64812099_64813355.maf
ssa06	LG18	12620291	12620344	ssa6_64812099_64813355.maf
ssa06	LG18	13015959	13016038	ssa6_65569111_65569454.maf
ssa06	LG18	13016042	13016164	ssa6_65569111_65569454.maf
ssa06	LG18	13028280	13028302	ssa6_65582153_65582756.maf
ssa06	LG18	13028328	13028385	ssa6_65582153_65582756.maf
ssa06	LG18	13028388	13028421	ssa6_65582153_65582756.maf
ssa06	LG18	13037528	13037598	ssa6_65597227_65598144.maf
ssa06	LG18	13048996	13049022	ssa6_65633159_65634359.maf
ssa06	LG18	13049058	13049198	ssa6_65633159_65634359.maf
ssa06	LG18	13049970	13050030	ssa6_65634551_65635349.maf
ssa06	LG18	13070886	13070981	ssa6_65660658_65661492.maf
ssa06	LG18	13070981	13070991	ssa6_65660658_65661492.maf
ssa06	LG18	13071999	13072130	ssa6_65660658_65661492.maf
ssa06	LG11	1264548	1264559	ssa6_6583422_6583763.maf
ssa06	LG11	1264559	1264585	ssa6_6583422_6583763.maf
ssa06	LG11	1264585	1264599	ssa6_6583422_6583763.maf
ssa06	LG18	13315245	13315323	ssa6_66177826_66178483.maf
ssa06	LG11	1341616	1341654	ssa6_6637269_6637695.maf
ssa06	LG18	13518343	13518421	ssa6_66456435_66457522.maf
ssa06	LG18	13964134	13964159	ssa6_67097965_67098461.maf
ssa06	LG18	13964159	13964194	ssa6_67097965_67098461.maf
ssa06	LG18	13964196	13964207	ssa6_67097965_67098461.maf
ssa06	LG18	13964207	13964218	ssa6_67097965_67098461.maf
ssa06	LG18	13964229	13964260	ssa6_67097965_67098461.maf
ssa06	LG18	14555340	14555403	ssa6_68075021_68075353.maf
ssa06	LG18	28454991	28455026	ssa6_68658524_68659160.maf
ssa06	LG18	28455026	28455065	ssa6_68658524_68659160.maf
ssa06	LG18	27917568	27917597	ssa6_68937608_68938343.maf
ssa06	LG18	27917598	27917613	ssa6_68937608_68938343.maf
ssa06	LG18	27917613	27917640	ssa6_68937608_68938343.maf
ssa06	LG18	27917640	27917656	ssa6_68937608_68938343.maf
ssa06	LG18	27917656	27917759	ssa6_68937608_68938343.maf
ssa06	LG18	27917785	27917819	ssa6_68937608_68938343.maf
ssa06	LG18	27917845	27917867	ssa6_68937608_68938343.maf
ssa06	LG18	27863893	27863913	ssa6_69010936_69011682.maf
ssa06	LG18	27863913	27863924	ssa6_69010936_69011682.maf
ssa06	LG18	27864201	27864218	ssa6_69010936_69011682.maf
ssa06	LG18	27864218	27864236	ssa6_69010936_69011682.maf
ssa06	LG18	27864242	27864253	ssa6_69010936_69011682.maf
ssa06	LG18	27864253	27864305	ssa6_69010936_69011682.maf
ssa06	LG18	27864413	27864445	ssa6_69010936_69011682.maf
ssa06	LG18	27864445	27864489	ssa6_69010936_69011682.maf
ssa06	LG18	27864489	27864510	ssa6_69010936_69011682.maf
ssa06	LG18	27864525	27864576	ssa6_69010936_69011682.maf
ssa06	LG18	27864604	27864615	ssa6_69010936_69011682.maf
ssa06	LG18	22919389	22919495	ssa6_70386534_70387164.maf
ssa06	LG18	25225933	25226028	ssa6_70696115_70697040.maf
ssa06	LG18	25179940	25180000	ssa6_70751396_70752125.maf
ssa06	LG18	24599329	24599400	ssa6_71304934_71305931.maf
ssa06	LG18	24599810	24599832	ssa6_71304934_71305931.maf
ssa06	LG18	24599949	24599978	ssa6_71304934_71305931.maf
ssa06	LG18	24088189	24088215	ssa6_71848695_71849129.maf
ssa06	LG18	24088233	24088251	ssa6_71848695_71849129.maf
ssa06	LG18	24088339	24088356	ssa6_71848695_71849129.maf
ssa06	LG11	1697447	1697468	ssa6_7238577_7239472.maf
ssa06	LG11	1697899	1697947	ssa6_7238577_7239472.maf
ssa06	LG11	1727026	1727041	ssa6_7260666_7261185.maf
ssa06	LG11	1727217	1727312	ssa6_7260666_7261185.maf
ssa06	LG18	23339370	23339388	ssa6_72729139_72729590.maf
ssa06	LG18	23339390	23339418	ssa6_72729139_72729590.maf
ssa06	LG18	23339528	23339543	ssa6_72729139_72729590.maf
ssa06	LG18	23339553	23339596	ssa6_72729139_72729590.maf
ssa06	LG18	23339598	23339610	ssa6_72729139_72729590.maf
ssa06	LG18	23294999	23295073	ssa6_72764853_72765802.maf
ssa06	LG18	23257925	23257967	ssa6_72823358_72824166.maf
ssa06	LG18	23257967	23257981	ssa6_72823358_72824166.maf
ssa06	LG18	23258102	23258157	ssa6_72823358_72824166.maf
ssa06	LG18	23258157	23258189	ssa6_72823358_72824166.maf
ssa06	LG18	23226486	23226534	ssa6_72893406_72894171.maf
ssa06	LG18	23226534	23226586	ssa6_72893406_72894171.maf
ssa06	LG18	23226822	23226874	ssa6_72893406_72894171.maf
ssa06	LG18	23091481	23091511	ssa6_73052123_73052536.maf
ssa06	LG18	23091511	23091555	ssa6_73052123_73052536.maf
ssa06	LG18	23091692	23091776	ssa6_73052123_73052536.maf
ssa06	LG18	23091780	23091790	ssa6_73052123_73052536.maf
ssa06	LG18	23065233	23065249	ssa6_73104176_73104787.maf
ssa06	LG18	23065253	23065277	ssa6_73104176_73104787.maf
ssa06	LG11	1769026	1769051	ssa6_7344913_7345497.maf
ssa06	LG11	1769051	1769106	ssa6_7344913_7345497.maf
ssa06	LG18	22165827	22165901	ssa6_73791319_73792137.maf
ssa06	LG18	22165902	22165931	ssa6_73791319_73792137.maf
ssa06	LG18	22007537	22007596	ssa6_74013097_74013897.maf
ssa06	LG18	22007655	22007666	ssa6_74013097_74013897.maf
ssa06	LG18	22007666	22007684	ssa6_74013097_74013897.maf
ssa06	LG18	22007816	22007858	ssa6_74013097_74013897.maf
ssa06	LG18	21720606	21720739	ssa6_74492257_74493752.maf
ssa06	LG18	21721114	21721129	ssa6_74492257_74493752.maf
ssa06	LG18	21721129	21721168	ssa6_74492257_74493752.maf
ssa06	LG18	21690359	21690399	ssa6_74536799_74537179.maf
ssa06	LG18	21690406	21690416	ssa6_74536799_74537179.maf
ssa06	LG18	21507617	21507665	ssa6_74768958_74769297.maf
ssa06	LG18	21341164	21341195	ssa6_75157370_75157873.maf
ssa06	LG18	21341211	21341258	ssa6_75157370_75157873.maf
ssa06	LG18	21296082	21296157	ssa6_75231299_75232223.maf
ssa06	LG18	21293939	21294041	ssa6_75244726_75245477.maf
ssa06	LG18	21294132	21294186	ssa6_75244726_75245477.maf
ssa06	LG18	21148366	21148474	ssa6_75472425_75473077.maf
ssa06	LG18	20963867	20963896	ssa6_75787299_75787948.maf
ssa06	LG18	20963905	20963932	ssa6_75787299_75787948.maf
ssa06	LG18	20963932	20964000	ssa6_75787299_75787948.maf
ssa06	LG18	20964136	20964189	ssa6_75787299_75787948.maf
ssa06	LG18	20797395	20797452	ssa6_76102580_76102839.maf
ssa06	LG18	20689111	20689309	ssa6_76308776_76309535.maf
ssa06	LG18	20500971	20501036	ssa6_76640989_76641880.maf
ssa06	LG18	20501043	20501057	ssa6_76640989_76641880.maf
ssa06	LG18	20501057	20501081	ssa6_76640989_76641880.maf
ssa06	LG18	20501154	20501181	ssa6_76640989_76641880.maf
ssa06	LG18	20501181	20501196	ssa6_76640989_76641880.maf
ssa06	LG18	20501201	20501223	ssa6_76640989_76641880.maf
ssa06	LG18	20401513	20401540	ssa6_76818929_76819688.maf
ssa06	LG18	20401540	20401560	ssa6_76818929_76819688.maf
ssa06	LG18	20401560	20401622	ssa6_76818929_76819688.maf
ssa06	LG18	20401631	20401669	ssa6_76818929_76819688.maf
ssa06	LG18	20401790	20401800	ssa6_76818929_76819688.maf
ssa06	LG18	20401800	20401815	ssa6_76818929_76819688.maf
ssa06	LG18	20401815	20401831	ssa6_76818929_76819688.maf
ssa06	LG18	20402008	20402033	ssa6_76818929_76819688.maf
ssa06	LG18	20402033	20402043	ssa6_76818929_76819688.maf
ssa06	LG18	20402048	20402078	ssa6_76818929_76819688.maf
ssa06	LG18	20402078	20402102	ssa6_76818929_76819688.maf
ssa06	LG18	19625926	19626002	ssa6_77257915_77258300.maf
ssa06	LG18	19560182	19560246	ssa6_77362738_77363395.maf
ssa06	LG18	19560265	19560336	ssa6_77362738_77363395.maf
ssa06	LG18	19209130	19209171	ssa6_77837120_77837921.maf
ssa06	LG18	19113486	19113571	ssa6_78025528_78026530.maf
ssa06	LG18	19049695	19049816	ssa6_78127356_78128377.maf
ssa06	LG18	19050113	19050184	ssa6_78127356_78128377.maf
ssa06	LG18	18880471	18880538	ssa6_78301468_78301977.maf
ssa06	LG18	18880546	18880597	ssa6_78301468_78301977.maf
ssa06	LG18	18880597	18880615	ssa6_78301468_78301977.maf
ssa06	LG18	18868774	18868794	ssa6_78316150_78316833.maf
ssa06	LG18	18868794	18868825	ssa6_78316150_78316833.maf
ssa06	LG18	18868825	18868841	ssa6_78316150_78316833.maf
ssa06	LG18	18734608	18734685	ssa6_78506531_78506805.maf
ssa06	LG18	18637371	18637572	ssa6_78671280_78672315.maf
ssa06	LG18	18637667	18637707	ssa6_78671280_78672315.maf
ssa06	LG18	18621539	18621562	ssa6_78695306_78696046.maf
ssa06	LG18	18621562	18621630	ssa6_78695306_78696046.maf
ssa06	LG18	18613874	18613959	ssa6_78724961_78725611.maf
ssa06	LG18	18441620	18441664	ssa6_78921013_78922029.maf
ssa06	LG18	18441728	18441742	ssa6_78921013_78922029.maf
ssa06	LG18	18441742	18441755	ssa6_78921013_78922029.maf
ssa06	LG18	18442238	18442248	ssa6_78921013_78922029.maf
ssa06	LG18	18442267	18442358	ssa6_78921013_78922029.maf
ssa06	LG18	18442358	18442407	ssa6_78921013_78922029.maf
ssa06	LG18	18442407	18442534	ssa6_78921013_78922029.maf
ssa06	LG18	18442535	18442550	ssa6_78921013_78922029.maf
ssa06	LG18	18442550	18442566	ssa6_78921013_78922029.maf
ssa06	LG18	18442566	18442591	ssa6_78921013_78922029.maf
ssa06	LG18	18289612	18289623	ssa6_79178061_79178647.maf
ssa06	LG18	18289623	18289655	ssa6_79178061_79178647.maf
ssa06	LG18	18289658	18289729	ssa6_79178061_79178647.maf
ssa06	LG18	18037266	18037305	ssa6_80438716_80439454.maf
ssa06	LG18	17731132	17731155	ssa6_80993832_80995265.maf
ssa06	LG18	17731533	17731571	ssa6_80993832_80995265.maf
ssa06	LG18	17694845	17694978	ssa6_81045117_81045997.maf
ssa06	LG18	17597596	17597677	ssa6_81162770_81163743.maf
ssa06	LG18	17345314	17345397	ssa6_81532658_81533152.maf
ssa06	LG18	17345570	17345580	ssa6_81532658_81533152.maf
ssa06	LG18	17311617	17311631	ssa6_81587815_81588325.maf
ssa06	LG18	17311631	17311675	ssa6_81587815_81588325.maf
ssa06	LG18	16716132	16716154	ssa6_82715282_82716643.maf
ssa06	LG18	16716155	16716303	ssa6_82715282_82716643.maf
ssa06	LG18	16716306	16716340	ssa6_82715282_82716643.maf
ssa06	LG18	16716340	16716481	ssa6_82715282_82716643.maf
ssa06	LG18	16716481	16716521	ssa6_82715282_82716643.maf
ssa06	LG18	16369304	16369330	ssa6_83419833_83420271.maf
ssa06	LG18	16369361	16369393	ssa6_83419833_83420271.maf
ssa06	LG18	16369393	16369433	ssa6_83419833_83420271.maf
ssa06	LG18	16369640	16369671	ssa6_83419833_83420271.maf
ssa06	LG18	16369671	16369705	ssa6_83419833_83420271.maf
ssa06	LG18	16307911	16308010	ssa6_83529160_83529928.maf
ssa06	LG23	4783386	4783447	ssa6_85183666_85185032.maf
ssa06	LG23	5339481	5339507	ssa6_86539263_86539756.maf
ssa06	LG23	5339507	5339546	ssa6_86539263_86539756.maf
ssa06	LG23	5339546	5339600	ssa6_86539263_86539756.maf
ssa06	LG23	5339600	5339620	ssa6_86539263_86539756.maf
ssa06	LG23	5342179	5342195	ssa6_86543506_86544066.maf
ssa06	LG23	5342197	5342250	ssa6_86543506_86544066.maf
ssa06	LG23	5344531	5344558	ssa6_86552846_86553520.maf
ssa06	LG23	5344558	5344625	ssa6_86552846_86553520.maf
ssa06	LG23	5344633	5344709	ssa6_86552846_86553520.maf
ssa06	LG23	5627646	5627678	ssa6_87373575_87374625.maf
ssa06	LG23	5828454	5828514	ssa6_87768854_87769670.maf
ssa06	LG23	5828514	5828550	ssa6_87768854_87769670.maf
ssa06	LG23	5828557	5828568	ssa6_87768854_87769670.maf
ssa06	LG18	159812	159885	ssa6_89771942_89773025.maf
ssa06	LG18	288465	288481	ssa6_90062028_90062451.maf
ssa06	LG18	288481	288642	ssa6_90062028_90062451.maf
ssa06	LG18	300937	300953	ssa6_90085645_90086134.maf
ssa06	LG18	302131	302172	ssa6_90089764_90090069.maf
ssa06	LG18	302182	302228	ssa6_90089764_90090069.maf
ssa06	LG18	1714434	1714480	ssa6_93233575_93234259.maf
ssa06	LG18	1714480	1714493	ssa6_93233575_93234259.maf
ssa06	LG18	1714493	1714529	ssa6_93233575_93234259.maf
ssa06	LG11	38812067	38812079	ssa6_9502543_9503342.maf
ssa06	LG11	38812088	38812169	ssa6_9502543_9503342.maf
ssa06	LG11	38716707	38716726	ssa6_9597954_9598817.maf
ssa06	LG11	38716738	38716809	ssa6_9597954_9598817.maf
ssa07	LG24	7305309	7305329	ssa7_10965428_10966029.maf
ssa07	LG24	7305348	7305371	ssa7_10965428_10966029.maf
ssa07	LG24	7305392	7305404	ssa7_10965428_10966029.maf
ssa07	LG24	7384349	7384371	ssa7_11083025_11083370.maf
ssa07	LG24	7766857	7766914	ssa7_11952005_11952468.maf
ssa07	LG24	8021803	8021830	ssa7_12496462_12496975.maf
ssa07	LG24	8360813	8360902	ssa7_13013126_13013923.maf
ssa07	LG24	8809432	8809448	ssa7_13711053_13711881.maf
ssa07	LG24	8809457	8809637	ssa7_13711053_13711881.maf
ssa07	LG24	8809637	8809693	ssa7_13711053_13711881.maf
ssa07	LG24	8809693	8809789	ssa7_13711053_13711881.maf
ssa07	LG24	9022055	9022071	ssa7_14121584_14122247.maf
ssa07	LG24	9022090	9022160	ssa7_14121584_14122247.maf
ssa07	LG24	9143583	9143602	ssa7_14372917_14373634.maf
ssa07	LG24	9143616	9143695	ssa7_14372917_14373634.maf
ssa07	LG24	9178854	9178917	ssa7_14439637_14440126.maf
ssa07	LG24	9179130	9179155	ssa7_14439637_14440126.maf
ssa07	LG24	9321910	9321992	ssa7_14646405_14647089.maf
ssa07	LG24	9322328	9322380	ssa7_14646405_14647089.maf
ssa07	LG24	10138171	10138288	ssa7_15950916_15951206.maf
ssa07	LG24	10138288	10138298	ssa7_15950916_15951206.maf
ssa07	LG24	10704099	10704142	ssa7_16219715_16220531.maf
ssa07	LG24	10505566	10505637	ssa7_16465159_16465702.maf
ssa07	LG24	10489505	10489525	ssa7_16484371_16485068.maf
ssa07	LG24	10428363	10428550	ssa7_16604972_16605370.maf
ssa07	LG24	10428556	10428566	ssa7_16604972_16605370.maf
ssa07	LG24	10427354	10427369	ssa7_16609917_16610486.maf
ssa07	LG24	10427428	10427502	ssa7_16609917_16610486.maf
ssa07	LG24	10427503	10427565	ssa7_16609917_16610486.maf
ssa07	LG24	10427572	10427592	ssa7_16609917_16610486.maf
ssa07	LG24	10371484	10371568	ssa7_16706460_16707207.maf
ssa07	LG24	10371631	10371643	ssa7_16706460_16707207.maf
ssa07	LG24	10371647	10371685	ssa7_16706460_16707207.maf
ssa07	LG24	10371687	10371788	ssa7_16706460_16707207.maf
ssa07	LG24	10371802	10371824	ssa7_16706460_16707207.maf
ssa07	LG24	10371842	10371895	ssa7_16706460_16707207.maf
ssa07	LG24	10371904	10371915	ssa7_16706460_16707207.maf
ssa07	LG24	10371922	10371968	ssa7_16706460_16707207.maf
ssa07	LG24	10371968	10371989	ssa7_16706460_16707207.maf
ssa07	LG24	10371989	10372004	ssa7_16706460_16707207.maf
ssa07	LG24	10358935	10358949	ssa7_16722568_16723736.maf
ssa07	LG24	10359061	10359085	ssa7_16722568_16723736.maf
ssa07	LG24	10359127	10359209	ssa7_16722568_16723736.maf
ssa07	LG24	10359209	10359219	ssa7_16722568_16723736.maf
ssa07	LG24	10898030	10898040	ssa7_17141252_17141818.maf
ssa07	LG24	10898040	10898139	ssa7_17141252_17141818.maf
ssa07	LG24	10898139	10898155	ssa7_17141252_17141818.maf
ssa07	LG24	10898155	10898180	ssa7_17141252_17141818.maf
ssa07	LG24	10898632	10898733	ssa7_17141252_17141818.maf
ssa07	LG24	10946735	10946751	ssa7_17228713_17229670.maf
ssa07	LG24	10947542	10947624	ssa7_17228713_17229670.maf
ssa07	LG24	10947687	10947701	ssa7_17228713_17229670.maf
ssa07	LG24	10947701	10947719	ssa7_17228713_17229670.maf
ssa07	LG24	11151369	11151399	ssa7_17518136_17518745.maf
ssa07	LG24	11151729	11151739	ssa7_17518136_17518745.maf
ssa07	LG24	11151849	11151877	ssa7_17518136_17518745.maf
ssa07	LG24	11215172	11215186	ssa7_17592190_17592795.maf
ssa07	LG24	11215605	11215637	ssa7_17592190_17592795.maf
ssa07	LG24	11344246	11344334	ssa7_17740170_17740585.maf
ssa07	LG24	11355399	11355439	ssa7_17776108_17776603.maf
ssa07	LG24	11355620	11355632	ssa7_17776108_17776603.maf
ssa07	LG24	11383414	11383475	ssa7_17819963_17820353.maf
ssa07	LG24	11383475	11383510	ssa7_17819963_17820353.maf
ssa07	LG24	11566631	11566723	ssa7_18175098_18175499.maf
ssa07	LG24	11566723	11566737	ssa7_18175098_18175499.maf
ssa07	LG24	11598367	11598379	ssa7_18215925_18216150.maf
ssa07	LG24	11598379	11598427	ssa7_18215925_18216150.maf
ssa07	LG24	11956914	11956952	ssa7_18696215_18697113.maf
ssa07	LG24	11956976	11956998	ssa7_18696215_18697113.maf
ssa07	LG24	11956998	11957074	ssa7_18696215_18697113.maf
ssa07	LG24	11957091	11957106	ssa7_18696215_18697113.maf
ssa07	LG24	11957126	11957179	ssa7_18696215_18697113.maf
ssa07	LG24	11957179	11957197	ssa7_18696215_18697113.maf
ssa07	LG24	11957197	11957216	ssa7_18696215_18697113.maf
ssa07	LG24	11957216	11957233	ssa7_18696215_18697113.maf
ssa07	LG24	12007104	12007162	ssa7_18807514_18808647.maf
ssa07	LG24	12007235	12007250	ssa7_18807514_18808647.maf
ssa07	LG24	12007257	12007274	ssa7_18807514_18808647.maf
ssa07	LG24	12007286	12007305	ssa7_18807514_18808647.maf
ssa07	LG24	12007305	12007336	ssa7_18807514_18808647.maf
ssa07	LG24	12007346	12007356	ssa7_18807514_18808647.maf
ssa07	LG24	12007706	12007730	ssa7_18807514_18808647.maf
ssa07	LG24	12007757	12007839	ssa7_18807514_18808647.maf
ssa07	LG24	12007839	12007866	ssa7_18807514_18808647.maf
ssa07	LG24	12007866	12007898	ssa7_18807514_18808647.maf
ssa07	LG24	12007967	12008025	ssa7_18807514_18808647.maf
ssa07	LG24	12041340	12041409	ssa7_18847310_18847780.maf
ssa07	LG24	12041409	12041446	ssa7_18847310_18847780.maf
ssa07	LG24	12053102	12053132	ssa7_18863770_18864186.maf
ssa07	LG24	12053132	12053226	ssa7_18863770_18864186.maf
ssa07	LG24	12053247	12053296	ssa7_18863770_18864186.maf
ssa07	LG24	12053296	12053319	ssa7_18863770_18864186.maf
ssa07	LG24	12137202	12137239	ssa7_18960923_18961625.maf
ssa07	LG24	12137293	12137352	ssa7_18960923_18961625.maf
ssa07	LG24	12205767	12205793	ssa7_19069586_19070210.maf
ssa07	LG24	12244161	12244296	ssa7_19131759_19132636.maf
ssa07	LG24	12283128	12283189	ssa7_19175797_19176488.maf
ssa07	LG24	12283189	12283231	ssa7_19175797_19176488.maf
ssa07	LG24	12283231	12283242	ssa7_19175797_19176488.maf
ssa07	LG24	12283432	12283442	ssa7_19175797_19176488.maf
ssa07	LG24	12283444	12283464	ssa7_19175797_19176488.maf
ssa07	LG24	12365439	12365450	ssa7_19276268_19276889.maf
ssa07	LG24	12365505	12365519	ssa7_19276268_19276889.maf
ssa07	LG24	12565910	12565924	ssa7_19532574_19532971.maf
ssa07	LG24	12565926	12565936	ssa7_19532574_19532971.maf
ssa07	LG24	12565936	12565946	ssa7_19532574_19532971.maf
ssa07	LG24	12565946	12565957	ssa7_19532574_19532971.maf
ssa07	LG24	12565957	12565967	ssa7_19532574_19532971.maf
ssa07	LG24	12565969	12566037	ssa7_19532574_19532971.maf
ssa07	LG24	13250305	13250333	ssa7_20580143_20580624.maf
ssa07	LG24	13561520	13561590	ssa7_20815585_20816413.maf
ssa07	LG24	13652272	13652327	ssa7_20892375_20893079.maf
ssa07	LG24	13652417	13652458	ssa7_20892375_20893079.maf
ssa07	LG24	13655405	13655415	ssa7_20897276_20898118.maf
ssa07	LG24	13655438	13655480	ssa7_20897276_20898118.maf
ssa07	LG24	13655622	13655650	ssa7_20897276_20898118.maf
ssa07	LG24	13776409	13776440	ssa7_21094162_21094825.maf
ssa07	LG24	13789715	13789731	ssa7_21143840_21144746.maf
ssa07	LG24	14253843	14253863	ssa7_21601789_21602530.maf
ssa07	LG24	14253916	14253944	ssa7_21601789_21602530.maf
ssa07	LG24	14272939	14273035	ssa7_21632224_21632713.maf
ssa07	LG24	14918405	14918434	ssa7_22329552_22330288.maf
ssa07	LG24	14993706	14993848	ssa7_22449760_22450473.maf
ssa07	LG24	15878962	15879024	ssa7_23219029_23219651.maf
ssa07	LG24	15879048	15879152	ssa7_23219029_23219651.maf
ssa07	LG24	15879275	15879336	ssa7_23219029_23219651.maf
ssa07	LG24	15879336	15879366	ssa7_23219029_23219651.maf
ssa07	LG24	15879366	15879436	ssa7_23219029_23219651.maf
ssa07	LG24	16080235	16080289	ssa7_23459308_23459641.maf
ssa07	LG24	16135055	16135070	ssa7_23548747_23549684.maf
ssa07	LG24	16135070	16135116	ssa7_23548747_23549684.maf
ssa07	LG24	16156154	16156189	ssa7_23587375_23587677.maf
ssa07	LG24	16190914	16190980	ssa7_23692090_23692512.maf
ssa07	LG24	16503321	16503336	ssa7_24170432_24171425.maf
ssa07	LG24	16503341	16503375	ssa7_24170432_24171425.maf
ssa07	LG24	16901235	16901298	ssa7_24639820_24640259.maf
ssa07	LG24	16901298	16901312	ssa7_24639820_24640259.maf
ssa07	LG24	17569587	17569650	ssa7_25167180_25167789.maf
ssa07	LG24	17608417	17608452	ssa7_25208634_25209119.maf
ssa07	LG24	17608452	17608467	ssa7_25208634_25209119.maf
ssa07	LG24	17776052	17776117	ssa7_25448987_25449976.maf
ssa07	LG24	19562919	19562948	ssa7_26355189_26356294.maf
ssa07	LG24	19562948	19562966	ssa7_26355189_26356294.maf
ssa07	LG24	22448691	22448749	ssa7_27139444_27140254.maf
ssa07	LG24	22449287	22449298	ssa7_27139444_27140254.maf
ssa07	LG24	22449308	22449352	ssa7_27139444_27140254.maf
ssa07	LG24	22449353	22449393	ssa7_27139444_27140254.maf
ssa07	LG24	22449393	22449409	ssa7_27139444_27140254.maf
ssa07	LG24	22476788	22476831	ssa7_27202000_27202338.maf
ssa07	LG24	23518724	23518806	ssa7_28176735_28177239.maf
ssa07	LG24	23983498	23983552	ssa7_28732620_28733536.maf
ssa07	LG24	23983779	23983821	ssa7_28732620_28733536.maf
ssa07	LG24	24097582	24097657	ssa7_28927764_28928488.maf
ssa07	LG24	24098784	24098869	ssa7_28928555_28929210.maf
ssa07	LG24	24109897	24109942	ssa7_28944708_28945078.maf
ssa07	LG24	24115530	24115584	ssa7_28952700_28953764.maf
ssa07	LG24	24458811	24458860	ssa7_29110715_29111393.maf
ssa07	LG24	25199586	25199610	ssa7_30122723_30123410.maf
ssa07	LG24	25211678	25211690	ssa7_30143273_30144121.maf
ssa07	LG24	25211690	25211771	ssa7_30143273_30144121.maf
ssa07	LG23	16536168	16536188	ssa7_34771142_34771853.maf
ssa07	LG23	16536188	16536209	ssa7_34771142_34771853.maf
ssa07	LG23	16536209	16536235	ssa7_34771142_34771853.maf
ssa07	LG23	16536278	16536304	ssa7_34771142_34771853.maf
ssa07	LG23	16536338	16536421	ssa7_34771142_34771853.maf
ssa07	LG23	16885040	16885053	ssa7_35375070_35375612.maf
ssa07	LG23	16885053	16885080	ssa7_35375070_35375612.maf
ssa07	LG23	16885080	16885214	ssa7_35375070_35375612.maf
ssa07	LG23	16885214	16885232	ssa7_35375070_35375612.maf
ssa07	LG23	16885232	16885259	ssa7_35375070_35375612.maf
ssa07	LG23	16885333	16885435	ssa7_35375070_35375612.maf
ssa07	LG23	16885446	16885472	ssa7_35375070_35375612.maf
ssa07	LG23	17167177	17167237	ssa7_35822412_35823057.maf
ssa07	LG23	17167532	17167565	ssa7_35822412_35823057.maf
ssa07	LG23	17167565	17167581	ssa7_35822412_35823057.maf
ssa07	LG23	17167587	17167597	ssa7_35822412_35823057.maf
ssa07	LG23	17167598	17167620	ssa7_35822412_35823057.maf
ssa07	LG23	17175613	17175717	ssa7_35844952_35846779.maf
ssa07	LG23	17255768	17255825	ssa7_35994252_35994740.maf
ssa07	LG23	17255825	17255854	ssa7_35994252_35994740.maf
ssa07	LG23	17398770	17398863	ssa7_36271607_36273456.maf
ssa07	LG23	18430714	18430798	ssa7_37360862_37361425.maf
ssa07	LG23	18430798	18430892	ssa7_37360862_37361425.maf
ssa07	LG23	18430892	18430996	ssa7_37360862_37361425.maf
ssa07	LG23	18431339	18431407	ssa7_37360862_37361425.maf
ssa07	LG23	18446606	18446619	ssa7_37376915_37377183.maf
ssa07	LG23	18802429	18802472	ssa7_37743972_37744923.maf
ssa07	LG23	18802472	18802484	ssa7_37743972_37744923.maf
ssa07	LG23	18802484	18802534	ssa7_37743972_37744923.maf
ssa07	LG23	18802728	18802782	ssa7_37743972_37744923.maf
ssa07	LG23	18875139	18875231	ssa7_37820131_37821497.maf
ssa07	LG23	18875231	18875271	ssa7_37820131_37821497.maf
ssa07	LG23	19042302	19042354	ssa7_38014726_38015450.maf
ssa07	LG23	19042354	19042376	ssa7_38014726_38015450.maf
ssa07	LG23	19042433	19042455	ssa7_38014726_38015450.maf
ssa07	LG23	19042478	19042496	ssa7_38014726_38015450.maf
ssa07	LG23	19042496	19042516	ssa7_38014726_38015450.maf
ssa07	LG23	19042516	19042532	ssa7_38014726_38015450.maf
ssa07	LG23	19059328	19059359	ssa7_38041442_38042570.maf
ssa07	LG23	19116165	19116183	ssa7_38109657_38110262.maf
ssa07	LG23	19116222	19116232	ssa7_38109657_38110262.maf
ssa07	LG23	19116243	19116269	ssa7_38109657_38110262.maf
ssa07	LG23	19116269	19116295	ssa7_38109657_38110262.maf
ssa07	LG23	19116295	19116391	ssa7_38109657_38110262.maf
ssa07	LG23	19116391	19116411	ssa7_38109657_38110262.maf
ssa07	LG23	19116411	19116421	ssa7_38109657_38110262.maf
ssa07	LG23	19167564	19167605	ssa7_38186289_38187304.maf
ssa07	LG23	19167618	19167637	ssa7_38186289_38187304.maf
ssa07	LG23	19167665	19167691	ssa7_38186289_38187304.maf
ssa07	LG23	19167691	19167702	ssa7_38186289_38187304.maf
ssa07	LG23	19167729	19167750	ssa7_38186289_38187304.maf
ssa07	LG23	19167779	19167794	ssa7_38186289_38187304.maf
ssa07	LG23	19167797	19167886	ssa7_38186289_38187304.maf
ssa07	LG23	19167886	19167905	ssa7_38186289_38187304.maf
ssa07	LG23	19167927	19167964	ssa7_38186289_38187304.maf
ssa07	LG23	19663041	19663135	ssa7_38519669_38520203.maf
ssa07	LG23	20182588	20182603	ssa7_38886879_38887370.maf
ssa07	LG23	20182651	20182677	ssa7_38886879_38887370.maf
ssa07	LG23	20638874	20638942	ssa7_39470574_39471053.maf
ssa07	LG23	20638982	20639003	ssa7_39470574_39471053.maf
ssa07	LG23	20658620	20658699	ssa7_39493885_39494569.maf
ssa07	LG23	21570666	21570741	ssa7_40424929_40425715.maf
ssa07	LG23	21844798	21844872	ssa7_40665338_40666739.maf
ssa07	LG23	22603587	22603641	ssa7_41254865_41255320.maf
ssa07	LG23	23047113	23047143	ssa7_41590368_41590744.maf
ssa07	LG23	23200369	23200395	ssa7_41681896_41682143.maf
ssa07	LG23	23200395	23200407	ssa7_41681896_41682143.maf
ssa07	LG23	23200432	23200445	ssa7_41681896_41682143.maf
ssa07	LG23	15468507	15468571	ssa7_43116480_43116944.maf
ssa07	LG23	15436152	15436309	ssa7_43158912_43159974.maf
ssa07	LG23	14190811	14190872	ssa7_44814372_44815270.maf
ssa07	LG23	14190872	14190899	ssa7_44814372_44815270.maf
ssa07	LG23	14119269	14119486	ssa7_44909710_44910187.maf
ssa07	LG23	14119486	14119502	ssa7_44909710_44910187.maf
ssa07	LG23	14103178	14103316	ssa7_44927760_44928683.maf
ssa07	LG23	14081358	14081407	ssa7_44947568_44948019.maf
ssa07	LG23	14045033	14045119	ssa7_45019166_45020267.maf
ssa07	LG23	13516064	13516085	ssa7_45871705_45872330.maf
ssa07	LG23	13516216	13516227	ssa7_45871705_45872330.maf
ssa07	LG23	13516287	13516385	ssa7_45871705_45872330.maf
ssa07	LG23	13183613	13183633	ssa7_46293249_46294101.maf
ssa07	LG23	13183671	13183709	ssa7_46293249_46294101.maf
ssa07	LG23	13102391	13102409	ssa7_46392152_46392593.maf
ssa07	LG23	13102409	13102520	ssa7_46392152_46392593.maf
ssa07	LG23	12961836	12961900	ssa7_46580533_46581449.maf
ssa07	LG23	12747268	12747312	ssa7_47013117_47014144.maf
ssa07	LG23	12747312	12747367	ssa7_47013117_47014144.maf
ssa07	LG23	12285891	12285915	ssa7_47549164_47550887.maf
ssa07	LG23	12286921	12286946	ssa7_47549164_47550887.maf
ssa07	LG23	12286950	12286968	ssa7_47549164_47550887.maf
ssa07	LG23	12286968	12287110	ssa7_47549164_47550887.maf
ssa07	LG23	12230551	12230577	ssa7_47608447_47608815.maf
ssa07	LG23	12107129	12107145	ssa7_47781198_47781873.maf
ssa07	LG23	12107145	12107158	ssa7_47781198_47781873.maf
ssa07	LG23	12013050	12013109	ssa7_47900527_47901071.maf
ssa07	LG23	12013109	12013119	ssa7_47900527_47901071.maf
ssa07	LG23	11423699	11423790	ssa7_48675882_48676973.maf
ssa07	LG23	11424087	11424100	ssa7_48675882_48676973.maf
ssa07	LG23	11424101	11424129	ssa7_48675882_48676973.maf
ssa07	LG23	11424143	11424231	ssa7_48675882_48676973.maf
ssa07	LG23	11291020	11291058	ssa7_48794297_48794888.maf
ssa07	LG23	11057668	11057691	ssa7_49056039_49056965.maf
ssa07	LG23	11057691	11057728	ssa7_49056039_49056965.maf
ssa07	LG23	10196913	10196933	ssa7_50419441_50420373.maf
ssa07	LG23	10196933	10196959	ssa7_50419441_50420373.maf
ssa07	LG23	10196959	10196973	ssa7_50419441_50420373.maf
ssa07	LG23	10197091	10197129	ssa7_50419441_50420373.maf
ssa07	LG23	10189464	10189484	ssa7_50438945_50439481.maf
ssa07	LG23	10189484	10189541	ssa7_50438945_50439481.maf
ssa07	LG23	9973355	9973444	ssa7_50853871_50854222.maf
ssa07	LG23	9968678	9968731	ssa7_50861656_50862648.maf
ssa07	LG23	9968731	9968788	ssa7_50861656_50862648.maf
ssa07	LG23	9133658	9133674	ssa7_52229974_52230258.maf
ssa07	LG23	9133674	9133696	ssa7_52229974_52230258.maf
ssa07	LG23	8871278	8871313	ssa7_52648628_52648873.maf
ssa07	LG23	7791847	7791913	ssa7_54659039_54659747.maf
ssa07	LG23	7791913	7791946	ssa7_54659039_54659747.maf
ssa07	LG23	7791947	7791968	ssa7_54659039_54659747.maf
ssa07	LG23	7770768	7770893	ssa7_54713586_54714151.maf
ssa07	LG23	7411020	7411065	ssa7_55277016_55277560.maf
ssa07	LG23	7346201	7346211	ssa7_55394567_55394799.maf
ssa07	LG23	7346211	7346250	ssa7_55394567_55394799.maf
ssa07	LG23	7128788	7128890	ssa7_55805007_55805492.maf
ssa07	LG23	6758550	6758565	ssa7_56504588_56505377.maf
ssa07	LG23	6758565	6758602	ssa7_56504588_56505377.maf
ssa07	LG23	6758602	6758644	ssa7_56504588_56505377.maf
ssa07	LG24	5010336	5010392	ssa7_5685699_5686909.maf
ssa07	LG18	3288250	3288341	ssa7_66949417_66950548.maf
ssa07	LG24	6242590	6242606	ssa7_8549665_8550824.maf
ssa07	LG24	6242606	6242648	ssa7_8549665_8550824.maf
ssa07	LG24	6630422	6630446	ssa7_9310633_9310906.maf
ssa07	LG24	6725217	6725231	ssa7_9462632_9463388.maf
ssa07	LG24	6725231	6725255	ssa7_9462632_9463388.maf
ssa07	LG24	6725255	6725305	ssa7_9462632_9463388.maf
ssa07	LG24	6727072	6727138	ssa7_9466553_9467331.maf
ssa07	LG24	6727138	6727229	ssa7_9466553_9467331.maf
ssa07	LG24	6809250	6809265	ssa7_9622919_9623622.maf
ssa07	LG24	6809265	6809276	ssa7_9622919_9623622.maf
ssa07	LG24	6809276	6809291	ssa7_9622919_9623622.maf
ssa07	LG24	6809291	6809311	ssa7_9622919_9623622.maf
ssa07	LG24	6809311	6809333	ssa7_9622919_9623622.maf
ssa07	LG24	6809333	6809349	ssa7_9622919_9623622.maf
ssa07	LG24	6809349	6809374	ssa7_9622919_9623622.maf
ssa07	LG24	6809374	6809387	ssa7_9622919_9623622.maf
ssa07	LG24	6809424	6809444	ssa7_9622919_9623622.maf
ssa08	LG25	12986355	12986384	ssa8_10151053_10151511.maf
ssa08	LG25	12986513	12986530	ssa8_10151053_10151511.maf
ssa08	LG25	12982900	12982947	ssa8_10161768_10162594.maf
ssa08	LG25	12869515	12869570	ssa8_10310602_10310886.maf
ssa08	LG25	12742002	12742075	ssa8_10518864_10519263.maf
ssa08	LG25	12742075	12742105	ssa8_10518864_10519263.maf
ssa08	LG25	12706521	12706608	ssa8_10602630_10603275.maf
ssa08	LG25	12151167	12151249	ssa8_11352634_11353722.maf
ssa08	LG25	6221873	6221958	ssa8_11434602_11435045.maf
ssa08	LG25	6281397	6281475	ssa8_11551721_11552206.maf
ssa08	LG25	6509617	6509637	ssa8_11931372_11932089.maf
ssa08	LG25	6509637	6509676	ssa8_11931372_11932089.maf
ssa08	LG25	6509978	6510030	ssa8_11931372_11932089.maf
ssa08	LG25	6510032	6510044	ssa8_11931372_11932089.maf
ssa08	LG25	6510497	6510555	ssa8_11933694_11934172.maf
ssa08	LG25	6510722	6510746	ssa8_11933694_11934172.maf
ssa08	LG25	6642340	6642447	ssa8_12129900_12130389.maf
ssa08	LG25	6935379	6935392	ssa8_12636204_12636599.maf
ssa08	LG25	6935411	6935436	ssa8_12636204_12636599.maf
ssa08	LG25	7382954	7383022	ssa8_13285454_13285926.maf
ssa08	LG25	7822664	7822675	ssa8_13950086_13951028.maf
ssa08	LG25	7822675	7822717	ssa8_13950086_13951028.maf
ssa08	LG25	7822741	7822754	ssa8_13950086_13951028.maf
ssa08	LG25	7822810	7822830	ssa8_13950086_13951028.maf
ssa08	LG25	7823009	7823065	ssa8_13950086_13951028.maf
ssa08	LG25	7823099	7823129	ssa8_13950086_13951028.maf
ssa08	LG25	7834315	7834348	ssa8_13964475_13965165.maf
ssa08	LG25	7834348	7834368	ssa8_13964475_13965165.maf
ssa08	LG25	7834368	7834390	ssa8_13964475_13965165.maf
ssa08	LG25	7836979	7837072	ssa8_13967359_13968063.maf
ssa08	LG25	7837072	7837082	ssa8_13967359_13968063.maf
ssa08	LG25	7837082	7837142	ssa8_13967359_13968063.maf
ssa08	LG25	7839076	7839091	ssa8_13968093_13968602.maf
ssa08	LG25	7839091	7839104	ssa8_13968093_13968602.maf
ssa08	LG25	7839110	7839149	ssa8_13968093_13968602.maf
ssa08	LG25	7839403	7839414	ssa8_13968093_13968602.maf
ssa08	LG25	7839414	7839466	ssa8_13968093_13968602.maf
ssa08	LG25	7839466	7839489	ssa8_13968093_13968602.maf
ssa08	LG25	7982810	7982821	ssa8_14178701_14179455.maf
ssa08	LG25	7982821	7982976	ssa8_14178701_14179455.maf
ssa08	LG25	7982977	7982991	ssa8_14178701_14179455.maf
ssa08	LG25	7982991	7983013	ssa8_14178701_14179455.maf
ssa08	LG25	7983013	7983081	ssa8_14178701_14179455.maf
ssa08	LG25	7983299	7983309	ssa8_14178701_14179455.maf
ssa08	LG25	7983313	7983373	ssa8_14178701_14179455.maf
ssa08	LG25	8112846	8112856	ssa8_14376063_14376419.maf
ssa08	LG25	8112856	8112868	ssa8_14376063_14376419.maf
ssa08	LG25	8133374	8133432	ssa8_14404239_14404467.maf
ssa08	LG25	8209694	8209746	ssa8_14471219_14472235.maf
ssa08	LG25	8209877	8209887	ssa8_14471219_14472235.maf
ssa08	LG25	19578504	19578591	ssa8_1483717_1484259.maf
ssa08	LG25	8558960	8559025	ssa8_14918466_14919045.maf
ssa08	LG25	8559123	8559200	ssa8_14918466_14919045.maf
ssa08	LG25	8685458	8685483	ssa8_15144462_15145050.maf
ssa08	LG25	8685487	8685512	ssa8_15144462_15145050.maf
ssa08	LG25	8689108	8689151	ssa8_15148724_15149164.maf
ssa08	LG25	9062219	9062238	ssa8_15792939_15793530.maf
ssa08	LG25	9117185	9117203	ssa8_15882723_15882960.maf
ssa08	LG25	10115308	10115555	ssa8_17612542_17612954.maf
ssa08	LG25	10115555	10115569	ssa8_17612542_17612954.maf
ssa08	LG25	10127427	10127442	ssa8_17651578_17651955.maf
ssa08	LG25	10127442	10127452	ssa8_17651578_17651955.maf
ssa08	LG25	19022788	19022846	ssa8_1868428_1869478.maf
ssa08	LG25	19024544	19024646	ssa8_1868428_1869478.maf
ssa08	LG25	10578506	10578524	ssa8_18930049_18930701.maf
ssa08	LG25	10578539	10578550	ssa8_18930049_18930701.maf
ssa08	LG25	10578556	10578587	ssa8_18930049_18930701.maf
ssa08	LG25	10578587	10578607	ssa8_18930049_18930701.maf
ssa08	LG25	10578607	10578657	ssa8_18930049_18930701.maf
ssa08	LG25	10578907	10578920	ssa8_18930049_18930701.maf
ssa08	LG25	10594754	10594824	ssa8_18964220_18964751.maf
ssa08	LG25	10678571	10678638	ssa8_19050564_19051358.maf
ssa08	LG25	10991949	10991968	ssa8_19836530_19837114.maf
ssa08	LG25	10991968	10992048	ssa8_19836530_19837114.maf
ssa08	LG25	18140415	18140434	ssa8_2527264_2528279.maf
ssa08	LG25	18140447	18140458	ssa8_2527264_2528279.maf
ssa08	LG25	18140458	18140546	ssa8_2527264_2528279.maf
ssa08	LG25	4250110	4250144	ssa8_27201855_27202851.maf
ssa08	LG25	4250147	4250159	ssa8_27201855_27202851.maf
ssa08	LG25	4250164	4250225	ssa8_27201855_27202851.maf
ssa08	LG25	4243191	4243243	ssa8_27217974_27218777.maf
ssa08	LG25	4240111	4240123	ssa8_27257878_27258488.maf
ssa08	LG25	4240123	4240138	ssa8_27257878_27258488.maf
ssa08	LG25	4238995	4239037	ssa8_27261938_27262303.maf
ssa08	LG25	4239043	4239067	ssa8_27261938_27262303.maf
ssa08	LG25	4233080	4233117	ssa8_27273071_27273448.maf
ssa08	LG25	4221513	4221590	ssa8_27337298_27338126.maf
ssa08	LG25	4221932	4221953	ssa8_27337298_27338126.maf
ssa08	LG25	4221953	4221997	ssa8_27337298_27338126.maf
ssa08	LG25	4210433	4210471	ssa8_27366172_27366485.maf
ssa08	LG25	4210471	4210482	ssa8_27366172_27366485.maf
ssa08	LG25	4210569	4210581	ssa8_27366172_27366485.maf
ssa08	LG25	4208465	4208482	ssa8_27368489_27370929.maf
ssa08	LG25	4208482	4208563	ssa8_27368489_27370929.maf
ssa08	LG25	4208563	4208594	ssa8_27368489_27370929.maf
ssa08	LG25	4208601	4208615	ssa8_27368489_27370929.maf
ssa08	LG25	4194047	4194092	ssa8_27388930_27389168.maf
ssa08	LG25	4189906	4189930	ssa8_27394627_27395213.maf
ssa08	LG25	4189930	4189945	ssa8_27394627_27395213.maf
ssa08	LG25	4180669	4180679	ssa8_27413440_27414806.maf
ssa08	LG25	4174511	4174543	ssa8_27422185_27422978.maf
ssa08	LG25	4174543	4174589	ssa8_27422185_27422978.maf
ssa08	LG25	4169059	4169079	ssa8_27426550_27427833.maf
ssa08	LG25	4169243	4169352	ssa8_27426550_27427833.maf
ssa08	LG25	4928056	4928147	ssa8_27765682_27766565.maf
ssa08	LG25	17046093	17046208	ssa8_3832027_3832562.maf
ssa08	LG25	16644162	16644225	ssa8_3906905_3907790.maf
ssa08	LG25	16644227	16644290	ssa8_3906905_3907790.maf
ssa08	LG25	16644308	16644327	ssa8_3906905_3907790.maf
ssa08	LG25	16624197	16624239	ssa8_3940878_3941178.maf
ssa08	LG25	16547530	16547643	ssa8_4032819_4033021.maf
ssa08	LG25	14481634	14481698	ssa8_5525646_5526348.maf
ssa08	LG25	13377011	13377085	ssa8_7435074_7435625.maf
ssa09	LG15	1593269	1593280	ssa9_10015309_10016328.maf
ssa09	LG15	1593333	1593344	ssa9_10015309_10016328.maf
ssa09	LG15	1593412	1593422	ssa9_10015309_10016328.maf
ssa09	LG15	1593430	1593455	ssa9_10015309_10016328.maf
ssa09	LG15	1593503	1593519	ssa9_10015309_10016328.maf
ssa09	LG15	1578830	1578917	ssa9_10034812_10036463.maf
ssa09	LG15	1578917	1578975	ssa9_10034812_10036463.maf
ssa09	LG15	1578975	1579044	ssa9_10034812_10036463.maf
ssa09	LG15	1579044	1579070	ssa9_10034812_10036463.maf
ssa09	LG15	1579074	1579123	ssa9_10034812_10036463.maf
ssa09	LG04	9938969	9938994	ssa9_100782017_100783484.maf
ssa09	LG04	10075288	10075318	ssa9_101068202_101069028.maf
ssa09	LG04	10075328	10075348	ssa9_101068202_101069028.maf
ssa09	LG04	10075348	10075388	ssa9_101068202_101069028.maf
ssa09	LG15	1545760	1545808	ssa9_10114278_10115285.maf
ssa09	LG15	1506632	1506650	ssa9_10187457_10188483.maf
ssa09	LG15	1506650	1506664	ssa9_10187457_10188483.maf
ssa09	LG15	1506664	1506681	ssa9_10187457_10188483.maf
ssa09	LG15	1507006	1507042	ssa9_10187457_10188483.maf
ssa09	LG15	1507042	1507057	ssa9_10187457_10188483.maf
ssa09	LG15	1507111	1507146	ssa9_10187457_10188483.maf
ssa09	LG15	1507218	1507228	ssa9_10187457_10188483.maf
ssa09	LG15	1486704	1486815	ssa9_10222074_10222373.maf
ssa09	LG15	1234848	1234891	ssa9_10604268_10604637.maf
ssa09	LG15	1234891	1234949	ssa9_10604268_10604637.maf
ssa09	LG15	975099	975170	ssa9_10947937_10948726.maf
ssa09	LG15	946335	946456	ssa9_10998374_10999506.maf
ssa09	LG01	40045302	40045333	ssa9_111541163_111542027.maf
ssa09	LG01	40045333	40045373	ssa9_111541163_111542027.maf
ssa09	LG01	40045384	40045401	ssa9_111541163_111542027.maf
ssa09	LG01	7616370	7616393	ssa9_112165556_112166839.maf
ssa09	LG01	7616393	7616458	ssa9_112165556_112166839.maf
ssa09	LG01	7616458	7616472	ssa9_112165556_112166839.maf
ssa09	LG01	7644172	7644210	ssa9_112205734_112206440.maf
ssa09	LG01	7644214	7644232	ssa9_112205734_112206440.maf
ssa09	LG01	7644232	7644245	ssa9_112205734_112206440.maf
ssa09	LG01	7644252	7644264	ssa9_112205734_112206440.maf
ssa09	LG01	7644264	7644283	ssa9_112205734_112206440.maf
ssa09	LG01	7644283	7644317	ssa9_112205734_112206440.maf
ssa09	LG01	8019807	8019835	ssa9_112708359_112709138.maf
ssa09	LG01	8603759	8603828	ssa9_113512987_113515370.maf
ssa09	LG01	8604671	8604691	ssa9_113512987_113515370.maf
ssa09	LG01	8604691	8604714	ssa9_113512987_113515370.maf
ssa09	LG01	8604843	8604878	ssa9_113512987_113515370.maf
ssa09	LG15	681384	681500	ssa9_11353561_11354329.maf
ssa09	LG01	8909732	8909751	ssa9_113891664_113892473.maf
ssa09	LG01	8909751	8909849	ssa9_113891664_113892473.maf
ssa09	LG01	9388151	9388163	ssa9_114563347_114565134.maf
ssa09	LG01	9388163	9388182	ssa9_114563347_114565134.maf
ssa09	LG01	9472076	9472145	ssa9_114718621_114719438.maf
ssa09	LG01	9472825	9472921	ssa9_114718621_114719438.maf
ssa09	LG01	9533794	9533811	ssa9_114788493_114789923.maf
ssa09	LG01	9533811	9533829	ssa9_114788493_114789923.maf
ssa09	LG01	9533829	9533866	ssa9_114788493_114789923.maf
ssa09	LG01	9534046	9534100	ssa9_114788493_114789923.maf
ssa09	LG01	9790023	9790041	ssa9_115220383_115220901.maf
ssa09	LG01	9790041	9790055	ssa9_115220383_115220901.maf
ssa09	LG01	9790056	9790067	ssa9_115220383_115220901.maf
ssa09	LG01	9790092	9790105	ssa9_115220383_115220901.maf
ssa09	LG01	9790379	9790465	ssa9_115220383_115220901.maf
ssa09	LG01	9790465	9790482	ssa9_115220383_115220901.maf
ssa09	LG01	9790482	9790492	ssa9_115220383_115220901.maf
ssa09	LG01	9790492	9790541	ssa9_115220383_115220901.maf
ssa09	LG01	10114477	10114499	ssa9_115532124_115532862.maf
ssa09	LG01	10592104	10592189	ssa9_116225557_116226297.maf
ssa09	LG01	10592363	10592426	ssa9_116225557_116226297.maf
ssa09	LG01	10619085	10619113	ssa9_116279374_116279881.maf
ssa09	LG01	10619113	10619172	ssa9_116279374_116279881.maf
ssa09	LG01	11487514	11487586	ssa9_117232390_117232951.maf
ssa09	LG01	11498276	11498366	ssa9_117248601_117248861.maf
ssa09	LG01	11983470	11983503	ssa9_117822285_117822809.maf
ssa09	LG01	11983508	11983532	ssa9_117822285_117822809.maf
ssa09	LG01	11983532	11983553	ssa9_117822285_117822809.maf
ssa09	LG01	12001961	12002073	ssa9_117837070_117837544.maf
ssa09	LG01	13096060	13096116	ssa9_119063731_119064222.maf
ssa09	LG01	13289513	13289613	ssa9_119314674_119315612.maf
ssa09	LG01	14360489	14360503	ssa9_121172381_121172942.maf
ssa09	LG01	14360503	14360524	ssa9_121172381_121172942.maf
ssa09	LG01	14360524	14360586	ssa9_121172381_121172942.maf
ssa09	LG01	14399534	14399644	ssa9_121205604_121206257.maf
ssa09	LG01	5306862	5306876	ssa9_122114715_122115268.maf
ssa09	LG01	5306893	5306922	ssa9_122114715_122115268.maf
ssa09	LG01	5306970	5306982	ssa9_122114715_122115268.maf
ssa09	LG01	5307000	5307066	ssa9_122114715_122115268.maf
ssa09	LG01	5307104	5307116	ssa9_122114715_122115268.maf
ssa09	LG01	6787126	6787206	ssa9_122347164_122348129.maf
ssa09	LG01	6729847	6729862	ssa9_122436343_122436531.maf
ssa09	LG01	6508483	6508529	ssa9_122662702_122663266.maf
ssa09	LG01	6323429	6323469	ssa9_122893699_122894044.maf
ssa09	LG01	6315193	6315277	ssa9_122900536_122900746.maf
ssa09	LG01	6249309	6249400	ssa9_122973246_122973797.maf
ssa09	LG01	6249400	6249478	ssa9_122973246_122973797.maf
ssa09	LG01	6249478	6249529	ssa9_122973246_122973797.maf
ssa09	LG01	6249529	6249637	ssa9_122973246_122973797.maf
ssa09	LG01	5991714	5991725	ssa9_123210241_123210609.maf
ssa09	LG01	5991725	5991736	ssa9_123210241_123210609.maf
ssa09	LG01	5991736	5991770	ssa9_123210241_123210609.maf
ssa09	LG01	5963870	5963901	ssa9_123263605_123263924.maf
ssa09	LG01	18083876	18083896	ssa9_125458608_125459605.maf
ssa09	LG01	18083918	18083929	ssa9_125458608_125459605.maf
ssa09	LG01	18083949	18083963	ssa9_125458608_125459605.maf
ssa09	LG01	18067246	18067272	ssa9_125468879_125469204.maf
ssa09	LG01	18063998	18064012	ssa9_125472225_125472878.maf
ssa09	LG01	18064052	18064099	ssa9_125472225_125472878.maf
ssa09	LG01	18028979	18029058	ssa9_125508319_125509101.maf
ssa09	LG01	17599287	17599311	ssa9_126203158_126203620.maf
ssa09	LG01	17599311	17599340	ssa9_126203158_126203620.maf
ssa09	LG01	17594039	17594049	ssa9_126209987_126210586.maf
ssa09	LG01	17594049	17594075	ssa9_126209987_126210586.maf
ssa09	LG01	17594075	17594106	ssa9_126209987_126210586.maf
ssa09	LG01	17588041	17588120	ssa9_126219478_126220707.maf
ssa09	LG01	17588151	17588169	ssa9_126219478_126220707.maf
ssa09	LG01	17588678	17588702	ssa9_126219478_126220707.maf
ssa09	LG01	17557538	17557589	ssa9_126277777_126278673.maf
ssa09	LG01	17557589	17557631	ssa9_126277777_126278673.maf
ssa09	LG01	17557788	17557801	ssa9_126277777_126278673.maf
ssa09	LG01	17557809	17557887	ssa9_126277777_126278673.maf
ssa09	LG01	17557887	17557945	ssa9_126277777_126278673.maf
ssa09	LG01	17526954	17527069	ssa9_126321598_126322053.maf
ssa09	LG01	17497730	17497746	ssa9_126364087_126364566.maf
ssa09	LG01	17497771	17497805	ssa9_126364087_126364566.maf
ssa09	LG01	17497805	17497846	ssa9_126364087_126364566.maf
ssa09	LG01	17490959	17490983	ssa9_126371745_126372328.maf
ssa09	LG01	17490983	17490996	ssa9_126371745_126372328.maf
ssa09	LG01	17430971	17430987	ssa9_126419033_126420114.maf
ssa09	LG01	17431076	17431127	ssa9_126419033_126420114.maf
ssa09	LG01	16733766	16733861	ssa9_127458791_127459904.maf
ssa09	LG01	16734506	16734523	ssa9_127458791_127459904.maf
ssa09	LG01	16734523	16734558	ssa9_127458791_127459904.maf
ssa09	LG01	16734558	16734571	ssa9_127458791_127459904.maf
ssa09	LG01	16691573	16691587	ssa9_127508352_127509227.maf
ssa09	LG01	16691587	16691625	ssa9_127508352_127509227.maf
ssa09	LG01	16691625	16691707	ssa9_127508352_127509227.maf
ssa09	LG01	16691710	16691737	ssa9_127508352_127509227.maf
ssa09	LG01	16691737	16691749	ssa9_127508352_127509227.maf
ssa09	LG01	16691870	16691916	ssa9_127508352_127509227.maf
ssa09	LG01	16668952	16668989	ssa9_127533352_127533878.maf
ssa09	LG01	16668989	16669067	ssa9_127533352_127533878.maf
ssa09	LG01	16669067	16669089	ssa9_127533352_127533878.maf
ssa09	LG01	16669089	16669099	ssa9_127533352_127533878.maf
ssa09	LG01	16669846	16669858	ssa9_127533352_127533878.maf
ssa09	LG01	16669858	16669924	ssa9_127533352_127533878.maf
ssa09	LG01	16669937	16669967	ssa9_127533352_127533878.maf
ssa09	LG01	16669967	16670048	ssa9_127533352_127533878.maf
ssa09	LG01	16494742	16494772	ssa9_127739704_127740378.maf
ssa09	LG01	16469669	16469683	ssa9_127768531_127769502.maf
ssa09	LG01	16469683	16469696	ssa9_127768531_127769502.maf
ssa09	LG01	16375167	16375196	ssa9_127869208_127870351.maf
ssa09	LG01	16375196	16375260	ssa9_127869208_127870351.maf
ssa09	LG01	16327322	16327349	ssa9_127942771_127944663.maf
ssa09	LG01	16328844	16328900	ssa9_127942771_127944663.maf
ssa09	LG01	16164958	16164979	ssa9_128135626_128135970.maf
ssa09	LG01	16165020	16165056	ssa9_128135626_128135970.maf
ssa09	LG01	16165056	16165093	ssa9_128135626_128135970.maf
ssa09	LG01	16165093	16165140	ssa9_128135626_128135970.maf
ssa09	LG01	16165194	16165207	ssa9_128135626_128135970.maf
ssa09	LG01	15856157	15856188	ssa9_128641518_128641729.maf
ssa09	LG01	15856188	15856282	ssa9_128641518_128641729.maf
ssa09	LG01	15832336	15832352	ssa9_128664906_128665403.maf
ssa09	LG01	15832353	15832400	ssa9_128664906_128665403.maf
ssa09	LG01	15832400	15832461	ssa9_128664906_128665403.maf
ssa09	LG01	15793501	15793528	ssa9_128696221_128696624.maf
ssa09	LG01	15793528	15793568	ssa9_128696221_128696624.maf
ssa09	LG15	9361968	9362043	ssa9_12941839_12942815.maf
ssa09	LG15	9377200	9377245	ssa9_12970585_12972305.maf
ssa09	LG15	9377281	9377292	ssa9_12970585_12972305.maf
ssa09	LG15	9377373	9377430	ssa9_12970585_12972305.maf
ssa09	LG15	9377440	9377467	ssa9_12970585_12972305.maf
ssa09	LG15	9378290	9378309	ssa9_12970585_12972305.maf
ssa09	LG15	9378309	9378320	ssa9_12970585_12972305.maf
ssa09	LG15	9378320	9378357	ssa9_12970585_12972305.maf
ssa09	LG01	19654196	19654257	ssa9_130015915_130016671.maf
ssa09	LG01	20066450	20066477	ssa9_130477273_130477985.maf
ssa09	LG01	20410707	20410779	ssa9_130868422_130868729.maf
ssa09	LG01	20524706	20524807	ssa9_130996580_130997575.maf
ssa09	LG01	20581990	20582012	ssa9_131074313_131076068.maf
ssa09	LG01	20582012	20582038	ssa9_131074313_131076068.maf
ssa09	LG01	21406366	21406383	ssa9_132146570_132147911.maf
ssa09	LG01	21406383	21406540	ssa9_132146570_132147911.maf
ssa09	LG01	21406679	21406690	ssa9_132146570_132147911.maf
ssa09	LG01	21406815	21406952	ssa9_132146570_132147911.maf
ssa09	LG01	21656861	21656885	ssa9_132427517_132428738.maf
ssa09	LG01	21656885	21656970	ssa9_132427517_132428738.maf
ssa09	LG15	9553349	9553462	ssa9_13273832_13274465.maf
ssa09	LG15	9559036	9559098	ssa9_13286976_13287635.maf
ssa09	LG15	9559208	9559309	ssa9_13286976_13287635.maf
ssa09	LG15	9559309	9559334	ssa9_13286976_13287635.maf
ssa09	LG15	9559346	9559407	ssa9_13286976_13287635.maf
ssa09	LG01	22725840	22725882	ssa9_133557377_133558232.maf
ssa09	LG01	22900710	22900773	ssa9_133725445_133726326.maf
ssa09	LG01	22901334	22901362	ssa9_133725445_133726326.maf
ssa09	LG01	22901362	22901429	ssa9_133725445_133726326.maf
ssa09	LG01	22901490	22901510	ssa9_133725445_133726326.maf
ssa09	LG01	22954860	22954875	ssa9_133772288_133772888.maf
ssa09	LG01	22954884	22954898	ssa9_133772288_133772888.maf
ssa09	LG01	22954932	22954943	ssa9_133772288_133772888.maf
ssa09	LG01	22955029	22955132	ssa9_133772288_133772888.maf
ssa09	LG01	22955132	22955152	ssa9_133772288_133772888.maf
ssa09	LG01	22955152	22955165	ssa9_133772288_133772888.maf
ssa09	LG01	22989909	22989967	ssa9_133798433_133798790.maf
ssa09	LG01	22990124	22990157	ssa9_133798433_133798790.maf
ssa09	LG01	23460406	23460481	ssa9_134356356_134356848.maf
ssa09	LG01	23728816	23728831	ssa9_134805574_134806122.maf
ssa09	LG01	23728831	23728875	ssa9_134805574_134806122.maf
ssa09	LG01	23832714	23832763	ssa9_134948404_134949529.maf
ssa09	LG01	23832763	23832791	ssa9_134948404_134949529.maf
ssa09	LG01	23832851	23832926	ssa9_134948404_134949529.maf
ssa09	LG01	23833461	23833615	ssa9_134948404_134949529.maf
ssa09	LG01	24078986	24079012	ssa9_135246650_135248527.maf
ssa09	LG01	24079063	24079165	ssa9_135246650_135248527.maf
ssa09	LG01	24200907	24200955	ssa9_135698486_135699108.maf
ssa09	LG01	24201032	24201059	ssa9_135698486_135699108.maf
ssa09	LG01	25210259	25210304	ssa9_137180912_137181960.maf
ssa09	LG01	25210304	25210501	ssa9_137180912_137181960.maf
ssa09	LG01	25477072	25477097	ssa9_137501664_137502108.maf
ssa09	LG01	25576481	25576536	ssa9_137654466_137655345.maf
ssa09	LG01	25749416	25749500	ssa9_137985451_137986110.maf
ssa09	LG01	25749516	25749530	ssa9_137985451_137986110.maf
ssa09	LG01	25749530	25749541	ssa9_137985451_137986110.maf
ssa09	LG01	26026835	26026854	ssa9_138338424_138338919.maf
ssa09	LG01	26753707	26753721	ssa9_139264266_139264952.maf
ssa09	LG01	26753843	26753860	ssa9_139264266_139264952.maf
ssa09	LG01	26753930	26753948	ssa9_139264266_139264952.maf
ssa09	LG01	27311166	27311250	ssa9_140109780_140110424.maf
ssa09	LG01	27311250	27311277	ssa9_140109780_140110424.maf
ssa09	LG01	27453975	27454074	ssa9_140318285_140319045.maf
ssa09	LG01	27603125	27603154	ssa9_140553314_140555097.maf
ssa09	LG01	27603154	27603221	ssa9_140553314_140555097.maf
ssa09	LG01	27603326	27603337	ssa9_140553314_140555097.maf
ssa09	LG01	27603340	27603378	ssa9_140553314_140555097.maf
ssa09	LG01	27603782	27603821	ssa9_140553314_140555097.maf
ssa09	LG01	27603821	27603849	ssa9_140553314_140555097.maf
ssa09	LG01	27603849	27603928	ssa9_140553314_140555097.maf
ssa09	LG01	27645228	27645244	ssa9_140603342_140603858.maf
ssa09	LG01	27645244	27645347	ssa9_140603342_140603858.maf
ssa09	LG01	27649899	27649975	ssa9_140614156_140614717.maf
ssa09	LG01	27650043	27650128	ssa9_140614156_140614717.maf
ssa09	LG01	27650128	27650168	ssa9_140614156_140614717.maf
ssa09	LG01	27688707	27688767	ssa9_140672344_140672673.maf
ssa09	LG01	27688767	27688781	ssa9_140672344_140672673.maf
ssa09	LG01	27688964	27688992	ssa9_140672344_140672673.maf
ssa09	LG01	27694733	27694746	ssa9_140684597_140684992.maf
ssa09	LG01	27694746	27694763	ssa9_140684597_140684992.maf
ssa09	LG01	27694763	27694794	ssa9_140684597_140684992.maf
ssa09	LG01	27900401	27900423	ssa9_141077765_141078210.maf
ssa09	LG01	27900426	27900436	ssa9_141077765_141078210.maf
ssa09	LG01	28065088	28065142	ssa9_141379162_141379621.maf
ssa09	LG01	28065142	28065198	ssa9_141379162_141379621.maf
ssa09	LG01	28065255	28065267	ssa9_141379162_141379621.maf
ssa09	LG01	28065280	28065298	ssa9_141379162_141379621.maf
ssa09	LG01	28080879	28080906	ssa9_141385236_141385898.maf
ssa09	LG01	28080912	28080972	ssa9_141385236_141385898.maf
ssa09	LG01	28081076	28081090	ssa9_141385236_141385898.maf
ssa09	LG01	28093477	28093511	ssa9_141412275_141412732.maf
ssa09	LG01	28093526	28093538	ssa9_141412275_141412732.maf
ssa09	LG01	28192255	28192348	ssa9_141625467_141626247.maf
ssa09	LG01	28192618	28192702	ssa9_141625467_141626247.maf
ssa09	LG01	28197123	28197134	ssa9_141626371_141626780.maf
ssa09	LG01	28197134	28197182	ssa9_141626371_141626780.maf
ssa09	LG01	28197182	28197200	ssa9_141626371_141626780.maf
ssa09	LG01	28197200	28197328	ssa9_141626371_141626780.maf
ssa09	LG01	28914940	28914983	ssa9_142729908_142730447.maf
ssa09	LG01	28914983	28914994	ssa9_142729908_142730447.maf
ssa09	LG01	28914994	28915014	ssa9_142729908_142730447.maf
ssa09	LG01	29758477	29758502	ssa9_143826759_143828484.maf
ssa09	LG01	29809523	29809611	ssa9_143885980_143887130.maf
ssa09	LG15	10183599	10183619	ssa9_14394157_14394479.maf
ssa09	LG15	10183620	10183637	ssa9_14394157_14394479.maf
ssa09	LG15	10183642	10183653	ssa9_14394157_14394479.maf
ssa09	LG01	30164784	30164795	ssa9_144463791_144464984.maf
ssa09	LG01	30164821	30164843	ssa9_144463791_144464984.maf
ssa09	LG01	30165306	30165321	ssa9_144463791_144464984.maf
ssa09	LG01	30165347	30165360	ssa9_144463791_144464984.maf
ssa09	LG01	30278027	30278160	ssa9_144689398_144689708.maf
ssa09	LG01	30278160	30278173	ssa9_144689398_144689708.maf
ssa09	LG01	30388242	30388253	ssa9_144906593_144907102.maf
ssa09	LG01	30388253	30388269	ssa9_144906593_144907102.maf
ssa09	LG01	30388323	30388340	ssa9_144906593_144907102.maf
ssa09	LG01	30388413	30388476	ssa9_144906593_144907102.maf
ssa09	LG01	30504327	30504349	ssa9_145131047_145131661.maf
ssa09	LG01	30504349	30504380	ssa9_145131047_145131661.maf
ssa09	LG01	30504387	30504415	ssa9_145131047_145131661.maf
ssa09	LG01	30504506	30504582	ssa9_145131047_145131661.maf
ssa09	LG01	30504595	30504605	ssa9_145131047_145131661.maf
ssa09	LG01	30504605	30504626	ssa9_145131047_145131661.maf
ssa09	LG01	30504715	30504732	ssa9_145131047_145131661.maf
ssa09	LG15	10277137	10277243	ssa9_14546806_14548684.maf
ssa09	LG15	10277243	10277269	ssa9_14546806_14548684.maf
ssa09	LG01	31963239	31963305	ssa9_146641311_146642819.maf
ssa09	LG01	31971000	31971035	ssa9_146657657_146658169.maf
ssa09	LG01	31971035	31971056	ssa9_146657657_146658169.maf
ssa09	LG01	31971063	31971076	ssa9_146657657_146658169.maf
ssa09	LG01	31971144	31971161	ssa9_146657657_146658169.maf
ssa09	LG01	31971161	31971192	ssa9_146657657_146658169.maf
ssa09	LG01	31981178	31981210	ssa9_146734893_146735329.maf
ssa09	LG01	31981431	31981456	ssa9_146734893_146735329.maf
ssa09	LG01	31981456	31981466	ssa9_146734893_146735329.maf
ssa09	LG01	31986830	31986894	ssa9_146747166_146748093.maf
ssa09	LG01	31986894	31986913	ssa9_146747166_146748093.maf
ssa09	LG01	31987074	31987086	ssa9_146747166_146748093.maf
ssa09	LG01	31987145	31987166	ssa9_146747166_146748093.maf
ssa09	LG01	31987166	31987186	ssa9_146747166_146748093.maf
ssa09	LG01	31987539	31987576	ssa9_146747166_146748093.maf
ssa09	LG01	32001716	32001729	ssa9_146767439_146767923.maf
ssa09	LG01	32001729	32001808	ssa9_146767439_146767923.maf
ssa09	LG01	32342203	32342221	ssa9_147274650_147275330.maf
ssa09	LG15	10418826	10418882	ssa9_14760117_14761162.maf
ssa09	LG01	32711452	32711521	ssa9_147778153_147779425.maf
ssa09	LG01	32731013	32731098	ssa9_147815332_147815959.maf
ssa09	LG01	32731809	32731844	ssa9_147816302_147816980.maf
ssa09	LG01	32731844	32731876	ssa9_147816302_147816980.maf
ssa09	LG01	32990884	32991000	ssa9_148219716_148220733.maf
ssa09	LG01	33009706	33009736	ssa9_148257552_148258049.maf
ssa09	LG01	33329566	33329677	ssa9_148649994_148650747.maf
ssa09	LG01	34006361	34006389	ssa9_150329812_150330578.maf
ssa09	LG01	34085946	34085972	ssa9_150497850_150498493.maf
ssa09	LG01	34085972	34086030	ssa9_150497850_150498493.maf
ssa09	LG01	34086030	34086043	ssa9_150497850_150498493.maf
ssa09	LG01	35107248	35107263	ssa9_151315296_151316015.maf
ssa09	LG01	35107269	35107329	ssa9_151315296_151316015.maf
ssa09	LG01	35348509	35348539	ssa9_151516100_151517016.maf
ssa09	LG01	35348827	35348873	ssa9_151516100_151517016.maf
ssa09	LG01	35544695	35544720	ssa9_151773215_151773661.maf
ssa09	LG01	35544720	35544762	ssa9_151773215_151773661.maf
ssa09	LG01	37061996	37062073	ssa9_153339783_153340454.maf
ssa09	LG01	38017877	38017930	ssa9_153928034_153928506.maf
ssa09	LG15	10821007	10821018	ssa9_15404896_15405371.maf
ssa09	LG15	10821025	10821105	ssa9_15404896_15405371.maf
ssa09	LG15	10930378	10930438	ssa9_15570157_15570679.maf
ssa09	LG15	10930494	10930514	ssa9_15570157_15570679.maf
ssa09	LG15	10941640	10941676	ssa9_15596477_15597023.maf
ssa09	LG15	10942302	10942342	ssa9_15596477_15597023.maf
ssa09	LG15	10942342	10942438	ssa9_15596477_15597023.maf
ssa09	LG15	10955056	10955093	ssa9_15632343_15633099.maf
ssa09	LG15	10955093	10955219	ssa9_15632343_15633099.maf
ssa09	LG15	10955219	10955235	ssa9_15632343_15633099.maf
ssa09	LG15	10955643	10955655	ssa9_15633173_15633900.maf
ssa09	LG15	10962343	10962402	ssa9_15639053_15639732.maf
ssa09	LG15	10962402	10962440	ssa9_15639053_15639732.maf
ssa09	LG15	10962440	10962554	ssa9_15639053_15639732.maf
ssa09	LG01	4212335	4212354	ssa9_157287634_157287882.maf
ssa09	LG01	4212354	4212373	ssa9_157287634_157287882.maf
ssa09	LG15	11081681	11081738	ssa9_15773717_15774696.maf
ssa09	LG15	11081829	11081960	ssa9_15773717_15774696.maf
ssa09	LG15	11082331	11082352	ssa9_15773717_15774696.maf
ssa09	LG15	11082497	11082522	ssa9_15773717_15774696.maf
ssa09	LG15	11082522	11082597	ssa9_15773717_15774696.maf
ssa09	LG15	11096610	11096624	ssa9_15792316_15792904.maf
ssa09	LG01	3465036	3465051	ssa9_159219786_159220280.maf
ssa09	LG01	3465051	3465124	ssa9_159219786_159220280.maf
ssa09	LG15	11754008	11754044	ssa9_16702129_16703319.maf
ssa09	LG15	11754056	11754136	ssa9_16702129_16703319.maf
ssa09	LG15	11754136	11754154	ssa9_16702129_16703319.maf
ssa09	LG15	11754154	11754178	ssa9_16702129_16703319.maf
ssa09	LG15	11754178	11754206	ssa9_16702129_16703319.maf
ssa09	LG15	11754216	11754488	ssa9_16702129_16703319.maf
ssa09	LG15	11754488	11754519	ssa9_16702129_16703319.maf
ssa09	LG15	11754610	11754627	ssa9_16702129_16703319.maf
ssa09	LG15	11754627	11754729	ssa9_16702129_16703319.maf
ssa09	LG15	11754729	11754891	ssa9_16702129_16703319.maf
ssa09	LG15	11754891	11754940	ssa9_16702129_16703319.maf
ssa09	LG15	11884563	11884703	ssa9_16897943_16898428.maf
ssa09	LG15	11884703	11884719	ssa9_16897943_16898428.maf
ssa09	LG15	12035763	12035774	ssa9_17097670_17097854.maf
ssa09	LG15	12035784	12035818	ssa9_17097670_17097854.maf
ssa09	LG15	12158895	12158912	ssa9_17278543_17279635.maf
ssa09	LG15	12158914	12158931	ssa9_17278543_17279635.maf
ssa09	LG15	12159361	12159503	ssa9_17278543_17279635.maf
ssa09	LG15	12264457	12264472	ssa9_17426556_17427067.maf
ssa09	LG15	12264479	12264626	ssa9_17426556_17427067.maf
ssa09	LG15	12569537	12569558	ssa9_17913476_17913861.maf
ssa09	LG15	12569701	12569728	ssa9_17913476_17913861.maf
ssa09	LG15	12569777	12569825	ssa9_17913476_17913861.maf
ssa09	LG15	12577934	12577996	ssa9_17929100_17929724.maf
ssa09	LG15	12745930	12745942	ssa9_18251395_18251704.maf
ssa09	LG15	13013134	13013154	ssa9_18731446_18732098.maf
ssa09	LG15	13023167	13023177	ssa9_18739371_18739787.maf
ssa09	LG15	13023222	13023252	ssa9_18739371_18739787.maf
ssa09	LG15	13289979	13289991	ssa9_19085500_19086312.maf
ssa09	LG15	13367465	13367515	ssa9_19184881_19186011.maf
ssa09	LG15	13387006	13387020	ssa9_19245726_19246717.maf
ssa09	LG15	13387451	13387477	ssa9_19245726_19246717.maf
ssa09	LG15	13406904	13406918	ssa9_19271136_19271967.maf
ssa09	LG15	13406936	13406946	ssa9_19271136_19271967.maf
ssa09	LG15	13406946	13406983	ssa9_19271136_19271967.maf
ssa09	LG15	13406983	13406995	ssa9_19271136_19271967.maf
ssa09	LG15	13407517	13407533	ssa9_19272396_19273189.maf
ssa09	LG15	13407533	13407555	ssa9_19272396_19273189.maf
ssa09	LG15	13407555	13407593	ssa9_19272396_19273189.maf
ssa09	LG15	13407641	13407716	ssa9_19272396_19273189.maf
ssa09	LG15	13408036	13408065	ssa9_19272396_19273189.maf
ssa09	LG15	13408077	13408095	ssa9_19272396_19273189.maf
ssa09	LG15	13409253	13409281	ssa9_19274220_19274468.maf
ssa09	LG15	13409281	13409314	ssa9_19274220_19274468.maf
ssa09	LG15	13427945	13427963	ssa9_19310976_19312098.maf
ssa09	LG15	13427963	13428017	ssa9_19310976_19312098.maf
ssa09	LG15	13447561	13447606	ssa9_19332964_19333304.maf
ssa09	LG15	13447606	13447627	ssa9_19332964_19333304.maf
ssa09	LG15	13447653	13447665	ssa9_19332964_19333304.maf
ssa09	LG15	13447665	13447698	ssa9_19332964_19333304.maf
ssa09	LG15	13618174	13618196	ssa9_19583056_19583777.maf
ssa09	LG15	13906934	13906949	ssa9_20012637_20013237.maf
ssa09	LG15	14203341	14203400	ssa9_20571578_20572058.maf
ssa09	LG15	14388477	14388622	ssa9_20807960_20808938.maf
ssa09	LG15	14567966	14567987	ssa9_21064517_21065004.maf
ssa09	LG15	14644883	14644950	ssa9_21148389_21149194.maf
ssa09	LG15	14785614	14785628	ssa9_21330354_21331099.maf
ssa09	LG15	14785628	14785705	ssa9_21330354_21331099.maf
ssa09	LG15	14785713	14785728	ssa9_21330354_21331099.maf
ssa09	LG15	14785728	14785828	ssa9_21330354_21331099.maf
ssa09	LG15	14785828	14785924	ssa9_21330354_21331099.maf
ssa09	LG15	14995165	14995200	ssa9_21642839_21644005.maf
ssa09	LG15	15264060	15264100	ssa9_22021672_22022707.maf
ssa09	LG15	15493555	15493592	ssa9_22312659_22313203.maf
ssa09	LG15	15493656	15493756	ssa9_22312659_22313203.maf
ssa09	LG15	15679327	15679343	ssa9_22617565_22618689.maf
ssa09	LG15	15679422	15679474	ssa9_22617565_22618689.maf
ssa09	LG15	15679568	15679580	ssa9_22617565_22618689.maf
ssa09	LG15	15748946	15748965	ssa9_22718021_22718975.maf
ssa09	LG15	15849077	15849116	ssa9_22864207_22864848.maf
ssa09	LG15	15849116	15849169	ssa9_22864207_22864848.maf
ssa09	LG15	15849210	15849244	ssa9_22864207_22864848.maf
ssa09	LG15	15849244	15849258	ssa9_22864207_22864848.maf
ssa09	LG15	15907453	15907527	ssa9_22932069_22932880.maf
ssa09	LG15	15907527	15907538	ssa9_22932069_22932880.maf
ssa09	LG15	15907538	15907692	ssa9_22932069_22932880.maf
ssa09	LG15	15911575	15911597	ssa9_22947413_22947871.maf
ssa09	LG15	16053777	16053806	ssa9_23119856_23120389.maf
ssa09	LG15	16057264	16057289	ssa9_23121716_23122111.maf
ssa09	LG15	16057289	16057360	ssa9_23121716_23122111.maf
ssa09	LG15	16057385	16057399	ssa9_23121716_23122111.maf
ssa09	LG15	16088742	16088754	ssa9_23186907_23187760.maf
ssa09	LG15	16088758	16088819	ssa9_23186907_23187760.maf
ssa09	LG15	16133956	16133995	ssa9_23266934_23267523.maf
ssa09	LG15	16553856	16553874	ssa9_23918927_23919604.maf
ssa09	LG15	16553874	16553904	ssa9_23918927_23919604.maf
ssa09	LG15	16553915	16553927	ssa9_23918927_23919604.maf
ssa09	LG15	16585054	16585124	ssa9_23968051_23968414.maf
ssa09	LG15	16585135	16585157	ssa9_23968051_23968414.maf
ssa09	LG15	16585205	16585219	ssa9_23968051_23968414.maf
ssa09	LG15	18692854	18692880	ssa9_2427963_2429232.maf
ssa09	LG15	17036748	17036847	ssa9_24723081_24723528.maf
ssa09	LG15	17262296	17262339	ssa9_25125961_25126763.maf
ssa09	LG15	17262372	17262383	ssa9_25125961_25126763.maf
ssa09	LG15	17262399	17262420	ssa9_25125961_25126763.maf
ssa09	LG15	17262420	17262470	ssa9_25125961_25126763.maf
ssa09	LG15	17262470	17262486	ssa9_25125961_25126763.maf
ssa09	LG15	17262486	17262501	ssa9_25125961_25126763.maf
ssa09	LG15	29829771	29829914	ssa9_26398015_26398788.maf
ssa09	LG15	29829914	29829958	ssa9_26398015_26398788.maf
ssa09	LG15	29829958	29829977	ssa9_26398015_26398788.maf
ssa09	LG15	29830056	29830067	ssa9_26398015_26398788.maf
ssa09	LG15	29830097	29830149	ssa9_26398015_26398788.maf
ssa09	LG15	18574907	18574984	ssa9_2653517_2655138.maf
ssa09	LG15	18575924	18575965	ssa9_2653517_2655138.maf
ssa09	LG15	29373073	29373167	ssa9_26632710_26633263.maf
ssa09	LG15	29373365	29373378	ssa9_26632710_26633263.maf
ssa09	LG15	29373378	29373411	ssa9_26632710_26633263.maf
ssa09	LG15	29373414	29373429	ssa9_26632710_26633263.maf
ssa09	LG15	29373429	29373441	ssa9_26632710_26633263.maf
ssa09	LG15	29373441	29373484	ssa9_26632710_26633263.maf
ssa09	LG15	29038691	29038716	ssa9_26816168_26816690.maf
ssa09	LG15	29038716	29038733	ssa9_26816168_26816690.maf
ssa09	LG15	29038747	29038768	ssa9_26816168_26816690.maf
ssa09	LG15	29038771	29038803	ssa9_26816168_26816690.maf
ssa09	LG15	29038803	29038849	ssa9_26816168_26816690.maf
ssa09	LG15	29038849	29038920	ssa9_26816168_26816690.maf
ssa09	LG15	29038920	29039068	ssa9_26816168_26816690.maf
ssa09	LG15	29039072	29039082	ssa9_26816168_26816690.maf
ssa09	LG15	28793560	28793594	ssa9_27138703_27139388.maf
ssa09	LG15	28793596	28793662	ssa9_27138703_27139388.maf
ssa09	LG15	28676296	28676314	ssa9_27307831_27309010.maf
ssa09	LG15	28676347	28676423	ssa9_27307831_27309010.maf
ssa09	LG15	28676436	28676447	ssa9_27307831_27309010.maf
ssa09	LG15	28566485	28566497	ssa9_27457797_27458449.maf
ssa09	LG15	28566497	28566596	ssa9_27457797_27458449.maf
ssa09	LG15	28566596	28566624	ssa9_27457797_27458449.maf
ssa09	LG15	28566624	28566637	ssa9_27457797_27458449.maf
ssa09	LG15	18532976	18533015	ssa9_2778680_2779730.maf
ssa09	LG15	28235776	28235786	ssa9_27983008_27983700.maf
ssa09	LG15	28235835	28236012	ssa9_27983008_27983700.maf
ssa09	LG15	28236051	28236073	ssa9_27983008_27983700.maf
ssa09	LG15	28229990	28230008	ssa9_27990424_27990903.maf
ssa09	LG15	28230008	28230042	ssa9_27990424_27990903.maf
ssa09	LG15	28230049	28230084	ssa9_27990424_27990903.maf
ssa09	LG15	28222754	28222864	ssa9_28008484_28008690.maf
ssa09	LG15	18487045	18487063	ssa9_2851566_2852406.maf
ssa09	LG15	18487092	18487109	ssa9_2851566_2852406.maf
ssa09	LG15	18487128	18487148	ssa9_2851566_2852406.maf
ssa09	LG15	18425357	18425378	ssa9_2974897_2976437.maf
ssa09	LG15	18425704	18425730	ssa9_2974897_2976437.maf
ssa09	LG15	18425734	18425746	ssa9_2974897_2976437.maf
ssa09	LG15	26700395	26700406	ssa9_29955096_29955436.maf
ssa09	LG15	26404607	26404667	ssa9_30509520_30510567.maf
ssa09	LG15	26377865	26377930	ssa9_30524648_30525325.maf
ssa09	LG15	25434846	25434897	ssa9_31674394_31674665.maf
ssa09	LG15	25015502	25015564	ssa9_32270717_32271608.maf
ssa09	LG15	25015564	25015593	ssa9_32270717_32271608.maf
ssa09	LG15	24772652	24772713	ssa9_32811618_32812378.maf
ssa09	LG15	24772713	24772724	ssa9_32811618_32812378.maf
ssa09	LG15	24772724	24772741	ssa9_32811618_32812378.maf
ssa09	LG15	24772854	24772918	ssa9_32811618_32812378.maf
ssa09	LG15	24773107	24773176	ssa9_32811618_32812378.maf
ssa09	LG15	18288944	18288959	ssa9_3312586_3312874.maf
ssa09	LG15	24463964	24464113	ssa9_33217424_33218007.maf
ssa09	LG15	24464171	24464239	ssa9_33217424_33218007.maf
ssa09	LG15	24329384	24329397	ssa9_33415151_33415513.maf
ssa09	LG15	24329397	24329431	ssa9_33415151_33415513.maf
ssa09	LG15	24329461	24329482	ssa9_33415151_33415513.maf
ssa09	LG15	24329523	24329543	ssa9_33415151_33415513.maf
ssa09	LG15	24319976	24320025	ssa9_33422336_33422684.maf
ssa09	LG15	24320025	24320038	ssa9_33422336_33422684.maf
ssa09	LG15	24320042	24320053	ssa9_33422336_33422684.maf
ssa09	LG15	24320056	24320115	ssa9_33422336_33422684.maf
ssa09	LG15	24320123	24320150	ssa9_33422336_33422684.maf
ssa09	LG15	24320166	24320250	ssa9_33422336_33422684.maf
ssa09	LG15	24268561	24268600	ssa9_33558267_33558563.maf
ssa09	LG15	24268600	24268626	ssa9_33558267_33558563.maf
ssa09	LG15	24253103	24253126	ssa9_33570656_33571060.maf
ssa09	LG15	23846295	23846312	ssa9_34180377_34181392.maf
ssa09	LG15	23846369	23846398	ssa9_34180377_34181392.maf
ssa09	LG15	23846398	23846410	ssa9_34180377_34181392.maf
ssa09	LG15	23664841	23664969	ssa9_34553360_34554401.maf
ssa09	LG15	23651422	23651452	ssa9_34598173_34598983.maf
ssa09	LG15	23651821	23651844	ssa9_34598173_34598983.maf
ssa09	LG15	23651866	23651934	ssa9_34598173_34598983.maf
ssa09	LG15	23651937	23651950	ssa9_34598173_34598983.maf
ssa09	LG15	23353632	23353651	ssa9_35099908_35100375.maf
ssa09	LG15	23353683	23353710	ssa9_35099908_35100375.maf
ssa09	LG15	23329771	23329873	ssa9_35139759_35140661.maf
ssa09	LG15	21693108	21693164	ssa9_37871409_37871990.maf
ssa09	LG15	21653316	21653328	ssa9_37953239_37954270.maf
ssa09	LG15	21653328	21653391	ssa9_37953239_37954270.maf
ssa09	LG15	21635329	21635355	ssa9_37988866_37989858.maf
ssa09	LG15	20761138	20761196	ssa9_39558672_39559190.maf
ssa09	LG15	20761280	20761301	ssa9_39558672_39559190.maf
ssa09	LG15	20727188	20727202	ssa9_39624336_39624944.maf
ssa09	LG15	20727203	20727250	ssa9_39624336_39624944.maf
ssa09	LG15	20660231	20660241	ssa9_39765441_39765968.maf
ssa09	LG15	20389445	20389487	ssa9_40380806_40381454.maf
ssa09	LG15	20389487	20389523	ssa9_40380806_40381454.maf
ssa09	LG15	20389523	20389554	ssa9_40380806_40381454.maf
ssa09	LG15	20315091	20315119	ssa9_40535197_40535982.maf
ssa09	LG15	20315119	20315165	ssa9_40535197_40535982.maf
ssa09	LG15	20315168	20315270	ssa9_40535197_40535982.maf
ssa09	LG15	20315288	20315401	ssa9_40535197_40535982.maf
ssa09	LG15	19557864	19557960	ssa9_42595031_42595815.maf
ssa09	LG15	5065604	5065638	ssa9_44280456_44281131.maf
ssa09	LG15	5065638	5065672	ssa9_44280456_44281131.maf
ssa09	LG15	5065675	5065693	ssa9_44280456_44281131.maf
ssa09	LG15	5711864	5711927	ssa9_45093603_45094970.maf
ssa09	LG15	5787116	5787175	ssa9_45336921_45337812.maf
ssa09	LG15	5846939	5846952	ssa9_45581751_45582457.maf
ssa09	LG15	5846952	5846971	ssa9_45581751_45582457.maf
ssa09	LG15	5846971	5846988	ssa9_45581751_45582457.maf
ssa09	LG15	5855824	5855906	ssa9_45595673_45596990.maf
ssa09	LG15	5855906	5855928	ssa9_45595673_45596990.maf
ssa09	LG15	31674757	31674804	ssa9_4900886_4901443.maf
ssa09	LG15	31674804	31674829	ssa9_4900886_4901443.maf
ssa09	LG15	8104339	8104369	ssa9_52641618_52642787.maf
ssa09	LG04	29247499	29247535	ssa9_55182398_55183305.maf
ssa09	LG04	29247535	29247644	ssa9_55182398_55183305.maf
ssa09	LG04	28048908	28048956	ssa9_56351228_56351987.maf
ssa09	LG04	28048956	28048984	ssa9_56351228_56351987.maf
ssa09	LG04	28048984	28049036	ssa9_56351228_56351987.maf
ssa09	LG04	27848325	27848345	ssa9_56631382_56631935.maf
ssa09	LG04	27848399	27848409	ssa9_56631382_56631935.maf
ssa09	LG04	27848568	27848664	ssa9_56631382_56631935.maf
ssa09	LG04	27848672	27848713	ssa9_56631382_56631935.maf
ssa09	LG15	3958113	3958165	ssa9_566433_567182.maf
ssa09	LG15	3958165	3958201	ssa9_566433_567182.maf
ssa09	LG04	27820479	27820489	ssa9_56693360_56694294.maf
ssa09	LG04	27820489	27820526	ssa9_56693360_56694294.maf
ssa09	LG04	27820526	27820563	ssa9_56693360_56694294.maf
ssa09	LG04	27820851	27820863	ssa9_56693360_56694294.maf
ssa09	LG04	27820884	27820910	ssa9_56693360_56694294.maf
ssa09	LG04	27820936	27820947	ssa9_56693360_56694294.maf
ssa09	LG04	27820975	27820985	ssa9_56693360_56694294.maf
ssa09	LG04	27242763	27242774	ssa9_57284380_57285102.maf
ssa09	LG04	27242774	27242849	ssa9_57284380_57285102.maf
ssa09	LG04	27242851	27242865	ssa9_57284380_57285102.maf
ssa09	LG04	27242865	27242887	ssa9_57284380_57285102.maf
ssa09	LG04	27243036	27243083	ssa9_57284380_57285102.maf
ssa09	LG04	27243083	27243128	ssa9_57284380_57285102.maf
ssa09	LG04	26818345	26818362	ssa9_57928635_57929079.maf
ssa09	LG04	26093719	26093798	ssa9_58866741_58867911.maf
ssa09	LG04	26094110	26094207	ssa9_58866741_58867911.maf
ssa09	LG04	25709637	25709669	ssa9_59434424_59435148.maf
ssa09	LG04	25709670	25709686	ssa9_59434424_59435148.maf
ssa09	LG04	25709693	25709735	ssa9_59434424_59435148.maf
ssa09	LG04	8402215	8402241	ssa9_60439655_60440876.maf
ssa09	LG04	8402241	8402264	ssa9_60439655_60440876.maf
ssa09	LG04	8402562	8402607	ssa9_60439655_60440876.maf
ssa09	LG04	8402615	8402660	ssa9_60439655_60440876.maf
ssa09	LG04	8402780	8402802	ssa9_60439655_60440876.maf
ssa09	LG04	8402802	8402835	ssa9_60439655_60440876.maf
ssa09	LG04	8402835	8402868	ssa9_60439655_60440876.maf
ssa09	LG04	8384477	8384489	ssa9_60487990_60488835.maf
ssa09	LG04	8384489	8384543	ssa9_60487990_60488835.maf
ssa09	LG04	8384543	8384562	ssa9_60487990_60488835.maf
ssa09	LG04	8384768	8384790	ssa9_60487990_60488835.maf
ssa09	LG04	8384790	8384873	ssa9_60487990_60488835.maf
ssa09	LG04	8384873	8384897	ssa9_60487990_60488835.maf
ssa09	LG04	7982886	7982955	ssa9_61309311_61309653.maf
ssa09	LG04	7982972	7983006	ssa9_61309311_61309653.maf
ssa09	LG04	7952591	7952677	ssa9_61337755_61339136.maf
ssa09	LG04	7952677	7952687	ssa9_61337755_61339136.maf
ssa09	LG04	7952687	7952719	ssa9_61337755_61339136.maf
ssa09	LG04	7867433	7867452	ssa9_61478578_61479172.maf
ssa09	LG15	3969732	3969750	ssa9_616908_617332.maf
ssa09	LG15	3969783	3969798	ssa9_616908_617332.maf
ssa09	LG04	7700474	7700558	ssa9_61799139_61799983.maf
ssa09	LG04	7446968	7446983	ssa9_62176073_62176481.maf
ssa09	LG04	7447126	7447191	ssa9_62176073_62176481.maf
ssa09	LG04	7447191	7447314	ssa9_62176073_62176481.maf
ssa09	LG04	7446229	7446247	ssa9_62176896_62177236.maf
ssa09	LG04	7446248	7446272	ssa9_62176896_62177236.maf
ssa09	LG04	7437102	7437126	ssa9_62188730_62189415.maf
ssa09	LG04	7437179	7437192	ssa9_62188730_62189415.maf
ssa09	LG04	7437569	7437616	ssa9_62188730_62189415.maf
ssa09	LG04	7437616	7437627	ssa9_62188730_62189415.maf
ssa09	LG04	7141433	7141455	ssa9_62771892_62773981.maf
ssa09	LG04	7141455	7141479	ssa9_62771892_62773981.maf
ssa09	LG04	7141479	7141616	ssa9_62771892_62773981.maf
ssa09	LG04	7141616	7141637	ssa9_62771892_62773981.maf
ssa09	LG04	7141637	7141661	ssa9_62771892_62773981.maf
ssa09	LG04	7141661	7141672	ssa9_62771892_62773981.maf
ssa09	LG04	7127105	7127250	ssa9_62825420_62825949.maf
ssa09	LG04	6951999	6952126	ssa9_63140097_63140581.maf
ssa09	LG04	6952126	6952199	ssa9_63140097_63140581.maf
ssa09	LG04	6952200	6952235	ssa9_63140097_63140581.maf
ssa09	LG04	6949234	6949249	ssa9_63142062_63143184.maf
ssa09	LG04	6949249	6949278	ssa9_63142062_63143184.maf
ssa09	LG04	6949365	6949494	ssa9_63142062_63143184.maf
ssa09	LG04	6949610	6949807	ssa9_63142062_63143184.maf
ssa09	LG04	6939363	6939384	ssa9_63149199_63149925.maf
ssa09	LG04	6939609	6939643	ssa9_63149199_63149925.maf
ssa09	LG04	6939643	6939823	ssa9_63149199_63149925.maf
ssa09	LG04	6939823	6939851	ssa9_63149199_63149925.maf
ssa09	LG04	6939851	6939876	ssa9_63149199_63149925.maf
ssa09	LG04	6939884	6939914	ssa9_63149199_63149925.maf
ssa09	LG04	6939914	6939924	ssa9_63149199_63149925.maf
ssa09	LG04	6835899	6835920	ssa9_63310392_63310951.maf
ssa09	LG04	6835920	6835948	ssa9_63310392_63310951.maf
ssa09	LG04	6835948	6836059	ssa9_63310392_63310951.maf
ssa09	LG04	6836059	6836076	ssa9_63310392_63310951.maf
ssa09	LG04	6836077	6836090	ssa9_63310392_63310951.maf
ssa09	LG04	6173953	6173964	ssa9_64499387_64500237.maf
ssa09	LG04	6173969	6173995	ssa9_64499387_64500237.maf
ssa09	LG04	6174040	6174052	ssa9_64499387_64500237.maf
ssa09	LG04	6174071	6174089	ssa9_64499387_64500237.maf
ssa09	LG04	6174113	6174158	ssa9_64499387_64500237.maf
ssa09	LG04	6174317	6174336	ssa9_64499387_64500237.maf
ssa09	LG04	6174354	6174365	ssa9_64499387_64500237.maf
ssa09	LG04	6174370	6174384	ssa9_64499387_64500237.maf
ssa09	LG04	6174442	6174474	ssa9_64499387_64500237.maf
ssa09	LG04	6174553	6174564	ssa9_64499387_64500237.maf
ssa09	LG04	6038096	6038150	ssa9_64713786_64714431.maf
ssa09	LG04	5754825	5754866	ssa9_65148452_65148793.maf
ssa09	LG04	5754866	5754961	ssa9_65148452_65148793.maf
ssa09	LG04	5754961	5754973	ssa9_65148452_65148793.maf
ssa09	LG04	5704787	5704799	ssa9_65240717_65241284.maf
ssa09	LG04	5704800	5704833	ssa9_65240717_65241284.maf
ssa09	LG04	5704853	5704888	ssa9_65240717_65241284.maf
ssa09	LG04	5704941	5705053	ssa9_65240717_65241284.maf
ssa09	LG04	5705053	5705074	ssa9_65240717_65241284.maf
ssa09	LG15	3653029	3653051	ssa9_6532543_6533295.maf
ssa09	LG15	3653937	3654017	ssa9_6532543_6533295.maf
ssa09	LG04	5653313	5653332	ssa9_65361105_65361854.maf
ssa09	LG04	5653332	5653367	ssa9_65361105_65361854.maf
ssa09	LG04	5653367	5653406	ssa9_65361105_65361854.maf
ssa09	LG04	5621435	5621512	ssa9_65415656_65415968.maf
ssa09	LG04	5551157	5551194	ssa9_65489990_65490676.maf
ssa09	LG04	5551262	5551280	ssa9_65489990_65490676.maf
ssa09	LG04	5551788	5551804	ssa9_65489990_65490676.maf
ssa09	LG04	5551804	5551817	ssa9_65489990_65490676.maf
ssa09	LG04	5425529	5425600	ssa9_65668266_65668605.maf
ssa09	LG04	5191755	5191825	ssa9_66105731_66108357.maf
ssa09	LG04	5191828	5191849	ssa9_66105731_66108357.maf
ssa09	LG04	5192265	5192347	ssa9_66105731_66108357.maf
ssa09	LG04	4819762	4819776	ssa9_66591476_66591872.maf
ssa09	LG04	4718295	4718322	ssa9_66708024_66708543.maf
ssa09	LG04	4718322	4718356	ssa9_66708024_66708543.maf
ssa09	LG15	3521347	3521367	ssa9_6753019_6753466.maf
ssa09	LG15	3521367	3521377	ssa9_6753019_6753466.maf
ssa09	LG15	3521377	3521430	ssa9_6753019_6753466.maf
ssa09	LG15	3521430	3521443	ssa9_6753019_6753466.maf
ssa09	LG15	3521443	3521467	ssa9_6753019_6753466.maf
ssa09	LG04	3590785	3590797	ssa9_68594035_68594613.maf
ssa09	LG04	3590833	3590843	ssa9_68594035_68594613.maf
ssa09	LG04	3590856	3590881	ssa9_68594035_68594613.maf
ssa09	LG04	3584562	3584579	ssa9_68595626_68595929.maf
ssa09	LG04	3584579	3584659	ssa9_68595626_68595929.maf
ssa09	LG04	3561536	3561561	ssa9_68616160_68616482.maf
ssa09	LG04	3561561	3561581	ssa9_68616160_68616482.maf
ssa09	LG04	3561619	3561648	ssa9_68616160_68616482.maf
ssa09	LG04	3561659	3561672	ssa9_68616160_68616482.maf
ssa09	LG04	3540323	3540403	ssa9_68633544_68634155.maf
ssa09	LG04	3540738	3540819	ssa9_68633544_68634155.maf
ssa09	LG04	3276671	3276746	ssa9_69083846_69084716.maf
ssa09	LG04	2679886	2679905	ssa9_69986471_69987325.maf
ssa09	LG04	2679926	2679942	ssa9_69986471_69987325.maf
ssa09	LG04	2381109	2381126	ssa9_70490856_70491287.maf
ssa09	LG04	2381282	2381317	ssa9_70490856_70491287.maf
ssa09	LG04	2381319	2381333	ssa9_70490856_70491287.maf
ssa09	LG04	2381333	2381346	ssa9_70490856_70491287.maf
ssa09	LG04	2170710	2170812	ssa9_70791437_70792212.maf
ssa09	LG04	2170812	2170826	ssa9_70791437_70792212.maf
ssa09	LG04	2170826	2170849	ssa9_70791437_70792212.maf
ssa09	LG04	2170877	2170893	ssa9_70791437_70792212.maf
ssa09	LG04	2170893	2170916	ssa9_70791437_70792212.maf
ssa09	LG04	2089032	2089076	ssa9_70924789_70925328.maf
ssa09	LG04	2011313	2011323	ssa9_70997102_70997602.maf
ssa09	LG04	2008111	2008198	ssa9_71001248_71001734.maf
ssa09	LG04	2008210	2008269	ssa9_71001248_71001734.maf
ssa09	LG04	2008269	2008287	ssa9_71001248_71001734.maf
ssa09	LG04	1591373	1591416	ssa9_71558803_71560023.maf
ssa09	LG04	10478575	10478650	ssa9_72222022_72222838.maf
ssa09	LG04	10478650	10478660	ssa9_72222022_72222838.maf
ssa09	LG04	10517495	10517508	ssa9_72311036_72311664.maf
ssa09	LG04	10517514	10517529	ssa9_72311036_72311664.maf
ssa09	LG04	10517529	10517541	ssa9_72311036_72311664.maf
ssa09	LG04	10678480	10678616	ssa9_72589015_72589551.maf
ssa09	LG04	10678616	10678672	ssa9_72589015_72589551.maf
ssa09	LG04	10991541	10991589	ssa9_73103572_73103972.maf
ssa09	LG04	10991589	10991600	ssa9_73103572_73103972.maf
ssa09	LG04	10991600	10991638	ssa9_73103572_73103972.maf
ssa09	LG04	10991642	10991662	ssa9_73103572_73103972.maf
ssa09	LG04	10991662	10991681	ssa9_73103572_73103972.maf
ssa09	LG04	11069407	11069437	ssa9_73191649_73192061.maf
ssa09	LG04	11069437	11069519	ssa9_73191649_73192061.maf
ssa09	LG04	11085190	11085238	ssa9_73212507_73213138.maf
ssa09	LG04	11100584	11100620	ssa9_73242039_73242654.maf
ssa09	LG04	11101185	11101242	ssa9_73242039_73242654.maf
ssa09	LG04	11101242	11101283	ssa9_73242039_73242654.maf
ssa09	LG04	11361138	11361148	ssa9_73593271_73593872.maf
ssa09	LG04	11361148	11361165	ssa9_73593271_73593872.maf
ssa09	LG04	11361165	11361181	ssa9_73593271_73593872.maf
ssa09	LG04	11361181	11361365	ssa9_73593271_73593872.maf
ssa09	LG04	11361368	11361387	ssa9_73593271_73593872.maf
ssa09	LG04	11361391	11361401	ssa9_73593271_73593872.maf
ssa09	LG04	11361401	11361420	ssa9_73593271_73593872.maf
ssa09	LG04	11376451	11376469	ssa9_73627679_73628406.maf
ssa09	LG04	11376696	11376709	ssa9_73627679_73628406.maf
ssa09	LG04	11376709	11376771	ssa9_73627679_73628406.maf
ssa09	LG04	11487118	11487185	ssa9_73818501_73818928.maf
ssa09	LG15	3241150	3241175	ssa9_7420345_7421132.maf
ssa09	LG15	3241178	3241200	ssa9_7420345_7421132.maf
ssa09	LG15	3241207	3241224	ssa9_7420345_7421132.maf
ssa09	LG15	3241224	3241239	ssa9_7420345_7421132.maf
ssa09	LG15	3241420	3241445	ssa9_7420345_7421132.maf
ssa09	LG15	3241466	3241526	ssa9_7420345_7421132.maf
ssa09	LG15	3237876	3237890	ssa9_7428147_7429043.maf
ssa09	LG15	3237890	3237912	ssa9_7428147_7429043.maf
ssa09	LG15	3237918	3237935	ssa9_7428147_7429043.maf
ssa09	LG15	3237935	3237949	ssa9_7428147_7429043.maf
ssa09	LG15	3237949	3238032	ssa9_7428147_7429043.maf
ssa09	LG15	3238035	3238069	ssa9_7428147_7429043.maf
ssa09	LG04	11845937	11846033	ssa9_74392323_74392974.maf
ssa09	LG15	3232648	3232719	ssa9_7442785_7444036.maf
ssa09	LG15	3203353	3203364	ssa9_7485874_7486540.maf
ssa09	LG15	3203364	3203389	ssa9_7485874_7486540.maf
ssa09	LG15	3203389	3203418	ssa9_7485874_7486540.maf
ssa09	LG15	3203424	3203480	ssa9_7485874_7486540.maf
ssa09	LG15	3198620	3198721	ssa9_7488509_7489515.maf
ssa09	LG15	3198721	3198775	ssa9_7488509_7489515.maf
ssa09	LG15	3198786	3198798	ssa9_7488509_7489515.maf
ssa09	LG15	3193887	3193898	ssa9_7491264_7492288.maf
ssa09	LG15	3193898	3194012	ssa9_7491264_7492288.maf
ssa09	LG15	3194012	3194073	ssa9_7491264_7492288.maf
ssa09	LG15	3189961	3190055	ssa9_7494035_7494417.maf
ssa09	LG15	3187636	3187649	ssa9_7497633_7499430.maf
ssa09	LG15	3187654	3187675	ssa9_7497633_7499430.maf
ssa09	LG15	3187675	3187692	ssa9_7497633_7499430.maf
ssa09	LG15	3187712	3187739	ssa9_7497633_7499430.maf
ssa09	LG15	3187739	3187755	ssa9_7497633_7499430.maf
ssa09	LG15	3189165	3189272	ssa9_7497633_7499430.maf
ssa09	LG04	12223522	12223607	ssa9_75029244_75030078.maf
ssa09	LG04	12223640	12223706	ssa9_75029244_75030078.maf
ssa09	LG15	3172796	3172894	ssa9_7513000_7513558.maf
ssa09	LG15	3172894	3172917	ssa9_7513000_7513558.maf
ssa09	LG15	3168709	3168721	ssa9_7520790_7521548.maf
ssa09	LG15	3168721	3168744	ssa9_7520790_7521548.maf
ssa09	LG15	3168744	3168768	ssa9_7520790_7521548.maf
ssa09	LG15	3168775	3168854	ssa9_7520790_7521548.maf
ssa09	LG15	3168854	3168879	ssa9_7520790_7521548.maf
ssa09	LG04	12444417	12444482	ssa9_75477897_75478965.maf
ssa09	LG04	12444839	12444919	ssa9_75477897_75478965.maf
ssa09	LG04	12444934	12444950	ssa9_75477897_75478965.maf
ssa09	LG04	12444955	12444978	ssa9_75477897_75478965.maf
ssa09	LG04	12444978	12445004	ssa9_75477897_75478965.maf
ssa09	LG04	12445093	12445195	ssa9_75477897_75478965.maf
ssa09	LG04	12454726	12454767	ssa9_75491097_75491423.maf
ssa09	LG04	12582587	12582628	ssa9_75679883_75680857.maf
ssa09	LG04	12583630	12583687	ssa9_75679883_75680857.maf
ssa09	LG04	12583687	12583697	ssa9_75679883_75680857.maf
ssa09	LG04	12583697	12583712	ssa9_75679883_75680857.maf
ssa09	LG04	12726257	12726341	ssa9_75917486_75918202.maf
ssa09	LG04	12726394	12726417	ssa9_75917486_75918202.maf
ssa09	LG04	12753437	12753514	ssa9_75937847_75938424.maf
ssa09	LG04	12753514	12753524	ssa9_75937847_75938424.maf
ssa09	LG04	12841708	12841736	ssa9_76091218_76091658.maf
ssa09	LG04	12841760	12841807	ssa9_76091218_76091658.maf
ssa09	LG04	12865238	12865256	ssa9_76146184_76146925.maf
ssa09	LG04	12865256	12865342	ssa9_76146184_76146925.maf
ssa09	LG04	13214308	13214319	ssa9_76783185_76783996.maf
ssa09	LG04	13214330	13214341	ssa9_76783185_76783996.maf
ssa09	LG04	13214341	13214367	ssa9_76783185_76783996.maf
ssa09	LG04	13214374	13214399	ssa9_76783185_76783996.maf
ssa09	LG04	13214407	13214441	ssa9_76783185_76783996.maf
ssa09	LG04	13215114	13215125	ssa9_76787964_76788493.maf
ssa09	LG04	13215125	13215141	ssa9_76787964_76788493.maf
ssa09	LG04	13215180	13215195	ssa9_76787964_76788493.maf
ssa09	LG04	13215308	13215358	ssa9_76787964_76788493.maf
ssa09	LG04	13395656	13395676	ssa9_77114272_77114654.maf
ssa09	LG15	3068303	3068353	ssa9_7738265_7738955.maf
ssa09	LG15	3068428	3068446	ssa9_7738265_7738955.maf
ssa09	LG15	3068446	3068462	ssa9_7738265_7738955.maf
ssa09	LG15	3068462	3068528	ssa9_7738265_7738955.maf
ssa09	LG15	3068532	3068558	ssa9_7738265_7738955.maf
ssa09	LG15	3068558	3068592	ssa9_7738265_7738955.maf
ssa09	LG15	3069439	3069475	ssa9_7738265_7738955.maf
ssa09	LG15	3070373	3070395	ssa9_7738265_7738955.maf
ssa09	LG15	3070395	3070431	ssa9_7738265_7738955.maf
ssa09	LG04	13602051	13602063	ssa9_77418835_77419287.maf
ssa09	LG04	13611750	13611847	ssa9_77430213_77430861.maf
ssa09	LG04	13689988	13690027	ssa9_77557805_77558394.maf
ssa09	LG04	13690027	13690054	ssa9_77557805_77558394.maf
ssa09	LG04	13690054	13690093	ssa9_77557805_77558394.maf
ssa09	LG04	13733752	13733762	ssa9_77651568_77652205.maf
ssa09	LG04	13733762	13733774	ssa9_77651568_77652205.maf
ssa09	LG04	13733774	13733879	ssa9_77651568_77652205.maf
ssa09	LG04	14110670	14110690	ssa9_78385588_78386105.maf
ssa09	LG04	14110690	14110701	ssa9_78385588_78386105.maf
ssa09	LG04	14110958	14111002	ssa9_78385588_78386105.maf
ssa09	LG04	14113053	14113107	ssa9_78386381_78386904.maf
ssa09	LG15	3010072	3010083	ssa9_7856389_7856870.maf
ssa09	LG15	3010086	3010116	ssa9_7856389_7856870.maf
ssa09	LG15	3010116	3010201	ssa9_7856389_7856870.maf
ssa09	LG15	3010201	3010268	ssa9_7856389_7856870.maf
ssa09	LG15	3010268	3010281	ssa9_7856389_7856870.maf
ssa09	LG15	3010281	3010300	ssa9_7856389_7856870.maf
ssa09	LG15	2959889	2959905	ssa9_7926859_7927101.maf
ssa09	LG04	14623745	14623784	ssa9_79331028_79331338.maf
ssa09	LG04	14632217	14632352	ssa9_79343943_79344656.maf
ssa09	LG15	2935743	2935768	ssa9_7952034_7952415.maf
ssa09	LG15	2935780	2935801	ssa9_7952034_7952415.maf
ssa09	LG15	2935801	2935828	ssa9_7952034_7952415.maf
ssa09	LG15	2935923	2935958	ssa9_7952034_7952415.maf
ssa09	LG15	2935958	2935978	ssa9_7952034_7952415.maf
ssa09	LG15	2935978	2935997	ssa9_7952034_7952415.maf
ssa09	LG04	14745772	14745794	ssa9_79596208_79596738.maf
ssa09	LG04	14745794	14745848	ssa9_79596208_79596738.maf
ssa09	LG04	14745848	14745887	ssa9_79596208_79596738.maf
ssa09	LG04	14777017	14777045	ssa9_79685780_79686722.maf
ssa09	LG04	14777045	14777069	ssa9_79685780_79686722.maf
ssa09	LG04	14777102	14777185	ssa9_79685780_79686722.maf
ssa09	LG04	14777187	14777201	ssa9_79685780_79686722.maf
ssa09	LG04	14777214	14777228	ssa9_79685780_79686722.maf
ssa09	LG04	14777229	14777271	ssa9_79685780_79686722.maf
ssa09	LG04	14777271	14777292	ssa9_79685780_79686722.maf
ssa09	LG04	14777308	14777429	ssa9_79685780_79686722.maf
ssa09	LG04	14777432	14777443	ssa9_79685780_79686722.maf
ssa09	LG04	14777443	14777523	ssa9_79685780_79686722.maf
ssa09	LG04	14833411	14833452	ssa9_79783820_79784791.maf
ssa09	LG04	14833452	14833466	ssa9_79783820_79784791.maf
ssa09	LG04	14842813	14842861	ssa9_79797482_79798446.maf
ssa09	LG04	14842870	14842992	ssa9_79797482_79798446.maf
ssa09	LG04	15699168	15699186	ssa9_80959001_80960516.maf
ssa09	LG04	15699186	15699350	ssa9_80959001_80960516.maf
ssa09	LG04	15699880	15699948	ssa9_80959001_80960516.maf
ssa09	LG15	2825219	2825252	ssa9_8123058_8123818.maf
ssa09	LG15	2825252	2825337	ssa9_8123058_8123818.maf
ssa09	LG15	2825337	2825350	ssa9_8123058_8123818.maf
ssa09	LG04	15963122	15963135	ssa9_81244824_81245316.maf
ssa09	LG04	15963135	15963196	ssa9_81244824_81245316.maf
ssa09	LG04	16136513	16136535	ssa9_81445936_81446687.maf
ssa09	LG04	16136544	16136723	ssa9_81445936_81446687.maf
ssa09	LG04	16136723	16136736	ssa9_81445936_81446687.maf
ssa09	LG04	16137043	16137131	ssa9_81445936_81446687.maf
ssa09	LG04	16229685	16229742	ssa9_81619141_81619343.maf
ssa09	LG04	16416456	16416506	ssa9_81825954_81826488.maf
ssa09	LG04	16416506	16416531	ssa9_81825954_81826488.maf
ssa09	LG15	2778790	2778825	ssa9_8192535_8192751.maf
ssa09	LG15	2778826	2778843	ssa9_8192535_8192751.maf
ssa09	LG15	2728964	2728975	ssa9_8272577_8273637.maf
ssa09	LG15	2728994	2729020	ssa9_8272577_8273637.maf
ssa09	LG15	2729192	2729241	ssa9_8272577_8273637.maf
ssa09	LG15	2729241	2729267	ssa9_8272577_8273637.maf
ssa09	LG15	2729284	2729298	ssa9_8272577_8273637.maf
ssa09	LG04	17443144	17443166	ssa9_83791000_83792035.maf
ssa09	LG04	17443166	17443177	ssa9_83791000_83792035.maf
ssa09	LG04	17443197	17443249	ssa9_83791000_83792035.maf
ssa09	LG04	17443250	17443304	ssa9_83791000_83792035.maf
ssa09	LG15	2538274	2538332	ssa9_8472151_8473150.maf
ssa09	LG15	2538337	2538356	ssa9_8472151_8473150.maf
ssa09	LG15	2538594	2538700	ssa9_8472151_8473150.maf
ssa09	LG04	19506903	19506914	ssa9_85304541_85305026.maf
ssa09	LG04	19506966	19506985	ssa9_85304541_85305026.maf
ssa09	LG04	19506989	19507004	ssa9_85304541_85305026.maf
ssa09	LG04	21554670	21554756	ssa9_85490867_85491753.maf
ssa09	LG04	21554756	21554788	ssa9_85490867_85491753.maf
ssa09	LG04	21554788	21554873	ssa9_85490867_85491753.maf
ssa09	LG04	21460240	21460263	ssa9_85649912_85650813.maf
ssa09	LG04	21460263	21460313	ssa9_85649912_85650813.maf
ssa09	LG04	21460313	21460345	ssa9_85649912_85650813.maf
ssa09	LG04	21419425	21419523	ssa9_85721243_85723090.maf
ssa09	LG04	21419523	21419534	ssa9_85721243_85723090.maf
ssa09	LG04	21419534	21419557	ssa9_85721243_85723090.maf
ssa09	LG04	21419636	21419649	ssa9_85721243_85723090.maf
ssa09	LG04	21419649	21419737	ssa9_85721243_85723090.maf
ssa09	LG04	21419743	21419758	ssa9_85721243_85723090.maf
ssa09	LG04	21419784	21419795	ssa9_85721243_85723090.maf
ssa09	LG04	21268781	21268791	ssa9_86084787_86085703.maf
ssa09	LG04	21268791	21268814	ssa9_86084787_86085703.maf
ssa09	LG04	21268817	21268837	ssa9_86084787_86085703.maf
ssa09	LG04	21268837	21268862	ssa9_86084787_86085703.maf
ssa09	LG04	21268862	21268892	ssa9_86084787_86085703.maf
ssa09	LG04	21268892	21268908	ssa9_86084787_86085703.maf
ssa09	LG04	21268908	21268984	ssa9_86084787_86085703.maf
ssa09	LG04	21267878	21267903	ssa9_86086006_86087308.maf
ssa09	LG04	21267903	21267971	ssa9_86086006_86087308.maf
ssa09	LG04	21226872	21226923	ssa9_86195851_86196482.maf
ssa09	LG04	21006120	21006137	ssa9_86599067_86600075.maf
ssa09	LG04	21006137	21006219	ssa9_86599067_86600075.maf
ssa09	LG04	21006219	21006230	ssa9_86599067_86600075.maf
ssa09	LG04	20770705	20770742	ssa9_86977452_86978355.maf
ssa09	LG04	20103018	20103066	ssa9_88091002_88091870.maf
ssa09	LG04	20103067	20103165	ssa9_88091002_88091870.maf
ssa09	LG04	20103165	20103179	ssa9_88091002_88091870.maf
ssa09	LG04	20103185	20103198	ssa9_88091002_88091870.maf
ssa09	LG04	20103198	20103305	ssa9_88091002_88091870.maf
ssa09	LG04	20067909	20067919	ssa9_88142125_88142593.maf
ssa09	LG04	20067919	20067940	ssa9_88142125_88142593.maf
ssa09	LG04	20067940	20068027	ssa9_88142125_88142593.maf
ssa09	LG04	18222451	18222462	ssa9_88955553_88956146.maf
ssa09	LG04	18387471	18387481	ssa9_89273625_89274352.maf
ssa09	LG04	18387481	18387547	ssa9_89273625_89274352.maf
ssa09	LG04	18387695	18387782	ssa9_89273625_89274352.maf
ssa09	LG04	18400271	18400288	ssa9_89298208_89298867.maf
ssa09	LG04	18400288	18400303	ssa9_89298208_89298867.maf
ssa09	LG04	18458216	18458312	ssa9_89391252_89391604.maf
ssa09	LG04	18458415	18458436	ssa9_89391252_89391604.maf
ssa09	LG04	18458436	18458485	ssa9_89391252_89391604.maf
ssa09	LG04	18458493	18458508	ssa9_89391252_89391604.maf
ssa09	LG04	18485048	18485085	ssa9_89424720_89425495.maf
ssa09	LG04	18485085	18485106	ssa9_89424720_89425495.maf
ssa09	LG04	18485129	18485144	ssa9_89424720_89425495.maf
ssa09	LG04	18485144	18485157	ssa9_89424720_89425495.maf
ssa09	LG04	18485159	18485180	ssa9_89424720_89425495.maf
ssa09	LG04	18485238	18485264	ssa9_89424720_89425495.maf
ssa09	LG04	18486091	18486172	ssa9_89427912_89428421.maf
ssa09	LG04	18486172	18486188	ssa9_89427912_89428421.maf
ssa09	LG04	18638288	18638299	ssa9_89735177_89735566.maf
ssa09	LG04	18638299	18638311	ssa9_89735177_89735566.maf
ssa09	LG04	18643575	18643592	ssa9_89743857_89744427.maf
ssa09	LG04	18678540	18678564	ssa9_89820126_89821267.maf
ssa09	LG04	18678682	18678757	ssa9_89820126_89821267.maf
ssa09	LG04	18679321	18679383	ssa9_89820126_89821267.maf
ssa09	LG04	18682626	18682646	ssa9_89832346_89832924.maf
ssa09	LG04	18682651	18682665	ssa9_89832346_89832924.maf
ssa09	LG04	18682672	18682688	ssa9_89832346_89832924.maf
ssa09	LG04	18682688	18682706	ssa9_89832346_89832924.maf
ssa09	LG04	18682710	18682727	ssa9_89832346_89832924.maf
ssa09	LG04	18709755	18709768	ssa9_89884293_89884666.maf
ssa09	LG04	18709771	18709821	ssa9_89884293_89884666.maf
ssa09	LG04	18709821	18709835	ssa9_89884293_89884666.maf
ssa09	LG04	18709858	18709868	ssa9_89884293_89884666.maf
ssa09	LG04	18709874	18709943	ssa9_89884293_89884666.maf
ssa09	LG04	18719156	18719223	ssa9_89901071_89901545.maf
ssa09	LG04	19058110	19058221	ssa9_90388815_90389819.maf
ssa09	LG04	19058221	19058231	ssa9_90388815_90389819.maf
ssa09	LG04	19063587	19063654	ssa9_90399584_90400389.maf
ssa09	LG04	19063654	19063673	ssa9_90399584_90400389.maf
ssa09	LG04	19063852	19063911	ssa9_90399584_90400389.maf
ssa09	LG04	19063911	19063941	ssa9_90399584_90400389.maf
ssa09	LG04	19064660	19064693	ssa9_90399584_90400389.maf
ssa09	LG04	19064693	19064771	ssa9_90399584_90400389.maf
ssa09	LG04	19064771	19064789	ssa9_90399584_90400389.maf
ssa09	LG04	19364481	19364520	ssa9_90849730_90850357.maf
ssa09	LG04	19364520	19364582	ssa9_90849730_90850357.maf
ssa09	LG04	22130945	22130970	ssa9_92012330_92012708.maf
ssa09	LG04	22130973	22130996	ssa9_92012330_92012708.maf
ssa09	LG04	22130999	22131013	ssa9_92012330_92012708.maf
ssa09	LG04	22131013	22131034	ssa9_92012330_92012708.maf
ssa09	LG04	22131034	22131078	ssa9_92012330_92012708.maf
ssa09	LG04	22131078	22131097	ssa9_92012330_92012708.maf
ssa09	LG04	22131134	22131145	ssa9_92012330_92012708.maf
ssa09	LG04	22140325	22140351	ssa9_92032976_92033698.maf
ssa09	LG04	23067591	23067608	ssa9_93627637_93628320.maf
ssa09	LG04	23238492	23238620	ssa9_93861316_93862268.maf
ssa09	LG04	23510495	23510524	ssa9_94228320_94228891.maf
ssa09	LG04	23579966	23579981	ssa9_94467437_94468821.maf
ssa09	LG04	23579981	23580091	ssa9_94467437_94468821.maf
ssa09	LG04	23674435	23674461	ssa9_94749736_94749960.maf
ssa09	LG04	23894821	23894840	ssa9_95083769_95084789.maf
ssa09	LG04	24283891	24283976	ssa9_95485054_95485593.maf
ssa09	LG04	24315446	24315501	ssa9_95546539_95546971.maf
ssa09	LG04	24315655	24315682	ssa9_95546539_95546971.maf
ssa09	LG04	24315682	24315744	ssa9_95546539_95546971.maf
ssa09	LG04	24315744	24315790	ssa9_95546539_95546971.maf
ssa09	LG04	24315791	24315818	ssa9_95546539_95546971.maf
ssa09	LG04	24328226	24328368	ssa9_95565908_95567682.maf
ssa09	LG04	24328368	24328397	ssa9_95565908_95567682.maf
ssa09	LG04	24328397	24328426	ssa9_95565908_95567682.maf
ssa09	LG04	24328494	24328504	ssa9_95565908_95567682.maf
ssa09	LG04	24328883	24328896	ssa9_95565908_95567682.maf
ssa09	LG04	24328896	24328986	ssa9_95565908_95567682.maf
ssa09	LG04	24329779	24329847	ssa9_95565908_95567682.maf
ssa09	LG04	24329854	24329892	ssa9_95565908_95567682.maf
ssa09	LG04	24329892	24329907	ssa9_95565908_95567682.maf
ssa09	LG04	24329907	24329967	ssa9_95565908_95567682.maf
ssa09	LG04	24329967	24329982	ssa9_95565908_95567682.maf
ssa09	LG04	24330004	24330034	ssa9_95565908_95567682.maf
ssa09	LG04	24330034	24330061	ssa9_95565908_95567682.maf
ssa09	LG04	24330061	24330093	ssa9_95565908_95567682.maf
ssa09	LG04	24330119	24330136	ssa9_95565908_95567682.maf
ssa09	LG04	24330136	24330204	ssa9_95565908_95567682.maf
ssa09	LG04	24330206	24330233	ssa9_95565908_95567682.maf
ssa09	LG04	24330233	24330250	ssa9_95565908_95567682.maf
ssa09	LG04	24377625	24377641	ssa9_95636567_95637111.maf
ssa09	LG04	24377641	24377654	ssa9_95636567_95637111.maf
ssa09	LG04	24377699	24377736	ssa9_95636567_95637111.maf
ssa09	LG04	24377764	24377851	ssa9_95636567_95637111.maf
ssa09	LG04	24377866	24377876	ssa9_95636567_95637111.maf
ssa09	LG04	24382633	24382830	ssa9_95648210_95649319.maf
ssa09	LG04	8487963	8487983	ssa9_96257079_96257613.maf
ssa09	LG04	8487983	8488019	ssa9_96257079_96257613.maf
ssa09	LG04	8488019	8488036	ssa9_96257079_96257613.maf
ssa09	LG04	8506782	8506815	ssa9_96298211_96298857.maf
ssa09	LG15	1756875	1756889	ssa9_9689651_9690492.maf
ssa09	LG15	1732872	1732882	ssa9_9731742_9732546.maf
