ssa10	LG19	10716213	10716295	ssa10_113462995_113463677.maf
ssa10	LG19	10716295	10716314	ssa10_113462995_113463677.maf
ssa10	LG19	13402177	13402189	ssa10_118064169_118064684.maf
ssa10	LG19	13402189	13402230	ssa10_118064169_118064684.maf
ssa10	LG19	13402230	13402267	ssa10_118064169_118064684.maf
ssa10	LG19	13402267	13402278	ssa10_118064169_118064684.maf
ssa10	LG19	13688004	13688058	ssa10_118453200_118453935.maf
ssa10	LG19	13796635	13796645	ssa10_118639003_118639634.maf
ssa10	LG19	13802431	13802483	ssa10_118664832_118665766.maf
ssa10	LG19	13808318	13808368	ssa10_118681843_118682671.maf
ssa10	LG19	13808373	13808418	ssa10_118681843_118682671.maf
ssa10	LG19	13815671	13815759	ssa10_118695277_118696288.maf
ssa10	LG19	13902625	13902696	ssa10_118813532_118814292.maf
ssa10	LG19	13902696	13902708	ssa10_118813532_118814292.maf
ssa10	LG19	13952684	13952725	ssa10_118908845_118909233.maf
ssa10	LG19	13966999	13967046	ssa10_118946923_118947761.maf
ssa10	LG19	13967057	13967147	ssa10_118946923_118947761.maf
ssa10	LG19	14115839	14115876	ssa10_119224808_119225744.maf
ssa10	LG19	14116013	14116046	ssa10_119224808_119225744.maf
ssa10	LG19	14118516	14118532	ssa10_119229818_119230236.maf
ssa10	LG19	14118532	14118565	ssa10_119229818_119230236.maf
ssa10	LG19	14183319	14183332	ssa10_119433131_119433871.maf
ssa10	LG19	14183332	14183366	ssa10_119433131_119433871.maf
ssa10	LG19	14303457	14303495	ssa10_119698602_119699219.maf
ssa10	LG19	14303495	14303517	ssa10_119698602_119699219.maf
ssa10	LG19	14303563	14303599	ssa10_119698602_119699219.maf
ssa10	LG19	14303599	14303625	ssa10_119698602_119699219.maf
ssa10	LG19	14303639	14303726	ssa10_119698602_119699219.maf
ssa10	LG19	15235674	15235741	ssa10_121596690_121596943.maf
ssa10	LG08	8613142	8613165	ssa10_14907383_14908184.maf
ssa10	LG08	8613165	8613244	ssa10_14907383_14908184.maf
ssa10	LG08	8613244	8613277	ssa10_14907383_14908184.maf
ssa10	LG08	11109778	11109824	ssa10_19818186_19818659.maf
ssa10	LG08	11570462	11570534	ssa10_20548276_20548818.maf
ssa10	LG08	15970148	15970237	ssa10_26280635_26280960.maf
ssa10	LG08	21222081	21222099	ssa10_32942688_32943592.maf
ssa10	LG08	22504081	22504158	ssa10_34787609_34788306.maf
ssa10	LG08	22504158	22504238	ssa10_34787609_34788306.maf
ssa10	LG08	25881095	25881128	ssa10_39493654_39494374.maf
ssa10	LG08	25881854	25881881	ssa10_39496898_39497336.maf
ssa10	LG08	25881881	25881893	ssa10_39496898_39497336.maf
ssa10	LG08	26645015	26645026	ssa10_40689180_40689895.maf
ssa10	LG08	26645026	26645044	ssa10_40689180_40689895.maf
ssa10	LG08	26645051	26645117	ssa10_40689180_40689895.maf
ssa10	LG08	26645570	26645628	ssa10_40689180_40689895.maf
ssa10	LG08	26661105	26661133	ssa10_40704742_40705710.maf
ssa10	LG08	26661133	26661207	ssa10_40704742_40705710.maf
ssa10	LG08	26661261	26661276	ssa10_40704742_40705710.maf
ssa10	LG08	26661276	26661298	ssa10_40704742_40705710.maf
ssa10	LG08	26668006	26668065	ssa10_40729440_40730636.maf
ssa10	LG08	26668065	26668075	ssa10_40729440_40730636.maf
ssa10	LG08	26668880	26668892	ssa10_40729440_40730636.maf
ssa10	LG08	26668892	26668904	ssa10_40729440_40730636.maf
ssa10	LG08	26668912	26668924	ssa10_40729440_40730636.maf
ssa10	LG08	26668924	26668977	ssa10_40729440_40730636.maf
ssa10	LG08	26670836	26670888	ssa10_40731852_40732524.maf
ssa10	LG08	26670888	26670936	ssa10_40731852_40732524.maf
ssa10	LG08	26675762	26675812	ssa10_40745963_40747511.maf
ssa10	LG08	26675812	26675822	ssa10_40745963_40747511.maf
ssa10	LG08	26675822	26675847	ssa10_40745963_40747511.maf
ssa10	LG08	26675855	26675930	ssa10_40745963_40747511.maf
ssa10	LG08	26675930	26675941	ssa10_40745963_40747511.maf
ssa10	LG08	26675993	26676137	ssa10_40745963_40747511.maf
ssa10	LG08	27035485	27035516	ssa10_41328209_41328845.maf
ssa10	LG08	27038740	27038768	ssa10_41330374_41330936.maf
ssa10	LG08	27038770	27038784	ssa10_41330374_41330936.maf
ssa10	LG08	27198789	27198900	ssa10_41539014_41540494.maf
ssa10	LG08	27200635	27200695	ssa10_41541131_41541648.maf
ssa10	LG08	27200911	27200926	ssa10_41541131_41541648.maf
ssa10	LG08	27200926	27200978	ssa10_41541131_41541648.maf
ssa10	LG08	27245080	27245105	ssa10_41646944_41647903.maf
ssa10	LG08	27245105	27245145	ssa10_41646944_41647903.maf
ssa10	LG08	28149475	28149487	ssa10_43189796_43190211.maf
ssa10	LG08	28149488	28149551	ssa10_43189796_43190211.maf
ssa10	LG08	28203207	28203292	ssa10_43367728_43368119.maf
ssa10	LG08	28450821	28450889	ssa10_43760196_43761609.maf
ssa10	LG08	30135916	30135952	ssa10_47145609_47146340.maf
ssa10	LG08	30135952	30135967	ssa10_47145609_47146340.maf
ssa10	LG08	30135967	30136005	ssa10_47145609_47146340.maf
ssa10	LG08	30210411	30210421	ssa10_47274628_47275309.maf
ssa10	LG08	30210421	30210484	ssa10_47274628_47275309.maf
ssa10	LG08	31134780	31134800	ssa10_48754900_48755610.maf
ssa10	LG08	32783615	32783630	ssa10_50515988_50517028.maf
ssa10	LG08	32783802	32783817	ssa10_50515988_50517028.maf
ssa10	LG08	32783849	32783863	ssa10_50515988_50517028.maf
ssa10	LG08	32978406	32978504	ssa10_50997686_50998560.maf
ssa10	LG08	32978504	32978515	ssa10_50997686_50998560.maf
ssa10	LG08	33235437	33235541	ssa10_51547719_51548756.maf
ssa10	LG08	33235557	33235567	ssa10_51547719_51548756.maf
ssa10	LG08	33238168	33238207	ssa10_51549260_51549571.maf
ssa10	LG08	33238208	33238223	ssa10_51549260_51549571.maf
ssa10	LG08	33238223	33238239	ssa10_51549260_51549571.maf
ssa10	LG08	33736788	33736815	ssa10_51936591_51936889.maf
ssa10	LG08	33511994	33512070	ssa10_52214050_52214688.maf
ssa10	LG08	33512070	33512084	ssa10_52214050_52214688.maf
ssa10	LG08	33512084	33512108	ssa10_52214050_52214688.maf
ssa10	LG08	33512108	33512120	ssa10_52214050_52214688.maf
ssa10	LG08	33512133	33512199	ssa10_52214050_52214688.maf
ssa10	LG08	33512199	33512351	ssa10_52214050_52214688.maf
ssa10	LG08	34124407	34124461	ssa10_52484014_52484711.maf
ssa10	LG08	34124461	34124492	ssa10_52484014_52484711.maf
ssa10	LG08	34215163	34215180	ssa10_52647093_52648278.maf
ssa10	LG08	34238743	34238810	ssa10_52690704_52691179.maf
ssa10	LG08	34239048	34239091	ssa10_52690704_52691179.maf
ssa10	LG08	34239583	34239645	ssa10_52697650_52698313.maf
ssa10	LG08	34275256	34275268	ssa10_52791623_52792895.maf
ssa10	LG08	34275268	34275282	ssa10_52791623_52792895.maf
ssa10	LG08	34275308	34275328	ssa10_52791623_52792895.maf
ssa10	LG08	34275337	34275366	ssa10_52791623_52792895.maf
ssa10	LG08	34275366	34275577	ssa10_52791623_52792895.maf
ssa10	LG08	34275577	34275595	ssa10_52791623_52792895.maf
ssa10	LG08	34690676	34690695	ssa10_53144208_53144965.maf
ssa10	LG08	34690761	34690861	ssa10_53144208_53144965.maf
ssa10	LG08	34690861	34690891	ssa10_53144208_53144965.maf
ssa10	LG08	35167200	35167225	ssa10_53584492_53585403.maf
ssa10	LG08	35167225	35167344	ssa10_53584492_53585403.maf
ssa10	LG08	35167392	35167402	ssa10_53584492_53585403.maf
ssa10	LG08	36024566	36024603	ssa10_54140854_54141723.maf
ssa10	LG08	36024603	36024740	ssa10_54140854_54141723.maf
ssa10	LG08	36024756	36024784	ssa10_54140854_54141723.maf
ssa10	LG08	36025524	36025541	ssa10_54142752_54143615.maf
ssa10	LG08	36025549	36025655	ssa10_54142752_54143615.maf
ssa10	LG08	36025655	36025674	ssa10_54142752_54143615.maf
ssa10	LG08	36026004	36026025	ssa10_54142752_54143615.maf
ssa10	LG08	36026086	36026114	ssa10_54142752_54143615.maf
ssa10	LG08	36054037	36054080	ssa10_54157612_54158756.maf
ssa10	LG08	36054080	36054104	ssa10_54157612_54158756.maf
ssa10	LG08	36054104	36054114	ssa10_54157612_54158756.maf
ssa10	LG08	36054114	36054139	ssa10_54157612_54158756.maf
ssa10	LG08	36054213	36054247	ssa10_54157612_54158756.maf
ssa10	LG08	36054292	36054380	ssa10_54157612_54158756.maf
ssa10	LG08	36054380	36054444	ssa10_54157612_54158756.maf
ssa10	LG08	36054493	36054521	ssa10_54157612_54158756.maf
ssa10	LG08	36054521	36054657	ssa10_54157612_54158756.maf
ssa10	LG08	36054657	36054798	ssa10_54157612_54158756.maf
ssa10	LG08	36054798	36054850	ssa10_54157612_54158756.maf
ssa10	LG08	36054857	36055032	ssa10_54157612_54158756.maf
ssa10	LG08	36365019	36365029	ssa10_54285130_54287444.maf
ssa10	LG08	36365054	36365136	ssa10_54285130_54287444.maf
ssa10	LG08	36365136	36365147	ssa10_54285130_54287444.maf
ssa10	LG08	36365580	36365592	ssa10_54285130_54287444.maf
ssa10	LG08	36365666	36365754	ssa10_54285130_54287444.maf
ssa10	LG08	36365754	36365783	ssa10_54285130_54287444.maf
ssa10	LG08	36365791	36365803	ssa10_54285130_54287444.maf
ssa10	LG08	36365803	36365841	ssa10_54285130_54287444.maf
ssa10	LG08	36365866	36366055	ssa10_54285130_54287444.maf
ssa10	LG08	36366055	36366097	ssa10_54285130_54287444.maf
ssa10	LG08	36366097	36366133	ssa10_54285130_54287444.maf
ssa10	LG08	36366198	36366261	ssa10_54285130_54287444.maf
ssa10	LG08	36366261	36366287	ssa10_54285130_54287444.maf
ssa10	LG08	36366287	36366307	ssa10_54285130_54287444.maf
ssa10	LG08	36366307	36366318	ssa10_54285130_54287444.maf
ssa10	LG08	36366318	36366349	ssa10_54285130_54287444.maf
ssa10	LG08	36366360	36366374	ssa10_54285130_54287444.maf
ssa10	LG08	36366374	36366390	ssa10_54285130_54287444.maf
ssa10	LG08	36366400	36366417	ssa10_54285130_54287444.maf
ssa10	LG08	36366420	36366430	ssa10_54285130_54287444.maf
ssa10	LG08	36374635	36374654	ssa10_54288243_54288824.maf
ssa10	LG08	36374654	36374701	ssa10_54288243_54288824.maf
ssa10	LG08	36374820	36374846	ssa10_54288243_54288824.maf
ssa10	LG08	36374907	36374970	ssa10_54288243_54288824.maf
ssa10	LG08	36459670	36460008	ssa10_54365273_54366067.maf
ssa10	LG08	36460008	36460022	ssa10_54365273_54366067.maf
ssa10	LG08	36460022	36460047	ssa10_54365273_54366067.maf
ssa10	LG08	36460076	36460087	ssa10_54365273_54366067.maf
ssa10	LG08	36460096	36460162	ssa10_54365273_54366067.maf
ssa10	LG08	36460179	36460209	ssa10_54365273_54366067.maf
ssa10	LG08	36460211	36460234	ssa10_54365273_54366067.maf
ssa10	LG08	36460234	36460252	ssa10_54365273_54366067.maf
ssa10	LG08	36460252	36460273	ssa10_54365273_54366067.maf
ssa10	LG08	36460273	36460295	ssa10_54365273_54366067.maf
ssa10	LG08	36460295	36460306	ssa10_54365273_54366067.maf
ssa10	LG08	37387593	37387619	ssa10_54748880_54749312.maf
ssa10	LG08	37387619	37387699	ssa10_54748880_54749312.maf
ssa10	LG08	37427258	37427284	ssa10_54777774_54778311.maf
ssa10	LG08	37427284	37427303	ssa10_54777774_54778311.maf
ssa10	LG08	37427303	37427317	ssa10_54777774_54778311.maf
ssa10	LG08	37449937	37449952	ssa10_54788743_54788966.maf
ssa10	LG08	37449952	37449971	ssa10_54788743_54788966.maf
ssa10	LG08	37449973	37450011	ssa10_54788743_54788966.maf
ssa10	LG08	4898524	4898536	ssa10_57444170_57444490.maf
ssa10	LG07	46504296	46504314	ssa10_60938481_60939517.maf
ssa10	LG07	46504335	46504372	ssa10_60938481_60939517.maf
ssa10	LG07	46504372	46504393	ssa10_60938481_60939517.maf
ssa10	LG07	46504752	46504763	ssa10_60938481_60939517.maf
ssa10	LG07	46482263	46482280	ssa10_61055679_61056741.maf
ssa10	LG07	46482280	46482395	ssa10_61055679_61056741.maf
ssa10	LG19	42319690	42319802	ssa10_62842063_62842337.maf
ssa10	LG19	42347171	42347188	ssa10_62863045_62864139.maf
ssa10	LG19	42347188	42347241	ssa10_62863045_62864139.maf
ssa10	LG19	42347241	42347275	ssa10_62863045_62864139.maf
ssa10	LG19	42364156	42364364	ssa10_62908036_62908720.maf
ssa10	LG19	42410244	42410386	ssa10_62968404_62968790.maf
ssa10	LG19	42417647	42417756	ssa10_62978420_62979111.maf
ssa10	LG19	42445683	42445769	ssa10_63027935_63028355.maf
ssa10	LG19	42474202	42474219	ssa10_63067762_63068597.maf
ssa10	LG19	42474219	42474235	ssa10_63067762_63068597.maf
ssa10	LG19	42474235	42474272	ssa10_63067762_63068597.maf
ssa10	LG19	42474356	42474389	ssa10_63067762_63068597.maf
ssa10	LG19	42789651	42789673	ssa10_63310870_63312535.maf
ssa10	LG19	42789684	42789698	ssa10_63310870_63312535.maf
ssa10	LG19	42789702	42789713	ssa10_63310870_63312535.maf
ssa10	LG19	42789713	42789770	ssa10_63310870_63312535.maf
ssa10	LG19	42789770	42789793	ssa10_63310870_63312535.maf
ssa10	LG19	42789793	42789805	ssa10_63310870_63312535.maf
ssa10	LG19	42789805	42789944	ssa10_63310870_63312535.maf
ssa10	LG19	42789944	42789971	ssa10_63310870_63312535.maf
ssa10	LG19	42790298	42790323	ssa10_63310870_63312535.maf
ssa10	LG19	42790633	42790664	ssa10_63310870_63312535.maf
ssa10	LG19	42790723	42790794	ssa10_63310870_63312535.maf
ssa10	LG19	42790794	42790825	ssa10_63310870_63312535.maf
ssa10	LG19	42790826	42790840	ssa10_63310870_63312535.maf
ssa10	LG19	42799646	42799733	ssa10_63313490_63313943.maf
ssa10	LG19	42800131	42800215	ssa10_63314032_63314901.maf
ssa10	LG19	42800215	42800229	ssa10_63314032_63314901.maf
ssa10	LG19	42800229	42800281	ssa10_63314032_63314901.maf
ssa10	LG19	42806132	42806235	ssa10_63333078_63333792.maf
ssa10	LG19	42919569	42919689	ssa10_63448293_63449407.maf
ssa10	LG19	42919847	42919885	ssa10_63448293_63449407.maf
ssa10	LG19	42920292	42920372	ssa10_63448293_63449407.maf
ssa10	LG19	42942058	42942122	ssa10_63472538_63473314.maf
ssa10	LG19	42946600	42946629	ssa10_63484759_63485165.maf
ssa10	LG19	42946659	42946674	ssa10_63484759_63485165.maf
ssa10	LG19	42946674	42946694	ssa10_63484759_63485165.maf
ssa10	LG19	45769242	45769257	ssa10_64018988_64019526.maf
ssa10	LG19	45769257	45769332	ssa10_64018988_64019526.maf
ssa10	LG19	45742864	45742891	ssa10_64081342_64082136.maf
ssa10	LG19	45742891	45742951	ssa10_64081342_64082136.maf
ssa10	LG19	45742951	45742961	ssa10_64081342_64082136.maf
ssa10	LG19	45723229	45723249	ssa10_64186078_64187049.maf
ssa10	LG19	45723249	45723318	ssa10_64186078_64187049.maf
ssa10	LG19	45456288	45456309	ssa10_64482124_64483507.maf
ssa10	LG19	45456329	45456343	ssa10_64482124_64483507.maf
ssa10	LG19	45456350	45456361	ssa10_64482124_64483507.maf
ssa10	LG19	45456361	45456372	ssa10_64482124_64483507.maf
ssa10	LG19	45456372	45456389	ssa10_64482124_64483507.maf
ssa10	LG19	45456389	45456431	ssa10_64482124_64483507.maf
ssa10	LG19	45456642	45456692	ssa10_64482124_64483507.maf
ssa10	LG19	45456778	45456803	ssa10_64482124_64483507.maf
ssa10	LG19	45456803	45456818	ssa10_64482124_64483507.maf
ssa10	LG19	45429972	45430008	ssa10_64530176_64530953.maf
ssa10	LG19	45430008	45430044	ssa10_64530176_64530953.maf
ssa10	LG19	45428930	45428958	ssa10_64531417_64531908.maf
ssa10	LG19	45428973	45428988	ssa10_64531417_64531908.maf
ssa10	LG19	45428988	45429010	ssa10_64531417_64531908.maf
ssa10	LG19	45317335	45317368	ssa10_64591961_64592943.maf
ssa10	LG19	45317368	45317398	ssa10_64591961_64592943.maf
ssa10	LG19	45179862	45179884	ssa10_64599988_64601148.maf
ssa10	LG19	45179961	45180006	ssa10_64599988_64601148.maf
ssa10	LG19	45180006	45180199	ssa10_64599988_64601148.maf
ssa10	LG19	45180252	45180285	ssa10_64599988_64601148.maf
ssa10	LG19	45180643	45180658	ssa10_64599988_64601148.maf
ssa10	LG19	45180658	45180676	ssa10_64599988_64601148.maf
ssa10	LG19	45180676	45180704	ssa10_64599988_64601148.maf
ssa10	LG19	45180708	45180784	ssa10_64599988_64601148.maf
ssa10	LG19	44762063	44762080	ssa10_64901615_64902651.maf
ssa10	LG19	44762151	44762164	ssa10_64901615_64902651.maf
ssa10	LG19	44762164	44762212	ssa10_64901615_64902651.maf
ssa10	LG19	44762278	44762292	ssa10_64901615_64902651.maf
ssa10	LG19	44762395	44762475	ssa10_64901615_64902651.maf
ssa10	LG19	44762874	44762901	ssa10_64901615_64902651.maf
ssa10	LG19	44609150	44609165	ssa10_65050696_65052044.maf
ssa10	LG19	44609165	44609290	ssa10_65050696_65052044.maf
ssa10	LG19	44609625	44609643	ssa10_65050696_65052044.maf
ssa10	LG19	44609663	44609765	ssa10_65050696_65052044.maf
ssa10	LG19	44609962	44609975	ssa10_65050696_65052044.maf
ssa10	LG19	44609975	44610017	ssa10_65050696_65052044.maf
ssa10	LG19	44568118	44568154	ssa10_65065137_65065719.maf
ssa10	LG19	44568154	44568169	ssa10_65065137_65065719.maf
ssa10	LG19	44515669	44515705	ssa10_65140672_65141467.maf
ssa10	LG19	44515705	44515781	ssa10_65140672_65141467.maf
ssa10	LG19	44515813	44515826	ssa10_65140672_65141467.maf
ssa10	LG19	44515826	44515848	ssa10_65140672_65141467.maf
ssa10	LG19	44516157	44516175	ssa10_65140672_65141467.maf
ssa10	LG19	44516323	44516340	ssa10_65140672_65141467.maf
ssa10	LG19	44516340	44516356	ssa10_65140672_65141467.maf
ssa10	LG19	44369390	44369446	ssa10_65249545_65250088.maf
ssa10	LG19	44361577	44361645	ssa10_65268367_65268671.maf
ssa10	LG19	44360827	44360907	ssa10_65269065_65269555.maf
ssa10	LG19	44279016	44279048	ssa10_65282690_65283077.maf
ssa10	LG19	44256259	44256303	ssa10_65308897_65309348.maf
ssa10	LG19	43507882	43507970	ssa10_65727404_65728493.maf
ssa10	LG19	43645999	43646116	ssa10_65866879_65867994.maf
ssa10	LG19	43646116	43646133	ssa10_65866879_65867994.maf
ssa10	LG19	43646151	43646203	ssa10_65866879_65867994.maf
ssa10	LG19	43646486	43646549	ssa10_65866879_65867994.maf
ssa10	LG19	43670542	43670582	ssa10_65894384_65895306.maf
ssa10	LG19	43670582	43670592	ssa10_65894384_65895306.maf
ssa10	LG19	43670592	43670689	ssa10_65894384_65895306.maf
ssa10	LG19	43670689	43670710	ssa10_65894384_65895306.maf
ssa10	LG19	43670773	43670799	ssa10_65894384_65895306.maf
ssa10	LG19	43670799	43670895	ssa10_65894384_65895306.maf
ssa10	LG19	43670895	43671031	ssa10_65894384_65895306.maf
ssa10	LG19	43689713	43689736	ssa10_65912348_65912802.maf
ssa10	LG19	43689736	43689763	ssa10_65912348_65912802.maf
ssa10	LG19	43689772	43689886	ssa10_65912348_65912802.maf
ssa10	LG19	43729918	43729990	ssa10_65988694_65989495.maf
ssa10	LG19	43729990	43730031	ssa10_65988694_65989495.maf
ssa10	LG19	43730031	43730117	ssa10_65988694_65989495.maf
ssa10	LG19	43730117	43730127	ssa10_65988694_65989495.maf
ssa10	LG19	43730127	43730169	ssa10_65988694_65989495.maf
ssa10	LG19	43730169	43730208	ssa10_65988694_65989495.maf
ssa10	LG19	43730208	43730226	ssa10_65988694_65989495.maf
ssa10	LG19	44059849	44059891	ssa10_66310590_66311665.maf
ssa10	LG19	44059891	44059952	ssa10_66310590_66311665.maf
ssa10	LG19	44060637	44060647	ssa10_66310590_66311665.maf
ssa10	LG19	44060648	44060693	ssa10_66310590_66311665.maf
ssa10	LG19	44155254	44155267	ssa10_66381119_66382454.maf
ssa10	LG19	44155267	44155307	ssa10_66381119_66382454.maf
ssa10	LG19	44155307	44155344	ssa10_66381119_66382454.maf
ssa10	LG19	44171456	44171480	ssa10_66424347_66425097.maf
ssa10	LG19	44171496	44171510	ssa10_66424347_66425097.maf
ssa10	LG19	44171510	44171573	ssa10_66424347_66425097.maf
ssa10	LG19	44171573	44171584	ssa10_66424347_66425097.maf
ssa10	LG19	44171847	44171860	ssa10_66424347_66425097.maf
ssa10	LG19	44199796	44199816	ssa10_66475924_66476474.maf
ssa10	LG19	44199816	44199907	ssa10_66475924_66476474.maf
ssa10	LG19	44199924	44199970	ssa10_66475924_66476474.maf
ssa10	LG19	44201275	44201298	ssa10_66477668_66478220.maf
ssa10	LG19	44201298	44201346	ssa10_66477668_66478220.maf
ssa10	LG19	44201346	44201496	ssa10_66477668_66478220.maf
ssa10	LG19	44201588	44201623	ssa10_66477668_66478220.maf
ssa10	LG19	45983539	45983651	ssa10_67097357_67098042.maf
ssa10	LG19	45983659	45983669	ssa10_67097357_67098042.maf
ssa10	LG19	45983669	45983697	ssa10_67097357_67098042.maf
ssa10	LG19	45983698	45983763	ssa10_67097357_67098042.maf
ssa10	LG19	45984109	45984133	ssa10_67097357_67098042.maf
ssa10	LG19	45984151	45984242	ssa10_67097357_67098042.maf
ssa10	LG19	45984242	45984285	ssa10_67097357_67098042.maf
ssa10	LG19	40904521	40904608	ssa10_68847772_68848435.maf
ssa10	LG19	39888948	39888976	ssa10_69691425_69692694.maf
ssa10	LG19	39889005	39889038	ssa10_69691425_69692694.maf
ssa10	LG19	39889038	39889069	ssa10_69691425_69692694.maf
ssa10	LG19	39889069	39889085	ssa10_69691425_69692694.maf
ssa10	LG19	39889220	39889233	ssa10_69691425_69692694.maf
ssa10	LG19	39889625	39889648	ssa10_69691425_69692694.maf
ssa10	LG19	39736888	39736936	ssa10_70004242_70004658.maf
ssa10	LG19	39731869	39731952	ssa10_70006215_70006979.maf
ssa10	LG19	39518660	39518686	ssa10_70418260_70419279.maf
ssa10	LG19	39431676	39431713	ssa10_70620317_70621675.maf
ssa10	LG19	39409384	39409398	ssa10_70638095_70638575.maf
ssa10	LG19	39409398	39409441	ssa10_70638095_70638575.maf
ssa10	LG19	39409441	39409559	ssa10_70638095_70638575.maf
ssa10	LG19	39409559	39409639	ssa10_70638095_70638575.maf
ssa10	LG19	39409643	39409664	ssa10_70638095_70638575.maf
ssa10	LG19	39297504	39297533	ssa10_70897528_70898390.maf
ssa10	LG19	39291222	39291239	ssa10_70910934_70911514.maf
ssa10	LG19	39291248	39291299	ssa10_70910934_70911514.maf
ssa10	LG19	39011760	39011843	ssa10_71295874_71296395.maf
ssa10	LG19	38989838	38989889	ssa10_71308946_71309645.maf
ssa10	LG19	38989889	38989904	ssa10_71308946_71309645.maf
ssa10	LG19	38989904	38989919	ssa10_71308946_71309645.maf
ssa10	LG19	38989967	38990050	ssa10_71308946_71309645.maf
ssa10	LG19	38986363	38986395	ssa10_71310939_71311261.maf
ssa10	LG19	38986395	38986439	ssa10_71310939_71311261.maf
ssa10	LG19	38986439	38986451	ssa10_71310939_71311261.maf
ssa10	LG19	38986452	38986465	ssa10_71310939_71311261.maf
ssa10	LG19	38548835	38548925	ssa10_72043408_72044298.maf
ssa10	LG19	35568039	35568093	ssa10_75442552_75442773.maf
ssa10	LG19	35568093	35568117	ssa10_75442552_75442773.maf
ssa10	LG19	35568117	35568127	ssa10_75442552_75442773.maf
ssa10	LG19	35568127	35568249	ssa10_75442552_75442773.maf
ssa10	LG19	33347709	33347742	ssa10_77976867_77977646.maf
ssa10	LG19	33347742	33347768	ssa10_77976867_77977646.maf
ssa10	LG08	38626902	38626970	ssa10_7816433_7818226.maf
ssa10	LG19	32761051	32761111	ssa10_78813929_78814146.maf
ssa10	LG08	38758940	38758952	ssa10_7932724_7933514.maf
ssa10	LG08	38758952	38759031	ssa10_7932724_7933514.maf
ssa10	LG08	38759334	38759362	ssa10_7933965_7934275.maf
ssa10	LG08	38759362	38759395	ssa10_7933965_7934275.maf
ssa10	LG19	31112013	31112039	ssa10_80800476_80800727.maf
ssa10	LG19	30930580	30930595	ssa10_81161353_81161617.maf
ssa10	LG19	30930595	30930668	ssa10_81161353_81161617.maf
ssa10	LG19	30930668	30930683	ssa10_81161353_81161617.maf
ssa10	LG19	30930686	30930740	ssa10_81161353_81161617.maf
ssa10	LG19	30537032	30537045	ssa10_81689434_81690149.maf
ssa10	LG19	30537045	30537094	ssa10_81689434_81690149.maf
ssa10	LG19	29870393	29870422	ssa10_82499621_82500183.maf
ssa10	LG19	27123419	27123443	ssa10_86040953_86041799.maf
ssa10	LG19	22073424	22073443	ssa10_92432972_92433319.maf
ssa10	LG19	21961667	21961714	ssa10_92623394_92623798.maf
ssa10	LG19	21961714	21961731	ssa10_92623394_92623798.maf
ssa10	LG19	21961802	21961850	ssa10_92623394_92623798.maf
ssa10	LG19	21961361	21961386	ssa10_92624120_92624622.maf
ssa10	LG19	21915934	21915966	ssa10_92716786_92717580.maf
ssa11	LG07	10994868	10994888	ssa11_102792290_102793608.maf
ssa11	LG07	12053791	12053823	ssa11_104205741_104206384.maf
ssa11	LG07	12053823	12053845	ssa11_104205741_104206384.maf
ssa11	LG07	12232968	12233035	ssa11_104655577_104656270.maf
ssa11	LG07	12272287	12272373	ssa11_104741039_104741814.maf
ssa11	LG07	2437011	2437089	ssa11_107679812_107680790.maf
ssa11	LG07	1525054	1525093	ssa11_109118729_109119365.maf
ssa11	LG07	1525099	1525139	ssa11_109118729_109119365.maf
ssa11	LG07	1525173	1525244	ssa11_109118729_109119365.maf
ssa11	LG07	1525257	1525354	ssa11_109118729_109119365.maf
ssa11	LG02	28121113	28121233	ssa11_14924827_14925733.maf
ssa11	LG15	33593569	33593653	ssa11_1634188_1635626.maf
ssa11	LG15	33593653	33593697	ssa11_1634188_1635626.maf
ssa11	LG02	19881456	19881552	ssa11_24308428_24308879.maf
ssa11	LG02	9327275	9327378	ssa11_37937440_37937636.maf
ssa11	LG02	7959927	7959951	ssa11_39730342_39730601.maf
ssa11	LG15	35218342	35218439	ssa11_4588917_4589614.maf
ssa11	LG15	35218439	35218458	ssa11_4588917_4589614.maf
ssa11	LG02	39100425	39100445	ssa11_5514599_5515266.maf
ssa11	LG14	9845988	9846001	ssa11_64482514_64483590.maf
ssa11	LG14	9846013	9846027	ssa11_64482514_64483590.maf
ssa11	LG14	14326146	14326205	ssa11_72939256_72940509.maf
ssa11	LG14	14396315	14396345	ssa11_73102393_73103057.maf
ssa11	LG14	14396380	14396404	ssa11_73102393_73103057.maf
ssa11	LG14	16385239	16385326	ssa11_76482976_76484163.maf
ssa11	LG07	41880620	41880641	ssa11_97904221_97906017.maf
ssa11	LG07	8603395	8603449	ssa11_99707693_99709135.maf
ssa12	LG17	46825329	46825402	ssa12_40410353_40411529.maf
ssa12	LG17	43366253	43366398	ssa12_43059700_43060370.maf
ssa12	LG17	6859945	6860000	ssa12_45307633_45308283.maf
ssa12	LG17	8084407	8084421	ssa12_47259886_47260519.maf
ssa12	LG17	8084433	8084466	ssa12_47259886_47260519.maf
ssa12	LG17	8165336	8165370	ssa12_47390602_47391334.maf
ssa12	LG17	8165370	8165407	ssa12_47390602_47391334.maf
ssa12	LG17	18275773	18275829	ssa12_62253426_62254084.maf
ssa12	LG17	18275829	18275857	ssa12_62253426_62254084.maf
ssa12	LG17	18276083	18276106	ssa12_62253426_62254084.maf
ssa12	LG17	18276106	18276129	ssa12_62253426_62254084.maf
ssa12	LG17	18504128	18504183	ssa12_62550802_62551361.maf
ssa12	LG17	19374336	19374386	ssa12_64068741_64069178.maf
ssa12	LG17	19374386	19374402	ssa12_64068741_64069178.maf
ssa12	LG17	19374410	19374427	ssa12_64068741_64069178.maf
ssa12	LG17	21101315	21101336	ssa12_66449524_66450082.maf
ssa12	LG17	21101336	21101377	ssa12_66449524_66450082.maf
ssa12	LG17	21352303	21352406	ssa12_66735628_66736363.maf
ssa12	LG17	25498380	25498422	ssa12_71926279_71926861.maf
ssa12	LG17	25498576	25498618	ssa12_71926279_71926861.maf
ssa12	LG17	25498618	25498656	ssa12_71926279_71926861.maf
ssa12	LG17	26263898	26263928	ssa12_72824605_72824964.maf
ssa12	LG17	26263928	26264033	ssa12_72824605_72824964.maf
ssa12	LG17	27577266	27577278	ssa12_74573329_74573775.maf
ssa12	LG17	27577297	27577308	ssa12_74573329_74573775.maf
ssa12	LG17	27577358	27577369	ssa12_74573329_74573775.maf
ssa12	LG17	27577429	27577454	ssa12_74573329_74573775.maf
ssa12	LG17	29615260	29615360	ssa12_77484294_77484699.maf
ssa12	LG17	43276382	43276525	ssa12_92293885_92294744.maf
ssa12	LG17	43276533	43276555	ssa12_92293885_92294744.maf
ssa12	LG17	43276556	43276625	ssa12_92293885_92294744.maf
ssa12	LG17	1553145	1553203	ssa12_95063519_95063993.maf
ssa13	LG14	33167669	33167681	ssa13_104046237_104047193.maf
ssa13	LG14	33167681	33167699	ssa13_104046237_104047193.maf
ssa13	LG14	33463892	33463906	ssa13_104347976_104348797.maf
ssa13	LG14	33463906	33463986	ssa13_104347976_104348797.maf
ssa13	LG14	34420702	34420728	ssa13_105016839_105017123.maf
ssa13	LG14	34420732	34420794	ssa13_105016839_105017123.maf
ssa13	LG14	34420794	34420814	ssa13_105016839_105017123.maf
ssa13	LG14	34449291	34449308	ssa13_105055257_105055880.maf
ssa13	LG14	34449354	34449474	ssa13_105055257_105055880.maf
ssa13	LG14	35151898	35151936	ssa13_105509613_105509777.maf
ssa13	LG14	36244306	36244321	ssa13_106127959_106128834.maf
ssa13	LG14	36244321	36244334	ssa13_106127959_106128834.maf
ssa13	LG23	1584775	1584791	ssa13_110205524_110205914.maf
ssa13	LG23	1584791	1584807	ssa13_110205524_110205914.maf
ssa13	LG23	1584807	1584976	ssa13_110205524_110205914.maf
ssa13	LG23	823217	823253	ssa13_112286156_112287455.maf
ssa13	LG23	823253	823277	ssa13_112286156_112287455.maf
ssa13	LG23	655639	655662	ssa13_112715704_112716141.maf
ssa13	LG23	598207	598219	ssa13_112842369_112843197.maf
ssa13	LG23	598219	598272	ssa13_112842369_112843197.maf
ssa13	LG23	598300	598365	ssa13_112842369_112843197.maf
ssa13	LG23	598657	598686	ssa13_112842369_112843197.maf
ssa13	LG23	568895	568911	ssa13_112914534_112915121.maf
ssa13	LG23	568911	568962	ssa13_112914534_112915121.maf
ssa13	LG23	568962	568985	ssa13_112914534_112915121.maf
ssa13	LG23	568998	569011	ssa13_112914534_112915121.maf
ssa13	LG23	569011	569035	ssa13_112914534_112915121.maf
ssa13	LG23	569035	569050	ssa13_112914534_112915121.maf
ssa13	LG23	569050	569109	ssa13_112914534_112915121.maf
ssa13	LG23	569109	569120	ssa13_112914534_112915121.maf
ssa13	LG23	210632	210727	ssa13_113706468_113707072.maf
ssa13	LG12	35377500	35377562	ssa13_14524033_14525144.maf
ssa13	LG12	36421067	36421184	ssa13_14761445_14762275.maf
ssa13	LG12	36740971	36741013	ssa13_14840580_14840951.maf
ssa13	LG12	36741027	36741059	ssa13_14840580_14840951.maf
ssa13	LG12	36948920	36948982	ssa13_14889045_14890045.maf
ssa13	LG12	37361984	37362077	ssa13_15168231_15169020.maf
ssa13	LG12	37362077	37362125	ssa13_15168231_15169020.maf
ssa13	LG12	37373290	37373303	ssa13_15216461_15216692.maf
ssa13	LG12	37373303	37373371	ssa13_15216461_15216692.maf
ssa13	LG12	33723397	33723430	ssa13_15844571_15845851.maf
ssa13	LG12	33723430	33723489	ssa13_15844571_15845851.maf
ssa13	LG12	33723939	33723954	ssa13_15844571_15845851.maf
ssa13	LG12	33724229	33724304	ssa13_15844571_15845851.maf
ssa13	LG12	33928422	33928489	ssa13_16131973_16132432.maf
ssa13	LG12	33983177	33983219	ssa13_16211442_16212023.maf
ssa13	LG12	34027597	34027684	ssa13_16295033_16296202.maf
ssa13	LG12	34027709	34027720	ssa13_16295033_16296202.maf
ssa13	LG12	34604169	34604179	ssa13_16672912_16673840.maf
ssa13	LG12	24565009	24565028	ssa13_17125399_17126340.maf
ssa13	LG12	24735613	24735734	ssa13_17326078_17326652.maf
ssa13	LG12	25063849	25063941	ssa13_17354784_17355483.maf
ssa13	LG12	25063981	25063994	ssa13_17354784_17355483.maf
ssa13	LG12	25071077	25071094	ssa13_17368783_17369520.maf
ssa13	LG12	25071151	25071178	ssa13_17368783_17369520.maf
ssa13	LG12	25094406	25094450	ssa13_17414490_17414763.maf
ssa13	LG12	25274569	25274626	ssa13_17661701_17662477.maf
ssa13	LG12	25355603	25355706	ssa13_17846367_17847282.maf
ssa13	LG12	25367905	25367967	ssa13_17859798_17860578.maf
ssa13	LG12	25367967	25367990	ssa13_17859798_17860578.maf
ssa13	LG12	25412400	25412412	ssa13_17945030_17947078.maf
ssa13	LG12	25412412	25412434	ssa13_17945030_17947078.maf
ssa13	LG12	25412434	25412463	ssa13_17945030_17947078.maf
ssa13	LG12	25471952	25471963	ssa13_18064016_18065062.maf
ssa13	LG12	25471963	25472043	ssa13_18064016_18065062.maf
ssa13	LG12	25474924	25474985	ssa13_18066105_18066574.maf
ssa13	LG12	25725916	25726007	ssa13_18439280_18439838.maf
ssa13	LG12	26074655	26074673	ssa13_18971630_18972400.maf
ssa13	LG12	26074673	26074741	ssa13_18971630_18972400.maf
ssa13	LG12	26074850	26074897	ssa13_18971630_18972400.maf
ssa13	LG12	26191931	26191976	ssa13_19147620_19148417.maf
ssa13	LG12	26191976	26192008	ssa13_19147620_19148417.maf
ssa13	LG12	26192035	26192057	ssa13_19147620_19148417.maf
ssa13	LG12	26192057	26192098	ssa13_19147620_19148417.maf
ssa13	LG12	26192098	26192117	ssa13_19147620_19148417.maf
ssa13	LG12	26513016	26513050	ssa13_19648630_19649434.maf
ssa13	LG12	28247575	28247646	ssa13_21437730_21438241.maf
ssa13	LG12	28286383	28286430	ssa13_21481470_21481643.maf
ssa13	LG12	28767388	28767409	ssa13_22115439_22115951.maf
ssa13	LG12	28767409	28767493	ssa13_22115439_22115951.maf
ssa13	LG12	934085	934095	ssa13_3801360_3802532.maf
ssa13	LG12	934095	934107	ssa13_3801360_3802532.maf
ssa13	LG12	934358	934412	ssa13_3801360_3802532.maf
ssa13	LG12	934412	934423	ssa13_3801360_3802532.maf
ssa13	LG12	934443	934455	ssa13_3801360_3802532.maf
ssa13	LG12	8982105	8982170	ssa13_40807097_40808030.maf
ssa13	LG12	7362611	7362653	ssa13_42906695_42908563.maf
ssa13	LG12	7360302	7360347	ssa13_42909619_42910198.maf
ssa13	LG12	7360349	7360375	ssa13_42909619_42910198.maf
ssa13	LG12	7360439	7360499	ssa13_42909619_42910198.maf
ssa13	LG12	6923583	6923636	ssa13_43678195_43678593.maf
ssa13	LG07	2813538	2813567	ssa13_51546311_51547357.maf
ssa13	LG07	2813577	2813594	ssa13_51546311_51547357.maf
ssa13	LG07	3033908	3033936	ssa13_51863818_51864730.maf
ssa13	LG07	3034010	3034038	ssa13_51863818_51864730.maf
ssa13	LG07	3140408	3140443	ssa13_52135424_52136096.maf
ssa13	LG07	3140443	3140471	ssa13_52135424_52136096.maf
ssa13	LG07	3179757	3179787	ssa13_52187932_52188219.maf
ssa13	LG07	24627259	24627347	ssa13_60430226_60430653.maf
ssa13	LG07	20617984	20618068	ssa13_66501215_66501575.maf
ssa13	LG07	17900059	17900113	ssa13_70415257_70415792.maf
ssa13	LG07	17619054	17619080	ssa13_70877854_70878320.maf
ssa13	LG07	17619080	17619116	ssa13_70877854_70878320.maf
ssa13	LG07	17619136	17619158	ssa13_70877854_70878320.maf
ssa13	LG07	16851172	16851182	ssa13_72181917_72182243.maf
ssa13	LG07	16851182	16851219	ssa13_72181917_72182243.maf
ssa13	LG07	16851219	16851255	ssa13_72181917_72182243.maf
ssa13	LG07	15842588	15842667	ssa13_73359816_73360691.maf
ssa13	LG07	25944659	25944793	ssa13_77370658_77371697.maf
ssa13	LG07	28465364	28465382	ssa13_80824981_80825309.maf
ssa13	LG12	3612330	3612345	ssa13_8091573_8091910.maf
ssa13	LG12	3658220	3658242	ssa13_8203386_8203860.maf
ssa13	LG12	3658242	3658265	ssa13_8203386_8203860.maf
ssa13	LG12	3658265	3658305	ssa13_8203386_8203860.maf
ssa13	LG12	3658411	3658440	ssa13_8203386_8203860.maf
ssa13	LG14	27302449	27302478	ssa13_95239611_95239770.maf
ssa14	LG03	10320534	10320546	ssa14_1051745_1052352.maf
ssa14	LG03	10320546	10320568	ssa14_1051745_1052352.maf
ssa14	LG03	10397655	10397728	ssa14_1216939_1217270.maf
ssa14	LG03	10397739	10397768	ssa14_1216939_1217270.maf
ssa14	LG03	10467038	10467105	ssa14_1412459_1412964.maf
ssa14	LG03	10483844	10483865	ssa14_1445238_1445785.maf
ssa14	LG03	10483865	10483984	ssa14_1445238_1445785.maf
ssa14	LG03	10484876	10484944	ssa14_1446216_1447406.maf
ssa14	LG03	10488509	10488586	ssa14_1451348_1451938.maf
ssa14	LG03	10488586	10488628	ssa14_1451348_1451938.maf
ssa14	LG03	10490086	10490205	ssa14_1452493_1453090.maf
ssa14	LG03	10490544	10490630	ssa14_1452493_1453090.maf
ssa14	LG03	10495519	10495584	ssa14_1486717_1487296.maf
ssa14	LG03	10507793	10507814	ssa14_1534296_1534908.maf
ssa14	LG03	10507814	10507904	ssa14_1534296_1534908.maf
ssa14	LG03	10624327	10624394	ssa14_1921557_1922296.maf
ssa14	LG03	29874233	29874295	ssa14_19709805_19710645.maf
ssa14	LG03	25799370	25799443	ssa14_22957052_22957304.maf
ssa14	LG03	10790246	10790365	ssa14_2343432_2344061.maf
ssa14	LG03	24266222	24266292	ssa14_24803484_24804380.maf
ssa14	LG03	22855197	22855209	ssa14_26719094_26719307.maf
ssa14	LG03	22855210	22855240	ssa14_26719094_26719307.maf
ssa14	LG03	22855240	22855333	ssa14_26719094_26719307.maf
ssa14	LG03	20339413	20339427	ssa14_30413980_30414422.maf
ssa14	LG03	20339435	20339445	ssa14_30413980_30414422.maf
ssa14	LG03	20339456	20339598	ssa14_30413980_30414422.maf
ssa14	LG03	20339598	20339621	ssa14_30413980_30414422.maf
ssa14	LG03	20339621	20339659	ssa14_30413980_30414422.maf
ssa14	LG03	20339659	20339696	ssa14_30413980_30414422.maf
ssa14	LG03	20339696	20339709	ssa14_30413980_30414422.maf
ssa14	LG03	10980971	10980997	ssa14_3097921_3098318.maf
ssa14	LG03	10980999	10981212	ssa14_3097921_3098318.maf
ssa14	LG03	10981212	10981254	ssa14_3097921_3098318.maf
ssa14	LG03	18770796	18770818	ssa14_32501146_32501406.maf
ssa14	LG03	18770856	18770876	ssa14_32501146_32501406.maf
ssa14	LG03	18770876	18770888	ssa14_32501146_32501406.maf
ssa14	LG03	18770888	18770915	ssa14_32501146_32501406.maf
ssa14	LG03	11145696	11145741	ssa14_3588838_3589649.maf
ssa14	LG03	11145773	11145798	ssa14_3588838_3589649.maf
ssa14	LG03	11360861	11360942	ssa14_3904128_3904545.maf
ssa14	LG03	15045901	15045980	ssa14_39393308_39393748.maf
ssa14	LG03	14424459	14424504	ssa14_40766521_40767161.maf
ssa14	LG03	11456452	11456504	ssa14_4153871_4154535.maf
ssa14	LG03	11456505	11456525	ssa14_4153871_4154535.maf
ssa14	LG03	11461195	11461272	ssa14_4159096_4160060.maf
ssa14	LG03	11462420	11462446	ssa14_4159096_4160060.maf
ssa14	LG03	11462446	11462487	ssa14_4159096_4160060.maf
ssa14	LG03	11465613	11465634	ssa14_4165778_4166118.maf
ssa14	LG03	11471248	11471326	ssa14_4204726_4205105.maf
ssa14	LG03	11476939	11476986	ssa14_4209026_4210068.maf
ssa14	LG03	11477124	11477210	ssa14_4209026_4210068.maf
ssa14	LG03	11486950	11487033	ssa14_4231503_4232117.maf
ssa14	LG03	11487040	11487079	ssa14_4231503_4232117.maf
ssa14	LG03	11487083	11487150	ssa14_4231503_4232117.maf
ssa14	LG03	11492956	11492977	ssa14_4236654_4237088.maf
ssa14	LG03	11492977	11493085	ssa14_4236654_4237088.maf
ssa14	LG03	11494547	11494624	ssa14_4237948_4239336.maf
ssa14	LG03	11498333	11498412	ssa14_4242751_4243128.maf
ssa14	LG03	11498412	11498478	ssa14_4242751_4243128.maf
ssa14	LG03	11498629	11498662	ssa14_4242751_4243128.maf
ssa14	LG03	11500237	11500316	ssa14_4254123_4254611.maf
ssa14	LG03	12813157	12813189	ssa14_44806462_44807132.maf
ssa14	LG03	12813312	12813333	ssa14_44806462_44807132.maf
ssa14	LG03	12813443	12813526	ssa14_44806462_44807132.maf
ssa14	LG03	12813526	12813589	ssa14_44806462_44807132.maf
ssa14	LG03	12813589	12813602	ssa14_44806462_44807132.maf
ssa14	LG03	12480465	12480481	ssa14_45486288_45487172.maf
ssa14	LG03	12480483	12480563	ssa14_45486288_45487172.maf
ssa14	LG03	12474173	12474219	ssa14_45501690_45502636.maf
ssa14	LG03	12474219	12474281	ssa14_45501690_45502636.maf
ssa14	LG03	12442756	12442834	ssa14_45648204_45649542.maf
ssa14	LG03	12442855	12442941	ssa14_45648204_45649542.maf
ssa14	LG03	12443119	12443179	ssa14_45648204_45649542.maf
ssa14	LG03	12443292	12443324	ssa14_45648204_45649542.maf
ssa14	LG03	12424431	12424458	ssa14_45699608_45700332.maf
ssa14	LG03	12424459	12424501	ssa14_45699608_45700332.maf
ssa14	LG03	12424530	12424565	ssa14_45699608_45700332.maf
ssa14	LG03	12424565	12424625	ssa14_45699608_45700332.maf
ssa14	LG03	12417205	12417226	ssa14_45725594_45725817.maf
ssa14	LG03	12406595	12406655	ssa14_45736404_45737359.maf
ssa14	LG03	12406662	12406680	ssa14_45736404_45737359.maf
ssa14	LG03	12406680	12406692	ssa14_45736404_45737359.maf
ssa14	LG03	12406929	12406992	ssa14_45736404_45737359.maf
ssa14	LG03	12401580	12401595	ssa14_45748770_45750089.maf
ssa14	LG03	12401595	12401614	ssa14_45748770_45750089.maf
ssa14	LG03	12401629	12401656	ssa14_45748770_45750089.maf
ssa14	LG03	12401662	12401694	ssa14_45748770_45750089.maf
ssa14	LG03	12400346	12400462	ssa14_45750437_45750973.maf
ssa14	LG03	12400466	12400480	ssa14_45750437_45750973.maf
ssa14	LG03	12392298	12392435	ssa14_45758260_45758856.maf
ssa14	LG03	12389747	12389841	ssa14_45760367_45760737.maf
ssa14	LG03	12384941	12384980	ssa14_45765122_45766182.maf
ssa14	LG03	12375020	12375046	ssa14_45782405_45782868.maf
ssa14	LG03	12362086	12362159	ssa14_45806513_45806855.maf
ssa14	LG03	12356223	12356321	ssa14_45814896_45815446.maf
ssa14	LG03	12353299	12353311	ssa14_45815602_45816758.maf
ssa14	LG03	12353311	12353396	ssa14_45815602_45816758.maf
ssa14	LG03	12351099	12351197	ssa14_45824186_45824691.maf
ssa14	LG03	12346605	12346657	ssa14_45828161_45828942.maf
ssa14	LG03	12346657	12346675	ssa14_45828161_45828942.maf
ssa14	LG03	12337445	12337464	ssa14_45849100_45849639.maf
ssa14	LG03	12337464	12337475	ssa14_45849100_45849639.maf
ssa14	LG03	12328349	12328370	ssa14_45862239_45862993.maf
ssa14	LG03	12328370	12328393	ssa14_45862239_45862993.maf
ssa14	LG03	12328395	12328444	ssa14_45862239_45862993.maf
ssa14	LG03	12328444	12328476	ssa14_45862239_45862993.maf
ssa14	LG03	12328476	12328543	ssa14_45862239_45862993.maf
ssa14	LG03	12328543	12328594	ssa14_45862239_45862993.maf
ssa14	LG03	12277353	12277365	ssa14_45999341_45999884.maf
ssa14	LG03	12277379	12277390	ssa14_45999341_45999884.maf
ssa14	LG03	12241441	12241497	ssa14_46120259_46120803.maf
ssa14	LG03	12240345	12240395	ssa14_46121384_46121903.maf
ssa14	LG03	12240395	12240420	ssa14_46121384_46121903.maf
ssa14	LG03	12220909	12220919	ssa14_46181093_46181891.maf
ssa14	LG03	12220919	12220942	ssa14_46181093_46181891.maf
ssa14	LG03	12069173	12069279	ssa14_46441412_46441810.maf
ssa14	LG03	12059286	12059357	ssa14_46465250_46466135.maf
ssa14	LG03	11635226	11635240	ssa14_4652626_4653197.maf
ssa14	LG03	11635240	11635301	ssa14_4652626_4653197.maf
ssa14	LG03	4507735	4507800	ssa14_48143595_48143900.maf
ssa14	LG03	1571384	1571399	ssa14_53812498_53813605.maf
ssa14	LG10	29028377	29028393	ssa14_56003627_56004381.maf
ssa14	LG10	29028420	29028440	ssa14_56003627_56004381.maf
ssa14	LG10	22635024	22635083	ssa14_62147039_62147213.maf
ssa14	LG10	22635083	22635101	ssa14_62147039_62147213.maf
ssa14	LG10	22635101	22635116	ssa14_62147039_62147213.maf
ssa14	LG03	11827279	11827332	ssa14_6775205_6775564.maf
ssa14	LG03	11827332	11827349	ssa14_6775205_6775564.maf
ssa14	LG03	11827371	11827382	ssa14_6775205_6775564.maf
ssa14	LG03	11827382	11827456	ssa14_6775205_6775564.maf
ssa14	LG03	11825361	11825416	ssa14_6787552_6788146.maf
ssa14	LG10	14261752	14261891	ssa14_73613146_73613790.maf
ssa14	LG10	13039825	13039917	ssa14_78699015_78699497.maf
ssa14	LG10	13039917	13039958	ssa14_78699015_78699497.maf
ssa14	LG10	13039958	13039999	ssa14_78699015_78699497.maf
ssa14	LG10	13283015	13283047	ssa14_79130983_79131388.maf
ssa14	LG10	13283047	13283119	ssa14_79130983_79131388.maf
ssa14	LG10	6856543	6856602	ssa14_81250415_81251047.maf
ssa14	LG10	6856602	6856615	ssa14_81250415_81251047.maf
ssa14	LG10	6852835	6852940	ssa14_81254073_81254445.maf
ssa14	LG10	6852996	6853104	ssa14_81254073_81254445.maf
ssa14	LG03	10278119	10278143	ssa14_818658_819436.maf
ssa14	LG10	11715918	11715964	ssa14_87628219_87629336.maf
ssa15	LG12	3637618	3637632	ssa15_103571022_103571977.maf
ssa15	LG12	3637632	3637744	ssa15_103571022_103571977.maf
ssa15	LG12	2597137	2597150	ssa15_105727556_105728168.maf
ssa15	LG12	2597150	2597210	ssa15_105727556_105728168.maf
ssa15	LG12	1985758	1985827	ssa15_107160795_107161510.maf
ssa15	LG12	1100565	1100640	ssa15_110045032_110045964.maf
ssa15	LG12	1100698	1100767	ssa15_110045032_110045964.maf
ssa15	LG13	929978	929995	ssa15_11139305_11140331.maf
ssa15	LG13	929995	930058	ssa15_11139305_11140331.maf
ssa15	LG13	930058	930089	ssa15_11139305_11140331.maf
ssa15	LG13	686823	686870	ssa15_11575484_11576205.maf
ssa15	LG13	686890	686914	ssa15_11575484_11576205.maf
ssa15	LG13	537450	537490	ssa15_12133040_12133824.maf
ssa15	LG13	537532	537554	ssa15_12133040_12133824.maf
ssa15	LG13	537554	537570	ssa15_12133040_12133824.maf
ssa15	LG13	537626	537652	ssa15_12133040_12133824.maf
ssa15	LG13	538015	538045	ssa15_12133040_12133824.maf
ssa15	LG18	2757396	2757461	ssa15_218217_219067.maf
ssa15	LG18	2758112	2758191	ssa15_218217_219067.maf
ssa15	LG18	2758191	2758203	ssa15_218217_219067.maf
ssa15	LG13	33846998	33847044	ssa15_2232093_2232819.maf
ssa15	LG23	5588435	5588479	ssa15_22385656_22386269.maf
ssa15	LG13	34151850	34151868	ssa15_2513939_2514483.maf
ssa15	LG13	34151868	34151878	ssa15_2513939_2514483.maf
ssa15	LG23	4517947	4518036	ssa15_25147561_25148940.maf
ssa15	LG23	4518494	4518521	ssa15_25147561_25148940.maf
ssa15	LG23	4311173	4311226	ssa15_25641200_25642098.maf
ssa15	LG14	4021374	4021429	ssa15_29422047_29422965.maf
ssa15	LG14	3882855	3882911	ssa15_29636260_29636975.maf
ssa15	LG14	3882912	3882943	ssa15_29636260_29636975.maf
ssa15	LG14	3880663	3880682	ssa15_29642672_29643080.maf
ssa15	LG14	3771943	3771961	ssa15_29833842_29834938.maf
ssa15	LG14	3771961	3772028	ssa15_29833842_29834938.maf
ssa15	LG14	3772082	3772106	ssa15_29833842_29834938.maf
ssa15	LG14	3690986	3691025	ssa15_29945819_29946411.maf
ssa15	LG14	3691029	3691074	ssa15_29945819_29946411.maf
ssa15	LG14	3691079	3691129	ssa15_29945819_29946411.maf
ssa15	LG14	3691133	3691149	ssa15_29945819_29946411.maf
ssa15	LG14	3691149	3691177	ssa15_29945819_29946411.maf
ssa15	LG14	3689666	3689790	ssa15_29946625_29947889.maf
ssa15	LG14	3690247	3690291	ssa15_29946625_29947889.maf
ssa15	LG18	6806765	6806799	ssa15_31525768_31526074.maf
ssa15	LG18	14673409	14673451	ssa15_43971655_43972358.maf
ssa15	LG18	14673452	14673462	ssa15_43971655_43972358.maf
ssa15	LG18	14673462	14673519	ssa15_43971655_43972358.maf
ssa15	LG18	14673519	14673541	ssa15_43971655_43972358.maf
ssa15	LG18	14673558	14673583	ssa15_43971655_43972358.maf
ssa15	LG18	14693830	14693843	ssa15_44011013_44012196.maf
ssa15	LG18	14693950	14693995	ssa15_44011013_44012196.maf
ssa15	LG18	14695457	14695582	ssa15_44020614_44021955.maf
ssa15	LG18	15137825	15137922	ssa15_45371899_45372400.maf
ssa15	LG18	15137977	15138167	ssa15_45371899_45372400.maf
ssa15	LG18	15138461	15138572	ssa15_45373876_45374470.maf
ssa15	LG18	15160995	15161107	ssa15_45459985_45460616.maf
ssa15	LG18	15162620	15162713	ssa15_45461290_45461737.maf
ssa15	LG18	15162789	15162915	ssa15_45463097_45464298.maf
ssa15	LG18	15162937	15163017	ssa15_45463097_45464298.maf
ssa15	LG18	15163319	15163415	ssa15_45463097_45464298.maf
ssa15	LG18	15499530	15499615	ssa15_46378973_46379416.maf
ssa15	LG18	17022687	17022812	ssa15_48769159_48769724.maf
ssa15	LG13	2226508	2226530	ssa15_5074536_5074903.maf
ssa15	LG13	2226531	2226568	ssa15_5074536_5074903.maf
ssa15	LG13	2226574	2226589	ssa15_5074536_5074903.maf
ssa15	LG18	21811595	21811633	ssa15_54881768_54882322.maf
ssa15	LG18	21811635	21811692	ssa15_54881768_54882322.maf
ssa15	LG18	24831090	24831125	ssa15_57393872_57394263.maf
ssa15	LG18	24831125	24831151	ssa15_57393872_57394263.maf
ssa15	LG18	24831151	24831171	ssa15_57393872_57394263.maf
ssa15	LG18	23266664	23266698	ssa15_59555659_59556029.maf
ssa15	LG18	23266698	23266725	ssa15_59555659_59556029.maf
ssa15	LG18	23266725	23266749	ssa15_59555659_59556029.maf
ssa15	LG12	31236615	31236669	ssa15_66145779_66146173.maf
ssa15	LG12	31236669	31236683	ssa15_66145779_66146173.maf
ssa15	LG18	2716990	2717040	ssa15_66654_67199.maf
ssa15	LG18	2717093	2717138	ssa15_66654_67199.maf
ssa15	LG12	22076661	22076793	ssa15_70323846_70324480.maf
ssa15	LG12	22113651	22113664	ssa15_70441681_70443300.maf
ssa15	LG12	22113671	22113920	ssa15_70441681_70443300.maf
ssa15	LG12	22113923	22113944	ssa15_70441681_70443300.maf
ssa15	LG12	22113944	22113968	ssa15_70441681_70443300.maf
ssa15	LG12	22114712	22114741	ssa15_70441681_70443300.maf
ssa15	LG12	22114748	22114854	ssa15_70441681_70443300.maf
ssa15	LG12	22115208	22115287	ssa15_70441681_70443300.maf
ssa15	LG12	22115287	22115311	ssa15_70441681_70443300.maf
ssa15	LG12	22115320	22115338	ssa15_70441681_70443300.maf
ssa15	LG12	22115338	22115509	ssa15_70441681_70443300.maf
ssa15	LG12	22115509	22115527	ssa15_70441681_70443300.maf
ssa15	LG12	22115527	22115587	ssa15_70441681_70443300.maf
ssa15	LG12	22162229	22162270	ssa15_70481913_70482068.maf
ssa15	LG12	22228288	22228325	ssa15_70551645_70552261.maf
ssa15	LG12	22228326	22228351	ssa15_70551645_70552261.maf
ssa15	LG12	22420498	22420508	ssa15_70862234_70862926.maf
ssa15	LG12	22420509	22420538	ssa15_70862234_70862926.maf
ssa15	LG12	22420538	22420709	ssa15_70862234_70862926.maf
ssa15	LG12	22426736	22426790	ssa15_70871133_70871638.maf
ssa15	LG12	22426790	22426801	ssa15_70871133_70871638.maf
ssa15	LG12	22469183	22469352	ssa15_70930887_70931322.maf
ssa15	LG12	22495598	22495711	ssa15_70953093_70953898.maf
ssa15	LG12	22496122	22496153	ssa15_70953093_70953898.maf
ssa15	LG12	22496154	22496217	ssa15_70953093_70953898.maf
ssa15	LG12	22522070	22522082	ssa15_70988054_70989587.maf
ssa15	LG12	22522114	22522188	ssa15_70988054_70989587.maf
ssa15	LG12	22522214	22522230	ssa15_70988054_70989587.maf
ssa15	LG12	22522529	22522568	ssa15_70988054_70989587.maf
ssa15	LG12	22522716	22523005	ssa15_70988054_70989587.maf
ssa15	LG12	22523005	22523108	ssa15_70988054_70989587.maf
ssa15	LG12	22672490	22672503	ssa15_71158921_71159336.maf
ssa15	LG12	22672503	22672526	ssa15_71158921_71159336.maf
ssa15	LG12	22672526	22672560	ssa15_71158921_71159336.maf
ssa15	LG12	22717450	22717498	ssa15_71215639_71216485.maf
ssa15	LG12	22717498	22717519	ssa15_71215639_71216485.maf
ssa15	LG12	22718698	22718714	ssa15_71216915_71217949.maf
ssa15	LG12	22718714	22718742	ssa15_71216915_71217949.maf
ssa15	LG12	22718991	22719022	ssa15_71216915_71217949.maf
ssa15	LG12	22719022	22719080	ssa15_71216915_71217949.maf
ssa15	LG12	22719188	22719207	ssa15_71216915_71217949.maf
ssa15	LG12	22719207	22719250	ssa15_71216915_71217949.maf
ssa15	LG12	22738776	22738819	ssa15_71258795_71259033.maf
ssa15	LG12	22738819	22738849	ssa15_71258795_71259033.maf
ssa15	LG12	22738849	22738890	ssa15_71258795_71259033.maf
ssa15	LG12	22907262	22907357	ssa15_71497640_71497987.maf
ssa15	LG12	23184577	23184627	ssa15_71880713_71881788.maf
ssa15	LG12	23184880	23184897	ssa15_71880713_71881788.maf
ssa15	LG12	23184897	23184920	ssa15_71880713_71881788.maf
ssa15	LG12	23184922	23184955	ssa15_71880713_71881788.maf
ssa15	LG12	23222862	23222888	ssa15_71934093_71934634.maf
ssa15	LG12	23222888	23222923	ssa15_71934093_71934634.maf
ssa15	LG12	23222923	23222977	ssa15_71934093_71934634.maf
ssa15	LG12	23226908	23226951	ssa15_71938522_71938765.maf
ssa15	LG12	23545235	23545260	ssa15_72317207_72317660.maf
ssa15	LG12	23545260	23545296	ssa15_72317207_72317660.maf
ssa15	LG12	23545296	23545319	ssa15_72317207_72317660.maf
ssa15	LG12	23545319	23545336	ssa15_72317207_72317660.maf
ssa15	LG12	23655701	23655712	ssa15_72444731_72445420.maf
ssa15	LG12	18231781	18231930	ssa15_78908970_78909531.maf
ssa15	LG12	18231930	18231982	ssa15_78908970_78909531.maf
ssa15	LG12	18113010	18113073	ssa15_79020822_79021298.maf
ssa15	LG12	18113125	18113141	ssa15_79020822_79021298.maf
ssa15	LG12	18109515	18109533	ssa15_79024753_79025184.maf
ssa15	LG12	18109572	18109725	ssa15_79024753_79025184.maf
ssa15	LG12	18106768	18106848	ssa15_79027194_79027459.maf
ssa15	LG12	18054725	18054757	ssa15_79077663_79078070.maf
ssa15	LG12	18054946	18054969	ssa15_79077663_79078070.maf
ssa15	LG12	18052284	18052295	ssa15_79080396_79081503.maf
ssa15	LG12	18039407	18039577	ssa15_79091070_79092375.maf
ssa15	LG12	18039579	18039620	ssa15_79091070_79092375.maf
ssa15	LG12	18039635	18039649	ssa15_79091070_79092375.maf
ssa15	LG12	18039649	18039687	ssa15_79091070_79092375.maf
ssa15	LG12	18039688	18039735	ssa15_79091070_79092375.maf
ssa15	LG12	18039748	18039771	ssa15_79091070_79092375.maf
ssa15	LG12	18039798	18039828	ssa15_79091070_79092375.maf
ssa15	LG12	18039829	18039853	ssa15_79091070_79092375.maf
ssa15	LG12	18039853	18039867	ssa15_79091070_79092375.maf
ssa15	LG12	18039867	18039930	ssa15_79091070_79092375.maf
ssa15	LG12	18039930	18040037	ssa15_79091070_79092375.maf
ssa15	LG12	18040045	18040057	ssa15_79091070_79092375.maf
ssa15	LG12	18040094	18040104	ssa15_79091070_79092375.maf
ssa15	LG12	18027438	18027540	ssa15_79098359_79098851.maf
ssa15	LG12	18027540	18027726	ssa15_79098359_79098851.maf
ssa15	LG12	18027733	18027757	ssa15_79098359_79098851.maf
ssa15	LG12	18027787	18027803	ssa15_79098359_79098851.maf
ssa15	LG12	18001817	18001830	ssa15_79115582_79115963.maf
ssa15	LG12	18001830	18001840	ssa15_79115582_79115963.maf
ssa15	LG12	18001840	18001971	ssa15_79115582_79115963.maf
ssa15	LG12	18001983	18002005	ssa15_79115582_79115963.maf
ssa15	LG12	18002010	18002024	ssa15_79115582_79115963.maf
ssa15	LG12	18002024	18002047	ssa15_79115582_79115963.maf
ssa15	LG12	18000898	18000914	ssa15_79116632_79116927.maf
ssa15	LG12	18000919	18000937	ssa15_79116632_79116927.maf
ssa15	LG12	17866813	17866865	ssa15_79265142_79265354.maf
ssa15	LG12	17866865	17866915	ssa15_79265142_79265354.maf
ssa15	LG12	17866915	17866953	ssa15_79265142_79265354.maf
ssa15	LG12	17864879	17864967	ssa15_79266029_79267078.maf
ssa15	LG12	17864967	17865049	ssa15_79266029_79267078.maf
ssa15	LG12	17865049	17865100	ssa15_79266029_79267078.maf
ssa15	LG12	17865340	17865366	ssa15_79266029_79267078.maf
ssa15	LG12	17865369	17865401	ssa15_79266029_79267078.maf
ssa15	LG12	17865401	17865413	ssa15_79266029_79267078.maf
ssa15	LG12	17787720	17787785	ssa15_79397932_79398438.maf
ssa15	LG12	17538823	17538840	ssa15_79703793_79704380.maf
ssa15	LG12	17538890	17538912	ssa15_79703793_79704380.maf
ssa15	LG12	17538913	17538930	ssa15_79703793_79704380.maf
ssa15	LG12	17538930	17538951	ssa15_79703793_79704380.maf
ssa15	LG12	17532802	17532908	ssa15_79714617_79715150.maf
ssa15	LG12	17505495	17505625	ssa15_79756710_79757834.maf
ssa15	LG12	16740887	16740937	ssa15_80738878_80739259.maf
ssa15	LG12	16740937	16740993	ssa15_80738878_80739259.maf
ssa15	LG12	13821199	13821233	ssa15_84775808_84776328.maf
ssa15	LG12	10324298	10324369	ssa15_90350240_90350784.maf
ssa15	LG12	10324394	10324482	ssa15_90350240_90350784.maf
ssa15	LG12	8935693	8935719	ssa15_92662281_92662604.maf
ssa15	LG12	8935739	8935802	ssa15_92662281_92662604.maf
ssa15	LG12	8935802	8935821	ssa15_92662281_92662604.maf
ssa15	LG12	5558685	5558698	ssa15_99553155_99554142.maf
ssa15	LG12	5558698	5558716	ssa15_99553155_99554142.maf
ssa15	LG12	5558723	5558738	ssa15_99553155_99554142.maf
ssa15	LG12	5558738	5558754	ssa15_99553155_99554142.maf
ssa15	LG12	5558754	5558881	ssa15_99553155_99554142.maf
ssa15	LG12	5558889	5558929	ssa15_99553155_99554142.maf
ssa16	LG19	20159947	20159969	ssa16_23619722_23620109.maf
ssa16	LG19	20159969	20160050	ssa16_23619722_23620109.maf
ssa16	LG19	25760228	25760298	ssa16_31088316_31089879.maf
ssa16	LG08	9802175	9802296	ssa16_41840889_41841654.maf
ssa16	LG08	9802296	9802336	ssa16_41840889_41841654.maf
ssa16	LG08	3672450	3672496	ssa16_42301739_42302029.maf
ssa16	LG08	8002021	8002093	ssa16_44179757_44180028.maf
ssa16	LG08	6482797	6482841	ssa16_53399357_53399729.maf
ssa16	LG08	6482841	6482896	ssa16_53399357_53399729.maf
ssa16	LG08	6348649	6348722	ssa16_53696493_53697521.maf
ssa16	LG08	6348722	6348736	ssa16_53696493_53697521.maf
ssa16	LG08	5979588	5979600	ssa16_54427329_54428043.maf
ssa16	LG08	5979724	5979777	ssa16_54427329_54428043.maf
ssa16	LG08	5979867	5979877	ssa16_54427329_54428043.maf
ssa16	LG08	5979937	5979951	ssa16_54427329_54428043.maf
ssa16	LG08	5979967	5980030	ssa16_54427329_54428043.maf
ssa16	LG08	5570759	5570829	ssa16_55346101_55346930.maf
ssa16	LG08	5570958	5571001	ssa16_55346101_55346930.maf
ssa16	LG08	5571001	5571028	ssa16_55346101_55346930.maf
ssa16	LG08	198831	198906	ssa16_59809479_59809932.maf
ssa16	LG08	198990	199000	ssa16_59809479_59809932.maf
ssa16	LG08	199000	199056	ssa16_59809479_59809932.maf
ssa16	LG22	22648909	22648963	ssa16_60491444_60491994.maf
ssa16	LG22	22648963	22649108	ssa16_60491444_60491994.maf
ssa16	LG22	22649111	22649157	ssa16_60491444_60491994.maf
ssa16	LG22	22649157	22649170	ssa16_60491444_60491994.maf
ssa16	LG22	13057518	13057588	ssa16_75441893_75442156.maf
ssa17	LG19	19154291	19154324	ssa17_1425933_1426157.maf
ssa17	LG19	19154324	19154343	ssa17_1425933_1426157.maf
ssa17	LG19	19154343	19154370	ssa17_1425933_1426157.maf
ssa17	LG19	19154403	19154423	ssa17_1425933_1426157.maf
ssa17	LG19	19154957	19155019	ssa17_1426940_1427516.maf
ssa17	LG22	12094299	12094340	ssa17_21729691_21731527.maf
ssa17	LG22	12094612	12094634	ssa17_21729691_21731527.maf
ssa17	LG22	12094641	12094695	ssa17_21729691_21731527.maf
ssa17	LG22	12094695	12094748	ssa17_21729691_21731527.maf
ssa17	LG22	12095005	12095017	ssa17_21729691_21731527.maf
ssa17	LG22	12095047	12095064	ssa17_21729691_21731527.maf
ssa17	LG22	12095067	12095173	ssa17_21729691_21731527.maf
ssa17	LG22	12095173	12095187	ssa17_21729691_21731527.maf
ssa17	LG22	12095442	12095475	ssa17_21729691_21731527.maf
ssa17	LG22	12095484	12095566	ssa17_21729691_21731527.maf
ssa17	LG22	12095586	12095597	ssa17_21729691_21731527.maf
ssa17	LG22	10307435	10307447	ssa17_33311285_33312015.maf
ssa17	LG22	10307456	10307495	ssa17_33311285_33312015.maf
ssa17	LG22	10307533	10307549	ssa17_33311285_33312015.maf
ssa17	LG22	3188356	3188398	ssa17_37704730_37705492.maf
ssa17	LG23	16351987	16351997	ssa17_48341985_48343475.maf
ssa17	LG23	16352226	16352294	ssa17_48341985_48343475.maf
ssa17	LG23	16352294	16352327	ssa17_48341985_48343475.maf
ssa17	LG23	20418770	20418859	ssa17_54093129_54093516.maf
ssa17	LG22	23993114	23993191	ssa17_5886326_5887015.maf
ssa17	LG22	23813667	23813724	ssa17_5980297_5981065.maf
ssa17	LG22	23813724	23813774	ssa17_5980297_5981065.maf
ssa17	LG22	23814057	23814145	ssa17_5980297_5981065.maf
ssa17	LG22	23008140	23008277	ssa17_6313630_6314236.maf
ssa17	LG22	22909483	22909519	ssa17_6407704_6408210.maf
ssa17	LG22	22909519	22909582	ssa17_6407704_6408210.maf
ssa17	LG22	22909582	22909592	ssa17_6407704_6408210.maf
ssa17	LG23	6459583	6459628	ssa17_75583187_75583846.maf
ssa17	LG23	6459628	6459643	ssa17_75583187_75583846.maf
ssa17	LG23	6459643	6459730	ssa17_75583187_75583846.maf
ssa17	LG23	6459730	6459741	ssa17_75583187_75583846.maf
ssa18	LG06	24575861	24575895	ssa18_11249128_11249634.maf
ssa18	LG06	26097452	26097479	ssa18_13393604_13393931.maf
ssa18	LG06	26097479	26097501	ssa18_13393604_13393931.maf
ssa18	LG06	26097501	26097543	ssa18_13393604_13393931.maf
ssa18	LG06	20127647	20127727	ssa18_1592864_1593220.maf
ssa18	LG06	20127727	20127802	ssa18_1592864_1593220.maf
ssa18	LG06	20142894	20142904	ssa18_1619897_1620411.maf
ssa18	LG06	20142912	20142960	ssa18_1619897_1620411.maf
ssa18	LG06	20142960	20142975	ssa18_1619897_1620411.maf
ssa18	LG06	20142975	20143041	ssa18_1619897_1620411.maf
ssa18	LG06	21470262	21470341	ssa18_17980002_17980748.maf
ssa18	LG06	16541626	16541650	ssa18_22950622_22951417.maf
ssa18	LG06	20468702	20468752	ssa18_2500019_2500682.maf
ssa18	LG06	14081201	14081301	ssa18_26438417_26439231.maf
ssa18	LG06	13436067	13436156	ssa18_27510624_27510973.maf
ssa18	LG06	13191247	13191259	ssa18_28060421_28061045.maf
ssa18	LG06	13191266	13191304	ssa18_28060421_28061045.maf
ssa18	LG06	13191304	13191325	ssa18_28060421_28061045.maf
ssa18	LG06	12032869	12033007	ssa18_30206636_30207603.maf
ssa18	LG06	12033007	12033042	ssa18_30206636_30207603.maf
ssa18	LG06	20913772	20913826	ssa18_3348914_3349851.maf
ssa18	LG06	20913847	20913869	ssa18_3348914_3349851.maf
ssa18	LG06	20913869	20913882	ssa18_3348914_3349851.maf
ssa18	LG06	20914172	20914202	ssa18_3348914_3349851.maf
ssa18	LG06	20914203	20914219	ssa18_3348914_3349851.maf
ssa18	LG06	20914237	20914273	ssa18_3348914_3349851.maf
ssa18	LG06	20914297	20914309	ssa18_3348914_3349851.maf
ssa18	LG05	4548719	4548762	ssa18_36089502_36090163.maf
ssa18	LG05	4548768	4548789	ssa18_36089502_36090163.maf
ssa18	LG05	4548808	4548824	ssa18_36089502_36090163.maf
ssa18	LG05	4548824	4548839	ssa18_36089502_36090163.maf
ssa18	LG05	4548839	4548850	ssa18_36089502_36090163.maf
ssa18	LG05	4548970	4548993	ssa18_36089502_36090163.maf
ssa18	LG05	4543821	4543885	ssa18_36105044_36105606.maf
ssa18	LG05	4543885	4543897	ssa18_36105044_36105606.maf
ssa18	LG05	4543897	4543972	ssa18_36105044_36105606.maf
ssa18	LG05	4543980	4544005	ssa18_36105044_36105606.maf
ssa18	LG05	4544005	4544062	ssa18_36105044_36105606.maf
ssa18	LG05	4539690	4539705	ssa18_36110264_36111067.maf
ssa18	LG05	4539705	4539788	ssa18_36110264_36111067.maf
ssa18	LG05	4526773	4526785	ssa18_36166955_36167317.maf
ssa18	LG05	4526805	4526815	ssa18_36166955_36167317.maf
ssa18	LG05	4518536	4518571	ssa18_36174985_36176231.maf
ssa18	LG05	4518618	4518633	ssa18_36174985_36176231.maf
ssa18	LG05	4518826	4518849	ssa18_36174985_36176231.maf
ssa18	LG05	4517423	4517434	ssa18_36176657_36177398.maf
ssa18	LG05	4517447	4517464	ssa18_36176657_36177398.maf
ssa18	LG05	4517473	4517483	ssa18_36176657_36177398.maf
ssa18	LG05	4517681	4517756	ssa18_36176657_36177398.maf
ssa18	LG05	4517756	4517884	ssa18_36176657_36177398.maf
ssa18	LG05	4517884	4517904	ssa18_36176657_36177398.maf
ssa18	LG05	4388015	4388033	ssa18_36467681_36468990.maf
ssa18	LG05	4344128	4344145	ssa18_36657394_36657991.maf
ssa18	LG05	4344302	4344330	ssa18_36657394_36657991.maf
ssa18	LG05	4344355	4344385	ssa18_36657394_36657991.maf
ssa18	LG06	3920903	3920921	ssa18_37266545_37266960.maf
ssa18	LG06	3920974	3920990	ssa18_37266545_37266960.maf
ssa18	LG06	3920990	3921001	ssa18_37266545_37266960.maf
ssa18	LG06	3921001	3921022	ssa18_37266545_37266960.maf
ssa18	LG06	3921022	3921104	ssa18_37266545_37266960.maf
ssa18	LG06	3921104	3921144	ssa18_37266545_37266960.maf
ssa18	LG06	3936792	3936802	ssa18_37297900_37299883.maf
ssa18	LG06	3936860	3936873	ssa18_37297900_37299883.maf
ssa18	LG06	3937015	3937120	ssa18_37297900_37299883.maf
ssa18	LG06	3937120	3937172	ssa18_37297900_37299883.maf
ssa18	LG06	3937881	3938157	ssa18_37297900_37299883.maf
ssa18	LG06	3938168	3938202	ssa18_37297900_37299883.maf
ssa18	LG06	3938202	3938243	ssa18_37297900_37299883.maf
ssa18	LG06	3938243	3938268	ssa18_37297900_37299883.maf
ssa18	LG06	3938268	3938287	ssa18_37297900_37299883.maf
ssa18	LG06	3938287	3938298	ssa18_37297900_37299883.maf
ssa18	LG06	3945758	3945793	ssa18_37307931_37309289.maf
ssa18	LG06	3945793	3945814	ssa18_37307931_37309289.maf
ssa18	LG06	3945814	3945832	ssa18_37307931_37309289.maf
ssa18	LG06	3945832	3945932	ssa18_37307931_37309289.maf
ssa18	LG06	3945932	3946011	ssa18_37307931_37309289.maf
ssa18	LG06	3946072	3946112	ssa18_37307931_37309289.maf
ssa18	LG06	3946143	3946172	ssa18_37307931_37309289.maf
ssa18	LG06	3946430	3946468	ssa18_37307931_37309289.maf
ssa18	LG06	3946468	3946554	ssa18_37307931_37309289.maf
ssa18	LG06	3954326	3954346	ssa18_37324174_37324949.maf
ssa18	LG06	3954359	3954380	ssa18_37324174_37324949.maf
ssa18	LG06	3954423	3954486	ssa18_37324174_37324949.maf
ssa18	LG06	3954509	3954545	ssa18_37324174_37324949.maf
ssa18	LG06	3959180	3959199	ssa18_37328932_37329396.maf
ssa18	LG06	3981399	3981412	ssa18_37366088_37367209.maf
ssa18	LG06	3981447	3981565	ssa18_37366088_37367209.maf
ssa18	LG06	3981596	3981646	ssa18_37366088_37367209.maf
ssa18	LG06	3981646	3981757	ssa18_37366088_37367209.maf
ssa18	LG06	3981793	3981819	ssa18_37366088_37367209.maf
ssa18	LG06	3981819	3981908	ssa18_37366088_37367209.maf
ssa18	LG06	3981908	3981946	ssa18_37366088_37367209.maf
ssa18	LG06	3982016	3982028	ssa18_37366088_37367209.maf
ssa18	LG06	3982044	3982054	ssa18_37366088_37367209.maf
ssa18	LG06	3982054	3982159	ssa18_37366088_37367209.maf
ssa18	LG06	3982159	3982170	ssa18_37366088_37367209.maf
ssa18	LG06	3995356	3995366	ssa18_37380703_37381215.maf
ssa18	LG06	3995424	3995444	ssa18_37380703_37381215.maf
ssa18	LG06	3995444	3995475	ssa18_37380703_37381215.maf
ssa18	LG06	3995475	3995548	ssa18_37380703_37381215.maf
ssa18	LG06	3998459	3998469	ssa18_37386634_37387642.maf
ssa18	LG06	3998473	3998574	ssa18_37386634_37387642.maf
ssa18	LG06	3998596	3998656	ssa18_37386634_37387642.maf
ssa18	LG06	3998946	3998972	ssa18_37386634_37387642.maf
ssa18	LG06	3998983	3999087	ssa18_37386634_37387642.maf
ssa18	LG06	3999124	3999167	ssa18_37386634_37387642.maf
ssa18	LG06	3999187	3999199	ssa18_37386634_37387642.maf
ssa18	LG06	4023554	4023653	ssa18_37444709_37445519.maf
ssa18	LG06	4023653	4023670	ssa18_37444709_37445519.maf
ssa18	LG06	4023674	4023696	ssa18_37444709_37445519.maf
ssa18	LG06	4037408	4037519	ssa18_37458734_37459386.maf
ssa18	LG06	4050961	4050976	ssa18_37478552_37479853.maf
ssa18	LG06	4051004	4051197	ssa18_37478552_37479853.maf
ssa18	LG06	4051197	4051211	ssa18_37478552_37479853.maf
ssa18	LG06	4051211	4051266	ssa18_37478552_37479853.maf
ssa18	LG06	4051758	4051869	ssa18_37478552_37479853.maf
ssa18	LG06	4051869	4051903	ssa18_37478552_37479853.maf
ssa18	LG06	4051903	4051919	ssa18_37478552_37479853.maf
ssa18	LG06	4053438	4053505	ssa18_37482471_37482884.maf
ssa18	LG06	4090547	4090559	ssa18_37582653_37582977.maf
ssa18	LG06	4090559	4090583	ssa18_37582653_37582977.maf
ssa18	LG06	4090583	4090638	ssa18_37582653_37582977.maf
ssa18	LG06	4090643	4090670	ssa18_37582653_37582977.maf
ssa18	LG06	4090678	4090695	ssa18_37582653_37582977.maf
ssa18	LG06	19247927	19247961	ssa18_4162121_4162764.maf
ssa18	LG06	19248347	19248372	ssa18_4162121_4162764.maf
ssa18	LG06	19248693	19248766	ssa18_4164267_4164671.maf
ssa18	LG06	19251257	19251271	ssa18_4167115_4167692.maf
ssa18	LG06	19251345	19251446	ssa18_4167115_4167692.maf
ssa18	LG06	19251446	19251487	ssa18_4167115_4167692.maf
ssa18	LG06	19251630	19251655	ssa18_4167115_4167692.maf
ssa18	LG06	19251655	19251671	ssa18_4167115_4167692.maf
ssa18	LG06	19251671	19251683	ssa18_4167115_4167692.maf
ssa18	LG06	19254598	19254652	ssa18_4178512_4179030.maf
ssa18	LG06	19255375	19255469	ssa18_4179638_4180544.maf
ssa18	LG06	6387389	6387404	ssa18_42820170_42820561.maf
ssa18	LG06	6387410	6387459	ssa18_42820170_42820561.maf
ssa18	LG06	6387459	6387474	ssa18_42820170_42820561.maf
ssa18	LG06	6469167	6469248	ssa18_43040934_43041663.maf
ssa18	LG06	6476278	6476298	ssa18_43064978_43065479.maf
ssa18	LG06	19323395	19323442	ssa18_4356953_4357561.maf
ssa18	LG06	19323442	19323547	ssa18_4356953_4357561.maf
ssa18	LG06	19323600	19323642	ssa18_4356953_4357561.maf
ssa18	LG06	19323642	19323688	ssa18_4356953_4357561.maf
ssa18	LG06	19323688	19323727	ssa18_4356953_4357561.maf
ssa18	LG06	19323727	19323777	ssa18_4356953_4357561.maf
ssa18	LG06	19323777	19323800	ssa18_4356953_4357561.maf
ssa18	LG06	19323800	19323815	ssa18_4356953_4357561.maf
ssa18	LG06	19325752	19325805	ssa18_4359146_4359665.maf
ssa18	LG06	19325805	19325820	ssa18_4359146_4359665.maf
ssa18	LG06	19328495	19328518	ssa18_4362775_4363209.maf
ssa18	LG06	19328518	19328561	ssa18_4362775_4363209.maf
ssa18	LG24	29025186	29025207	ssa18_49654405_49655417.maf
ssa18	LG24	29025207	29025243	ssa18_49654405_49655417.maf
ssa18	LG24	9393124	9393166	ssa18_57630325_57631209.maf
ssa18	LG06	19984043	19984091	ssa18_6158926_6159441.maf
ssa18	LG06	19984137	19984244	ssa18_6158926_6159441.maf
ssa18	LG06	19975216	19975236	ssa18_6188305_6189872.maf
ssa18	LG06	19975236	19975341	ssa18_6188305_6189872.maf
ssa18	LG06	19975534	19975715	ssa18_6188305_6189872.maf
ssa18	LG06	19975890	19975951	ssa18_6188305_6189872.maf
ssa18	LG06	19975951	19975993	ssa18_6188305_6189872.maf
ssa18	LG06	19976482	19976537	ssa18_6188305_6189872.maf
ssa18	LG06	19976537	19976555	ssa18_6188305_6189872.maf
ssa18	LG06	19976555	19976594	ssa18_6188305_6189872.maf
ssa18	LG06	30065089	30065161	ssa18_7021511_7021978.maf
ssa18	LG24	25105810	25105883	ssa18_76102685_76102937.maf
ssa18	LG24	26965203	26965240	ssa18_77590800_77592474.maf
ssa18	LG24	26965240	26965263	ssa18_77590800_77592474.maf
ssa18	LG24	28308884	28308918	ssa18_78195399_78195893.maf
ssa18	LG06	28538495	28538510	ssa18_8550009_8550574.maf
ssa18	LG06	28538510	28538523	ssa18_8550009_8550574.maf
ssa18	LG06	28538523	28538558	ssa18_8550009_8550574.maf
ssa18	LG06	28538639	28538659	ssa18_8550009_8550574.maf
ssa19	LG21	13698145	13698168	ssa19_12346534_12347882.maf
ssa19	LG21	13698211	13698224	ssa19_12346534_12347882.maf
ssa19	LG21	13698334	13698348	ssa19_12346534_12347882.maf
ssa19	LG21	13698348	13698370	ssa19_12346534_12347882.maf
ssa19	LG21	13698370	13698465	ssa19_12346534_12347882.maf
ssa19	LG21	13745047	13745171	ssa19_12402037_12402366.maf
ssa19	LG21	13771588	13771686	ssa19_12436099_12436879.maf
ssa19	LG21	13771789	13771873	ssa19_12436099_12436879.maf
ssa19	LG21	14664816	14664860	ssa19_13696046_13696563.maf
ssa19	LG21	14664860	14664871	ssa19_13696046_13696563.maf
ssa19	LG21	14664871	14664884	ssa19_13696046_13696563.maf
ssa19	LG21	14664884	14664902	ssa19_13696046_13696563.maf
ssa19	LG21	14665068	14665086	ssa19_13696046_13696563.maf
ssa19	LG21	14665112	14665193	ssa19_13696046_13696563.maf
ssa19	LG21	14665236	14665248	ssa19_13696046_13696563.maf
ssa19	LG21	14665574	14665590	ssa19_13696652_13697508.maf
ssa19	LG21	14665621	14665649	ssa19_13696652_13697508.maf
ssa19	LG21	14665844	14665883	ssa19_13696652_13697508.maf
ssa19	LG21	14665883	14665900	ssa19_13696652_13697508.maf
ssa19	LG21	14665942	14665952	ssa19_13696652_13697508.maf
ssa19	LG21	14665957	14666007	ssa19_13696652_13697508.maf
ssa19	LG21	14667928	14667939	ssa19_13701133_13701869.maf
ssa19	LG21	14668005	14668053	ssa19_13701133_13701869.maf
ssa19	LG21	14675465	14675550	ssa19_13709811_13710681.maf
ssa19	LG21	14774502	14774541	ssa19_13882359_13882857.maf
ssa19	LG21	15031114	15031155	ssa19_14245845_14246845.maf
ssa19	LG21	15031155	15031179	ssa19_14245845_14246845.maf
ssa19	LG21	15457460	15457544	ssa19_14798001_14798875.maf
ssa19	LG21	15662532	15662648	ssa19_15058628_15059582.maf
ssa19	LG21	15948174	15948343	ssa19_15482974_15483796.maf
ssa19	LG21	15952953	15952987	ssa19_15485549_15486207.maf
ssa19	LG21	15961954	15962079	ssa19_15501805_15502276.maf
ssa19	LG21	15982624	15982637	ssa19_15516751_15517279.maf
ssa19	LG21	15982637	15982648	ssa19_15516751_15517279.maf
ssa19	LG21	15982648	15982668	ssa19_15516751_15517279.maf
ssa19	LG21	15983846	15983944	ssa19_15517452_15518568.maf
ssa19	LG21	15983952	15984060	ssa19_15517452_15518568.maf
ssa19	LG21	15984060	15984076	ssa19_15517452_15518568.maf
ssa19	LG21	15984076	15984117	ssa19_15517452_15518568.maf
ssa19	LG21	16014642	16014729	ssa19_15575112_15575467.maf
ssa19	LG21	16014864	16014883	ssa19_15575112_15575467.maf
ssa19	LG21	16016437	16016472	ssa19_15576510_15576993.maf
ssa19	LG21	16016472	16016493	ssa19_15576510_15576993.maf
ssa19	LG21	16016493	16016516	ssa19_15576510_15576993.maf
ssa19	LG21	16024593	16024603	ssa19_15583161_15583704.maf
ssa19	LG21	16024603	16024623	ssa19_15583161_15583704.maf
ssa19	LG21	16024631	16024666	ssa19_15583161_15583704.maf
ssa19	LG21	16040752	16040784	ssa19_15603077_15603572.maf
ssa19	LG21	16041604	16041620	ssa19_15606846_15608573.maf
ssa19	LG21	16041620	16041664	ssa19_15606846_15608573.maf
ssa19	LG21	16134764	16134776	ssa19_15742726_15743203.maf
ssa19	LG21	16134776	16134857	ssa19_15742726_15743203.maf
ssa19	LG21	16148308	16148418	ssa19_15752656_15753360.maf
ssa19	LG21	16148418	16148433	ssa19_15752656_15753360.maf
ssa19	LG21	16188030	16188152	ssa19_15792714_15793542.maf
ssa19	LG21	16751757	16751802	ssa19_16647062_16648708.maf
ssa19	LG21	16751802	16751873	ssa19_16647062_16648708.maf
ssa19	LG21	16752849	16752955	ssa19_16647062_16648708.maf
ssa19	LG21	16752967	16753006	ssa19_16647062_16648708.maf
ssa19	LG21	16753850	16753877	ssa19_16649250_16649754.maf
ssa19	LG21	16753931	16753974	ssa19_16649250_16649754.maf
ssa19	LG21	16753974	16753986	ssa19_16649250_16649754.maf
ssa19	LG21	16815293	16815310	ssa19_16704226_16704527.maf
ssa19	LG21	16853021	16853040	ssa19_16743287_16743747.maf
ssa19	LG21	16853090	16853100	ssa19_16743287_16743747.maf
ssa19	LG21	16853100	16853117	ssa19_16743287_16743747.maf
ssa19	LG21	16853132	16853146	ssa19_16743287_16743747.maf
ssa19	LG21	16853146	16853165	ssa19_16743287_16743747.maf
ssa19	LG21	16853172	16853317	ssa19_16743287_16743747.maf
ssa19	LG21	16853317	16853350	ssa19_16743287_16743747.maf
ssa19	LG21	16853350	16853364	ssa19_16743287_16743747.maf
ssa19	LG21	16861641	16861660	ssa19_16751334_16751657.maf
ssa19	LG21	16862534	16862570	ssa19_16753742_16754243.maf
ssa19	LG21	16862570	16862593	ssa19_16753742_16754243.maf
ssa19	LG21	16862593	16862607	ssa19_16753742_16754243.maf
ssa19	LG21	16862703	16862733	ssa19_16753742_16754243.maf
ssa19	LG21	16880974	16880996	ssa19_16779721_16780386.maf
ssa19	LG21	16880996	16881071	ssa19_16779721_16780386.maf
ssa19	LG21	16881390	16881401	ssa19_16779721_16780386.maf
ssa19	LG21	16881444	16881456	ssa19_16779721_16780386.maf
ssa19	LG21	16881473	16881506	ssa19_16779721_16780386.maf
ssa19	LG21	16889283	16889309	ssa19_16790853_16791624.maf
ssa19	LG21	16889335	16889354	ssa19_16790853_16791624.maf
ssa19	LG21	16889356	16889382	ssa19_16790853_16791624.maf
ssa19	LG21	16889382	16889396	ssa19_16790853_16791624.maf
ssa19	LG21	16889655	16889710	ssa19_16790853_16791624.maf
ssa19	LG21	16889775	16889827	ssa19_16790853_16791624.maf
ssa19	LG21	16889883	16889897	ssa19_16790853_16791624.maf
ssa19	LG21	16920820	16920830	ssa19_16869505_16869695.maf
ssa19	LG21	16920830	16920864	ssa19_16869505_16869695.maf
ssa19	LG21	16920864	16920882	ssa19_16869505_16869695.maf
ssa19	LG21	16920882	16920926	ssa19_16869505_16869695.maf
ssa19	LG21	16973344	16973442	ssa19_16939583_16940571.maf
ssa19	LG21	16973685	16973757	ssa19_16939583_16940571.maf
ssa19	LG21	16973757	16973839	ssa19_16939583_16940571.maf
ssa19	LG21	16995137	16995162	ssa19_17005676_17006711.maf
ssa19	LG21	16995201	16995214	ssa19_17005676_17006711.maf
ssa19	LG21	16995214	16995224	ssa19_17005676_17006711.maf
ssa19	LG21	16995224	16995269	ssa19_17005676_17006711.maf
ssa19	LG21	16995269	16995328	ssa19_17005676_17006711.maf
ssa19	LG21	16995328	16995364	ssa19_17005676_17006711.maf
ssa19	LG21	16995364	16995392	ssa19_17005676_17006711.maf
ssa19	LG21	16995407	16995429	ssa19_17005676_17006711.maf
ssa19	LG21	16995432	16995445	ssa19_17005676_17006711.maf
ssa19	LG21	16995471	16995489	ssa19_17005676_17006711.maf
ssa19	LG21	16995502	16995623	ssa19_17005676_17006711.maf
ssa19	LG21	16995698	16995720	ssa19_17005676_17006711.maf
ssa19	LG21	16995720	16995753	ssa19_17005676_17006711.maf
ssa19	LG21	16995753	16995769	ssa19_17005676_17006711.maf
ssa19	LG21	16995769	16995791	ssa19_17005676_17006711.maf
ssa19	LG21	17000398	17000475	ssa19_17010511_17010942.maf
ssa19	LG21	17000491	17000625	ssa19_17010511_17010942.maf
ssa19	LG21	17000625	17000656	ssa19_17010511_17010942.maf
ssa19	LG21	17000656	17000727	ssa19_17010511_17010942.maf
ssa19	LG21	17014842	17014861	ssa19_17030063_17030532.maf
ssa19	LG21	17014866	17014884	ssa19_17030063_17030532.maf
ssa19	LG21	17014884	17014910	ssa19_17030063_17030532.maf
ssa19	LG21	17014910	17014934	ssa19_17030063_17030532.maf
ssa19	LG21	17014934	17014961	ssa19_17030063_17030532.maf
ssa19	LG21	17014966	17014996	ssa19_17030063_17030532.maf
ssa19	LG21	17014999	17015140	ssa19_17030063_17030532.maf
ssa19	LG21	17023348	17023360	ssa19_17035613_17036662.maf
ssa19	LG21	17023371	17023418	ssa19_17035613_17036662.maf
ssa19	LG21	17023652	17023679	ssa19_17035613_17036662.maf
ssa19	LG21	17023679	17023759	ssa19_17035613_17036662.maf
ssa19	LG21	17054479	17054495	ssa19_17093973_17094750.maf
ssa19	LG21	17054708	17054770	ssa19_17093973_17094750.maf
ssa19	LG21	17054859	17054902	ssa19_17093973_17094750.maf
ssa19	LG21	17093667	17093677	ssa19_17134101_17135201.maf
ssa19	LG21	17101208	17101281	ssa19_17150468_17151564.maf
ssa19	LG21	17171076	17171108	ssa19_17248176_17248708.maf
ssa19	LG21	17174033	17174111	ssa19_17257129_17257606.maf
ssa19	LG21	17366031	17366051	ssa19_17575716_17576276.maf
ssa19	LG21	17366057	17366078	ssa19_17575716_17576276.maf
ssa19	LG21	17366078	17366111	ssa19_17575716_17576276.maf
ssa19	LG21	17477919	17477975	ssa19_17762447_17762989.maf
ssa19	LG21	17477996	17478046	ssa19_17762447_17762989.maf
ssa19	LG21	17478137	17478168	ssa19_17762447_17762989.maf
ssa19	LG21	17478168	17478193	ssa19_17762447_17762989.maf
ssa19	LG21	17478209	17478226	ssa19_17762447_17762989.maf
ssa19	LG21	17478226	17478248	ssa19_17762447_17762989.maf
ssa19	LG21	18181491	18181504	ssa19_18892309_18892939.maf
ssa19	LG21	18190725	18190745	ssa19_18900342_18900637.maf
ssa19	LG21	18232257	18232272	ssa19_18979622_18980629.maf
ssa19	LG21	18232378	18232413	ssa19_18979622_18980629.maf
ssa19	LG21	18232429	18232451	ssa19_18979622_18980629.maf
ssa19	LG21	18232451	18232475	ssa19_18979622_18980629.maf
ssa19	LG21	21162577	21162590	ssa19_24021380_24021733.maf
ssa19	LG21	21162595	21162624	ssa19_24021380_24021733.maf
ssa19	LG21	21162624	21162637	ssa19_24021380_24021733.maf
ssa19	LG21	21162637	21162649	ssa19_24021380_24021733.maf
ssa19	LG21	21162685	21162727	ssa19_24021380_24021733.maf
ssa19	LG05	442488	442517	ssa19_32760638_32761317.maf
ssa19	LG05	442517	442585	ssa19_32760638_32761317.maf
ssa19	LG05	1175621	1175634	ssa19_35750732_35751692.maf
ssa19	LG05	1175635	1175706	ssa19_35750732_35751692.maf
ssa19	LG05	1175799	1175848	ssa19_35750732_35751692.maf
ssa19	LG05	1175848	1175858	ssa19_35750732_35751692.maf
ssa19	LG05	1178239	1178261	ssa19_35757550_35757894.maf
ssa19	LG05	1195940	1195964	ssa19_35776450_35777083.maf
ssa19	LG05	1195964	1196003	ssa19_35776450_35777083.maf
ssa19	LG05	1196194	1196204	ssa19_35776450_35777083.maf
ssa19	LG05	1196204	1196299	ssa19_35776450_35777083.maf
ssa19	LG05	1196349	1196406	ssa19_35776450_35777083.maf
ssa19	LG05	1196487	1196548	ssa19_35776450_35777083.maf
ssa19	LG05	1196548	1196602	ssa19_35776450_35777083.maf
ssa19	LG05	1692473	1692556	ssa19_37175226_37176260.maf
ssa19	LG05	1692567	1692582	ssa19_37175226_37176260.maf
ssa19	LG05	1692622	1692679	ssa19_37175226_37176260.maf
ssa19	LG05	1699338	1699353	ssa19_37206835_37207766.maf
ssa19	LG05	1699370	1699444	ssa19_37206835_37207766.maf
ssa19	LG05	1699444	1699485	ssa19_37206835_37207766.maf
ssa19	LG05	1699625	1699668	ssa19_37206835_37207766.maf
ssa19	LG05	1946340	1946387	ssa19_37825515_37826385.maf
ssa19	LG05	1946665	1946685	ssa19_37825515_37826385.maf
ssa19	LG05	1946685	1946765	ssa19_37825515_37826385.maf
ssa19	LG05	2012106	2012179	ssa19_37928724_37929588.maf
ssa19	LG05	2041032	2041080	ssa19_38208208_38208727.maf
ssa19	LG05	2041080	2041220	ssa19_38208208_38208727.maf
ssa19	LG05	2105928	2105941	ssa19_38450852_38451533.maf
ssa19	LG05	2105968	2105980	ssa19_38450852_38451533.maf
ssa19	LG05	2105980	2106083	ssa19_38450852_38451533.maf
ssa19	LG05	2117259	2117361	ssa19_38462864_38463567.maf
ssa19	LG05	2118167	2118303	ssa19_38462864_38463567.maf
ssa19	LG05	2410657	2410693	ssa19_39111669_39112975.maf
ssa19	LG05	2427935	2427947	ssa19_39153185_39154019.maf
ssa19	LG05	2427947	2427962	ssa19_39153185_39154019.maf
ssa19	LG05	2427962	2427980	ssa19_39153185_39154019.maf
ssa19	LG05	2427987	2427997	ssa19_39153185_39154019.maf
ssa19	LG05	2427997	2428052	ssa19_39153185_39154019.maf
ssa19	LG05	2432548	2432594	ssa19_39168152_39169714.maf
ssa19	LG05	2432594	2432615	ssa19_39168152_39169714.maf
ssa19	LG05	2432810	2432880	ssa19_39168152_39169714.maf
ssa19	LG05	2439097	2439122	ssa19_39185290_39186003.maf
ssa19	LG05	2439259	2439308	ssa19_39185290_39186003.maf
ssa19	LG05	2439308	2439429	ssa19_39185290_39186003.maf
ssa19	LG05	2450665	2450718	ssa19_39230761_39231489.maf
ssa19	LG05	2450718	2450728	ssa19_39230761_39231489.maf
ssa19	LG05	2450728	2450795	ssa19_39230761_39231489.maf
ssa19	LG05	2451044	2451101	ssa19_39230761_39231489.maf
ssa19	LG05	2451161	2451179	ssa19_39230761_39231489.maf
ssa19	LG05	2455336	2455347	ssa19_39234683_39235502.maf
ssa19	LG05	2455350	2455361	ssa19_39234683_39235502.maf
ssa19	LG05	2455366	2455380	ssa19_39234683_39235502.maf
ssa19	LG05	2455380	2455435	ssa19_39234683_39235502.maf
ssa19	LG05	2455449	2455476	ssa19_39234683_39235502.maf
ssa19	LG05	2455584	2455650	ssa19_39234683_39235502.maf
ssa19	LG05	2460487	2460517	ssa19_39243425_39244519.maf
ssa19	LG05	2460517	2460527	ssa19_39243425_39244519.maf
ssa19	LG05	2460527	2460537	ssa19_39243425_39244519.maf
ssa19	LG05	2460537	2460558	ssa19_39243425_39244519.maf
ssa19	LG05	2460558	2460593	ssa19_39243425_39244519.maf
ssa19	LG05	2460687	2460740	ssa19_39243425_39244519.maf
ssa19	LG05	2460740	2460754	ssa19_39243425_39244519.maf
ssa19	LG05	2460760	2460832	ssa19_39243425_39244519.maf
ssa19	LG05	2460832	2460866	ssa19_39243425_39244519.maf
ssa19	LG05	2480530	2480568	ssa19_39265826_39268052.maf
ssa19	LG05	2488994	2489058	ssa19_39303277_39304006.maf
ssa19	LG05	2500766	2500854	ssa19_39343139_39344381.maf
ssa19	LG05	2513837	2513857	ssa19_39364333_39364654.maf
ssa19	LG05	2522014	2522028	ssa19_39387945_39389481.maf
ssa19	LG05	2522214	2522311	ssa19_39387945_39389481.maf
ssa19	LG05	2522534	2522567	ssa19_39387945_39389481.maf
ssa19	LG05	2548531	2548544	ssa19_39437075_39438247.maf
ssa19	LG05	2548544	2548558	ssa19_39437075_39438247.maf
ssa19	LG05	2548561	2548583	ssa19_39437075_39438247.maf
ssa19	LG05	2548692	2548706	ssa19_39437075_39438247.maf
ssa19	LG05	2556660	2556686	ssa19_39451280_39452010.maf
ssa19	LG05	2556688	2556700	ssa19_39451280_39452010.maf
ssa19	LG05	2556700	2556724	ssa19_39451280_39452010.maf
ssa19	LG05	2556773	2556786	ssa19_39451280_39452010.maf
ssa19	LG05	2558456	2558492	ssa19_39453214_39453715.maf
ssa19	LG05	2888256	2888299	ssa19_40081403_40081856.maf
ssa19	LG05	3970227	3970243	ssa19_41679323_41679775.maf
ssa19	LG05	3970243	3970282	ssa19_41679323_41679775.maf
ssa19	LG05	3970282	3970348	ssa19_41679323_41679775.maf
ssa19	LG05	4168355	4168396	ssa19_42172960_42173351.maf
ssa19	LG05	4168396	4168421	ssa19_42172960_42173351.maf
ssa19	LG05	13861091	13861103	ssa19_47535025_47535479.maf
ssa19	LG05	13861103	13861140	ssa19_47535025_47535479.maf
ssa19	LG21	2976152	2976184	ssa19_82560099_82561753.maf
ssa19	LG21	2976184	2976200	ssa19_82560099_82561753.maf
ssa19	LG21	2976200	2976228	ssa19_82560099_82561753.maf
ssa19	LG21	2976495	2976518	ssa19_82560099_82561753.maf
ssa19	LG21	2976569	2976648	ssa19_82560099_82561753.maf
ssa19	LG21	2976710	2976725	ssa19_82560099_82561753.maf
ssa19	LG21	2976725	2976761	ssa19_82560099_82561753.maf
ssa19	LG21	2979224	2979290	ssa19_82568070_82568330.maf
ssa19	LG21	2979313	2979384	ssa19_82568070_82568330.maf
ssa19	LG21	5758095	5758223	ssa19_8300100_8300857.maf
ssa19	LG21	5758223	5758248	ssa19_8300100_8300857.maf
ssa19	LG21	1528472	1528482	ssa19_86106075_86106724.maf
ssa19	LG21	1528485	1528528	ssa19_86106075_86106724.maf
ssa01	LG15	3687470	3687498	ssa1_10682482_10683076.maf
ssa01	LG06	7769943	7769977	ssa1_110013984_110014325.maf
ssa01	LG06	7769977	7770051	ssa1_110013984_110014325.maf
ssa01	LG06	7770051	7770077	ssa1_110013984_110014325.maf
ssa01	LG15	8501949	8501975	ssa1_1152769_1153145.maf
ssa01	LG15	8502043	8502065	ssa1_1152769_1153145.maf
ssa01	LG14	36798933	36798952	ssa1_121267606_121268435.maf
ssa01	LG14	36798967	36799103	ssa1_121267606_121268435.maf
ssa01	LG14	36799222	36799246	ssa1_121267606_121268435.maf
ssa01	LG14	36799246	36799265	ssa1_121267606_121268435.maf
ssa01	LG14	36795367	36795380	ssa1_121299858_121300704.maf
ssa01	LG14	36795893	36795944	ssa1_121299858_121300704.maf
ssa01	LG14	33077709	33077734	ssa1_123538462_123539262.maf
ssa01	LG14	33077772	33077782	ssa1_123538462_123539262.maf
ssa01	LG14	33077797	33077819	ssa1_123538462_123539262.maf
ssa01	LG14	33077823	33077865	ssa1_123538462_123539262.maf
ssa01	LG14	32881938	32882007	ssa1_123823623_123824153.maf
ssa01	LG14	21028229	21028261	ssa1_138891736_138892235.maf
ssa01	LG14	21028432	21028465	ssa1_138891736_138892235.maf
ssa01	LG14	14548891	14548908	ssa1_148630553_148630823.maf
ssa01	LG14	9776735	9776800	ssa1_156768408_156769757.maf
ssa01	LG14	9776800	9776861	ssa1_156768408_156769757.maf
ssa01	LG14	8577467	8577549	ssa1_159354868_159356409.maf
ssa01	LG14	8577605	8577787	ssa1_159354868_159356409.maf
ssa01	LG14	8571468	8571547	ssa1_159357986_159358481.maf
ssa01	LG14	8556430	8556474	ssa1_159374327_159375925.maf
ssa01	LG14	8556481	8556609	ssa1_159374327_159375925.maf
ssa01	LG14	8549083	8549095	ssa1_159389734_159390527.maf
ssa01	LG14	8549095	8549154	ssa1_159389734_159390527.maf
ssa01	LG14	8549397	8549486	ssa1_159389734_159390527.maf
ssa01	LG14	8361692	8361729	ssa1_159449900_159450365.maf
ssa01	LG14	8361729	8361820	ssa1_159449900_159450365.maf
ssa01	LG14	8361820	8361850	ssa1_159449900_159450365.maf
ssa01	LG14	8361850	8361902	ssa1_159449900_159450365.maf
ssa01	LG14	8089021	8089129	ssa1_159845679_159846472.maf
ssa01	LG14	8089129	8089171	ssa1_159845679_159846472.maf
ssa01	LG14	8089376	8089422	ssa1_159845679_159846472.maf
ssa01	LG14	7933091	7933113	ssa1_160784624_160784896.maf
ssa01	LG14	7933118	7933128	ssa1_160784624_160784896.maf
ssa01	LG14	7881738	7881754	ssa1_160885021_160885788.maf
ssa01	LG14	7881754	7881863	ssa1_160885021_160885788.maf
ssa01	LG14	7809126	7809180	ssa1_161002134_161003010.maf
ssa01	LG14	7809270	7809397	ssa1_161002134_161003010.maf
ssa01	LG14	7809404	7809425	ssa1_161002134_161003010.maf
ssa01	LG14	7809448	7809463	ssa1_161002134_161003010.maf
ssa01	LG14	7809463	7809489	ssa1_161002134_161003010.maf
ssa01	LG14	7809489	7809500	ssa1_161002134_161003010.maf
ssa01	LG14	7809500	7809541	ssa1_161002134_161003010.maf
ssa01	LG14	7809547	7809561	ssa1_161002134_161003010.maf
ssa01	LG14	7809561	7809635	ssa1_161002134_161003010.maf
ssa01	LG14	7700612	7700717	ssa1_161156585_161157234.maf
ssa01	LG14	7694216	7694256	ssa1_161172855_161173622.maf
ssa01	LG14	7694573	7694627	ssa1_161172855_161173622.maf
ssa01	LG14	7694627	7694664	ssa1_161172855_161173622.maf
ssa01	LG14	7689796	7689845	ssa1_161175859_161176423.maf
ssa01	LG14	7689868	7689964	ssa1_161175859_161176423.maf
ssa01	LG14	7666367	7666383	ssa1_161211091_161211683.maf
ssa01	LG14	7666389	7666402	ssa1_161211091_161211683.maf
ssa01	LG14	7524156	7524251	ssa1_161456585_161457939.maf
ssa01	LG14	7524349	7524422	ssa1_161456585_161457939.maf
ssa01	LG14	7489984	7490092	ssa1_161486970_161487327.maf
ssa01	LG14	7473320	7473400	ssa1_161513232_161513704.maf
ssa01	LG14	7441577	7441604	ssa1_161570307_161573000.maf
ssa01	LG14	7283949	7284043	ssa1_161982973_161984012.maf
ssa01	LG14	7284051	7284083	ssa1_161982973_161984012.maf
ssa01	LG14	7120051	7120080	ssa1_162538140_162538698.maf
ssa01	LG14	7109175	7109269	ssa1_162565490_162567733.maf
ssa01	LG14	6963732	6963804	ssa1_162816573_162817591.maf
ssa01	LG14	6892748	6892826	ssa1_162959270_162959782.maf
ssa01	LG14	6876766	6876901	ssa1_162994088_162994571.maf
ssa01	LG14	6271323	6271412	ssa1_164116426_164117087.maf
ssa01	LG14	6241515	6241549	ssa1_164158829_164159336.maf
ssa01	LG14	6241549	6241631	ssa1_164158829_164159336.maf
ssa01	LG14	6241961	6242020	ssa1_164158829_164159336.maf
ssa01	LG14	6242020	6242042	ssa1_164158829_164159336.maf
ssa01	LG23	4217857	4217892	ssa1_164716106_164717220.maf
ssa01	LG23	4217892	4217955	ssa1_164716106_164717220.maf
ssa01	LG23	4089998	4090043	ssa1_165060917_165061781.maf
ssa01	LG23	4090043	4090076	ssa1_165060917_165061781.maf
ssa01	LG15	684756	684843	ssa1_16512080_16512353.maf
ssa01	LG15	684856	684875	ssa1_16512080_16512353.maf
ssa01	LG15	684875	684887	ssa1_16512080_16512353.maf
ssa01	LG15	684887	684921	ssa1_16512080_16512353.maf
ssa01	LG23	4026013	4026024	ssa1_165179763_165180346.maf
ssa01	LG23	3761734	3761819	ssa1_165732910_165734519.maf
ssa01	LG23	3762113	3762174	ssa1_165732910_165734519.maf
ssa01	LG23	3762174	3762212	ssa1_165732910_165734519.maf
ssa01	LG23	3762451	3762530	ssa1_165732910_165734519.maf
ssa01	LG23	3762535	3762680	ssa1_165732910_165734519.maf
ssa01	LG23	3671692	3671809	ssa1_165895265_165896593.maf
ssa01	LG23	3671876	3671983	ssa1_165895265_165896593.maf
ssa01	LG23	3672003	3672083	ssa1_165895265_165896593.maf
ssa01	LG23	3650257	3650377	ssa1_165936084_165936679.maf
ssa01	LG23	3650479	3650505	ssa1_165936084_165936679.maf
ssa01	LG23	3354989	3355036	ssa1_166660577_166661194.maf
ssa01	LG23	3355050	3355080	ssa1_166660577_166661194.maf
ssa01	LG23	3355080	3355106	ssa1_166660577_166661194.maf
ssa01	LG23	3053289	3053366	ssa1_167295824_167297463.maf
ssa01	LG23	3049987	3050074	ssa1_167304970_167305304.maf
ssa01	LG23	2454167	2454240	ssa1_168930585_168931629.maf
ssa01	LG23	2454240	2454271	ssa1_168930585_168931629.maf
ssa01	LG23	2405013	2405032	ssa1_169055573_169056007.maf
ssa01	LG23	2405066	2405078	ssa1_169055573_169056007.maf
ssa01	LG23	2405078	2405126	ssa1_169055573_169056007.maf
ssa01	LG23	2405126	2405138	ssa1_169055573_169056007.maf
ssa01	LG23	819046	819207	ssa1_172667471_172668070.maf
ssa01	LG23	718981	718994	ssa1_172861091_172862062.maf
ssa01	LG23	718994	719052	ssa1_172861091_172862062.maf
ssa01	LG15	7848862	7848914	ssa1_2423394_2424034.maf
ssa01	LG15	7849136	7849162	ssa1_2423394_2424034.maf
ssa01	LG15	7849176	7849187	ssa1_2423394_2424034.maf
ssa01	LG15	16836677	16836697	ssa1_30389428_30390932.maf
ssa01	LG15	16836697	16836733	ssa1_30389428_30390932.maf
ssa01	LG15	16846044	16846084	ssa1_30408470_30409663.maf
ssa01	LG15	16846091	16846173	ssa1_30408470_30409663.maf
ssa01	LG15	16866259	16866324	ssa1_30433701_30434210.maf
ssa01	LG15	16961923	16961944	ssa1_30570130_30571309.maf
ssa01	LG15	16961967	16961987	ssa1_30570130_30571309.maf
ssa01	LG15	16962094	16962105	ssa1_30570130_30571309.maf
ssa01	LG15	16962105	16962119	ssa1_30570130_30571309.maf
ssa01	LG15	16962119	16962131	ssa1_30570130_30571309.maf
ssa01	LG15	22550073	22550109	ssa1_41221755_41222323.maf
ssa01	LG15	21946523	21946576	ssa1_42413243_42413670.maf
ssa01	LG15	21603245	21603280	ssa1_42953618_42953852.maf
ssa01	LG15	21600201	21600211	ssa1_42954924_42955500.maf
ssa01	LG15	21600219	21600240	ssa1_42954924_42955500.maf
ssa01	LG15	21600256	21600269	ssa1_42954924_42955500.maf
ssa01	LG15	21600466	21600542	ssa1_42954924_42955500.maf
ssa01	LG15	21600542	21600558	ssa1_42954924_42955500.maf
ssa01	LG15	20319821	20319916	ssa1_44856068_44856735.maf
ssa01	LG15	19860372	19860409	ssa1_45556307_45558022.maf
ssa01	LG15	19860592	19860605	ssa1_45556307_45558022.maf
ssa01	LG15	19860605	19860702	ssa1_45556307_45558022.maf
ssa01	LG15	19788401	19788473	ssa1_45635545_45635882.maf
ssa01	LG15	19788473	19788483	ssa1_45635545_45635882.maf
ssa01	LG15	19303919	19303955	ssa1_46281562_46282028.maf
ssa01	LG15	19303955	19303968	ssa1_46281562_46282028.maf
ssa01	LG15	19303978	19304020	ssa1_46281562_46282028.maf
ssa01	LG15	19304030	19304047	ssa1_46281562_46282028.maf
ssa01	LG15	19304077	19304092	ssa1_46281562_46282028.maf
ssa01	LG15	19304118	19304148	ssa1_46281562_46282028.maf
ssa01	LG15	19256338	19256414	ssa1_46343136_46343540.maf
ssa01	LG15	19241767	19241829	ssa1_46369821_46370670.maf
ssa01	LG15	18529404	18529470	ssa1_47600462_47602180.maf
ssa01	LG06	19441412	19441422	ssa1_48559309_48560591.maf
ssa01	LG06	19441426	19441499	ssa1_48559309_48560591.maf
ssa01	LG06	19441499	19441512	ssa1_48559309_48560591.maf
ssa01	LG06	19441798	19441877	ssa1_48559309_48560591.maf
ssa01	LG06	19252689	19252796	ssa1_48744706_48745038.maf
ssa01	LG15	6446979	6447033	ssa1_5447363_5448462.maf
ssa01	LG06	24491677	24491713	ssa1_55106462_55106684.maf
ssa01	LG06	24491713	24491726	ssa1_55106462_55106684.maf
ssa01	LG06	24491726	24491744	ssa1_55106462_55106684.maf
ssa01	LG06	24711555	24711569	ssa1_55432267_55432573.maf
ssa01	LG06	24711569	24711638	ssa1_55432267_55432573.maf
ssa01	LG15	6223446	6223501	ssa1_6020571_6021622.maf
ssa01	LG15	6223510	6223522	ssa1_6020571_6021622.maf
ssa01	LG15	5974884	5974905	ssa1_6739796_6740569.maf
ssa01	LG15	5974905	5974965	ssa1_6739796_6740569.maf
ssa01	LG15	5879815	5879833	ssa1_6870514_6870839.maf
ssa01	LG15	5879837	5879849	ssa1_6870514_6870839.maf
ssa01	LG06	10983826	10983898	ssa1_77130892_77132039.maf
ssa01	LG06	1012030	1012135	ssa1_82740580_82741821.maf
ssa01	LG06	1012135	1012155	ssa1_82740580_82741821.maf
ssa01	LG06	3419169	3419267	ssa1_86843758_86844225.maf
ssa01	LG06	3507893	3507931	ssa1_87033783_87034520.maf
ssa01	LG06	3507931	3508035	ssa1_87033783_87034520.maf
ssa01	LG06	3559580	3559669	ssa1_87145713_87146158.maf
ssa20	LG01	40876655	40876727	ssa20_1133633_1134583.maf
ssa20	LG01	43260966	43260988	ssa20_1472567_1473214.maf
ssa20	LG01	43261128	43261371	ssa20_1472567_1473214.maf
ssa20	LG01	43261371	43261400	ssa20_1472567_1473214.maf
ssa20	LG13	20468987	20469068	ssa20_27389102_27389339.maf
ssa20	LG13	17322143	17322200	ssa20_32097040_32097982.maf
ssa20	LG13	17322200	17322210	ssa20_32097040_32097982.maf
ssa20	LG13	29274997	29275011	ssa20_41402679_41402988.maf
ssa20	LG13	29275011	29275118	ssa20_41402679_41402988.maf
ssa20	LG01	40363487	40363623	ssa20_43233561_43234678.maf
ssa20	LG01	40363623	40363640	ssa20_43233561_43234678.maf
ssa20	LG01	6963212	6963222	ssa20_44519215_44520460.maf
ssa20	LG01	6963222	6963312	ssa20_44519215_44520460.maf
ssa20	LG01	7019342	7019428	ssa20_44620543_44621537.maf
ssa20	LG01	7019782	7019810	ssa20_44620543_44621537.maf
ssa20	LG01	7019810	7019864	ssa20_44620543_44621537.maf
ssa20	LG01	19718704	19718827	ssa20_63768478_63769044.maf
ssa20	LG01	19718911	19719052	ssa20_63768478_63769044.maf
ssa20	LG01	30185751	30185769	ssa20_78713955_78714264.maf
ssa20	LG01	30185823	30185877	ssa20_78713955_78714264.maf
ssa20	LG01	30185899	30185961	ssa20_78713955_78714264.maf
ssa20	LG01	31440213	31440233	ssa20_80219525_80220151.maf
ssa20	LG01	32398603	32398616	ssa20_82241156_82241590.maf
ssa20	LG01	32398799	32398811	ssa20_82241156_82241590.maf
ssa20	LG01	32398838	32398848	ssa20_82241156_82241590.maf
ssa20	LG01	32398848	32398865	ssa20_82241156_82241590.maf
ssa20	LG01	37060747	37060819	ssa20_87559353_87559813.maf
ssa20	LG01	37061053	37061081	ssa20_87559353_87559813.maf
ssa20	LG01	37061081	37061115	ssa20_87559353_87559813.maf
ssa20	LG01	37061115	37061154	ssa20_87559353_87559813.maf
ssa20	LG01	37426679	37426701	ssa20_87792246_87792388.maf
ssa20	LG01	37426701	37426733	ssa20_87792246_87792388.maf
ssa20	LG01	37426733	37426744	ssa20_87792246_87792388.maf
ssa20	LG01	37426744	37426786	ssa20_87792246_87792388.maf
ssa20	LG01	38499280	38499344	ssa20_88651931_88652465.maf
ssa20	LG01	38499345	38499355	ssa20_88651931_88652465.maf
ssa20	LG01	38499362	38499377	ssa20_88651931_88652465.maf
ssa20	LG01	267758	267822	ssa20_90432649_90433849.maf
ssa20	LG01	267822	267851	ssa20_90432649_90433849.maf
ssa20	LG01	267854	267871	ssa20_90432649_90433849.maf
ssa20	LG01	267871	267886	ssa20_90432649_90433849.maf
ssa20	LG01	320303	320331	ssa20_90567585_90568008.maf
ssa20	LG01	320345	320373	ssa20_90567585_90568008.maf
ssa20	LG01	320373	320425	ssa20_90567585_90568008.maf
ssa20	LG01	535155	535171	ssa20_90861776_90862264.maf
ssa20	LG01	535337	535348	ssa20_90861776_90862264.maf
ssa20	LG01	905127	905166	ssa20_91411784_91412518.maf
ssa20	LG01	909852	909868	ssa20_91420711_91421241.maf
ssa20	LG01	909889	909901	ssa20_91420711_91421241.maf
ssa20	LG01	909902	909955	ssa20_91420711_91421241.maf
ssa20	LG01	1051227	1051248	ssa20_91717959_91718919.maf
ssa20	LG01	1080393	1080426	ssa20_91817119_91817920.maf
ssa20	LG01	1136583	1136620	ssa20_91896420_91897146.maf
ssa20	LG01	1136620	1136631	ssa20_91896420_91897146.maf
ssa20	LG01	2884918	2884963	ssa20_92268305_92268786.maf
ssa20	LG01	2885390	2885411	ssa20_92268305_92268786.maf
ssa20	LG01	2885419	2885437	ssa20_92268305_92268786.maf
ssa20	LG01	2714215	2714288	ssa20_92704415_92705896.maf
ssa20	LG01	2714333	2714357	ssa20_92704415_92705896.maf
ssa20	LG01	2714743	2714757	ssa20_92704415_92705896.maf
ssa20	LG01	2390271	2390315	ssa20_93530533_93531034.maf
ssa20	LG01	2340941	2340957	ssa20_93623281_93623626.maf
ssa20	LG01	2340957	2341002	ssa20_93623281_93623626.maf
ssa20	LG01	2341002	2341092	ssa20_93623281_93623626.maf
ssa20	LG01	2341094	2341122	ssa20_93623281_93623626.maf
ssa20	LG01	2290084	2290098	ssa20_93753385_93754605.maf
ssa20	LG01	2290098	2290121	ssa20_93753385_93754605.maf
ssa20	LG01	2290121	2290225	ssa20_93753385_93754605.maf
ssa20	LG01	2290320	2290338	ssa20_93753385_93754605.maf
ssa20	LG01	2290338	2290350	ssa20_93753385_93754605.maf
ssa20	LG01	2290350	2290378	ssa20_93753385_93754605.maf
ssa20	LG01	2290378	2290412	ssa20_93753385_93754605.maf
ssa20	LG01	2143237	2143270	ssa20_94102016_94102569.maf
ssa20	LG01	2022298	2022316	ssa20_94314814_94315320.maf
ssa20	LG01	2022394	2022474	ssa20_94314814_94315320.maf
ssa20	LG01	2022483	2022525	ssa20_94314814_94315320.maf
ssa21	LG20	9601490	9601504	ssa21_19964159_19964365.maf
ssa21	LG20	9601519	9601583	ssa21_19964159_19964365.maf
ssa21	LG20	9694953	9695024	ssa21_20176678_20177149.maf
ssa21	LG20	9695039	9695061	ssa21_20176678_20177149.maf
ssa21	LG16	540037	540056	ssa21_26107861_26108356.maf
ssa21	LG16	540056	540067	ssa21_26107861_26108356.maf
ssa21	LG16	11482049	11482135	ssa21_34354546_34355073.maf
ssa21	LG16	12604311	12604362	ssa21_36202981_36203568.maf
ssa21	LG16	12604362	12604424	ssa21_36202981_36203568.maf
ssa21	LG16	12604424	12604437	ssa21_36202981_36203568.maf
ssa21	LG16	12604650	12604796	ssa21_36202981_36203568.maf
ssa21	LG16	30710519	30710541	ssa21_4877308_4878085.maf
ssa21	LG16	30027047	30027112	ssa21_5769661_5770421.maf
ssa21	LG16	27830578	27830621	ssa21_6768044_6769540.maf
ssa21	LG16	27830621	27830634	ssa21_6768044_6769540.maf
ssa21	LG16	27830886	27830901	ssa21_6768044_6769540.maf
ssa21	LG16	27830901	27830923	ssa21_6768044_6769540.maf
ssa21	LG16	27835280	27835302	ssa21_6769961_6771192.maf
ssa21	LG16	27835351	27835406	ssa21_6769961_6771192.maf
ssa21	LG16	27835427	27835438	ssa21_6769961_6771192.maf
ssa21	LG16	27835451	27835464	ssa21_6769961_6771192.maf
ssa21	LG16	27835983	27836048	ssa21_6769961_6771192.maf
ssa21	LG16	27836049	27836059	ssa21_6769961_6771192.maf
ssa21	LG16	28027689	28027768	ssa21_7117525_7118523.maf
ssa22	LG17	33644973	33644984	ssa22_13045412_13046005.maf
ssa22	LG17	33644984	33644997	ssa22_13045412_13046005.maf
ssa22	LG17	33644997	33645052	ssa22_13045412_13046005.maf
ssa22	LG17	25897982	25898059	ssa22_22879245_22879804.maf
ssa22	LG17	25898067	25898082	ssa22_22879245_22879804.maf
ssa22	LG17	25898082	25898103	ssa22_22879245_22879804.maf
ssa22	LG17	23600803	23600843	ssa22_25905017_25905866.maf
ssa22	LG17	23600843	23600898	ssa22_25905017_25905866.maf
ssa22	LG17	23598336	23598395	ssa22_25910580_25910931.maf
ssa22	LG17	23580719	23580773	ssa22_25918065_25918802.maf
ssa22	LG17	23580773	23580813	ssa22_25918065_25918802.maf
ssa22	LG17	23576828	23576903	ssa22_25920352_25920958.maf
ssa22	LG17	23275581	23275638	ssa22_26242826_26243450.maf
ssa22	LG17	23259613	23259625	ssa22_26264807_26265210.maf
ssa22	LG17	23259629	23259656	ssa22_26264807_26265210.maf
ssa22	LG17	23259656	23259676	ssa22_26264807_26265210.maf
ssa22	LG17	23215250	23215268	ssa22_26357016_26358100.maf
ssa22	LG17	23215501	23215538	ssa22_26357016_26358100.maf
ssa22	LG17	23215646	23215673	ssa22_26357016_26358100.maf
ssa22	LG17	23215673	23215692	ssa22_26357016_26358100.maf
ssa22	LG17	23215692	23215703	ssa22_26357016_26358100.maf
ssa22	LG17	23215710	23215720	ssa22_26357016_26358100.maf
ssa22	LG17	23215721	23215736	ssa22_26357016_26358100.maf
ssa22	LG17	23215740	23215755	ssa22_26357016_26358100.maf
ssa22	LG17	23215772	23215786	ssa22_26357016_26358100.maf
ssa22	LG17	23215786	23215802	ssa22_26357016_26358100.maf
ssa22	LG17	23215802	23215838	ssa22_26357016_26358100.maf
ssa22	LG17	23215841	23215909	ssa22_26357016_26358100.maf
ssa22	LG17	23215909	23215953	ssa22_26357016_26358100.maf
ssa22	LG17	23215975	23215993	ssa22_26357016_26358100.maf
ssa22	LG17	23110331	23110361	ssa22_26527615_26528808.maf
ssa22	LG17	23110361	23110446	ssa22_26527615_26528808.maf
ssa22	LG17	23111046	23111117	ssa22_26527615_26528808.maf
ssa22	LG17	23111117	23111160	ssa22_26527615_26528808.maf
ssa22	LG17	23111423	23111489	ssa22_26527615_26528808.maf
ssa22	LG17	22870079	22870142	ssa22_26907823_26908735.maf
ssa22	LG17	20441068	20441088	ssa22_30007120_30007550.maf
ssa22	LG17	20441093	20441130	ssa22_30007120_30007550.maf
ssa22	LG17	20441130	20441159	ssa22_30007120_30007550.maf
ssa22	LG17	18939592	18939654	ssa22_32160040_32161171.maf
ssa22	LG17	18894396	18894464	ssa22_32208067_32208464.maf
ssa22	LG17	48384609	48384621	ssa22_3429630_3429996.maf
ssa22	LG17	48384621	48384635	ssa22_3429630_3429996.maf
ssa22	LG17	48384635	48384698	ssa22_3429630_3429996.maf
ssa22	LG17	48384705	48384742	ssa22_3429630_3429996.maf
ssa22	LG17	48138863	48138936	ssa22_3667273_3667912.maf
ssa22	LG17	48094440	48094544	ssa22_3678223_3679104.maf
ssa22	LG17	48027274	48027301	ssa22_3707775_3708165.maf
ssa22	LG17	47813733	47813755	ssa22_3883255_3883939.maf
ssa22	LG17	11383955	11384080	ssa22_42520448_42521204.maf
ssa22	LG17	11384101	11384114	ssa22_42520448_42521204.maf
ssa22	LG17	11384125	11384148	ssa22_42520448_42521204.maf
ssa22	LG17	47247900	47247912	ssa22_4405924_4406472.maf
ssa22	LG17	47247912	47247939	ssa22_4405924_4406472.maf
ssa22	LG17	5683301	5683362	ssa22_52580333_52581335.maf
ssa22	LG17	1324900	1324915	ssa22_55187414_55188387.maf
ssa22	LG17	2009499	2009597	ssa22_55835599_55836568.maf
ssa22	LG17	2110202	2110310	ssa22_55919000_55919663.maf
ssa22	LG02	2791191	2791211	ssa22_58633014_58633789.maf
ssa22	LG02	2648408	2648476	ssa22_58897397_58898059.maf
ssa22	LG02	2648476	2648557	ssa22_58897397_58898059.maf
ssa22	LG02	1993768	1993778	ssa22_60390440_60391126.maf
ssa22	LG02	1993778	1993824	ssa22_60390440_60391126.maf
ssa22	LG02	1993825	1993842	ssa22_60390440_60391126.maf
ssa22	LG02	1505591	1505621	ssa22_61302374_61302839.maf
ssa22	LG02	1077272	1077308	ssa22_62196259_62196527.maf
ssa22	LG02	1077308	1077318	ssa22_62196259_62196527.maf
ssa22	LG02	448527	448547	ssa22_63279689_63280914.maf
ssa22	LG02	448547	448580	ssa22_63279689_63280914.maf
ssa22	LG02	448580	448629	ssa22_63279689_63280914.maf
ssa22	LG02	448629	448646	ssa22_63279689_63280914.maf
ssa22	LG02	448646	448665	ssa22_63279689_63280914.maf
ssa22	LG02	449040	449070	ssa22_63279689_63280914.maf
ssa22	LG02	449070	449085	ssa22_63279689_63280914.maf
ssa22	LG02	225642	225660	ssa22_63705934_63706294.maf
ssa22	LG02	212561	212579	ssa22_63731347_63731884.maf
ssa22	LG02	212579	212601	ssa22_63731347_63731884.maf
ssa22	LG02	212601	212671	ssa22_63731347_63731884.maf
ssa22	LG02	212671	212682	ssa22_63731347_63731884.maf
ssa22	LG17	40339212	40339241	ssa22_7374423_7374927.maf
ssa22	LG17	40364752	40364778	ssa22_7407201_7408031.maf
ssa22	LG17	40364778	40364818	ssa22_7407201_7408031.maf
ssa22	LG17	40405216	40405247	ssa22_7451106_7451821.maf
ssa23	LG08	28395111	28395133	ssa23_10258667_10259824.maf
ssa23	LG08	23634836	23634921	ssa23_17449670_17450254.maf
ssa23	LG08	23634928	23634946	ssa23_17449670_17450254.maf
ssa23	LG08	23634946	23635046	ssa23_17449670_17450254.maf
ssa23	LG08	20112447	20112476	ssa23_22630756_22632466.maf
ssa23	LG08	19582605	19582634	ssa23_23440492_23441347.maf
ssa23	LG08	19574181	19574212	ssa23_23494259_23495011.maf
ssa23	LG08	19574326	19574337	ssa23_23494259_23495011.maf
ssa23	LG08	19574337	19574371	ssa23_23494259_23495011.maf
ssa23	LG08	19574371	19574384	ssa23_23494259_23495011.maf
ssa23	LG08	19574440	19574452	ssa23_23494259_23495011.maf
ssa23	LG19	31641234	31641282	ssa23_35240926_35241339.maf
ssa23	LG19	34160442	34160567	ssa23_38448454_38449015.maf
ssa23	LG19	34160567	34160591	ssa23_38448454_38449015.maf
ssa23	LG19	34160591	34160657	ssa23_38448454_38449015.maf
ssa23	LG19	34161575	34161752	ssa23_38449818_38450979.maf
ssa23	LG19	34162016	34162133	ssa23_38449818_38450979.maf
ssa23	LG19	34167273	34167289	ssa23_38454136_38454653.maf
ssa23	LG19	34167858	34167916	ssa23_38454136_38454653.maf
ssa23	LG19	34167916	34167929	ssa23_38454136_38454653.maf
ssa23	LG19	34170861	34170881	ssa23_38458685_38459115.maf
ssa23	LG19	34170881	34170920	ssa23_38458685_38459115.maf
ssa23	LG19	34186186	34186364	ssa23_38463472_38464199.maf
ssa23	LG19	34186446	34186494	ssa23_38463472_38464199.maf
ssa23	LG19	34186497	34186666	ssa23_38463472_38464199.maf
ssa23	LG19	34192582	34192644	ssa23_38477932_38478585.maf
ssa23	LG19	34192644	34192718	ssa23_38477932_38478585.maf
ssa23	LG19	34192718	34192743	ssa23_38477932_38478585.maf
ssa23	LG19	34192745	34192761	ssa23_38477932_38478585.maf
ssa23	LG19	34209249	34209361	ssa23_38486890_38487551.maf
ssa23	LG19	34214187	34214236	ssa23_38498378_38499785.maf
ssa23	LG19	34214237	34214273	ssa23_38498378_38499785.maf
ssa23	LG19	34230607	34230629	ssa23_38502041_38502571.maf
ssa23	LG19	34230629	34230641	ssa23_38502041_38502571.maf
ssa23	LG19	34230649	34230728	ssa23_38502041_38502571.maf
ssa23	LG19	34275434	34275515	ssa23_38537334_38537616.maf
ssa23	LG19	36585149	36585160	ssa23_41061124_41061601.maf
ssa23	LG19	36585160	36585216	ssa23_41061124_41061601.maf
ssa23	LG08	33049176	33049196	ssa23_4568683_4569706.maf
ssa23	LG19	2665565	2665639	ssa23_46536166_46537327.maf
ssa23	LG19	2232036	2232439	ssa23_48261406_48262261.maf
ssa23	LG19	2232453	2232486	ssa23_48261406_48262261.maf
ssa23	LG19	2232534	2232659	ssa23_48261406_48262261.maf
ssa23	LG19	2232659	2232749	ssa23_48261406_48262261.maf
ssa23	LG19	2253536	2253561	ssa23_48302003_48303225.maf
ssa23	LG19	2253561	2253639	ssa23_48302003_48303225.maf
ssa23	LG19	2253647	2253681	ssa23_48302003_48303225.maf
ssa23	LG19	2253699	2253796	ssa23_48302003_48303225.maf
ssa23	LG19	2260160	2260174	ssa23_48319843_48320919.maf
ssa23	LG19	2260174	2260201	ssa23_48319843_48320919.maf
ssa23	LG19	2260206	2260223	ssa23_48319843_48320919.maf
ssa23	LG19	2260727	2260768	ssa23_48319843_48320919.maf
ssa23	LG19	2260768	2260792	ssa23_48319843_48320919.maf
ssa23	LG08	29647180	29647190	ssa23_8253197_8253670.maf
ssa23	LG08	29647199	29647247	ssa23_8253197_8253670.maf
ssa23	LG08	28769914	28769932	ssa23_9678576_9679729.maf
ssa23	LG08	28769976	28770091	ssa23_9678576_9679729.maf
ssa23	LG08	28770097	28770121	ssa23_9678576_9679729.maf
ssa24	LG13	32682575	32682652	ssa24_1452984_1453229.maf
ssa24	LG13	32682652	32682667	ssa24_1452984_1453229.maf
ssa24	LG13	20295931	20296059	ssa24_17622052_17622439.maf
ssa24	LG13	32359095	32359197	ssa24_1780611_1780967.maf
ssa24	LG13	32227410	32227427	ssa24_1975545_1976181.maf
ssa24	LG13	32227430	32227514	ssa24_1975545_1976181.maf
ssa24	LG13	27346481	27346496	ssa24_26725392_26725726.maf
ssa24	LG13	3889166	3889177	ssa24_32216604_32216972.maf
ssa24	LG13	3889202	3889294	ssa24_32216604_32216972.maf
ssa24	LG13	4732421	4732503	ssa24_33497511_33498174.maf
ssa24	LG13	4810244	4810257	ssa24_33577610_33578565.maf
ssa24	LG13	4810257	4810428	ssa24_33577610_33578565.maf
ssa24	LG13	6271406	6271427	ssa24_35798863_35799447.maf
ssa24	LG13	6271427	6271467	ssa24_35798863_35799447.maf
ssa24	LG13	6271467	6271489	ssa24_35798863_35799447.maf
ssa24	LG13	6271493	6271506	ssa24_35798863_35799447.maf
ssa24	LG13	6271506	6271518	ssa24_35798863_35799447.maf
ssa24	LG13	7603580	7603632	ssa24_36301690_36302387.maf
ssa24	LG13	7603632	7603642	ssa24_36301690_36302387.maf
ssa24	LG13	7603642	7603660	ssa24_36301690_36302387.maf
ssa24	LG13	7756043	7756146	ssa24_38314586_38314986.maf
ssa24	LG13	7756176	7756270	ssa24_38314586_38314986.maf
ssa24	LG13	7812433	7812490	ssa24_38420162_38421145.maf
ssa24	LG13	7917950	7917966	ssa24_38581623_38582149.maf
ssa24	LG13	7918027	7918070	ssa24_38581623_38582149.maf
ssa24	LG13	7918948	7918962	ssa24_38583097_38583579.maf
ssa24	LG13	7918962	7919038	ssa24_38583097_38583579.maf
ssa24	LG13	7919038	7919066	ssa24_38583097_38583579.maf
ssa24	LG13	7981452	7981463	ssa24_38665031_38665676.maf
ssa24	LG13	7981463	7981482	ssa24_38665031_38665676.maf
ssa24	LG13	7981488	7981501	ssa24_38665031_38665676.maf
ssa24	LG13	7981501	7981524	ssa24_38665031_38665676.maf
ssa24	LG13	7981712	7981745	ssa24_38665031_38665676.maf
ssa24	LG13	7981745	7981780	ssa24_38665031_38665676.maf
ssa24	LG13	8068485	8068553	ssa24_38864273_38865071.maf
ssa24	LG13	8074222	8074296	ssa24_38875154_38875998.maf
ssa24	LG13	8074504	8074545	ssa24_38875154_38875998.maf
ssa24	LG13	8090060	8090096	ssa24_38891239_38892176.maf
ssa24	LG13	8092056	8092093	ssa24_38894007_38894785.maf
ssa24	LG13	8101612	8101667	ssa24_38905624_38906401.maf
ssa24	LG13	1706653	1706667	ssa24_47317762_47318251.maf
ssa24	LG13	1706667	1706690	ssa24_47317762_47318251.maf
ssa24	LG13	1706777	1706790	ssa24_47317762_47318251.maf
ssa24	LG13	1706790	1706800	ssa24_47317762_47318251.maf
ssa24	LG13	75146	75163	ssa24_48749702_48750314.maf
ssa24	LG13	75163	75173	ssa24_48749702_48750314.maf
ssa24	LG13	75213	75230	ssa24_48749702_48750314.maf
ssa24	LG13	75275	75288	ssa24_48749702_48750314.maf
ssa24	LG13	75299	75316	ssa24_48749702_48750314.maf
ssa24	LG13	62373	62385	ssa24_48793486_48794291.maf
ssa24	LG13	62392	62422	ssa24_48793486_48794291.maf
ssa24	LG13	62438	62508	ssa24_48793486_48794291.maf
ssa24	LG13	62508	62560	ssa24_48793486_48794291.maf
ssa24	LG13	29260044	29260076	ssa24_5712628_5713067.maf
ssa24	LG13	28626163	28626256	ssa24_6017532_6018584.maf
ssa24	LG13	28626256	28626272	ssa24_6017532_6018584.maf
ssa24	LG13	28626280	28626290	ssa24_6017532_6018584.maf
ssa24	LG13	28626290	28626300	ssa24_6017532_6018584.maf
ssa25	LG16	17858034	17858093	ssa25_15205251_15206161.maf
ssa25	LG16	17858093	17858153	ssa25_15205251_15206161.maf
ssa25	LG16	17858355	17858365	ssa25_15205251_15206161.maf
ssa25	LG16	17858365	17858378	ssa25_15205251_15206161.maf
ssa25	LG16	17858378	17858391	ssa25_15205251_15206161.maf
ssa25	LG16	17858391	17858414	ssa25_15205251_15206161.maf
ssa25	LG16	18240745	18240760	ssa25_15626288_15626606.maf
ssa25	LG16	18240801	18240850	ssa25_15626288_15626606.maf
ssa25	LG16	18255719	18255740	ssa25_15650401_15651056.maf
ssa25	LG16	18255790	18255812	ssa25_15650401_15651056.maf
ssa25	LG16	18255847	18255857	ssa25_15650401_15651056.maf
ssa25	LG16	18255857	18255867	ssa25_15650401_15651056.maf
ssa25	LG16	18255867	18255898	ssa25_15650401_15651056.maf
ssa25	LG16	18255898	18255913	ssa25_15650401_15651056.maf
ssa25	LG16	18255992	18256050	ssa25_15650401_15651056.maf
ssa25	LG16	18654830	18654859	ssa25_16151743_16152387.maf
ssa25	LG16	18654859	18654874	ssa25_16151743_16152387.maf
ssa25	LG16	20065884	20065898	ssa25_17975556_17976103.maf
ssa25	LG16	20065898	20065945	ssa25_17975556_17976103.maf
ssa25	LG16	23905301	23905400	ssa25_23278264_23278500.maf
ssa25	LG16	25019119	25019182	ssa25_24384745_24385249.maf
ssa25	LG16	25019236	25019255	ssa25_24384745_24385249.maf
ssa25	LG16	8867609	8867633	ssa25_32319567_32319945.maf
ssa25	LG16	8867633	8867658	ssa25_32319567_32319945.maf
ssa25	LG16	365075	365104	ssa25_36511056_36511691.maf
ssa25	LG16	365104	365142	ssa25_36511056_36511691.maf
ssa25	LG16	28193855	28193878	ssa25_6605905_6606388.maf
ssa25	LG16	28193878	28193928	ssa25_6605905_6606388.maf
ssa25	LG16	28194020	28194038	ssa25_6605905_6606388.maf
ssa25	LG16	31580733	31580782	ssa25_762413_762716.maf
ssa25	LG16	31580787	31580873	ssa25_762413_762716.maf
ssa25	LG16	31580873	31580887	ssa25_762413_762716.maf
ssa25	LG16	31580887	31580917	ssa25_762413_762716.maf
ssa25	LG16	31580917	31580934	ssa25_762413_762716.maf
ssa25	LG16	27006112	27006129	ssa25_7800095_7800764.maf
ssa26	LG02	32936435	32936532	ssa26_11299665_11300006.maf
ssa26	LG13	36020622	36020744	ssa26_1357994_1358712.maf
ssa26	LG13	36020744	36020812	ssa26_1357994_1358712.maf
ssa26	LG13	35319473	35319550	ssa26_2253289_2254801.maf
ssa26	LG13	35306334	35306506	ssa26_2255060_2255702.maf
ssa26	LG13	35306515	35306569	ssa26_2255060_2255702.maf
ssa26	LG13	34991915	34991936	ssa26_2769600_2770516.maf
ssa26	LG13	34991992	34992020	ssa26_2769600_2770516.maf
ssa26	LG13	34968564	34968587	ssa26_2791069_2791850.maf
ssa26	LG13	39406347	39406360	ssa26_374246_375235.maf
ssa26	LG13	39406473	39406488	ssa26_374246_375235.maf
ssa26	LG13	39406541	39406590	ssa26_374246_375235.maf
ssa26	LG13	39406643	39406658	ssa26_374246_375235.maf
ssa26	LG13	39406972	39406987	ssa26_374246_375235.maf
ssa26	LG13	39407007	39407096	ssa26_374246_375235.maf
ssa26	LG02	9254898	9254934	ssa26_38734324_38735166.maf
ssa26	LG02	9254934	9254968	ssa26_38734324_38735166.maf
ssa26	LG02	9254968	9254987	ssa26_38734324_38735166.maf
ssa26	LG02	9254988	9255002	ssa26_38734324_38735166.maf
ssa26	LG02	9255245	9255277	ssa26_38734324_38735166.maf
ssa26	LG02	7825892	7825967	ssa26_40629253_40630330.maf
ssa26	LG02	7825967	7826002	ssa26_40629253_40630330.maf
ssa26	LG02	7826002	7826012	ssa26_40629253_40630330.maf
ssa26	LG02	7826296	7826314	ssa26_40629253_40630330.maf
ssa26	LG02	7826314	7826519	ssa26_40629253_40630330.maf
ssa26	LG02	7826552	7826564	ssa26_40629253_40630330.maf
ssa26	LG02	7826564	7826599	ssa26_40629253_40630330.maf
ssa26	LG02	7956857	7956891	ssa26_40798012_40798630.maf
ssa26	LG02	7956891	7956906	ssa26_40798012_40798630.maf
ssa26	LG02	6654914	6655048	ssa26_44160712_44162040.maf
ssa26	LG02	6656238	6656360	ssa26_44160712_44162040.maf
ssa26	LG02	6525777	6525836	ssa26_44337732_44338471.maf
ssa26	LG02	6524443	6524466	ssa26_44340739_44341295.maf
ssa26	LG13	37153716	37153729	ssa26_4649853_4650493.maf
ssa26	LG13	37153729	37153742	ssa26_4649853_4650493.maf
ssa26	LG13	37154399	37154490	ssa26_4649853_4650493.maf
ssa26	LG13	37154495	37154511	ssa26_4649853_4650493.maf
ssa26	LG13	37154516	37154536	ssa26_4649853_4650493.maf
ssa26	LG02	3167823	3167836	ssa26_48894884_48896005.maf
ssa26	LG02	3231087	3231163	ssa26_49022692_49023165.maf
ssa26	LG02	38757256	38757268	ssa26_5486763_5487856.maf
ssa26	LG02	38757270	38757280	ssa26_5486763_5487856.maf
ssa26	LG02	38757290	38757366	ssa26_5486763_5487856.maf
ssa26	LG13	38647980	38647994	ssa26_821744_822227.maf
ssa26	LG13	38647994	38648055	ssa26_821744_822227.maf
ssa26	LG02	34901522	34901544	ssa26_9532129_9532785.maf
ssa26	LG02	34901544	34901579	ssa26_9532129_9532785.maf
ssa26	LG02	34901579	34901655	ssa26_9532129_9532785.maf
ssa26	LG02	34901655	34901668	ssa26_9532129_9532785.maf
ssa26	LG02	34901682	34901727	ssa26_9532129_9532785.maf
ssa26	LG02	34901727	34901800	ssa26_9532129_9532785.maf
ssa26	LG02	34901800	34901832	ssa26_9532129_9532785.maf
ssa27	LG10	9359463	9359495	ssa27_23541521_23542447.maf
ssa27	LG10	9359495	9359538	ssa27_23541521_23542447.maf
ssa27	LG10	9359792	9359805	ssa27_23541521_23542447.maf
ssa27	LG10	9359824	9359861	ssa27_23541521_23542447.maf
ssa27	LG10	10215881	10215911	ssa27_25083053_25083324.maf
ssa27	LG10	10215942	10215957	ssa27_25083053_25083324.maf
ssa27	LG10	10216015	10216026	ssa27_25083053_25083324.maf
ssa27	LG10	10216028	10216045	ssa27_25083053_25083324.maf
ssa27	LG10	10556442	10556459	ssa27_25685012_25685489.maf
ssa27	LG10	10556463	10556542	ssa27_25685012_25685489.maf
ssa27	LG10	10556552	10556566	ssa27_25685012_25685489.maf
ssa27	LG10	11597068	11597109	ssa27_27523875_27524224.maf
ssa27	LG10	11597117	11597157	ssa27_27523875_27524224.maf
ssa27	LG10	11599961	11600028	ssa27_27527182_27527794.maf
ssa27	LG10	12215109	12215191	ssa27_28609841_28610180.maf
ssa27	LG10	2826138	2826169	ssa27_40461684_40463539.maf
ssa27	LG10	775413	775431	ssa27_41199456_41199865.maf
ssa27	LG10	775431	775461	ssa27_41199456_41199865.maf
ssa27	LG10	780216	780286	ssa27_41211470_41212210.maf
ssa27	LG10	263897	263923	ssa27_42105345_42106064.maf
ssa27	LG10	263925	264007	ssa27_42105345_42106064.maf
ssa27	LG10	30623859	30623877	ssa27_4428701_4429329.maf
ssa27	LG10	30623877	30623904	ssa27_4428701_4429329.maf
ssa27	LG10	30623904	30623987	ssa27_4428701_4429329.maf
ssa27	LG10	30623182	30623208	ssa27_4429563_4430007.maf
ssa27	LG10	30175991	30176015	ssa27_4659333_4659833.maf
ssa27	LG10	29234051	29234062	ssa27_5103604_5104173.maf
ssa27	LG10	29234062	29234170	ssa27_5103604_5104173.maf
ssa27	LG10	29234209	29234226	ssa27_5103604_5104173.maf
ssa27	LG10	29234286	29234303	ssa27_5103604_5104173.maf
ssa27	LG10	27409755	27409786	ssa27_818836_819785.maf
ssa27	LG10	27409805	27409855	ssa27_818836_819785.maf
ssa27	LG10	27409855	27409871	ssa27_818836_819785.maf
ssa27	LG10	27410216	27410232	ssa27_818836_819785.maf
ssa27	LG10	27409286	27409322	ssa27_820162_820858.maf
ssa27	LG10	27409322	27409350	ssa27_820162_820858.maf
ssa27	LG10	27370342	27370361	ssa27_854948_857050.maf
ssa27	LG10	27370415	27370427	ssa27_854948_857050.maf
ssa27	LG10	27370484	27370498	ssa27_854948_857050.maf
ssa28	LG05	16914797	16914925	ssa28_13374454_13375344.maf
ssa28	LG05	16915212	16915286	ssa28_13374454_13375344.maf
ssa28	LG05	16915286	16915320	ssa28_13374454_13375344.maf
ssa28	LG05	16915422	16915475	ssa28_13374454_13375344.maf
ssa28	LG05	16915475	16915543	ssa28_13374454_13375344.maf
ssa28	LG05	16915544	16915562	ssa28_13374454_13375344.maf
ssa28	LG05	17086430	17086491	ssa28_13738667_13739101.maf
ssa28	LG05	19327507	19327575	ssa28_17047837_17048556.maf
ssa28	LG05	19866507	19866559	ssa28_17758132_17758908.maf
ssa28	LG05	19866628	19866657	ssa28_17758132_17758908.maf
ssa28	LG05	19866657	19866697	ssa28_17758132_17758908.maf
ssa28	LG05	19866697	19866708	ssa28_17758132_17758908.maf
ssa28	LG05	19866708	19866723	ssa28_17758132_17758908.maf
ssa28	LG05	19866723	19866742	ssa28_17758132_17758908.maf
ssa28	LG05	19867728	19867738	ssa28_17759721_17760690.maf
ssa28	LG05	19867748	19867770	ssa28_17759721_17760690.maf
ssa28	LG05	19867770	19867785	ssa28_17759721_17760690.maf
ssa28	LG05	19867785	19867798	ssa28_17759721_17760690.maf
ssa28	LG05	19867798	19867810	ssa28_17759721_17760690.maf
ssa28	LG05	19867902	19867913	ssa28_17759721_17760690.maf
ssa28	LG05	19867913	19867926	ssa28_17759721_17760690.maf
ssa28	LG05	19867926	19867938	ssa28_17759721_17760690.maf
ssa28	LG05	22046872	22046893	ssa28_21070492_21070890.maf
ssa28	LG05	22046893	22046921	ssa28_21070492_21070890.maf
ssa28	LG05	22046928	22046955	ssa28_21070492_21070890.maf
ssa28	LG05	22046955	22046986	ssa28_21070492_21070890.maf
ssa28	LG05	22046986	22047001	ssa28_21070492_21070890.maf
ssa28	LG05	22047001	22047022	ssa28_21070492_21070890.maf
ssa28	LG05	22047022	22047038	ssa28_21070492_21070890.maf
ssa28	LG05	22047061	22047102	ssa28_21070492_21070890.maf
ssa28	LG05	22047102	22047121	ssa28_21070492_21070890.maf
ssa28	LG05	22047121	22047145	ssa28_21070492_21070890.maf
ssa28	LG05	22752840	22752883	ssa28_22154622_22154840.maf
ssa28	LG05	22752883	22752894	ssa28_22154622_22154840.maf
ssa28	LG05	22752901	22752912	ssa28_22154622_22154840.maf
ssa28	LG05	22867658	22867785	ssa28_22318589_22319567.maf
ssa28	LG05	22867792	22867859	ssa28_22318589_22319567.maf
ssa28	LG06	10852567	10852702	ssa28_25757398_25758214.maf
ssa28	LG05	1151028	1151108	ssa28_40470877_40471463.maf
ssa28	LG05	1151380	1151404	ssa28_40470877_40471463.maf
ssa28	LG05	1151463	1151503	ssa28_40470877_40471463.maf
ssa28	LG05	1151510	1151538	ssa28_40470877_40471463.maf
ssa28	LG05	13630356	13630411	ssa28_8207126_8208033.maf
ssa28	LG05	13630411	13630459	ssa28_8207126_8208033.maf
ssa28	LG05	13630471	13630513	ssa28_8207126_8208033.maf
ssa28	LG05	13630682	13630753	ssa28_8207126_8208033.maf
ssa29	LG21	23836020	23836033	ssa29_12815535_12816089.maf
ssa29	LG21	23836055	23836098	ssa29_12815535_12816089.maf
ssa29	LG21	23825894	23826006	ssa29_12839234_12841404.maf
ssa29	LG21	23826013	23826040	ssa29_12839234_12841404.maf
ssa29	LG21	23826040	23826120	ssa29_12839234_12841404.maf
ssa29	LG21	26984276	26984354	ssa29_13420854_13421471.maf
ssa29	LG21	27194227	27194238	ssa29_13642114_13642622.maf
ssa29	LG21	27659484	27659510	ssa29_14064611_14065465.maf
ssa29	LG21	28009987	28010008	ssa29_14238668_14239244.maf
ssa29	LG21	28010008	28010027	ssa29_14238668_14239244.maf
ssa29	LG21	28010027	28010053	ssa29_14238668_14239244.maf
ssa29	LG21	28010054	28010104	ssa29_14238668_14239244.maf
ssa29	LG21	28166087	28166209	ssa29_14304234_14304837.maf
ssa29	LG21	29120971	29121089	ssa29_14639445_14640028.maf
ssa29	LG21	29391565	29391587	ssa29_14834090_14834605.maf
ssa29	LG21	29391587	29391665	ssa29_14834090_14834605.maf
ssa29	LG21	29420470	29420495	ssa29_14844233_14844716.maf
ssa29	LG21	29424047	29424082	ssa29_14845485_14845960.maf
ssa29	LG21	29424082	29424098	ssa29_14845485_14845960.maf
ssa29	LG21	30004468	30004482	ssa29_15449048_15449554.maf
ssa29	LG21	30007842	30007881	ssa29_15453819_15454934.maf
ssa29	LG21	30008605	30008682	ssa29_15453819_15454934.maf
ssa29	LG21	30008682	30008695	ssa29_15453819_15454934.maf
ssa29	LG21	30360582	30360653	ssa29_15630232_15630981.maf
ssa29	LG21	30366562	30366699	ssa29_15641850_15642338.maf
ssa29	LG21	30420080	30420091	ssa29_15660665_15662273.maf
ssa29	LG21	30420098	30420233	ssa29_15660665_15662273.maf
ssa29	LG21	30421200	30421288	ssa29_15660665_15662273.maf
ssa29	LG21	30503491	30503598	ssa29_15732397_15734026.maf
ssa29	LG21	30512530	30512627	ssa29_15744221_15744908.maf
ssa29	LG21	30821058	30821071	ssa29_15875261_15876175.maf
ssa29	LG21	30821139	30821181	ssa29_15875261_15876175.maf
ssa29	LG21	30852177	30852226	ssa29_15896173_15896563.maf
ssa29	LG21	30856057	30856072	ssa29_15898543_15898882.maf
ssa29	LG21	30856075	30856109	ssa29_15898543_15898882.maf
ssa29	LG21	30866224	30866267	ssa29_15900770_15901122.maf
ssa29	LG21	30866267	30866281	ssa29_15900770_15901122.maf
ssa29	LG21	30866281	30866306	ssa29_15900770_15901122.maf
ssa29	LG21	30866306	30866351	ssa29_15900770_15901122.maf
ssa29	LG21	30869538	30869590	ssa29_15901918_15903017.maf
ssa29	LG21	30893408	30893418	ssa29_15930841_15932101.maf
ssa29	LG21	30912916	30913055	ssa29_15943038_15944041.maf
ssa29	LG21	3462293	3462323	ssa29_16651112_16651494.maf
ssa29	LG21	3672399	3672429	ssa29_17011928_17012468.maf
ssa29	LG21	3694229	3694242	ssa29_17043350_17043879.maf
ssa29	LG21	3694243	3694258	ssa29_17043350_17043879.maf
ssa29	LG21	3694258	3694291	ssa29_17043350_17043879.maf
ssa29	LG21	3750568	3750581	ssa29_17140362_17142013.maf
ssa29	LG21	3750581	3750598	ssa29_17140362_17142013.maf
ssa29	LG21	3750598	3750616	ssa29_17140362_17142013.maf
ssa29	LG21	3750616	3750691	ssa29_17140362_17142013.maf
ssa29	LG21	12549562	12549619	ssa29_17637212_17637902.maf
ssa29	LG21	12549619	12549650	ssa29_17637212_17637902.maf
ssa29	LG21	11320813	11320857	ssa29_19256904_19258261.maf
ssa29	LG21	2889161	2889183	ssa29_36915052_36915302.maf
ssa29	LG21	2889208	2889250	ssa29_36915052_36915302.maf
ssa29	LG21	2889273	2889287	ssa29_36915052_36915302.maf
ssa29	LG21	2494715	2494763	ssa29_38550284_38550787.maf
ssa29	LG21	2478211	2478246	ssa29_38577652_38578578.maf
ssa29	LG21	2478411	2478494	ssa29_38577652_38578578.maf
ssa29	LG21	2299492	2299571	ssa29_38858933_38859344.maf
ssa29	LG21	18173116	18173159	ssa29_506300_507419.maf
ssa29	LG21	18173159	18173178	ssa29_506300_507419.maf
ssa29	LG21	18174055	18174128	ssa29_506300_507419.maf
ssa29	LG21	21207484	21207523	ssa29_7405714_7406520.maf
ssa29	LG21	21461278	21461309	ssa29_7909984_7910462.maf
ssa02	LG20	13733585	13733685	ssa2_11037254_11038822.maf
ssa02	LG20	13733693	13733714	ssa2_11037254_11038822.maf
ssa02	LG20	13736396	13736475	ssa2_11044732_11045960.maf
ssa02	LG20	13736655	13736715	ssa2_11044732_11045960.maf
ssa02	LG20	13736715	13736789	ssa2_11044732_11045960.maf
ssa02	LG20	13744834	13744872	ssa2_11055900_11057822.maf
ssa02	LG20	13744872	13744889	ssa2_11055900_11057822.maf
ssa02	LG20	13745140	13745242	ssa2_11055900_11057822.maf
ssa02	LG20	13745951	13745993	ssa2_11055900_11057822.maf
ssa02	LG20	13745993	13746010	ssa2_11055900_11057822.maf
ssa02	LG20	13750405	13750426	ssa2_11061958_11062697.maf
ssa02	LG20	17535563	17535580	ssa2_18610012_18611012.maf
ssa02	LG20	17535580	17535609	ssa2_18610012_18611012.maf
ssa02	LG20	17919722	17919751	ssa2_19611194_19612014.maf
ssa02	LG20	42812774	42812862	ssa2_45120096_45120829.maf
ssa02	LG09	8745029	8745040	ssa2_69688402_69689101.maf
ssa02	LG09	8745046	8745057	ssa2_69688402_69689101.maf
ssa02	LG09	8745057	8745111	ssa2_69688402_69689101.maf
ssa02	LG09	8745135	8745146	ssa2_69688402_69689101.maf
ssa02	LG09	8745431	8745490	ssa2_69688402_69689101.maf
ssa03	LG12	26592619	26592688	ssa3_46000173_46000753.maf
ssa03	LG12	25382436	25382490	ssa3_47605622_47606362.maf
ssa03	LG12	25382490	25382528	ssa3_47605622_47606362.maf
ssa03	LG03	4643687	4643788	ssa3_7089133_7090407.maf
ssa03	LG03	4680784	4680836	ssa3_7149705_7150654.maf
ssa03	LG11	23281609	23281624	ssa3_76448536_76449030.maf
ssa03	LG11	38098080	38098132	ssa3_91395165_91396085.maf
ssa03	LG11	38098560	38098578	ssa3_91395165_91396085.maf
ssa03	LG11	38098578	38098716	ssa3_91395165_91396085.maf
ssa03	LG11	38098720	38098761	ssa3_91395165_91396085.maf
ssa03	LG11	38098772	38098788	ssa3_91395165_91396085.maf
ssa03	LG11	38098788	38098821	ssa3_91395165_91396085.maf
ssa04	LG25	8961776	8961786	ssa4_12692313_12692955.maf
ssa04	LG25	8961786	8961852	ssa4_12692313_12692955.maf
ssa04	LG25	8961852	8961895	ssa4_12692313_12692955.maf
ssa04	LG25	19603525	19603591	ssa4_28114174_28115084.maf
ssa04	LG25	22126177	22126238	ssa4_29688076_29688610.maf
ssa04	LG25	22126238	22126301	ssa4_29688076_29688610.maf
ssa04	LG07	46575014	46575080	ssa4_30546215_30546773.maf
ssa04	LG07	46440387	46440414	ssa4_30766464_30767592.maf
ssa04	LG07	45538423	45538488	ssa4_31063580_31064172.maf
ssa04	LG07	44998226	44998308	ssa4_31869157_31869707.maf
ssa04	LG07	44997101	44997112	ssa4_31871856_31872603.maf
ssa04	LG07	44997116	44997127	ssa4_31871856_31872603.maf
ssa04	LG07	44997478	44997496	ssa4_31871856_31872603.maf
ssa04	LG07	44993076	44993088	ssa4_31879643_31880148.maf
ssa04	LG07	44993123	44993136	ssa4_31879643_31880148.maf
ssa04	LG07	44993151	44993165	ssa4_31879643_31880148.maf
ssa04	LG07	44993165	44993175	ssa4_31879643_31880148.maf
ssa04	LG07	44993353	44993365	ssa4_31879643_31880148.maf
ssa04	LG07	44993397	44993437	ssa4_31879643_31880148.maf
ssa04	LG07	44991091	44991117	ssa4_31883353_31883661.maf
ssa04	LG07	47049482	47049524	ssa4_33510140_33510621.maf
ssa04	LG07	47049524	47049543	ssa4_33510140_33510621.maf
ssa04	LG07	47052271	47052284	ssa4_33511368_33512176.maf
ssa04	LG07	47052284	47052300	ssa4_33511368_33512176.maf
ssa04	LG07	47052375	47052410	ssa4_33511368_33512176.maf
ssa04	LG07	47052441	47052457	ssa4_33511368_33512176.maf
ssa04	LG07	47052457	47052478	ssa4_33511368_33512176.maf
ssa04	LG07	47052478	47052488	ssa4_33511368_33512176.maf
ssa04	LG07	47052541	47052576	ssa4_33511368_33512176.maf
ssa04	LG07	47145849	47145947	ssa4_33659852_33661935.maf
ssa04	LG07	47147506	47147517	ssa4_33662076_33663486.maf
ssa04	LG07	47671370	47671447	ssa4_34313802_34314898.maf
ssa04	LG07	48455354	48455379	ssa4_35226968_35228019.maf
ssa04	LG07	48455380	48455454	ssa4_35226968_35228019.maf
ssa04	LG07	48455959	48455991	ssa4_35226968_35228019.maf
ssa04	LG07	48672784	48672810	ssa4_35368924_35369754.maf
ssa04	LG07	48672871	48672941	ssa4_35368924_35369754.maf
ssa04	LG07	48673013	48673037	ssa4_35368924_35369754.maf
ssa04	LG07	48685336	48685400	ssa4_35390312_35391334.maf
ssa04	LG07	48685400	48685415	ssa4_35390312_35391334.maf
ssa04	LG07	48762616	48762694	ssa4_35483209_35484254.maf
ssa04	LG07	49164094	49164125	ssa4_35918063_35918919.maf
ssa04	LG07	49181667	49181697	ssa4_35977215_35978368.maf
ssa04	LG07	49181697	49181733	ssa4_35977215_35978368.maf
ssa04	LG07	49181992	49182034	ssa4_35977215_35978368.maf
ssa04	LG07	49182034	49182064	ssa4_35977215_35978368.maf
ssa04	LG07	49182380	49182436	ssa4_35977215_35978368.maf
ssa04	LG07	31921151	31921192	ssa4_49684220_49685550.maf
ssa04	LG25	5757479	5757489	ssa4_6473220_6474361.maf
ssa04	LG07	19538941	19538952	ssa4_66069728_66070084.maf
ssa04	LG07	19538952	19539068	ssa4_66069728_66070084.maf
ssa04	LG07	19539068	19539082	ssa4_66069728_66070084.maf
ssa04	LG07	19539082	19539157	ssa4_66069728_66070084.maf
ssa04	LG07	21764751	21764849	ssa4_69130675_69132695.maf
ssa04	LG07	22686546	22686583	ssa4_70562294_70563305.maf
ssa04	LG07	22686634	22686660	ssa4_70562294_70563305.maf
ssa04	LG07	22686660	22686703	ssa4_70562294_70563305.maf
ssa04	LG07	22894799	22894821	ssa4_70889137_70889806.maf
ssa04	LG07	22894821	22894865	ssa4_70889137_70889806.maf
ssa04	LG07	22894866	22894885	ssa4_70889137_70889806.maf
ssa04	LG07	22895083	22895133	ssa4_70889137_70889806.maf
ssa04	LG07	22895133	22895149	ssa4_70889137_70889806.maf
ssa04	LG07	6551276	6551335	ssa4_76849836_76850121.maf
ssa04	LG07	6551335	6551363	ssa4_76849836_76850121.maf
ssa04	LG07	5136612	5136736	ssa4_79162830_79163370.maf
ssa04	LG07	3335117	3335200	ssa4_82253486_82254556.maf
ssa04	LG07	2936708	2936790	ssa4_82939990_82940930.maf
ssa04	LG07	2936790	2936805	ssa4_82939990_82940930.maf
ssa04	LG07	2936805	2936816	ssa4_82939990_82940930.maf
ssa04	LG07	2633057	2633075	ssa4_83481388_83482003.maf
ssa04	LG07	8724655	8724714	ssa4_84984776_84985537.maf
ssa04	LG07	8724715	8724727	ssa4_84984776_84985537.maf
ssa05	LG04	18686560	18686577	ssa5_15825091_15825680.maf
ssa05	LG04	18686584	18686596	ssa5_15825091_15825680.maf
ssa05	LG04	18686596	18686613	ssa5_15825091_15825680.maf
ssa05	LG04	18686613	18686640	ssa5_15825091_15825680.maf
ssa05	LG04	1032076	1032103	ssa5_1620122_1620680.maf
ssa05	LG04	1032105	1032156	ssa5_1620122_1620680.maf
ssa05	LG04	34969535	34969550	ssa5_19325422_19325694.maf
ssa05	LG04	34920694	34920710	ssa5_19364226_19365466.maf
ssa05	LG04	34920710	34920832	ssa5_19364226_19365466.maf
ssa05	LG04	34902018	34902119	ssa5_19385086_19386598.maf
ssa05	LG04	34828430	34828493	ssa5_19484793_19485228.maf
ssa05	LG04	34817463	34817476	ssa5_19502200_19503036.maf
ssa05	LG04	34817480	34817501	ssa5_19502200_19503036.maf
ssa05	LG04	34817528	34817538	ssa5_19502200_19503036.maf
ssa05	LG04	34817550	34817564	ssa5_19502200_19503036.maf
ssa05	LG04	34784313	34784394	ssa5_19545300_19546169.maf
ssa05	LG04	34784394	34784447	ssa5_19545300_19546169.maf
ssa05	LG04	34768618	34768682	ssa5_19570276_19571262.maf
ssa05	LG04	34756479	34756507	ssa5_19577373_19578058.maf
ssa05	LG04	34756507	34756545	ssa5_19577373_19578058.maf
ssa05	LG04	34756713	34756793	ssa5_19577373_19578058.maf
ssa05	LG04	34756814	34756881	ssa5_19577373_19578058.maf
ssa05	LG04	34756882	34756907	ssa5_19577373_19578058.maf
ssa05	LG04	34695988	34696146	ssa5_19639012_19639581.maf
ssa05	LG04	34665758	34665920	ssa5_19668690_19669062.maf
ssa05	LG04	34664046	34664101	ssa5_19669765_19670299.maf
ssa05	LG04	34664101	34664125	ssa5_19669765_19670299.maf
ssa05	LG04	34227483	34227520	ssa5_19778928_19779854.maf
ssa05	LG04	34227520	34227542	ssa5_19778928_19779854.maf
ssa05	LG04	34227542	34227638	ssa5_19778928_19779854.maf
ssa05	LG04	34227964	34227988	ssa5_19778928_19779854.maf
ssa05	LG04	33203026	33203061	ssa5_20011178_20012081.maf
ssa05	LG04	33327958	33328127	ssa5_20049840_20050929.maf
ssa05	LG04	33328470	33328484	ssa5_20049840_20050929.maf
ssa05	LG04	33328569	33328617	ssa5_20049840_20050929.maf
ssa05	LG04	32609130	32609200	ssa5_20213553_20214133.maf
ssa05	LG04	32101417	32101434	ssa5_20766737_20767243.maf
ssa05	LG04	32031998	32032013	ssa5_20814549_20815285.maf
ssa05	LG04	32032013	32032026	ssa5_20814549_20815285.maf
ssa05	LG04	31677451	31677478	ssa5_21154579_21155126.maf
ssa05	LG04	31677497	31677508	ssa5_21154579_21155126.maf
ssa05	LG04	31677530	31677555	ssa5_21154579_21155126.maf
ssa05	LG04	31606563	31606586	ssa5_21207107_21207501.maf
ssa05	LG04	31606592	31606604	ssa5_21207107_21207501.maf
ssa05	LG04	31606742	31606764	ssa5_21207107_21207501.maf
ssa05	LG04	31604339	31604354	ssa5_21208746_21209539.maf
ssa05	LG04	31604358	31604407	ssa5_21208746_21209539.maf
ssa05	LG04	31604416	31604438	ssa5_21208746_21209539.maf
ssa05	LG04	31604438	31604457	ssa5_21208746_21209539.maf
ssa05	LG04	31369189	31369268	ssa5_21278221_21278832.maf
ssa05	LG04	31178867	31179048	ssa5_21398870_21399416.maf
ssa05	LG04	30675848	30675861	ssa5_21561165_21563115.maf
ssa05	LG04	30675861	30675914	ssa5_21561165_21563115.maf
ssa05	LG04	30675914	30675951	ssa5_21561165_21563115.maf
ssa05	LG04	30675951	30675971	ssa5_21561165_21563115.maf
ssa05	LG04	30676205	30676226	ssa5_21561165_21563115.maf
ssa05	LG04	30676234	30676258	ssa5_21561165_21563115.maf
ssa05	LG04	30676258	30676301	ssa5_21561165_21563115.maf
ssa05	LG04	30676301	30676319	ssa5_21561165_21563115.maf
ssa05	LG04	30676319	30676351	ssa5_21561165_21563115.maf
ssa05	LG04	30278820	30278846	ssa5_21882142_21882501.maf
ssa05	LG04	30278873	30278883	ssa5_21882142_21882501.maf
ssa05	LG04	30278901	30278950	ssa5_21882142_21882501.maf
ssa05	LG04	10189712	10189748	ssa5_2636423_2636764.maf
ssa05	LG04	10189748	10189823	ssa5_2636423_2636764.maf
ssa05	LG04	8147835	8147880	ssa5_27786714_27787098.maf
ssa05	LG04	8141929	8141948	ssa5_27792756_27793245.maf
ssa05	LG04	8141951	8141968	ssa5_27792756_27793245.maf
ssa05	LG04	8141968	8142003	ssa5_27792756_27793245.maf
ssa05	LG04	8142013	8142023	ssa5_27792756_27793245.maf
ssa05	LG04	8142027	8142041	ssa5_27792756_27793245.maf
ssa05	LG04	12611049	12611101	ssa5_40489011_40489708.maf
ssa05	LG04	12898741	12898759	ssa5_41087362_41087781.maf
ssa05	LG04	12899030	12899061	ssa5_41087362_41087781.maf
ssa05	LG04	9355942	9355975	ssa5_4725470_4726561.maf
ssa05	LG20	37541576	37541705	ssa5_53749714_53750255.maf
ssa05	LG20	37541705	37541745	ssa5_53749714_53750255.maf
ssa05	LG04	8739106	8739147	ssa5_5823589_5823858.maf
ssa05	LG04	8740145	8740250	ssa5_5826652_5827037.maf
ssa05	LG04	8692178	8692190	ssa5_5857892_5858513.maf
ssa05	LG04	8692190	8692243	ssa5_5857892_5858513.maf
ssa05	LG20	18179975	18180018	ssa5_74129864_74130722.maf
ssa06	LG11	32088196	32088262	ssa6_18683789_18684439.maf
ssa06	LG11	32088372	32088447	ssa6_18683789_18684439.maf
ssa06	LG11	30529871	30529916	ssa6_20500136_20500658.maf
ssa06	LG11	17071617	17071648	ssa6_45692444_45693043.maf
ssa06	LG11	17071656	17071669	ssa6_45692444_45693043.maf
ssa06	LG11	17071700	17071717	ssa6_45692444_45693043.maf
ssa06	LG11	17071725	17071741	ssa6_45692444_45693043.maf
ssa06	LG11	17072010	17072027	ssa6_45692444_45693043.maf
ssa06	LG11	17072027	17072040	ssa6_45692444_45693043.maf
ssa06	LG14	5390512	5390526	ssa6_53057979_53058644.maf
ssa06	LG14	5390526	5390561	ssa6_53057979_53058644.maf
ssa06	LG14	5390561	5390809	ssa6_53057979_53058644.maf
ssa06	LG18	28408004	28408019	ssa6_68666678_68667302.maf
ssa06	LG18	28408289	28408353	ssa6_68666678_68667302.maf
ssa06	LG18	28407619	28407727	ssa6_68667777_68668373.maf
ssa06	LG18	28402716	28402818	ssa6_68674931_68675556.maf
ssa06	LG18	28304183	28304194	ssa6_68712811_68714366.maf
ssa06	LG18	28304194	28304227	ssa6_68712811_68714366.maf
ssa06	LG18	28304227	28304243	ssa6_68712811_68714366.maf
ssa06	LG18	28304243	28304274	ssa6_68712811_68714366.maf
ssa06	LG18	28304274	28304318	ssa6_68712811_68714366.maf
ssa06	LG18	28296974	28297074	ssa6_68717060_68717342.maf
ssa06	LG18	28290797	28290912	ssa6_68721244_68722028.maf
ssa06	LG18	28210385	28210490	ssa6_68739471_68739960.maf
ssa06	LG18	28133196	28133227	ssa6_68760315_68760827.maf
ssa06	LG18	28083208	28083293	ssa6_68778700_68779432.maf
ssa06	LG18	26987161	26987275	ssa6_69445665_69446126.maf
ssa06	LG18	26992883	26992907	ssa6_69449566_69451091.maf
ssa06	LG18	26992907	26992990	ssa6_69449566_69451091.maf
ssa06	LG18	27015209	27015256	ssa6_69460248_69460960.maf
ssa06	LG18	27015256	27015284	ssa6_69460248_69460960.maf
ssa06	LG18	27018517	27018530	ssa6_69462681_69463805.maf
ssa06	LG18	27053563	27053579	ssa6_69501275_69501881.maf
ssa06	LG18	27053936	27053971	ssa6_69501275_69501881.maf
ssa06	LG18	27054054	27054070	ssa6_69501275_69501881.maf
ssa06	LG18	27071014	27071049	ssa6_69512401_69512861.maf
ssa06	LG18	27071049	27071092	ssa6_69512401_69512861.maf
ssa06	LG18	27077322	27077332	ssa6_69517236_69518862.maf
ssa06	LG18	27096138	27096157	ssa6_69535575_69537387.maf
ssa06	LG18	27100718	27100750	ssa6_69542174_69542976.maf
ssa06	LG18	26373595	26373669	ssa6_69622675_69623438.maf
ssa06	LG18	26373669	26373691	ssa6_69622675_69623438.maf
ssa06	LG18	26330326	26330404	ssa6_69637582_69639134.maf
ssa06	LG18	26317084	26317113	ssa6_69641735_69642181.maf
ssa06	LG18	26142505	26142611	ssa6_69730165_69730515.maf
ssa06	LG18	22532724	22532741	ssa6_70030346_70031630.maf
ssa06	LG18	22558523	22558621	ssa6_70041074_70041338.maf
ssa06	LG18	22619980	22619997	ssa6_70070092_70071030.maf
ssa06	LG18	22620004	22620053	ssa6_70070092_70071030.maf
ssa06	LG18	22620053	22620097	ssa6_70070092_70071030.maf
ssa06	LG18	22620141	22620154	ssa6_70070092_70071030.maf
ssa06	LG18	22620436	22620455	ssa6_70070092_70071030.maf
ssa06	LG18	22620455	22620488	ssa6_70070092_70071030.maf
ssa06	LG18	22620570	22620581	ssa6_70070092_70071030.maf
ssa06	LG18	22620581	22620601	ssa6_70070092_70071030.maf
ssa06	LG18	22691199	22691210	ssa6_70142771_70143385.maf
ssa06	LG18	22691234	22691245	ssa6_70142771_70143385.maf
ssa06	LG18	22691310	22691324	ssa6_70142771_70143385.maf
ssa06	LG18	22691757	22691785	ssa6_70142771_70143385.maf
ssa06	LG18	22691785	22691812	ssa6_70142771_70143385.maf
ssa06	LG18	22691831	22691884	ssa6_70142771_70143385.maf
ssa06	LG18	22691884	22691908	ssa6_70142771_70143385.maf
ssa06	LG18	22699621	22699635	ssa6_70148247_70149070.maf
ssa06	LG18	22699635	22699717	ssa6_70148247_70149070.maf
ssa06	LG18	22699717	22699834	ssa6_70148247_70149070.maf
ssa06	LG18	22711536	22711557	ssa6_70158930_70159655.maf
ssa06	LG18	22711602	22711615	ssa6_70158930_70159655.maf
ssa06	LG18	22866030	22866055	ssa6_70333236_70334342.maf
ssa06	LG18	22876708	22876775	ssa6_70341762_70342224.maf
ssa06	LG18	25366913	25366925	ssa6_70490304_70490972.maf
ssa06	LG18	25366925	25366988	ssa6_70490304_70490972.maf
ssa06	LG18	25366996	25367014	ssa6_70490304_70490972.maf
ssa06	LG18	25367362	25367376	ssa6_70490304_70490972.maf
ssa06	LG18	25367378	25367398	ssa6_70490304_70490972.maf
ssa06	LG18	25362297	25362407	ssa6_70495085_70496309.maf
ssa06	LG18	25360786	25360839	ssa6_70504989_70506012.maf
ssa06	LG18	25360839	25360913	ssa6_70504989_70506012.maf
ssa06	LG18	25307934	25308014	ssa6_70572821_70573032.maf
ssa06	LG18	23404312	23404325	ssa6_72655835_72656493.maf
ssa06	LG18	23404480	23404519	ssa6_72655835_72656493.maf
ssa06	LG18	23404569	23404599	ssa6_72655835_72656493.maf
ssa06	LG18	23404664	23404690	ssa6_72655835_72656493.maf
ssa06	LG18	23404690	23404702	ssa6_72655835_72656493.maf
ssa06	LG18	17479040	17479138	ssa6_81280530_81281123.maf
ssa06	LG18	17479138	17479159	ssa6_81280530_81281123.maf
ssa06	LG23	5460733	5460754	ssa6_86857715_86858677.maf
ssa06	LG18	3046133	3046161	ssa6_88880088_88880867.maf
ssa06	LG18	3046167	3046207	ssa6_88880088_88880867.maf
ssa06	LG18	3046211	3046223	ssa6_88880088_88880867.maf
ssa06	LG18	1367495	1367560	ssa6_92222437_92222628.maf
ssa06	LG11	38815194	38815250	ssa6_9493192_9493806.maf
ssa06	LG11	38815250	38815263	ssa6_9493192_9493806.maf
ssa06	LG18	2760657	2760719	ssa6_95169753_95170865.maf
ssa06	LG18	2760720	2760746	ssa6_95169753_95170865.maf
ssa06	LG18	2693297	2693309	ssa6_95439231_95439788.maf
ssa06	LG18	2693309	2693352	ssa6_95439231_95439788.maf
ssa06	LG18	2693382	2693415	ssa6_95439231_95439788.maf
ssa06	LG18	2693415	2693433	ssa6_95439231_95439788.maf
ssa06	LG18	2693433	2693458	ssa6_95439231_95439788.maf
ssa07	LG24	7216738	7216748	ssa7_10783370_10784170.maf
ssa07	LG24	7216748	7216765	ssa7_10783370_10784170.maf
ssa07	LG24	7216765	7216847	ssa7_10783370_10784170.maf
ssa07	LG24	11217507	11217518	ssa7_17595103_17595730.maf
ssa07	LG24	11217572	11217601	ssa7_17595103_17595730.maf
ssa07	LG24	11217601	11217615	ssa7_17595103_17595730.maf
ssa07	LG24	1800098	1800138	ssa7_272637_274108.maf
ssa07	LG24	1800138	1800217	ssa7_272637_274108.maf
ssa07	LG24	1800217	1800229	ssa7_272637_274108.maf
ssa07	LG24	24495035	24495094	ssa7_29162019_29162821.maf
ssa07	LG24	24558096	24558106	ssa7_29238731_29239115.maf
ssa07	LG24	24558106	24558167	ssa7_29238731_29239115.maf
ssa07	LG24	25220427	25220478	ssa7_30152189_30152673.maf
ssa07	LG24	26182932	26182995	ssa7_30829581_30830137.maf
ssa07	LG24	26281590	26281685	ssa7_30955302_30955818.maf
ssa07	LG23	16400633	16400711	ssa7_34468365_34469166.maf
ssa07	LG24	3788632	3788657	ssa7_4337647_4338202.maf
ssa07	LG23	9053948	9053997	ssa7_52385107_52386545.maf
ssa07	LG23	9053997	9054093	ssa7_52385107_52386545.maf
ssa07	LG23	9056098	9056121	ssa7_52385107_52386545.maf
ssa07	LG23	9056127	9056161	ssa7_52385107_52386545.maf
ssa07	LG24	5641332	5641451	ssa7_7120496_7121190.maf
ssa07	LG24	5833190	5833247	ssa7_7587981_7588560.maf
ssa07	LG24	5836240	5836250	ssa7_7588750_7589491.maf
ssa07	LG24	5836268	5836341	ssa7_7588750_7589491.maf
ssa07	LG24	5836341	5836351	ssa7_7588750_7589491.maf
ssa07	LG24	5842423	5842438	ssa7_7601657_7602314.maf
ssa07	LG24	5842438	5842467	ssa7_7601657_7602314.maf
ssa07	LG24	5842717	5842755	ssa7_7601657_7602314.maf
ssa07	LG24	5842755	5842770	ssa7_7601657_7602314.maf
ssa07	LG24	5851764	5851781	ssa7_7612067_7612787.maf
ssa07	LG24	5851781	5851832	ssa7_7612067_7612787.maf
ssa07	LG24	5926342	5926359	ssa7_7840422_7841573.maf
ssa07	LG24	6001535	6001563	ssa7_7997633_7997984.maf
ssa07	LG24	6001563	6001594	ssa7_7997633_7997984.maf
ssa07	LG24	6066051	6066062	ssa7_8184784_8185709.maf
ssa07	LG24	6066094	6066107	ssa7_8184784_8185709.maf
ssa07	LG24	6066107	6066174	ssa7_8184784_8185709.maf
ssa07	LG24	6066174	6066187	ssa7_8184784_8185709.maf
ssa07	LG24	6252546	6252626	ssa7_8570989_8571772.maf
ssa09	LG01	7633187	7633211	ssa9_112191617_112192277.maf
ssa09	LG01	7633211	7633239	ssa9_112191617_112192277.maf
ssa09	LG01	22179304	22179323	ssa9_132886699_132887438.maf
ssa09	LG01	22179323	22179335	ssa9_132886699_132887438.maf
ssa09	LG01	22179340	22179352	ssa9_132886699_132887438.maf
ssa09	LG01	22179352	22179363	ssa9_132886699_132887438.maf
ssa09	LG01	22179363	22179376	ssa9_132886699_132887438.maf
ssa09	LG01	22179376	22179417	ssa9_132886699_132887438.maf
ssa09	LG01	22179426	22179441	ssa9_132886699_132887438.maf
ssa09	LG01	38014964	38015039	ssa9_153900011_153900723.maf
ssa09	LG01	4624941	4624976	ssa9_156147560_156148292.maf
ssa09	LG01	4588976	4589004	ssa9_156258344_156258814.maf
ssa09	LG01	4589122	4589151	ssa9_156258344_156258814.maf
ssa09	LG01	4579219	4579256	ssa9_156281146_156282002.maf
ssa09	LG01	4486391	4486448	ssa9_156509361_156510086.maf
ssa09	LG01	4487368	4487378	ssa9_156509361_156510086.maf
ssa09	LG01	4487406	4487416	ssa9_156509361_156510086.maf
ssa09	LG15	10992463	10992488	ssa9_15679472_15680062.maf
ssa09	LG15	10992489	10992520	ssa9_15679472_15680062.maf
ssa09	LG01	4356012	4356054	ssa9_156880569_156881314.maf
ssa09	LG01	4294076	4294093	ssa9_157028668_157029079.maf
ssa09	LG01	3953027	3953080	ssa9_158118600_158119519.maf
ssa09	LG01	3953080	3953094	ssa9_158118600_158119519.maf
ssa09	LG01	3953165	3953180	ssa9_158118600_158119519.maf
ssa09	LG01	3953180	3953224	ssa9_158118600_158119519.maf
ssa09	LG01	3936242	3936288	ssa9_158148821_158149681.maf
ssa09	LG01	3936288	3936315	ssa9_158148821_158149681.maf
ssa09	LG01	3936654	3936666	ssa9_158148821_158149681.maf
ssa09	LG01	3936669	3936757	ssa9_158148821_158149681.maf
ssa09	LG01	3936757	3936767	ssa9_158148821_158149681.maf
ssa09	LG01	3936767	3936782	ssa9_158148821_158149681.maf
ssa09	LG01	3936785	3936835	ssa9_158148821_158149681.maf
ssa09	LG01	3937057	3937086	ssa9_158148821_158149681.maf
ssa09	LG01	3904445	3904481	ssa9_158244372_158244891.maf
ssa09	LG01	3904514	3904536	ssa9_158244372_158244891.maf
ssa09	LG01	3904536	3904571	ssa9_158244372_158244891.maf
ssa09	LG01	3904573	3904583	ssa9_158244372_158244891.maf
ssa09	LG01	3904584	3904623	ssa9_158244372_158244891.maf
ssa09	LG01	3760441	3760479	ssa9_158585262_158586665.maf
ssa09	LG01	3546497	3546564	ssa9_159104824_159105217.maf
ssa09	LG01	3546564	3546605	ssa9_159104824_159105217.maf
ssa09	LG01	3546656	3546668	ssa9_159104824_159105217.maf
ssa09	LG15	18803285	18803297	ssa9_2203954_2206063.maf
ssa09	LG15	18803301	18803385	ssa9_2203954_2206063.maf
ssa09	LG15	18348052	18348097	ssa9_3156168_3156950.maf
ssa09	LG15	18348097	18348142	ssa9_3156168_3156950.maf
ssa09	LG15	18348144	18348156	ssa9_3156168_3156950.maf
ssa09	LG15	18319330	18319353	ssa9_3183951_3184424.maf
ssa09	LG15	18319371	18319510	ssa9_3183951_3184424.maf
ssa09	LG15	18319510	18319548	ssa9_3183951_3184424.maf
ssa09	LG15	18311462	18311482	ssa9_3196068_3196790.maf
ssa09	LG15	18311482	18311519	ssa9_3196068_3196790.maf
ssa09	LG15	18311533	18311554	ssa9_3196068_3196790.maf
ssa09	LG15	18311560	18311611	ssa9_3196068_3196790.maf
ssa09	LG15	4735453	4735477	ssa9_43885124_43885961.maf
ssa09	LG15	4735477	4735550	ssa9_43885124_43885961.maf
ssa09	LG15	7420070	7420111	ssa9_50024288_50024821.maf
ssa09	LG15	7440797	7440837	ssa9_50069147_50069787.maf
ssa09	LG15	7440837	7440857	ssa9_50069147_50069787.maf
ssa09	LG15	7440864	7440887	ssa9_50069147_50069787.maf
ssa09	LG15	7440887	7440904	ssa9_50069147_50069787.maf
ssa09	LG15	8005156	8005200	ssa9_53327683_53328636.maf
ssa09	LG15	8005207	8005219	ssa9_53327683_53328636.maf
ssa09	LG15	8004438	8004451	ssa9_53330699_53331473.maf
ssa09	LG04	27945926	27945939	ssa9_56477191_56477651.maf
ssa09	LG15	35370823	35370949	ssa9_6365535_6366446.maf
ssa09	LG15	35370949	35370988	ssa9_6365535_6366446.maf
ssa09	LG04	11491336	11491408	ssa9_73822786_73823222.maf
ssa09	LG04	14959128	14959161	ssa9_79914949_79916306.maf
ssa09	LG04	15958123	15958182	ssa9_81240266_81240628.maf
ssa09	LG04	16569165	16569182	ssa9_82031520_82032263.maf
ssa09	LG04	16579377	16579388	ssa9_82055247_82055838.maf
ssa09	LG04	16579450	16579545	ssa9_82055247_82055838.maf
ssa09	LG04	16587986	16587998	ssa9_82068402_82068961.maf
ssa09	LG04	16595598	16595725	ssa9_82077913_82078426.maf
ssa09	LG04	16603287	16603337	ssa9_82103477_82104226.maf
ssa09	LG04	16603408	16603433	ssa9_82103477_82104226.maf
ssa09	LG04	16603433	16603449	ssa9_82103477_82104226.maf
ssa09	LG04	16763991	16764002	ssa9_82420839_82421757.maf
ssa09	LG04	16764011	16764024	ssa9_82420839_82421757.maf
ssa09	LG04	16798766	16798796	ssa9_82468589_82469155.maf
ssa09	LG04	16798796	16798813	ssa9_82468589_82469155.maf
ssa09	LG04	16853409	16853438	ssa9_82597304_82598195.maf
ssa09	LG04	16854915	16854925	ssa9_82600769_82601163.maf
ssa09	LG04	16854982	16854995	ssa9_82600769_82601163.maf
ssa09	LG04	17046325	17046361	ssa9_82951610_82953002.maf
ssa09	LG04	17046362	17046400	ssa9_82951610_82953002.maf
ssa09	LG04	17046400	17046458	ssa9_82951610_82953002.maf
ssa09	LG04	17046458	17046472	ssa9_82951610_82953002.maf
ssa09	LG04	17046472	17046532	ssa9_82951610_82953002.maf
ssa09	LG04	17046532	17046548	ssa9_82951610_82953002.maf
ssa09	LG04	17046553	17046563	ssa9_82951610_82953002.maf
ssa09	LG04	17047685	17047717	ssa9_82951610_82953002.maf
ssa09	LG04	17047717	17047738	ssa9_82951610_82953002.maf
ssa09	LG04	17047738	17047799	ssa9_82951610_82953002.maf
ssa09	LG04	17047799	17047818	ssa9_82951610_82953002.maf
ssa09	LG04	17047818	17047881	ssa9_82951610_82953002.maf
ssa09	LG04	17048009	17048035	ssa9_82951610_82953002.maf
ssa09	LG04	17048035	17048074	ssa9_82951610_82953002.maf
ssa09	LG04	17048074	17048156	ssa9_82951610_82953002.maf
ssa09	LG04	17048156	17048300	ssa9_82951610_82953002.maf
ssa09	LG04	17056274	17056440	ssa9_82967266_82967820.maf
ssa09	LG04	17084212	17084287	ssa9_83023056_83025023.maf
ssa09	LG04	17096163	17096193	ssa9_83047163_83048492.maf
ssa09	LG04	17096470	17096485	ssa9_83047163_83048492.maf
ssa09	LG04	17096485	17096540	ssa9_83047163_83048492.maf
ssa09	LG04	17096540	17096555	ssa9_83047163_83048492.maf
ssa09	LG04	17096733	17096746	ssa9_83047163_83048492.maf
ssa09	LG04	17097116	17097153	ssa9_83049972_83050530.maf
ssa09	LG04	17097153	17097201	ssa9_83049972_83050530.maf
ssa09	LG04	17097201	17097252	ssa9_83049972_83050530.maf
ssa09	LG04	17101436	17101503	ssa9_83055847_83056789.maf
ssa09	LG04	17101518	17101589	ssa9_83055847_83056789.maf
ssa09	LG04	17101845	17101885	ssa9_83055847_83056789.maf
ssa09	LG04	17109022	17109036	ssa9_83071841_83073761.maf
ssa09	LG04	17109043	17109064	ssa9_83071841_83073761.maf
ssa09	LG04	17109251	17109297	ssa9_83071841_83073761.maf
ssa09	LG04	17109385	17109397	ssa9_83071841_83073761.maf
ssa09	LG04	17110212	17110230	ssa9_83071841_83073761.maf
ssa09	LG04	17110230	17110290	ssa9_83071841_83073761.maf
ssa09	LG04	17110291	17110348	ssa9_83071841_83073761.maf
ssa09	LG04	17110348	17110370	ssa9_83071841_83073761.maf
ssa09	LG04	17110404	17110480	ssa9_83071841_83073761.maf
ssa09	LG04	17110480	17110506	ssa9_83071841_83073761.maf
ssa09	LG04	17110510	17110522	ssa9_83071841_83073761.maf
ssa09	LG04	17110522	17110534	ssa9_83071841_83073761.maf
ssa09	LG04	17129914	17129941	ssa9_83230684_83231589.maf
ssa09	LG04	17129941	17130148	ssa9_83230684_83231589.maf
ssa09	LG04	17134720	17134744	ssa9_83253843_83254678.maf
ssa09	LG04	17134810	17134871	ssa9_83253843_83254678.maf
ssa09	LG04	17134883	17134899	ssa9_83253843_83254678.maf
ssa09	LG04	17134899	17134912	ssa9_83253843_83254678.maf
ssa09	LG04	17137385	17137425	ssa9_83265628_83266671.maf
ssa09	LG04	17137425	17137438	ssa9_83265628_83266671.maf
ssa09	LG04	17137705	17137801	ssa9_83265628_83266671.maf
ssa09	LG04	17138351	17138368	ssa9_83267417_83268233.maf
ssa09	LG04	17138445	17138459	ssa9_83267417_83268233.maf
ssa09	LG04	17156643	17156699	ssa9_83362042_83362635.maf
ssa09	LG04	17156699	17156750	ssa9_83362042_83362635.maf
ssa09	LG04	17156848	17156863	ssa9_83362042_83362635.maf
ssa09	LG04	17160011	17160033	ssa9_83364262_83364644.maf
ssa09	LG04	17160033	17160103	ssa9_83364262_83364644.maf
ssa09	LG04	17162288	17162314	ssa9_83367345_83367846.maf
ssa09	LG04	17162314	17162330	ssa9_83367345_83367846.maf
ssa09	LG04	17162330	17162348	ssa9_83367345_83367846.maf
ssa09	LG04	17162352	17162371	ssa9_83367345_83367846.maf
ssa09	LG04	17162378	17162442	ssa9_83367345_83367846.maf
ssa09	LG04	17179738	17179770	ssa9_83420137_83420619.maf
ssa09	LG04	17185103	17185127	ssa9_83423694_83425884.maf
ssa09	LG04	17185162	17185189	ssa9_83423694_83425884.maf
ssa09	LG04	17186504	17186523	ssa9_83423694_83425884.maf
ssa09	LG04	17188646	17188673	ssa9_83428993_83429336.maf
ssa09	LG04	17188674	17188689	ssa9_83428993_83429336.maf
ssa09	LG04	17188689	17188742	ssa9_83428993_83429336.maf
ssa09	LG04	17188742	17188760	ssa9_83428993_83429336.maf
ssa09	LG04	17188769	17188792	ssa9_83428993_83429336.maf
ssa09	LG04	17188792	17188803	ssa9_83428993_83429336.maf
ssa09	LG04	17188831	17188863	ssa9_83428993_83429336.maf
ssa09	LG04	17191215	17191248	ssa9_83431501_83432577.maf
ssa09	LG04	17191248	17191313	ssa9_83431501_83432577.maf
ssa09	LG04	17191322	17191427	ssa9_83431501_83432577.maf
ssa09	LG04	17191429	17191440	ssa9_83431501_83432577.maf
ssa09	LG04	17195190	17195223	ssa9_83439288_83440157.maf
ssa09	LG04	17195223	17195257	ssa9_83439288_83440157.maf
ssa09	LG04	17195288	17195321	ssa9_83439288_83440157.maf
ssa09	LG04	17195367	17195384	ssa9_83439288_83440157.maf
ssa09	LG04	17195466	17195481	ssa9_83439288_83440157.maf
ssa09	LG04	17195481	17195494	ssa9_83439288_83440157.maf
ssa09	LG04	17196460	17196498	ssa9_83440854_83441432.maf
ssa09	LG04	17196506	17196549	ssa9_83440854_83441432.maf
ssa09	LG04	17196628	17196640	ssa9_83440854_83441432.maf
ssa09	LG04	17197404	17197424	ssa9_83457667_83458650.maf
ssa09	LG04	17200529	17200577	ssa9_83471832_83473478.maf
ssa09	LG04	17200682	17200693	ssa9_83471832_83473478.maf
ssa09	LG04	17201969	17202000	ssa9_83471832_83473478.maf
ssa09	LG04	17202032	17202057	ssa9_83471832_83473478.maf
ssa09	LG04	17202057	17202076	ssa9_83471832_83473478.maf
ssa09	LG04	17202113	17202169	ssa9_83471832_83473478.maf
ssa09	LG04	17202846	17202860	ssa9_83471832_83473478.maf
ssa09	LG04	17203268	17203370	ssa9_83474604_83475035.maf
ssa09	LG04	17203379	17203400	ssa9_83474604_83475035.maf
ssa09	LG04	17230192	17230276	ssa9_83508453_83509206.maf
ssa09	LG04	17249990	17250005	ssa9_83524165_83524365.maf
ssa09	LG04	20340468	20340483	ssa9_87715407_87716106.maf
ssa09	LG04	20340625	20340638	ssa9_87715407_87716106.maf
ssa09	LG04	18295166	18295206	ssa9_89109842_89110210.maf
ssa09	LG04	18385617	18385640	ssa9_89264942_89265941.maf
ssa09	LG04	18385640	18385764	ssa9_89264942_89265941.maf
ssa09	LG04	18385769	18385783	ssa9_89264942_89265941.maf
ssa09	LG04	8533590	8533648	ssa9_96367178_96367519.maf
