ssa10	LG19	6657025	6657037	ssa10_106798136_106799226.maf
ssa10	LG19	6657101	6657152	ssa10_106798136_106799226.maf
ssa10	LG19	8546957	8547026	ssa10_108329360_108329986.maf
ssa10	LG19	8547026	8547049	ssa10_108329360_108329986.maf
ssa10	LG19	8547049	8547087	ssa10_108329360_108329986.maf
ssa10	LG19	8547091	8547103	ssa10_108329360_108329986.maf
ssa10	LG19	8547103	8547125	ssa10_108329360_108329986.maf
ssa10	LG19	8547125	8547153	ssa10_108329360_108329986.maf
ssa10	LG19	8547153	8547187	ssa10_108329360_108329986.maf
ssa10	LG19	8547188	8547199	ssa10_108329360_108329986.maf
ssa10	LG19	8547200	8547216	ssa10_108329360_108329986.maf
ssa10	LG19	8547220	8547287	ssa10_108329360_108329986.maf
ssa10	LG08	2428356	2428437	ssa10_11086857_11087254.maf
ssa10	LG19	11845490	11845515	ssa10_115090733_115091716.maf
ssa10	LG19	11845515	11845526	ssa10_115090733_115091716.maf
ssa10	LG19	11845526	11845655	ssa10_115090733_115091716.maf
ssa10	LG19	11845655	11845667	ssa10_115090733_115091716.maf
ssa10	LG19	11845746	11845781	ssa10_115090733_115091716.maf
ssa10	LG19	11845816	11845841	ssa10_115090733_115091716.maf
ssa10	LG19	12056094	12056127	ssa10_115625114_115625609.maf
ssa10	LG19	12430338	12430399	ssa10_116363582_116364527.maf
ssa10	LG19	12430399	12430451	ssa10_116363582_116364527.maf
ssa10	LG08	8493244	8493349	ssa10_15113524_15114259.maf
ssa10	LG08	8052885	8052950	ssa10_15777973_15778576.maf
ssa10	LG08	11696548	11696577	ssa10_20707215_20708054.maf
ssa10	LG08	12144630	12144646	ssa10_21357548_21357896.maf
ssa10	LG08	12144655	12144678	ssa10_21357548_21357896.maf
ssa10	LG08	12144678	12144688	ssa10_21357548_21357896.maf
ssa10	LG08	12144694	12144761	ssa10_21357548_21357896.maf
ssa10	LG08	12144761	12144793	ssa10_21357548_21357896.maf
ssa10	LG08	13432704	13432739	ssa10_22928938_22929363.maf
ssa10	LG08	13432845	13432857	ssa10_22928938_22929363.maf
ssa10	LG08	13432857	13432875	ssa10_22928938_22929363.maf
ssa10	LG08	28300220	28300280	ssa10_43514217_43515111.maf
ssa10	LG08	28301017	28301072	ssa10_43514217_43515111.maf
ssa10	LG08	28301081	28301107	ssa10_43514217_43515111.maf
ssa10	LG08	29182891	29182926	ssa10_45088996_45089439.maf
ssa10	LG19	31695449	31695590	ssa10_80140008_80141137.maf
ssa10	LG19	31620834	31620893	ssa10_80261622_80261967.maf
ssa10	LG19	31620893	31620956	ssa10_80261622_80261967.maf
ssa10	LG19	31621084	31621141	ssa10_80261622_80261967.maf
ssa10	LG19	30205041	30205076	ssa10_82145263_82145775.maf
ssa10	LG19	30205076	30205091	ssa10_82145263_82145775.maf
ssa10	LG19	30205091	30205108	ssa10_82145263_82145775.maf
ssa10	LG19	30017878	30017990	ssa10_82317119_82317699.maf
ssa10	LG19	25267132	25267171	ssa10_88689886_88690269.maf
ssa10	LG19	25267323	25267368	ssa10_88689886_88690269.maf
ssa10	LG19	25267368	25267392	ssa10_88689886_88690269.maf
ssa10	LG19	25126993	25127006	ssa10_88845463_88846049.maf
ssa10	LG19	25127008	25127036	ssa10_88845463_88846049.maf
ssa10	LG19	25127036	25127117	ssa10_88845463_88846049.maf
ssa10	LG19	25127117	25127147	ssa10_88845463_88846049.maf
ssa10	LG19	25127156	25127174	ssa10_88845463_88846049.maf
ssa10	LG19	25127182	25127199	ssa10_88845463_88846049.maf
ssa10	LG19	25127201	25127221	ssa10_88845463_88846049.maf
ssa10	LG19	25127270	25127286	ssa10_88845463_88846049.maf
ssa10	LG19	25127294	25127352	ssa10_88845463_88846049.maf
ssa10	LG19	25127352	25127365	ssa10_88845463_88846049.maf
ssa10	LG19	24969989	24970010	ssa10_88971341_88971995.maf
ssa10	LG19	23578908	23578937	ssa10_90540946_90541585.maf
ssa10	LG19	23579140	23579154	ssa10_90540946_90541585.maf
ssa10	LG19	23579197	23579273	ssa10_90540946_90541585.maf
ssa10	LG19	23579273	23579337	ssa10_90540946_90541585.maf
ssa11	LG02	32600569	32600582	ssa11_14106759_14107585.maf
ssa11	LG02	32600582	32600609	ssa11_14106759_14107585.maf
ssa11	LG02	32600609	32600619	ssa11_14106759_14107585.maf
ssa11	LG02	32600674	32600698	ssa11_14106759_14107585.maf
ssa11	LG02	32600698	32600751	ssa11_14106759_14107585.maf
ssa11	LG02	33398679	33398705	ssa11_14783432_14784704.maf
ssa11	LG02	33398705	33398746	ssa11_14783432_14784704.maf
ssa11	LG02	27826275	27826290	ssa11_15299456_15300407.maf
ssa11	LG02	27826290	27826305	ssa11_15299456_15300407.maf
ssa11	LG02	27826361	27826378	ssa11_15299456_15300407.maf
ssa11	LG02	27826378	27826397	ssa11_15299456_15300407.maf
ssa11	LG02	27826424	27826532	ssa11_15299456_15300407.maf
ssa11	LG02	27821302	27821353	ssa11_15305727_15306294.maf
ssa11	LG02	27821353	27821445	ssa11_15305727_15306294.maf
ssa11	LG02	27335395	27335430	ssa11_15851431_15851705.maf
ssa11	LG02	25582550	25582561	ssa11_17666371_17667410.maf
ssa11	LG02	25582562	25582614	ssa11_17666371_17667410.maf
ssa11	LG02	25582614	25582625	ssa11_17666371_17667410.maf
ssa11	LG02	25582625	25582664	ssa11_17666371_17667410.maf
ssa11	LG02	25582664	25582675	ssa11_17666371_17667410.maf
ssa11	LG02	25582675	25582706	ssa11_17666371_17667410.maf
ssa11	LG02	25582715	25582734	ssa11_17666371_17667410.maf
ssa11	LG02	25582734	25582769	ssa11_17666371_17667410.maf
ssa11	LG02	25582772	25582928	ssa11_17666371_17667410.maf
ssa11	LG02	25582928	25582978	ssa11_17666371_17667410.maf
ssa11	LG02	25583046	25583098	ssa11_17666371_17667410.maf
ssa11	LG02	23579450	23579498	ssa11_19524679_19526021.maf
ssa11	LG02	23579571	23579583	ssa11_19524679_19526021.maf
ssa11	LG02	23579638	23579743	ssa11_19524679_19526021.maf
ssa11	LG02	23579743	23579897	ssa11_19524679_19526021.maf
ssa11	LG02	23580115	23580162	ssa11_19524679_19526021.maf
ssa11	LG02	23580162	23580178	ssa11_19524679_19526021.maf
ssa11	LG02	23580178	23580213	ssa11_19524679_19526021.maf
ssa11	LG02	17818699	17818739	ssa11_25986132_25987555.maf
ssa11	LG02	11417579	11417609	ssa11_34575697_34576070.maf
ssa11	LG02	10594472	10594495	ssa11_35945385_35946527.maf
ssa11	LG02	10594495	10594553	ssa11_35945385_35946527.maf
ssa11	LG02	10594553	10594573	ssa11_35945385_35946527.maf
ssa11	LG14	10482171	10482188	ssa11_65713185_65714238.maf
ssa11	LG14	12866223	12866252	ssa11_70429256_70429973.maf
ssa11	LG14	23611186	23611237	ssa11_87181076_87181504.maf
ssa11	LG07	36629406	36629431	ssa11_88479736_88480685.maf
ssa11	LG07	36629431	36629462	ssa11_88479736_88480685.maf
ssa11	LG07	36629462	36629472	ssa11_88479736_88480685.maf
ssa11	LG07	36629695	36629728	ssa11_88479736_88480685.maf
ssa11	LG07	36629728	36629764	ssa11_88479736_88480685.maf
ssa11	LG07	36629770	36629781	ssa11_88479736_88480685.maf
ssa11	LG07	39325187	39325249	ssa11_91888718_91889623.maf
ssa11	LG07	40601229	40601257	ssa11_93737762_93738098.maf
ssa12	LG09	15906639	15906663	ssa12_29649996_29650366.maf
ssa12	LG09	15906663	15906694	ssa12_29649996_29650366.maf
ssa12	LG09	15906694	15906772	ssa12_29649996_29650366.maf
ssa12	LG09	19925391	19925430	ssa12_33190055_33191076.maf
ssa12	LG09	19925430	19925598	ssa12_33190055_33191076.maf
ssa12	LG09	19925661	19925693	ssa12_33190055_33191076.maf
ssa12	LG09	19925711	19925783	ssa12_33190055_33191076.maf
ssa12	LG17	12717451	12717482	ssa12_54413217_54414528.maf
ssa12	LG17	18770670	18770699	ssa12_63086423_63087425.maf
ssa12	LG17	18770711	18770726	ssa12_63086423_63087425.maf
ssa12	LG17	22908449	22908519	ssa12_68775959_68776437.maf
ssa12	LG17	22908520	22908536	ssa12_68775959_68776437.maf
ssa12	LG17	22908536	22908571	ssa12_68775959_68776437.maf
ssa12	LG17	23642279	23642481	ssa12_69396770_69397346.maf
ssa12	LG17	28405862	28405907	ssa12_75720936_75722082.maf
ssa12	LG17	28405909	28405974	ssa12_75720936_75722082.maf
ssa12	LG17	28406471	28406551	ssa12_75720936_75722082.maf
ssa12	LG17	28406565	28406600	ssa12_75720936_75722082.maf
ssa12	LG17	28406712	28406725	ssa12_75720936_75722082.maf
ssa12	LG17	28406749	28406780	ssa12_75720936_75722082.maf
ssa12	LG17	28406780	28406793	ssa12_75720936_75722082.maf
ssa12	LG17	30382446	30382471	ssa12_78782728_78783046.maf
ssa12	LG17	43216876	43216952	ssa12_92267290_92267748.maf
ssa12	LG17	43217007	43217042	ssa12_92267290_92267748.maf
ssa12	LG17	43217042	43217113	ssa12_92267290_92267748.maf
ssa12	LG17	43217180	43217197	ssa12_92267290_92267748.maf
ssa13	LG14	31565363	31565375	ssa13_101540672_101541884.maf
ssa13	LG14	31818141	31818167	ssa13_102050234_102050770.maf
ssa13	LG14	31818167	31818200	ssa13_102050234_102050770.maf
ssa13	LG14	31837282	31837345	ssa13_102078086_102079072.maf
ssa13	LG14	32503634	32503798	ssa13_103020072_103020434.maf
ssa13	LG14	32503864	32503876	ssa13_103020072_103020434.maf
ssa13	LG14	33254980	33254993	ssa13_104147556_104148587.maf
ssa13	LG14	33254993	33255005	ssa13_104147556_104148587.maf
ssa13	LG14	33255009	33255127	ssa13_104147556_104148587.maf
ssa13	LG12	19351278	19351296	ssa13_12984210_12984888.maf
ssa13	LG12	19351339	19351456	ssa13_12984210_12984888.maf
ssa13	LG12	19351456	19351495	ssa13_12984210_12984888.maf
ssa13	LG12	19351495	19351555	ssa13_12984210_12984888.maf
ssa13	LG12	18896370	18896395	ssa13_13790966_13791924.maf
ssa13	LG12	18896395	18896455	ssa13_13790966_13791924.maf
ssa13	LG12	26409609	26409633	ssa13_19469704_19470281.maf
ssa13	LG12	26409685	26409710	ssa13_19469704_19470281.maf
ssa13	LG12	26409710	26409740	ssa13_19469704_19470281.maf
ssa13	LG12	26410852	26410879	ssa13_19469704_19470281.maf
ssa13	LG12	26410879	26410921	ssa13_19469704_19470281.maf
ssa13	LG12	26410921	26410940	ssa13_19469704_19470281.maf
ssa13	LG12	26684807	26684829	ssa13_19991129_19992186.maf
ssa13	LG12	26684845	26684872	ssa13_19991129_19992186.maf
ssa13	LG12	26684872	26684973	ssa13_19991129_19992186.maf
ssa13	LG12	26684977	26685005	ssa13_19991129_19992186.maf
ssa13	LG12	26685009	26685019	ssa13_19991129_19992186.maf
ssa13	LG12	26685021	26685038	ssa13_19991129_19992186.maf
ssa13	LG12	28286722	28286781	ssa13_21481650_21482625.maf
ssa13	LG12	28286826	28286854	ssa13_21481650_21482625.maf
ssa13	LG12	29206856	29206917	ssa13_22820450_22821291.maf
ssa13	LG12	29207282	29207329	ssa13_22820450_22821291.maf
ssa13	LG12	24338019	24338041	ssa13_28328461_28329254.maf
ssa13	LG12	24338041	24338052	ssa13_28328461_28329254.maf
ssa13	LG12	24338052	24338066	ssa13_28328461_28329254.maf
ssa13	LG12	24338066	24338128	ssa13_28328461_28329254.maf
ssa13	LG12	9476207	9476238	ssa13_39998754_39999645.maf
ssa13	LG12	9476652	9476693	ssa13_39998754_39999645.maf
ssa13	LG12	9476693	9476728	ssa13_39998754_39999645.maf
ssa13	LG12	9476728	9476774	ssa13_39998754_39999645.maf
ssa13	LG12	5504280	5504291	ssa13_48396226_48397430.maf
ssa13	LG12	5505271	5505283	ssa13_48396226_48397430.maf
ssa13	LG12	5505294	5505355	ssa13_48396226_48397430.maf
ssa13	LG12	5505355	5505365	ssa13_48396226_48397430.maf
ssa13	LG07	16726182	16726265	ssa13_72282463_72282623.maf
ssa13	LG07	14680296	14680357	ssa13_75123045_75123921.maf
ssa13	LG07	14680357	14680390	ssa13_75123045_75123921.maf
ssa13	LG14	25711240	25711256	ssa13_92855328_92856139.maf
ssa13	LG14	25711256	25711329	ssa13_92855328_92856139.maf
ssa13	LG14	25711329	25711374	ssa13_92855328_92856139.maf
ssa13	LG14	25794688	25794775	ssa13_93005642_93006408.maf
ssa13	LG14	25794807	25794833	ssa13_93005642_93006408.maf
ssa13	LG14	25794833	25794899	ssa13_93005642_93006408.maf
ssa13	LG14	25794940	25794971	ssa13_93005642_93006408.maf
ssa13	LG14	25794976	25794993	ssa13_93005642_93006408.maf
ssa13	LG14	25794993	25795047	ssa13_93005642_93006408.maf
ssa13	LG14	25795047	25795075	ssa13_93005642_93006408.maf
ssa13	LG14	25795075	25795116	ssa13_93005642_93006408.maf
ssa13	LG14	25795116	25795156	ssa13_93005642_93006408.maf
ssa13	LG14	28209519	28209583	ssa13_96374810_96375743.maf
ssa13	LG14	28334610	28334632	ssa13_96528253_96528635.maf
ssa13	LG14	28334632	28334675	ssa13_96528253_96528635.maf
ssa13	LG14	28334683	28334773	ssa13_96528253_96528635.maf
ssa14	LG03	24902929	24902975	ssa14_24118131_24118870.maf
ssa14	LG03	24902977	24902993	ssa14_24118131_24118870.maf
ssa14	LG03	24902996	24903057	ssa14_24118131_24118870.maf
ssa14	LG03	24903381	24903400	ssa14_24118131_24118870.maf
ssa14	LG03	24903403	24903507	ssa14_24118131_24118870.maf
ssa14	LG03	24187964	24188014	ssa14_24881315_24882212.maf
ssa14	LG03	24188016	24188030	ssa14_24881315_24882212.maf
ssa14	LG03	15969131	15969192	ssa14_37817356_37818264.maf
ssa14	LG03	15969600	15969643	ssa14_37817356_37818264.maf
ssa14	LG03	15969643	15969689	ssa14_37817356_37818264.maf
ssa14	LG03	15744028	15744065	ssa14_38212970_38213510.maf
ssa14	LG03	15744194	15744232	ssa14_38212970_38213510.maf
ssa14	LG03	15744301	15744313	ssa14_38212970_38213510.maf
ssa14	LG03	14889881	14889892	ssa14_39726430_39727145.maf
ssa14	LG03	14646949	14646991	ssa14_40291208_40291710.maf
ssa14	LG03	14646991	14647073	ssa14_40291208_40291710.maf
ssa14	LG10	22105222	22105246	ssa14_62490397_62490998.maf
ssa14	LG10	17647050	17647118	ssa14_67682758_67683413.maf
ssa14	LG10	17647118	17647146	ssa14_67682758_67683413.maf
ssa14	LG10	16300219	16300349	ssa14_70322028_70322987.maf
ssa14	LG10	13882915	13882936	ssa14_74319930_74320394.maf
ssa14	LG10	13882936	13882954	ssa14_74319930_74320394.maf
ssa14	LG10	13882954	13882965	ssa14_74319930_74320394.maf
ssa14	LG10	13882965	13883024	ssa14_74319930_74320394.maf
ssa14	LG10	13883058	13883109	ssa14_74319930_74320394.maf
ssa14	LG10	13051120	13051229	ssa14_78716187_78717732.maf
ssa14	LG10	13051373	13051395	ssa14_78716187_78717732.maf
ssa14	LG10	13051462	13051504	ssa14_78716187_78717732.maf
ssa14	LG10	13051538	13051743	ssa14_78716187_78717732.maf
ssa14	LG10	13051776	13051792	ssa14_78716187_78717732.maf
ssa14	LG10	13051792	13051865	ssa14_78716187_78717732.maf
ssa14	LG10	5159977	5160043	ssa14_84398938_84399852.maf
ssa14	LG10	5160188	5160231	ssa14_84398938_84399852.maf
ssa14	LG10	10265281	10265329	ssa14_90589120_90589563.maf
ssa15	LG12	5030610	5030666	ssa15_100725505_100726540.maf
ssa15	LG12	5030666	5030677	ssa15_100725505_100726540.maf
ssa15	LG12	5030767	5030887	ssa15_100725505_100726540.maf
ssa15	LG12	5030887	5030907	ssa15_100725505_100726540.maf
ssa15	LG12	5030907	5030923	ssa15_100725505_100726540.maf
ssa15	LG12	4971824	4971904	ssa15_100976501_100977199.maf
ssa15	LG12	4971952	4972031	ssa15_100976501_100977199.maf
ssa15	LG12	4972031	4972055	ssa15_100976501_100977199.maf
ssa15	LG12	4972128	4972189	ssa15_100976501_100977199.maf
ssa15	LG12	4344955	4345025	ssa15_102122280_102123095.maf
ssa15	LG12	3926787	3926798	ssa15_103175130_103175799.maf
ssa15	LG12	3919403	3919450	ssa15_103190044_103190372.maf
ssa15	LG12	3919450	3919464	ssa15_103190044_103190372.maf
ssa15	LG12	3918122	3918150	ssa15_103191943_103192511.maf
ssa15	LG12	3918159	3918208	ssa15_103191943_103192511.maf
ssa15	LG12	3716118	3716149	ssa15_103357515_103358384.maf
ssa15	LG12	3716289	3716341	ssa15_103357515_103358384.maf
ssa15	LG12	3622897	3622912	ssa15_103594965_103595485.maf
ssa15	LG12	3622950	3623009	ssa15_103594965_103595485.maf
ssa15	LG12	3623009	3623044	ssa15_103594965_103595485.maf
ssa15	LG12	3623044	3623067	ssa15_103594965_103595485.maf
ssa15	LG12	3623077	3623087	ssa15_103594965_103595485.maf
ssa15	LG12	3623164	3623186	ssa15_103594965_103595485.maf
ssa15	LG12	3596319	3596454	ssa15_103666460_103667475.maf
ssa15	LG12	3596503	3596536	ssa15_103666460_103667475.maf
ssa15	LG12	2529954	2529964	ssa15_105873384_105873862.maf
ssa15	LG12	2505033	2505072	ssa15_105952915_105953440.maf
ssa15	LG12	2505072	2505126	ssa15_105952915_105953440.maf
ssa15	LG12	2277187	2277223	ssa15_106419010_106419535.maf
ssa15	LG14	5528812	5528824	ssa15_26700137_26701163.maf
ssa15	LG14	5529014	5529029	ssa15_26700137_26701163.maf
ssa15	LG14	5529086	5529189	ssa15_26700137_26701163.maf
ssa15	LG14	5529233	5529247	ssa15_26700137_26701163.maf
ssa15	LG14	4245580	4245611	ssa15_29028222_29028692.maf
ssa15	LG14	4245611	4245629	ssa15_29028222_29028692.maf
ssa15	LG14	4245629	4245709	ssa15_29028222_29028692.maf
ssa15	LG14	4245709	4245751	ssa15_29028222_29028692.maf
ssa15	LG14	4117194	4117253	ssa15_29255115_29255781.maf
ssa15	LG14	4117253	4117270	ssa15_29255115_29255781.maf
ssa15	LG18	8868208	8868355	ssa15_35032228_35033202.maf
ssa15	LG18	8868666	8868677	ssa15_35032228_35033202.maf
ssa15	LG13	9430351	9430379	ssa15_3718573_3719438.maf
ssa15	LG18	21341725	21341735	ssa15_54259557_54260419.maf
ssa15	LG18	21341782	21341810	ssa15_54259557_54260419.maf
ssa15	LG12	29062356	29062375	ssa15_60160526_60161278.maf
ssa15	LG12	29062375	29062430	ssa15_60160526_60161278.maf
ssa15	LG12	28892392	28892427	ssa15_60544347_60544780.maf
ssa15	LG12	28481670	28481685	ssa15_61058311_61059139.maf
ssa15	LG12	28481685	28481726	ssa15_61058311_61059139.maf
ssa15	LG12	28481728	28481754	ssa15_61058311_61059139.maf
ssa15	LG12	28433440	28433497	ssa15_61132900_61134077.maf
ssa15	LG12	28433497	28433537	ssa15_61132900_61134077.maf
ssa15	LG12	28433633	28433746	ssa15_61132900_61134077.maf
ssa15	LG12	28434097	28434110	ssa15_61132900_61134077.maf
ssa15	LG12	28292358	28292371	ssa15_61458855_61459472.maf
ssa15	LG12	28292382	28292467	ssa15_61458855_61459472.maf
ssa15	LG12	27415584	27415631	ssa15_62322739_62322877.maf
ssa15	LG12	27174841	27174906	ssa15_62578933_62579614.maf
ssa15	LG12	27174906	27174918	ssa15_62578933_62579614.maf
ssa15	LG12	27174919	27175033	ssa15_62578933_62579614.maf
ssa15	LG12	27175033	27175043	ssa15_62578933_62579614.maf
ssa15	LG12	27175406	27175423	ssa15_62578933_62579614.maf
ssa15	LG12	27047865	27047947	ssa15_62832323_62833202.maf
ssa15	LG12	27048161	27048221	ssa15_62832323_62833202.maf
ssa15	LG12	27048366	27048423	ssa15_62832323_62833202.maf
ssa15	LG12	26989204	26989219	ssa15_62939125_62940199.maf
ssa15	LG12	26989219	26989316	ssa15_62939125_62940199.maf
ssa15	LG12	26989316	26989338	ssa15_62939125_62940199.maf
ssa15	LG12	26989574	26989636	ssa15_62939125_62940199.maf
ssa15	LG12	26989636	26989862	ssa15_62939125_62940199.maf
ssa15	LG12	26989913	26989949	ssa15_62939125_62940199.maf
ssa15	LG12	26989949	26989960	ssa15_62939125_62940199.maf
ssa15	LG12	26989960	26989973	ssa15_62939125_62940199.maf
ssa15	LG12	29176776	29176852	ssa15_63744726_63745456.maf
ssa15	LG12	29205622	29205659	ssa15_63804367_63805363.maf
ssa15	LG12	29205750	29205760	ssa15_63804367_63805363.maf
ssa15	LG12	29572010	29572037	ssa15_64293113_64293482.maf
ssa15	LG12	29584983	29585000	ssa15_64304411_64304884.maf
ssa15	LG12	29701803	29701858	ssa15_64488078_64488797.maf
ssa15	LG12	29701858	29701885	ssa15_64488078_64488797.maf
ssa15	LG12	29701885	29701904	ssa15_64488078_64488797.maf
ssa15	LG12	29737952	29738012	ssa15_64560212_64560860.maf
ssa15	LG12	29738036	29738083	ssa15_64560212_64560860.maf
ssa15	LG12	29748501	29748515	ssa15_64568691_64569108.maf
ssa15	LG12	29748515	29748550	ssa15_64568691_64569108.maf
ssa15	LG12	29748553	29748597	ssa15_64568691_64569108.maf
ssa15	LG12	29748597	29748680	ssa15_64568691_64569108.maf
ssa15	LG12	29748680	29748711	ssa15_64568691_64569108.maf
ssa15	LG12	29748792	29748804	ssa15_64568691_64569108.maf
ssa15	LG12	29748804	29748824	ssa15_64568691_64569108.maf
ssa15	LG12	29748835	29748862	ssa15_64568691_64569108.maf
ssa15	LG12	29758676	29758757	ssa15_64579921_64581112.maf
ssa15	LG12	29758757	29758786	ssa15_64579921_64581112.maf
ssa15	LG12	29891753	29891922	ssa15_64652331_64653397.maf
ssa15	LG12	29892272	29892298	ssa15_64652331_64653397.maf
ssa15	LG12	29892302	29892328	ssa15_64652331_64653397.maf
ssa15	LG12	29933139	29933357	ssa15_64707470_64708365.maf
ssa15	LG12	29933467	29933477	ssa15_64707470_64708365.maf
ssa15	LG12	29933477	29933522	ssa15_64707470_64708365.maf
ssa15	LG12	29933522	29933541	ssa15_64707470_64708365.maf
ssa15	LG12	29933943	29933961	ssa15_64707470_64708365.maf
ssa15	LG12	29934077	29934119	ssa15_64707470_64708365.maf
ssa15	LG12	29934119	29934148	ssa15_64707470_64708365.maf
ssa15	LG12	31281447	31281510	ssa15_66234136_66235020.maf
ssa15	LG12	31281640	31281653	ssa15_66234136_66235020.maf
ssa15	LG12	31281653	31281663	ssa15_66234136_66235020.maf
ssa15	LG12	31281674	31281722	ssa15_66234136_66235020.maf
ssa15	LG12	31281722	31281752	ssa15_66234136_66235020.maf
ssa15	LG12	31290367	31290414	ssa15_66238049_66239029.maf
ssa15	LG12	31290414	31290425	ssa15_66238049_66239029.maf
ssa15	LG12	31290425	31290443	ssa15_66238049_66239029.maf
ssa15	LG12	31290850	31290866	ssa15_66238049_66239029.maf
ssa15	LG12	31290877	31290939	ssa15_66238049_66239029.maf
ssa15	LG12	31294132	31294151	ssa15_66266416_66267303.maf
ssa15	LG12	31294151	31294179	ssa15_66266416_66267303.maf
ssa15	LG12	31294305	31294321	ssa15_66266416_66267303.maf
ssa15	LG12	31294321	31294331	ssa15_66266416_66267303.maf
ssa15	LG12	31507110	31507120	ssa15_66494759_66495440.maf
ssa15	LG12	31507151	31507170	ssa15_66494759_66495440.maf
ssa15	LG12	31527771	31527827	ssa15_66515152_66515965.maf
ssa15	LG12	31527869	31527900	ssa15_66515152_66515965.maf
ssa15	LG12	31527900	31527950	ssa15_66515152_66515965.maf
ssa15	LG12	31533135	31533186	ssa15_66536188_66536596.maf
ssa15	LG12	31533186	31533237	ssa15_66536188_66536596.maf
ssa15	LG12	31533237	31533254	ssa15_66536188_66536596.maf
ssa15	LG12	31533254	31533264	ssa15_66536188_66536596.maf
ssa15	LG12	31534349	31534455	ssa15_66537963_66538742.maf
ssa15	LG12	31534733	31534774	ssa15_66537963_66538742.maf
ssa15	LG12	31952957	31952968	ssa15_67050054_67050878.maf
ssa15	LG12	32689826	32689870	ssa15_67904714_67906309.maf
ssa15	LG12	32827267	32827280	ssa15_68098920_68100260.maf
ssa15	LG12	33038786	33038801	ssa15_68327676_68329248.maf
ssa15	LG12	33038910	33038972	ssa15_68327676_68329248.maf
ssa15	LG12	33236229	33236295	ssa15_68496232_68496696.maf
ssa15	LG12	33432917	33432959	ssa15_68643213_68643725.maf
ssa15	LG12	33439667	33439714	ssa15_68656201_68657287.maf
ssa15	LG12	33439714	33439742	ssa15_68656201_68657287.maf
ssa15	LG12	33448076	33448118	ssa15_68675735_68676517.maf
ssa15	LG12	33470501	33470542	ssa15_68701999_68703021.maf
ssa15	LG12	33531559	33531660	ssa15_68753048_68753588.maf
ssa15	LG12	24094267	24094277	ssa15_69538705_69539496.maf
ssa15	LG12	24094277	24094332	ssa15_69538705_69539496.maf
ssa15	LG12	24070938	24070960	ssa15_69570930_69571993.maf
ssa15	LG12	24070967	24070980	ssa15_69570930_69571993.maf
ssa15	LG12	21810030	21810090	ssa15_69916687_69917663.maf
ssa15	LG12	23295241	23295257	ssa15_72024161_72024885.maf
ssa15	LG12	23295260	23295305	ssa15_72024161_72024885.maf
ssa15	LG12	23295307	23295340	ssa15_72024161_72024885.maf
ssa15	LG12	23318374	23318454	ssa15_72041559_72042852.maf
ssa15	LG12	23318454	23318477	ssa15_72041559_72042852.maf
ssa15	LG12	23318482	23318534	ssa15_72041559_72042852.maf
ssa15	LG12	23319599	23319649	ssa15_72041559_72042852.maf
ssa15	LG12	23319649	23319696	ssa15_72041559_72042852.maf
ssa15	LG12	23319790	23319842	ssa15_72041559_72042852.maf
ssa15	LG12	23381307	23381335	ssa15_72115425_72116632.maf
ssa15	LG12	23382004	23382095	ssa15_72115425_72116632.maf
ssa15	LG12	23382102	23382112	ssa15_72115425_72116632.maf
ssa15	LG12	23382119	23382137	ssa15_72115425_72116632.maf
ssa15	LG12	21439102	21439335	ssa15_73597686_73598509.maf
ssa15	LG12	21199520	21199555	ssa15_73917147_73917755.maf
ssa15	LG12	21199555	21199611	ssa15_73917147_73917755.maf
ssa15	LG12	21199659	21199689	ssa15_73917147_73917755.maf
ssa15	LG12	21199836	21199851	ssa15_73917147_73917755.maf
ssa15	LG12	21199895	21199916	ssa15_73917147_73917755.maf
ssa15	LG12	21052693	21052728	ssa15_74211062_74212083.maf
ssa15	LG12	21052769	21052789	ssa15_74211062_74212083.maf
ssa15	LG12	20974511	20974536	ssa15_74406817_74407763.maf
ssa15	LG12	20875708	20875771	ssa15_74576451_74576810.maf
ssa15	LG12	20875771	20875828	ssa15_74576451_74576810.maf
ssa15	LG12	20875828	20875868	ssa15_74576451_74576810.maf
ssa15	LG12	20875872	20875888	ssa15_74576451_74576810.maf
ssa15	LG12	19916725	19916752	ssa15_76099669_76100283.maf
ssa15	LG12	19851708	19851772	ssa15_76197709_76198449.maf
ssa15	LG12	19365536	19365613	ssa15_76800426_76801051.maf
ssa15	LG12	19365782	19365802	ssa15_76800426_76801051.maf
ssa15	LG12	19365815	19365838	ssa15_76800426_76801051.maf
ssa15	LG12	19364046	19364075	ssa15_76801730_76802748.maf
ssa15	LG12	19355117	19355283	ssa15_76811071_76811472.maf
ssa15	LG12	19339123	19339277	ssa15_76844014_76844759.maf
ssa15	LG12	19339356	19339368	ssa15_76844014_76844759.maf
ssa15	LG12	19339368	19339388	ssa15_76844014_76844759.maf
ssa15	LG12	19339388	19339401	ssa15_76844014_76844759.maf
ssa15	LG12	18595269	18595299	ssa15_77935429_77936389.maf
ssa15	LG12	18595468	18595489	ssa15_77935429_77936389.maf
ssa15	LG12	18563828	18563910	ssa15_77963600_77964018.maf
ssa15	LG12	18563917	18563942	ssa15_77963600_77964018.maf
ssa15	LG12	18563942	18563969	ssa15_77963600_77964018.maf
ssa15	LG12	18551334	18551350	ssa15_77972052_77972414.maf
ssa15	LG12	18551446	18551468	ssa15_77972052_77972414.maf
ssa15	LG12	18551468	18551481	ssa15_77972052_77972414.maf
ssa15	LG12	18551481	18551601	ssa15_77972052_77972414.maf
ssa15	LG12	18551604	18551638	ssa15_77972052_77972414.maf
ssa15	LG12	17342482	17342606	ssa15_79915928_79916453.maf
ssa15	LG12	17034136	17034206	ssa15_80243232_80244138.maf
ssa15	LG12	16438410	16438439	ssa15_81122076_81122728.maf
ssa15	LG12	16438439	16438520	ssa15_81122076_81122728.maf
ssa15	LG12	16438520	16438543	ssa15_81122076_81122728.maf
ssa15	LG12	16438551	16438581	ssa15_81122076_81122728.maf
ssa15	LG12	16366473	16366507	ssa15_81181899_81182584.maf
ssa15	LG12	16360322	16360401	ssa15_81187139_81187839.maf
ssa15	LG12	16360401	16360422	ssa15_81187139_81187839.maf
ssa15	LG12	16354325	16354377	ssa15_81207469_81207899.maf
ssa15	LG12	16334395	16334466	ssa15_81225839_81227189.maf
ssa15	LG12	16334567	16334679	ssa15_81225839_81227189.maf
ssa15	LG12	16335069	16335089	ssa15_81225839_81227189.maf
ssa15	LG12	16335089	16335142	ssa15_81225839_81227189.maf
ssa15	LG12	16209583	16209654	ssa15_81430967_81431792.maf
ssa15	LG12	16209896	16209915	ssa15_81430967_81431792.maf
ssa15	LG12	16209915	16209948	ssa15_81430967_81431792.maf
ssa15	LG12	16210065	16210119	ssa15_81430967_81431792.maf
ssa15	LG12	16210139	16210159	ssa15_81430967_81431792.maf
ssa15	LG12	15323223	15323303	ssa15_82802562_82803429.maf
ssa15	LG12	15096506	15096594	ssa15_83099804_83100908.maf
ssa15	LG12	15096643	15096657	ssa15_83099804_83100908.maf
ssa15	LG12	15092099	15092122	ssa15_83113010_83113169.maf
ssa15	LG12	14542085	14542111	ssa15_83798056_83798852.maf
ssa15	LG12	14542111	14542187	ssa15_83798056_83798852.maf
ssa15	LG12	14542187	14542198	ssa15_83798056_83798852.maf
ssa15	LG12	14542211	14542241	ssa15_83798056_83798852.maf
ssa15	LG12	14542241	14542253	ssa15_83798056_83798852.maf
ssa15	LG12	14542253	14542285	ssa15_83798056_83798852.maf
ssa15	LG12	14542496	14542508	ssa15_83798056_83798852.maf
ssa15	LG12	14542621	14542640	ssa15_83798056_83798852.maf
ssa15	LG12	14542640	14542682	ssa15_83798056_83798852.maf
ssa15	LG12	14542682	14542703	ssa15_83798056_83798852.maf
ssa15	LG12	14386992	14387025	ssa15_83973138_83974147.maf
ssa15	LG12	14387033	14387049	ssa15_83973138_83974147.maf
ssa15	LG12	14387468	14387497	ssa15_83973138_83974147.maf
ssa15	LG12	14372873	14372888	ssa15_83992322_83992970.maf
ssa15	LG12	14373155	14373169	ssa15_83992322_83992970.maf
ssa15	LG12	14249646	14249740	ssa15_84153152_84154190.maf
ssa15	LG12	14250823	14250896	ssa15_84153152_84154190.maf
ssa15	LG12	14251144	14251240	ssa15_84153152_84154190.maf
ssa15	LG12	14248930	14249004	ssa15_84163179_84163774.maf
ssa15	LG12	14249196	14249283	ssa15_84163179_84163774.maf
ssa15	LG12	14246943	14246965	ssa15_84167060_84167866.maf
ssa15	LG12	14246965	14247012	ssa15_84167060_84167866.maf
ssa15	LG12	14247195	14247271	ssa15_84167060_84167866.maf
ssa15	LG12	14193716	14193766	ssa15_84233966_84234518.maf
ssa15	LG12	14187927	14187947	ssa15_84238538_84239268.maf
ssa15	LG12	14187979	14188003	ssa15_84238538_84239268.maf
ssa15	LG12	13687788	13687801	ssa15_84959793_84961112.maf
ssa15	LG12	13687805	13687833	ssa15_84959793_84961112.maf
ssa15	LG12	13688140	13688173	ssa15_84959793_84961112.maf
ssa15	LG12	13688173	13688325	ssa15_84959793_84961112.maf
ssa15	LG12	13688333	13688349	ssa15_84959793_84961112.maf
ssa15	LG12	13688349	13688367	ssa15_84959793_84961112.maf
ssa15	LG12	13688367	13688391	ssa15_84959793_84961112.maf
ssa15	LG12	13688391	13688423	ssa15_84959793_84961112.maf
ssa15	LG12	13186021	13186080	ssa15_85630515_85631371.maf
ssa15	LG12	13186080	13186092	ssa15_85630515_85631371.maf
ssa15	LG12	13186463	13186477	ssa15_85630515_85631371.maf
ssa15	LG12	13186482	13186517	ssa15_85630515_85631371.maf
ssa15	LG12	13186517	13186612	ssa15_85630515_85631371.maf
ssa15	LG12	13157377	13157470	ssa15_85673230_85673753.maf
ssa15	LG12	13157470	13157518	ssa15_85673230_85673753.maf
ssa15	LG12	13157518	13157529	ssa15_85673230_85673753.maf
ssa15	LG12	13157640	13157652	ssa15_85673230_85673753.maf
ssa15	LG12	13157652	13157683	ssa15_85673230_85673753.maf
ssa15	LG12	13156313	13156353	ssa15_85674206_85674547.maf
ssa15	LG12	13140712	13140735	ssa15_85694172_85695300.maf
ssa15	LG12	13140735	13140770	ssa15_85694172_85695300.maf
ssa15	LG12	13140770	13140793	ssa15_85694172_85695300.maf
ssa15	LG12	13140793	13140819	ssa15_85694172_85695300.maf
ssa15	LG12	13141252	13141307	ssa15_85694172_85695300.maf
ssa15	LG12	13141327	13141350	ssa15_85694172_85695300.maf
ssa15	LG12	13141359	13141370	ssa15_85694172_85695300.maf
ssa15	LG12	13112427	13112448	ssa15_85730596_85731097.maf
ssa15	LG12	13079625	13079636	ssa15_85793132_85794698.maf
ssa15	LG12	13079645	13079655	ssa15_85793132_85794698.maf
ssa15	LG12	13079732	13079783	ssa15_85793132_85794698.maf
ssa15	LG12	12904926	12904940	ssa15_86096385_86096710.maf
ssa15	LG12	12904963	12904973	ssa15_86096385_86096710.maf
ssa15	LG12	12905038	12905124	ssa15_86096385_86096710.maf
ssa15	LG12	12905144	12905154	ssa15_86096385_86096710.maf
ssa15	LG12	12792601	12792614	ssa15_86286931_86287629.maf
ssa15	LG12	12792639	12792667	ssa15_86286931_86287629.maf
ssa15	LG12	12792667	12792692	ssa15_86286931_86287629.maf
ssa15	LG12	12787682	12787692	ssa15_86289230_86289924.maf
ssa15	LG12	12787692	12787711	ssa15_86289230_86289924.maf
ssa15	LG12	12787806	12787821	ssa15_86289230_86289924.maf
ssa15	LG12	12787821	12787867	ssa15_86289230_86289924.maf
ssa15	LG12	12515697	12515718	ssa15_86704907_86705363.maf
ssa15	LG12	12474608	12474619	ssa15_86767054_86768088.maf
ssa15	LG12	12474638	12474722	ssa15_86767054_86768088.maf
ssa15	LG12	12468274	12468287	ssa15_86780618_86781318.maf
ssa15	LG12	12468287	12468304	ssa15_86780618_86781318.maf
ssa15	LG12	12465680	12465699	ssa15_86783381_86783787.maf
ssa15	LG12	12465699	12465760	ssa15_86783381_86783787.maf
ssa15	LG12	12343163	12343175	ssa15_86966930_86967742.maf
ssa15	LG12	12343371	12343388	ssa15_86966930_86967742.maf
ssa15	LG12	12343457	12343479	ssa15_86966930_86967742.maf
ssa15	LG12	12343479	12343489	ssa15_86966930_86967742.maf
ssa15	LG12	12107046	12107061	ssa15_87283387_87284076.maf
ssa15	LG12	12107061	12107082	ssa15_87283387_87284076.maf
ssa15	LG12	12105842	12105858	ssa15_87284268_87284810.maf
ssa15	LG12	11923826	11923866	ssa15_87575927_87576261.maf
ssa15	LG12	11923867	11923902	ssa15_87575927_87576261.maf
ssa15	LG12	11923920	11923985	ssa15_87575927_87576261.maf
ssa15	LG12	11924054	11924090	ssa15_87575927_87576261.maf
ssa15	LG12	11924090	11924115	ssa15_87575927_87576261.maf
ssa15	LG12	11918917	11919011	ssa15_87588714_87589122.maf
ssa15	LG12	11919020	11919032	ssa15_87588714_87589122.maf
ssa15	LG12	11497842	11497860	ssa15_88255298_88255907.maf
ssa15	LG12	11497983	11498000	ssa15_88255298_88255907.maf
ssa15	LG12	11498000	11498030	ssa15_88255298_88255907.maf
ssa15	LG12	11362898	11362909	ssa15_88486391_88487127.maf
ssa15	LG12	11092673	11092717	ssa15_88967742_88968422.maf
ssa15	LG12	11092807	11092825	ssa15_88967742_88968422.maf
ssa15	LG12	11092934	11092967	ssa15_88967742_88968422.maf
ssa15	LG12	11092967	11092993	ssa15_88967742_88968422.maf
ssa15	LG12	11055055	11055093	ssa15_89036999_89037724.maf
ssa15	LG12	11032141	11032184	ssa15_89081905_89083191.maf
ssa15	LG12	11032187	11032201	ssa15_89081905_89083191.maf
ssa15	LG12	11032278	11032308	ssa15_89081905_89083191.maf
ssa15	LG12	11032421	11032457	ssa15_89081905_89083191.maf
ssa15	LG12	10940474	10940533	ssa15_89300504_89301168.maf
ssa15	LG12	10940533	10940566	ssa15_89300504_89301168.maf
ssa15	LG12	10938303	10938316	ssa15_89301457_89302414.maf
ssa15	LG12	10938338	10938387	ssa15_89301457_89302414.maf
ssa15	LG12	10938401	10938422	ssa15_89301457_89302414.maf
ssa15	LG12	10938575	10938596	ssa15_89301457_89302414.maf
ssa15	LG12	10938731	10938741	ssa15_89301457_89302414.maf
ssa15	LG12	10938747	10938861	ssa15_89301457_89302414.maf
ssa15	LG12	10938895	10938916	ssa15_89301457_89302414.maf
ssa15	LG12	10815793	10815822	ssa15_89504671_89505704.maf
ssa15	LG12	10815884	10815898	ssa15_89504671_89505704.maf
ssa15	LG12	10458444	10458471	ssa15_90143644_90144621.maf
ssa15	LG12	10458471	10458482	ssa15_90143644_90144621.maf
ssa15	LG12	10458482	10458538	ssa15_90143644_90144621.maf
ssa15	LG12	10458538	10458567	ssa15_90143644_90144621.maf
ssa15	LG12	10458932	10458951	ssa15_90143644_90144621.maf
ssa15	LG12	10458977	10458988	ssa15_90143644_90144621.maf
ssa15	LG12	10453572	10453645	ssa15_90162991_90163325.maf
ssa15	LG12	10453645	10453661	ssa15_90162991_90163325.maf
ssa15	LG12	10442647	10442660	ssa15_90197095_90197938.maf
ssa15	LG12	10314745	10314883	ssa15_90365005_90365615.maf
ssa15	LG12	10314918	10314983	ssa15_90365005_90365615.maf
ssa15	LG12	10207092	10207105	ssa15_90568424_90569729.maf
ssa15	LG12	10207131	10207193	ssa15_90568424_90569729.maf
ssa15	LG12	10207353	10207370	ssa15_90568424_90569729.maf
ssa15	LG12	10207665	10207678	ssa15_90568424_90569729.maf
ssa15	LG12	10207678	10207690	ssa15_90568424_90569729.maf
ssa15	LG12	10207692	10207767	ssa15_90568424_90569729.maf
ssa15	LG12	10184967	10184995	ssa15_90615362_90615726.maf
ssa15	LG12	10184995	10185012	ssa15_90615362_90615726.maf
ssa15	LG12	10178906	10179003	ssa15_90622063_90622707.maf
ssa15	LG12	10053722	10053789	ssa15_90869916_90870571.maf
ssa15	LG12	10053789	10053816	ssa15_90869916_90870571.maf
ssa15	LG12	10053821	10053841	ssa15_90869916_90870571.maf
ssa15	LG12	10053846	10053874	ssa15_90869916_90870571.maf
ssa15	LG12	10054049	10054061	ssa15_90869916_90870571.maf
ssa15	LG12	9962563	9962583	ssa15_91029244_91029613.maf
ssa15	LG12	9962586	9962600	ssa15_91029244_91029613.maf
ssa15	LG12	9962600	9962616	ssa15_91029244_91029613.maf
ssa15	LG12	9962616	9962636	ssa15_91029244_91029613.maf
ssa15	LG12	9962636	9962656	ssa15_91029244_91029613.maf
ssa15	LG12	9962671	9962761	ssa15_91029244_91029613.maf
ssa15	LG12	9689293	9689310	ssa15_91405540_91406263.maf
ssa15	LG12	9689310	9689424	ssa15_91405540_91406263.maf
ssa15	LG12	9689434	9689463	ssa15_91405540_91406263.maf
ssa15	LG12	9667650	9667678	ssa15_91432885_91434189.maf
ssa15	LG12	9524759	9524912	ssa15_91668071_91668934.maf
ssa15	LG12	9492636	9492742	ssa15_91738477_91739401.maf
ssa15	LG12	9321270	9321311	ssa15_92007912_92009399.maf
ssa15	LG12	9321311	9321343	ssa15_92007912_92009399.maf
ssa15	LG12	9321759	9321849	ssa15_92007912_92009399.maf
ssa15	LG12	9321849	9321972	ssa15_92007912_92009399.maf
ssa15	LG12	9118756	9118796	ssa15_92351759_92351928.maf
ssa15	LG12	8930153	8930205	ssa15_92672314_92672974.maf
ssa15	LG12	8428804	8428898	ssa15_93465318_93465798.maf
ssa15	LG12	8429165	8429187	ssa15_93465318_93465798.maf
ssa15	LG12	8429187	8429198	ssa15_93465318_93465798.maf
ssa15	LG12	8309805	8309843	ssa15_93753716_93754507.maf
ssa15	LG12	8309856	8309873	ssa15_93753716_93754507.maf
ssa15	LG12	7958100	7958137	ssa15_94463618_94464414.maf
ssa15	LG12	7958209	7958294	ssa15_94463618_94464414.maf
ssa15	LG12	7958554	7958652	ssa15_94463618_94464414.maf
ssa15	LG12	7958652	7958662	ssa15_94463618_94464414.maf
ssa15	LG12	7007050	7007080	ssa15_96612024_96612818.maf
ssa15	LG12	7007080	7007119	ssa15_96612024_96612818.maf
ssa15	LG12	6902569	6902590	ssa15_96847194_96847920.maf
ssa15	LG12	6902590	6902601	ssa15_96847194_96847920.maf
ssa15	LG12	6902601	6902622	ssa15_96847194_96847920.maf
ssa15	LG12	6902622	6902677	ssa15_96847194_96847920.maf
ssa15	LG12	6902677	6902689	ssa15_96847194_96847920.maf
ssa15	LG12	6902736	6902775	ssa15_96847194_96847920.maf
ssa15	LG12	6902821	6902846	ssa15_96847194_96847920.maf
ssa15	LG12	6902853	6902889	ssa15_96847194_96847920.maf
ssa15	LG12	6700512	6700538	ssa15_97213076_97214076.maf
ssa15	LG12	6700544	6700562	ssa15_97213076_97214076.maf
ssa15	LG12	6700582	6700626	ssa15_97213076_97214076.maf
ssa15	LG12	6544806	6544830	ssa15_97534508_97535156.maf
ssa15	LG12	6544841	6544878	ssa15_97534508_97535156.maf
ssa15	LG12	6544878	6544905	ssa15_97534508_97535156.maf
ssa15	LG12	6544905	6544970	ssa15_97534508_97535156.maf
ssa15	LG12	6422788	6422811	ssa15_97812670_97813217.maf
ssa15	LG12	6422816	6422901	ssa15_97812670_97813217.maf
ssa15	LG12	6422912	6423021	ssa15_97812670_97813217.maf
ssa15	LG12	6423021	6423047	ssa15_97812670_97813217.maf
ssa15	LG12	6423047	6423071	ssa15_97812670_97813217.maf
ssa15	LG12	5950525	5950604	ssa15_98600593_98601263.maf
ssa15	LG12	5513742	5513754	ssa15_99766258_99766939.maf
ssa15	LG12	5490328	5490340	ssa15_99797147_99797781.maf
ssa15	LG12	5490340	5490353	ssa15_99797147_99797781.maf
ssa15	LG12	5490353	5490388	ssa15_99797147_99797781.maf
ssa15	LG12	5490926	5490963	ssa15_99797147_99797781.maf
ssa15	LG12	5490993	5491017	ssa15_99797147_99797781.maf
ssa15	LG12	5470537	5470549	ssa15_99828884_99829298.maf
ssa15	LG12	5470549	5470585	ssa15_99828884_99829298.maf
ssa15	LG12	5470669	5470683	ssa15_99828884_99829298.maf
ssa16	LG19	7330017	7330035	ssa16_10668978_10669537.maf
ssa16	LG19	7330041	7330066	ssa16_10668978_10669537.maf
ssa16	LG19	7401080	7401090	ssa16_10757695_10758653.maf
ssa16	LG19	7770870	7770958	ssa16_11594711_11595319.maf
ssa16	LG19	7806193	7806228	ssa16_11630153_11630515.maf
ssa16	LG19	7897611	7897630	ssa16_11745564_11746573.maf
ssa16	LG19	7897643	7897689	ssa16_11745564_11746573.maf
ssa16	LG19	7897807	7897845	ssa16_11745564_11746573.maf
ssa16	LG19	7936217	7936232	ssa16_11793671_11794645.maf
ssa16	LG19	7936232	7936275	ssa16_11793671_11794645.maf
ssa16	LG19	7936275	7936296	ssa16_11793671_11794645.maf
ssa16	LG19	7936296	7936334	ssa16_11793671_11794645.maf
ssa16	LG19	7936334	7936378	ssa16_11793671_11794645.maf
ssa16	LG19	7936378	7936496	ssa16_11793671_11794645.maf
ssa16	LG19	7936496	7936549	ssa16_11793671_11794645.maf
ssa16	LG19	8029512	8029534	ssa16_11953221_11953903.maf
ssa16	LG19	14323216	14323257	ssa16_1297255_1297831.maf
ssa16	LG19	14323266	14323306	ssa16_1297255_1297831.maf
ssa16	LG19	14323306	14323318	ssa16_1297255_1297831.maf
ssa16	LG19	14323318	14323399	ssa16_1297255_1297831.maf
ssa16	LG19	14323630	14323643	ssa16_1297255_1297831.maf
ssa16	LG19	14323643	14323711	ssa16_1297255_1297831.maf
ssa16	LG19	9148819	9148855	ssa16_13544291_13545269.maf
ssa16	LG19	9148935	9148946	ssa16_13544291_13545269.maf
ssa16	LG19	9149681	9149827	ssa16_13544291_13545269.maf
ssa16	LG19	9149873	9149926	ssa16_13544291_13545269.maf
ssa16	LG19	9191208	9191274	ssa16_13595129_13596133.maf
ssa16	LG19	9191274	9191350	ssa16_13595129_13596133.maf
ssa16	LG19	9191429	9191449	ssa16_13595129_13596133.maf
ssa16	LG19	9191449	9191492	ssa16_13595129_13596133.maf
ssa16	LG19	9191492	9191520	ssa16_13595129_13596133.maf
ssa16	LG19	9191520	9191532	ssa16_13595129_13596133.maf
ssa16	LG19	9191568	9191579	ssa16_13595129_13596133.maf
ssa16	LG19	9191579	9191602	ssa16_13595129_13596133.maf
ssa16	LG19	9191615	9191625	ssa16_13595129_13596133.maf
ssa16	LG19	9191625	9191651	ssa16_13595129_13596133.maf
ssa16	LG19	9191651	9191663	ssa16_13595129_13596133.maf
ssa16	LG19	9313681	9313707	ssa16_13785921_13787784.maf
ssa16	LG19	9313707	9313727	ssa16_13785921_13787784.maf
ssa16	LG19	6696306	6696413	ssa16_13892638_13893697.maf
ssa16	LG19	6696413	6696442	ssa16_13892638_13893697.maf
ssa16	LG19	6696442	6696504	ssa16_13892638_13893697.maf
ssa16	LG19	6696504	6696547	ssa16_13892638_13893697.maf
ssa16	LG19	6696547	6696590	ssa16_13892638_13893697.maf
ssa16	LG19	6536698	6536786	ssa16_14132932_14134102.maf
ssa16	LG19	6537090	6537114	ssa16_14132932_14134102.maf
ssa16	LG19	6499287	6499310	ssa16_14175158_14176052.maf
ssa16	LG19	6499317	6499338	ssa16_14175158_14176052.maf
ssa16	LG19	14420612	14420682	ssa16_1517034_1518293.maf
ssa16	LG19	5969392	5969439	ssa16_15186991_15187566.maf
ssa16	LG19	5715160	5715222	ssa16_15546830_15547626.maf
ssa16	LG19	5715222	5715233	ssa16_15546830_15547626.maf
ssa16	LG19	5715521	5715545	ssa16_15546830_15547626.maf
ssa16	LG19	5715545	5715575	ssa16_15546830_15547626.maf
ssa16	LG19	5715575	5715593	ssa16_15546830_15547626.maf
ssa16	LG19	5705454	5705493	ssa16_15554473_15555589.maf
ssa16	LG19	5705493	5705593	ssa16_15554473_15555589.maf
ssa16	LG19	5706220	5706293	ssa16_15554473_15555589.maf
ssa16	LG19	5653408	5653432	ssa16_15629395_15630184.maf
ssa16	LG19	5653451	5653475	ssa16_15629395_15630184.maf
ssa16	LG19	5653475	5653515	ssa16_15629395_15630184.maf
ssa16	LG19	5642996	5643036	ssa16_15645592_15646192.maf
ssa16	LG19	5643324	5643393	ssa16_15645592_15646192.maf
ssa16	LG19	5466831	5466865	ssa16_15867387_15868584.maf
ssa16	LG19	5466865	5466918	ssa16_15867387_15868584.maf
ssa16	LG19	5283230	5283336	ssa16_16157461_16157898.maf
ssa16	LG19	5283338	5283383	ssa16_16157461_16157898.maf
ssa16	LG19	4980516	4980592	ssa16_16605020_16605845.maf
ssa16	LG19	18770663	18770750	ssa16_17499052_17500231.maf
ssa16	LG19	18673455	18673524	ssa16_17628481_17628946.maf
ssa16	LG19	18662665	18662720	ssa16_17641798_17642648.maf
ssa16	LG19	18662720	18662739	ssa16_17641798_17642648.maf
ssa16	LG19	18662748	18662758	ssa16_17641798_17642648.maf
ssa16	LG19	18662758	18663001	ssa16_17641798_17642648.maf
ssa16	LG19	16868573	16868673	ssa16_20362249_20362622.maf
ssa16	LG19	16758621	16758644	ssa16_20462829_20463741.maf
ssa16	LG19	16758653	16758668	ssa16_20462829_20463741.maf
ssa16	LG19	16758675	16758770	ssa16_20462829_20463741.maf
ssa16	LG19	16758777	16758826	ssa16_20462829_20463741.maf
ssa16	LG19	16758830	16758842	ssa16_20462829_20463741.maf
ssa16	LG19	16758855	16758903	ssa16_20462829_20463741.maf
ssa16	LG19	16758909	16758935	ssa16_20462829_20463741.maf
ssa16	LG19	19499763	19499782	ssa16_22741307_22741795.maf
ssa16	LG19	19499790	19499849	ssa16_22741307_22741795.maf
ssa16	LG19	19499849	19499866	ssa16_22741307_22741795.maf
ssa16	LG19	21630786	21630849	ssa16_25594787_25595828.maf
ssa16	LG19	21630849	21630859	ssa16_25594787_25595828.maf
ssa16	LG19	21631029	21631127	ssa16_25594787_25595828.maf
ssa16	LG19	21631127	21631143	ssa16_25594787_25595828.maf
ssa16	LG19	21636002	21636031	ssa16_25605647_25605908.maf
ssa16	LG19	21970632	21970686	ssa16_26226518_26227222.maf
ssa16	LG19	21980064	21980111	ssa16_26235688_26237005.maf
ssa16	LG19	21980111	21980136	ssa16_26235688_26237005.maf
ssa16	LG19	21980852	21980862	ssa16_26235688_26237005.maf
ssa16	LG19	21980862	21980874	ssa16_26235688_26237005.maf
ssa16	LG19	21980874	21980961	ssa16_26235688_26237005.maf
ssa16	LG19	22212479	22212553	ssa16_26727003_26728456.maf
ssa16	LG19	22220635	22220680	ssa16_26729905_26730789.maf
ssa16	LG19	22220695	22220736	ssa16_26729905_26730789.maf
ssa16	LG19	22220802	22220875	ssa16_26729905_26730789.maf
ssa16	LG19	22221377	22221422	ssa16_26729905_26730789.maf
ssa16	LG19	22221422	22221440	ssa16_26729905_26730789.maf
ssa16	LG19	22223085	22223122	ssa16_26731778_26733080.maf
ssa16	LG19	22223669	22223697	ssa16_26731778_26733080.maf
ssa16	LG19	22354249	22354308	ssa16_26916289_26916760.maf
ssa16	LG19	22386899	22386961	ssa16_26977064_26977471.maf
ssa16	LG19	22386961	22387002	ssa16_26977064_26977471.maf
ssa16	LG19	22387002	22387036	ssa16_26977064_26977471.maf
ssa16	LG19	22425898	22425921	ssa16_27027717_27029099.maf
ssa16	LG19	22425921	22425970	ssa16_27027717_27029099.maf
ssa16	LG19	22425970	22425996	ssa16_27027717_27029099.maf
ssa16	LG19	22425996	22426008	ssa16_27027717_27029099.maf
ssa16	LG19	22426119	22426150	ssa16_27027717_27029099.maf
ssa16	LG19	22426568	22426591	ssa16_27027717_27029099.maf
ssa16	LG19	22426597	22426618	ssa16_27027717_27029099.maf
ssa16	LG19	22519025	22519049	ssa16_27150522_27151331.maf
ssa16	LG19	22519049	22519092	ssa16_27150522_27151331.maf
ssa16	LG19	22519119	22519178	ssa16_27150522_27151331.maf
ssa16	LG19	22554849	22554905	ssa16_27189588_27189937.maf
ssa16	LG19	22554905	22554932	ssa16_27189588_27189937.maf
ssa16	LG19	22554932	22554944	ssa16_27189588_27189937.maf
ssa16	LG19	22554999	22555027	ssa16_27189588_27189937.maf
ssa16	LG19	22700252	22700306	ssa16_27388113_27389234.maf
ssa16	LG19	22974631	22974656	ssa16_27638308_27638731.maf
ssa16	LG19	22974656	22974689	ssa16_27638308_27638731.maf
ssa16	LG19	22974689	22974743	ssa16_27638308_27638731.maf
ssa16	LG19	22974743	22974757	ssa16_27638308_27638731.maf
ssa16	LG19	22974757	22974772	ssa16_27638308_27638731.maf
ssa16	LG19	22974772	22974783	ssa16_27638308_27638731.maf
ssa16	LG19	22982732	22982771	ssa16_27683441_27684048.maf
ssa16	LG19	23114167	23114215	ssa16_27866824_27867828.maf
ssa16	LG19	23156559	23156575	ssa16_27929206_27929733.maf
ssa16	LG19	23156577	23156602	ssa16_27929206_27929733.maf
ssa16	LG19	23156611	23156733	ssa16_27929206_27929733.maf
ssa16	LG19	23156733	23156763	ssa16_27929206_27929733.maf
ssa16	LG19	23156764	23156786	ssa16_27929206_27929733.maf
ssa16	LG19	23156786	23156817	ssa16_27929206_27929733.maf
ssa16	LG19	23428430	23428479	ssa16_28180680_28181313.maf
ssa16	LG19	23428488	23428509	ssa16_28180680_28181313.maf
ssa16	LG19	23428524	23428601	ssa16_28180680_28181313.maf
ssa16	LG19	23428629	23428651	ssa16_28180680_28181313.maf
ssa16	LG19	23481479	23481508	ssa16_28225749_28226915.maf
ssa16	LG19	23481508	23481558	ssa16_28225749_28226915.maf
ssa16	LG19	23481558	23481574	ssa16_28225749_28226915.maf
ssa16	LG19	23482290	23482306	ssa16_28225749_28226915.maf
ssa16	LG19	23482306	23482317	ssa16_28225749_28226915.maf
ssa16	LG19	23482357	23482368	ssa16_28225749_28226915.maf
ssa16	LG19	23482368	23482394	ssa16_28225749_28226915.maf
ssa16	LG19	23482470	23482541	ssa16_28225749_28226915.maf
ssa16	LG19	23482542	23482586	ssa16_28225749_28226915.maf
ssa16	LG19	23482586	23482605	ssa16_28225749_28226915.maf
ssa16	LG19	23490347	23490371	ssa16_28240397_28241469.maf
ssa16	LG19	23490500	23490510	ssa16_28240397_28241469.maf
ssa16	LG19	23490510	23490523	ssa16_28240397_28241469.maf
ssa16	LG19	23490660	23490671	ssa16_28240397_28241469.maf
ssa16	LG19	23490671	23490686	ssa16_28240397_28241469.maf
ssa16	LG19	23490694	23490708	ssa16_28240397_28241469.maf
ssa16	LG19	23490741	23490769	ssa16_28240397_28241469.maf
ssa16	LG19	23490769	23490792	ssa16_28240397_28241469.maf
ssa16	LG19	23490802	23490854	ssa16_28240397_28241469.maf
ssa16	LG19	23490854	23490905	ssa16_28240397_28241469.maf
ssa16	LG19	23490905	23490925	ssa16_28240397_28241469.maf
ssa16	LG19	23491065	23491162	ssa16_28240397_28241469.maf
ssa16	LG19	23491162	23491198	ssa16_28240397_28241469.maf
ssa16	LG19	23491207	23491223	ssa16_28240397_28241469.maf
ssa16	LG19	23491230	23491268	ssa16_28240397_28241469.maf
ssa16	LG19	23513515	23513736	ssa16_28276740_28277333.maf
ssa16	LG19	23513736	23513759	ssa16_28276740_28277333.maf
ssa16	LG19	23513759	23513778	ssa16_28276740_28277333.maf
ssa16	LG19	24067031	24067051	ssa16_29324816_29325997.maf
ssa16	LG19	24067051	24067078	ssa16_29324816_29325997.maf
ssa16	LG19	24067084	24067094	ssa16_29324816_29325997.maf
ssa16	LG19	24067094	24067145	ssa16_29324816_29325997.maf
ssa16	LG19	24067145	24067191	ssa16_29324816_29325997.maf
ssa16	LG19	24067191	24067215	ssa16_29324816_29325997.maf
ssa16	LG19	24067215	24067234	ssa16_29324816_29325997.maf
ssa16	LG19	24067234	24067472	ssa16_29324816_29325997.maf
ssa16	LG19	24343063	24343099	ssa16_29438124_29438901.maf
ssa16	LG19	24343099	24343118	ssa16_29438124_29438901.maf
ssa16	LG19	24343118	24343133	ssa16_29438124_29438901.maf
ssa16	LG19	24343133	24343322	ssa16_29438124_29438901.maf
ssa16	LG19	24343322	24343354	ssa16_29438124_29438901.maf
ssa16	LG19	24343354	24343371	ssa16_29438124_29438901.maf
ssa16	LG19	24343387	24343456	ssa16_29438124_29438901.maf
ssa16	LG19	24343463	24343483	ssa16_29438124_29438901.maf
ssa16	LG19	24354963	24355057	ssa16_29456919_29457540.maf
ssa16	LG19	24355057	24355104	ssa16_29456919_29457540.maf
ssa16	LG19	24355104	24355130	ssa16_29456919_29457540.maf
ssa16	LG19	24355130	24355163	ssa16_29456919_29457540.maf
ssa16	LG19	24355163	24355182	ssa16_29456919_29457540.maf
ssa16	LG19	24355182	24355436	ssa16_29456919_29457540.maf
ssa16	LG19	24373635	24373659	ssa16_29465490_29465812.maf
ssa16	LG19	24385604	24385615	ssa16_29471842_29472613.maf
ssa16	LG19	24385725	24385766	ssa16_29471842_29472613.maf
ssa16	LG19	24385766	24385866	ssa16_29471842_29472613.maf
ssa16	LG19	24385866	24385895	ssa16_29471842_29472613.maf
ssa16	LG19	24385895	24385951	ssa16_29471842_29472613.maf
ssa16	LG19	24492673	24492685	ssa16_29547500_29548680.maf
ssa16	LG19	24511487	24511498	ssa16_29578792_29579002.maf
ssa16	LG19	24539226	24539528	ssa16_29599962_29600798.maf
ssa16	LG19	24539528	24539623	ssa16_29599962_29600798.maf
ssa16	LG19	24539623	24539710	ssa16_29599962_29600798.maf
ssa16	LG19	24614954	24614964	ssa16_29642700_29643320.maf
ssa16	LG19	24614977	24614989	ssa16_29642700_29643320.maf
ssa16	LG19	24614989	24615080	ssa16_29642700_29643320.maf
ssa16	LG19	24716945	24716994	ssa16_29728469_29729003.maf
ssa16	LG19	24717055	24717305	ssa16_29728469_29729003.maf
ssa16	LG19	24867965	24868019	ssa16_29875458_29876298.maf
ssa16	LG19	24868019	24868086	ssa16_29875458_29876298.maf
ssa16	LG19	24868086	24868138	ssa16_29875458_29876298.maf
ssa16	LG19	24886859	24886972	ssa16_29916239_29916914.maf
ssa16	LG19	24886972	24887065	ssa16_29916239_29916914.maf
ssa16	LG19	24887065	24887077	ssa16_29916239_29916914.maf
ssa16	LG19	24887106	24887116	ssa16_29916239_29916914.maf
ssa16	LG19	24887180	24887215	ssa16_29916239_29916914.maf
ssa16	LG19	24887215	24887229	ssa16_29916239_29916914.maf
ssa16	LG19	24888724	24888739	ssa16_29920860_29921188.maf
ssa16	LG19	24888776	24888793	ssa16_29920860_29921188.maf
ssa16	LG19	24888793	24888825	ssa16_29920860_29921188.maf
ssa16	LG19	24888825	24888838	ssa16_29920860_29921188.maf
ssa16	LG19	24907762	24907784	ssa16_29943520_29944074.maf
ssa16	LG19	24907784	24907799	ssa16_29943520_29944074.maf
ssa16	LG19	24907831	24907889	ssa16_29943520_29944074.maf
ssa16	LG19	24907890	24907927	ssa16_29943520_29944074.maf
ssa16	LG19	24908082	24908096	ssa16_29943520_29944074.maf
ssa16	LG19	24926438	24926515	ssa16_29986478_29987417.maf
ssa16	LG19	24938788	24938815	ssa16_30000445_30001701.maf
ssa16	LG19	24938924	24938945	ssa16_30000445_30001701.maf
ssa16	LG19	24938945	24938960	ssa16_30000445_30001701.maf
ssa16	LG19	24952028	24952133	ssa16_30008393_30008764.maf
ssa16	LG19	25098950	25098961	ssa16_30164774_30165399.maf
ssa16	LG19	25099044	25099056	ssa16_30164774_30165399.maf
ssa16	LG19	25159636	25159651	ssa16_30268198_30269386.maf
ssa16	LG19	25159651	25159662	ssa16_30268198_30269386.maf
ssa16	LG19	25160207	25160226	ssa16_30268198_30269386.maf
ssa16	LG19	25160267	25160338	ssa16_30268198_30269386.maf
ssa16	LG19	25458656	25458681	ssa16_30597788_30598895.maf
ssa16	LG19	25852127	25852147	ssa16_31221240_31221433.maf
ssa16	LG19	25852147	25852164	ssa16_31221240_31221433.maf
ssa16	LG19	25956648	25956665	ssa16_31408162_31408348.maf
ssa16	LG19	26130196	26130242	ssa16_31657297_31658030.maf
ssa16	LG19	26130242	26130253	ssa16_31657297_31658030.maf
ssa16	LG19	26130318	26130335	ssa16_31657297_31658030.maf
ssa16	LG19	26130335	26130362	ssa16_31657297_31658030.maf
ssa16	LG19	26130362	26130411	ssa16_31657297_31658030.maf
ssa16	LG19	26192091	26192107	ssa16_31725671_31726630.maf
ssa16	LG19	26192121	26192132	ssa16_31725671_31726630.maf
ssa16	LG19	26192215	26192276	ssa16_31725671_31726630.maf
ssa16	LG19	26192309	26192321	ssa16_31725671_31726630.maf
ssa16	LG19	26910403	26910426	ssa16_32560266_32561462.maf
ssa16	LG19	26910426	26910473	ssa16_32560266_32561462.maf
ssa16	LG19	26910473	26910490	ssa16_32560266_32561462.maf
ssa16	LG19	26910490	26910508	ssa16_32560266_32561462.maf
ssa16	LG19	26910517	26910571	ssa16_32560266_32561462.maf
ssa16	LG19	26910571	26910599	ssa16_32560266_32561462.maf
ssa16	LG19	26910819	26910854	ssa16_32560266_32561462.maf
ssa16	LG19	26911277	26911338	ssa16_32560266_32561462.maf
ssa16	LG19	26986012	26986024	ssa16_32648135_32650213.maf
ssa16	LG19	26986046	26986064	ssa16_32648135_32650213.maf
ssa16	LG19	26986086	26986110	ssa16_32648135_32650213.maf
ssa16	LG19	26986175	26986211	ssa16_32648135_32650213.maf
ssa16	LG19	26986379	26986409	ssa16_32648135_32650213.maf
ssa16	LG19	26986660	26986670	ssa16_32648135_32650213.maf
ssa16	LG19	26986670	26986687	ssa16_32648135_32650213.maf
ssa16	LG19	26986687	26986725	ssa16_32648135_32650213.maf
ssa16	LG19	26986890	26986907	ssa16_32648135_32650213.maf
ssa16	LG19	26987026	26987066	ssa16_32648135_32650213.maf
ssa16	LG19	26987071	26987083	ssa16_32648135_32650213.maf
ssa16	LG19	26987083	26987102	ssa16_32648135_32650213.maf
ssa16	LG19	26987123	26987185	ssa16_32648135_32650213.maf
ssa16	LG19	26987200	26987211	ssa16_32648135_32650213.maf
ssa16	LG19	26987211	26987229	ssa16_32648135_32650213.maf
ssa16	LG19	26987236	26987266	ssa16_32648135_32650213.maf
ssa16	LG19	26987269	26987290	ssa16_32648135_32650213.maf
ssa16	LG19	26989943	26989961	ssa16_32652813_32652996.maf
ssa16	LG19	26989983	26989996	ssa16_32652813_32652996.maf
ssa16	LG19	26989996	26990008	ssa16_32652813_32652996.maf
ssa16	LG19	28120891	28120950	ssa16_34375292_34376726.maf
ssa16	LG19	28120950	28121026	ssa16_34375292_34376726.maf
ssa16	LG19	28121772	28121809	ssa16_34375292_34376726.maf
ssa16	LG19	28121881	28121892	ssa16_34375292_34376726.maf
ssa16	LG19	28128047	28128064	ssa16_34381597_34382000.maf
ssa16	LG19	28128064	28128220	ssa16_34381597_34382000.maf
ssa16	LG19	28133830	28133841	ssa16_34387120_34387976.maf
ssa16	LG19	28133902	28134011	ssa16_34387120_34387976.maf
ssa16	LG19	28134018	28134032	ssa16_34387120_34387976.maf
ssa16	LG19	28134032	28134045	ssa16_34387120_34387976.maf
ssa16	LG19	28134058	28134119	ssa16_34387120_34387976.maf
ssa16	LG19	28135897	28135910	ssa16_34390481_34391177.maf
ssa16	LG19	28135919	28135972	ssa16_34390481_34391177.maf
ssa16	LG19	28135979	28135990	ssa16_34390481_34391177.maf
ssa16	LG19	28136004	28136016	ssa16_34390481_34391177.maf
ssa16	LG19	28136953	28136963	ssa16_34391877_34392334.maf
ssa16	LG19	28136964	28137127	ssa16_34391877_34392334.maf
ssa16	LG19	28145835	28145861	ssa16_34404682_34405397.maf
ssa16	LG19	28145861	28145874	ssa16_34404682_34405397.maf
ssa16	LG19	28145883	28145929	ssa16_34404682_34405397.maf
ssa16	LG19	28146214	28146226	ssa16_34404682_34405397.maf
ssa16	LG19	28315627	28315724	ssa16_34661714_34662291.maf
ssa16	LG19	28689115	28689125	ssa16_35145852_35146264.maf
ssa16	LG19	28689125	28689135	ssa16_35145852_35146264.maf
ssa16	LG19	28689164	28689218	ssa16_35145852_35146264.maf
ssa16	LG19	28754929	28754952	ssa16_35250398_35251027.maf
ssa16	LG19	28758157	28758172	ssa16_35254422_35255086.maf
ssa16	LG19	28758553	28758565	ssa16_35254422_35255086.maf
ssa16	LG19	28759195	28759259	ssa16_35255731_35256283.maf
ssa16	LG19	28849972	28850011	ssa16_35382366_35383029.maf
ssa16	LG19	28850011	28850028	ssa16_35382366_35383029.maf
ssa16	LG19	29148304	29148341	ssa16_35780113_35780412.maf
ssa16	LG19	29148341	29148364	ssa16_35780113_35780412.maf
ssa16	LG19	29166820	29166894	ssa16_35789559_35790782.maf
ssa16	LG19	30013624	30013811	ssa16_37057292_37057873.maf
ssa16	LG19	30027755	30027817	ssa16_37085263_37086194.maf
ssa16	LG19	30202802	30202815	ssa16_37318425_37319481.maf
ssa16	LG19	13251379	13251404	ssa16_3734432_3734631.maf
ssa16	LG19	13251406	13251485	ssa16_3734432_3734631.maf
ssa16	LG19	13227362	13227391	ssa16_3769373_3769944.maf
ssa16	LG19	13227391	13227416	ssa16_3769373_3769944.maf
ssa16	LG19	13228012	13228059	ssa16_3769373_3769944.maf
ssa16	LG19	13228059	13228131	ssa16_3769373_3769944.maf
ssa16	LG19	13228185	13228200	ssa16_3769373_3769944.maf
ssa16	LG08	11865160	11865180	ssa16_38291890_38292775.maf
ssa16	LG08	11865180	11865211	ssa16_38291890_38292775.maf
ssa16	LG08	11865433	11865485	ssa16_38291890_38292775.maf
ssa16	LG08	11823461	11823475	ssa16_38353468_38354215.maf
ssa16	LG08	11823475	11823489	ssa16_38353468_38354215.maf
ssa16	LG08	11817547	11817576	ssa16_38356484_38357491.maf
ssa16	LG08	11817576	11817649	ssa16_38356484_38357491.maf
ssa16	LG08	11817649	11817712	ssa16_38356484_38357491.maf
ssa16	LG08	11817712	11817735	ssa16_38356484_38357491.maf
ssa16	LG08	11818015	11818033	ssa16_38356484_38357491.maf
ssa16	LG08	11818075	11818085	ssa16_38356484_38357491.maf
ssa16	LG08	11790962	11790988	ssa16_38382640_38383560.maf
ssa16	LG08	11791370	11791398	ssa16_38382640_38383560.maf
ssa16	LG08	11715760	11715793	ssa16_38485485_38486449.maf
ssa16	LG08	11715793	11715805	ssa16_38485485_38486449.maf
ssa16	LG08	11715957	11715988	ssa16_38485485_38486449.maf
ssa16	LG08	11716936	11716946	ssa16_38485485_38486449.maf
ssa16	LG08	11716946	11716960	ssa16_38485485_38486449.maf
ssa16	LG08	11687129	11687173	ssa16_38549759_38550142.maf
ssa16	LG08	11687173	11687223	ssa16_38549759_38550142.maf
ssa16	LG08	11687223	11687237	ssa16_38549759_38550142.maf
ssa16	LG08	11687237	11687257	ssa16_38549759_38550142.maf
ssa16	LG08	11530500	11530587	ssa16_38763063_38763974.maf
ssa16	LG08	11530865	11530912	ssa16_38763063_38763974.maf
ssa16	LG08	11489666	11489752	ssa16_38808358_38808979.maf
ssa16	LG08	11137926	11137953	ssa16_39406410_39406956.maf
ssa16	LG08	11137953	11137970	ssa16_39406410_39406956.maf
ssa16	LG08	11137970	11138022	ssa16_39406410_39406956.maf
ssa16	LG08	11138022	11138032	ssa16_39406410_39406956.maf
ssa16	LG08	11138032	11138113	ssa16_39406410_39406956.maf
ssa16	LG08	10560987	10561000	ssa16_40361342_40361790.maf
ssa16	LG08	10561000	10561063	ssa16_40361342_40361790.maf
ssa16	LG08	10561192	10561205	ssa16_40361342_40361790.maf
ssa16	LG08	10555910	10555952	ssa16_40368936_40369650.maf
ssa16	LG08	10556309	10556377	ssa16_40368936_40369650.maf
ssa16	LG08	10556384	10556394	ssa16_40368936_40369650.maf
ssa16	LG08	10544487	10544514	ssa16_40389394_40389968.maf
ssa16	LG08	10544539	10544549	ssa16_40389394_40389968.maf
ssa16	LG08	10544556	10544600	ssa16_40389394_40389968.maf
ssa16	LG08	10313616	10313631	ssa16_40835626_40836470.maf
ssa16	LG08	10313781	10313899	ssa16_40835626_40836470.maf
ssa16	LG08	9994183	9994194	ssa16_41378256_41378997.maf
ssa16	LG08	9994194	9994210	ssa16_41378256_41378997.maf
ssa16	LG08	9994210	9994223	ssa16_41378256_41378997.maf
ssa16	LG08	9932194	9932233	ssa16_41573064_41573505.maf
ssa16	LG08	9932246	9932260	ssa16_41573064_41573505.maf
ssa16	LG08	3641951	3641980	ssa16_42393056_42393910.maf
ssa16	LG08	3641980	3642239	ssa16_42393056_42393910.maf
ssa16	LG08	3642239	3642315	ssa16_42393056_42393910.maf
ssa16	LG08	3642315	3642342	ssa16_42393056_42393910.maf
ssa16	LG08	3642359	3642374	ssa16_42393056_42393910.maf
ssa16	LG08	3642374	3642388	ssa16_42393056_42393910.maf
ssa16	LG08	3587851	3587863	ssa16_42483954_42485091.maf
ssa16	LG08	3587949	3587990	ssa16_42483954_42485091.maf
ssa16	LG08	3582804	3582819	ssa16_42489736_42490429.maf
ssa16	LG08	3582837	3582948	ssa16_42489736_42490429.maf
ssa16	LG08	3579126	3579143	ssa16_42498035_42499436.maf
ssa16	LG08	3579155	3579232	ssa16_42498035_42499436.maf
ssa16	LG08	3579253	3579264	ssa16_42498035_42499436.maf
ssa16	LG08	3040425	3040449	ssa16_43315641_43316698.maf
ssa16	LG08	3040449	3040471	ssa16_43315641_43316698.maf
ssa16	LG08	3040573	3040599	ssa16_43315641_43316698.maf
ssa16	LG08	3037536	3037569	ssa16_43332196_43332754.maf
ssa16	LG08	7985706	7985786	ssa16_44156618_44157569.maf
ssa16	LG08	7985786	7985802	ssa16_44156618_44157569.maf
ssa16	LG08	7985891	7985939	ssa16_44156618_44157569.maf
ssa16	LG08	8008054	8008086	ssa16_44190718_44191724.maf
ssa16	LG08	8008086	8008099	ssa16_44190718_44191724.maf
ssa16	LG08	8030562	8030671	ssa16_44281165_44281613.maf
ssa16	LG08	8049913	8050021	ssa16_44323325_44324127.maf
ssa16	LG08	8491241	8491317	ssa16_45193607_45194856.maf
ssa16	LG08	8491325	8491335	ssa16_45193607_45194856.maf
ssa16	LG08	8491433	8491461	ssa16_45193607_45194856.maf
ssa16	LG08	8491832	8491913	ssa16_45193607_45194856.maf
ssa16	LG08	8498334	8498379	ssa16_45210098_45210742.maf
ssa16	LG08	8499793	8499814	ssa16_45223853_45225666.maf
ssa16	LG08	8499814	8499837	ssa16_45223853_45225666.maf
ssa16	LG08	8499837	8499848	ssa16_45223853_45225666.maf
ssa16	LG08	8499901	8499958	ssa16_45223853_45225666.maf
ssa16	LG08	8506526	8506537	ssa16_45237951_45238601.maf
ssa16	LG08	8506537	8506564	ssa16_45237951_45238601.maf
ssa16	LG08	8596087	8596108	ssa16_45465402_45465982.maf
ssa16	LG08	8631999	8632050	ssa16_45524490_45525856.maf
ssa16	LG08	8632086	8632105	ssa16_45524490_45525856.maf
ssa16	LG08	8632323	8632359	ssa16_45524490_45525856.maf
ssa16	LG08	8632429	8632485	ssa16_45524490_45525856.maf
ssa16	LG08	8632636	8632687	ssa16_45524490_45525856.maf
ssa16	LG08	8816639	8816737	ssa16_45866135_45866872.maf
ssa16	LG08	8816784	8816800	ssa16_45866135_45866872.maf
ssa16	LG08	9070111	9070129	ssa16_46224951_46225802.maf
ssa16	LG08	9127775	9127802	ssa16_46305460_46306039.maf
ssa16	LG08	9127802	9127831	ssa16_46305460_46306039.maf
ssa16	LG08	9127831	9127843	ssa16_46305460_46306039.maf
ssa16	LG08	9130702	9130716	ssa16_46309471_46309657.maf
ssa16	LG08	9130716	9130753	ssa16_46309471_46309657.maf
ssa16	LG08	9134087	9134135	ssa16_46315436_46316359.maf
ssa16	LG08	9134459	9134478	ssa16_46315436_46316359.maf
ssa16	LG08	9134653	9134679	ssa16_46315436_46316359.maf
ssa16	LG08	9134691	9134722	ssa16_46315436_46316359.maf
ssa16	LG08	9156133	9156178	ssa16_46349370_46349912.maf
ssa16	LG08	9166848	9166891	ssa16_46363547_46364837.maf
ssa16	LG08	9166891	9166901	ssa16_46363547_46364837.maf
ssa16	LG08	9167207	9167312	ssa16_46363547_46364837.maf
ssa16	LG08	9167412	9167427	ssa16_46363547_46364837.maf
ssa16	LG08	9167492	9167522	ssa16_46363547_46364837.maf
ssa16	LG08	9167522	9167588	ssa16_46363547_46364837.maf
ssa16	LG08	9175235	9175309	ssa16_46377336_46378406.maf
ssa16	LG08	9175309	9175328	ssa16_46377336_46378406.maf
ssa16	LG08	9175664	9175691	ssa16_46377336_46378406.maf
ssa16	LG08	9175691	9175734	ssa16_46377336_46378406.maf
ssa16	LG08	9176351	9176433	ssa16_46377336_46378406.maf
ssa16	LG08	9176469	9176510	ssa16_46377336_46378406.maf
ssa16	LG08	9176510	9176581	ssa16_46377336_46378406.maf
ssa16	LG08	9176581	9176647	ssa16_46377336_46378406.maf
ssa16	LG08	9183902	9183934	ssa16_46388029_46388757.maf
ssa16	LG08	9183934	9183982	ssa16_46388029_46388757.maf
ssa16	LG08	9184113	9184126	ssa16_46388029_46388757.maf
ssa16	LG08	9186725	9186742	ssa16_46389984_46390891.maf
ssa16	LG08	9186742	9186786	ssa16_46389984_46390891.maf
ssa16	LG08	941045	941068	ssa16_47558252_47559215.maf
ssa16	LG08	941068	941092	ssa16_47558252_47559215.maf
ssa16	LG08	941092	941141	ssa16_47558252_47559215.maf
ssa16	LG08	1457648	1457674	ssa16_48341844_48342399.maf
ssa16	LG08	1777456	1777505	ssa16_48964873_48965617.maf
ssa16	LG08	1777505	1777535	ssa16_48964873_48965617.maf
ssa16	LG08	1777627	1777642	ssa16_48964873_48965617.maf
ssa16	LG08	1777642	1777668	ssa16_48964873_48965617.maf
ssa16	LG08	1777842	1777865	ssa16_48964873_48965617.maf
ssa16	LG08	1777874	1777914	ssa16_48964873_48965617.maf
ssa16	LG08	2421448	2421474	ssa16_50034476_50035596.maf
ssa16	LG08	2421474	2421516	ssa16_50034476_50035596.maf
ssa16	LG08	2421789	2421826	ssa16_50034476_50035596.maf
ssa16	LG08	2421826	2421848	ssa16_50034476_50035596.maf
ssa16	LG08	2421848	2421868	ssa16_50034476_50035596.maf
ssa16	LG08	2422087	2422158	ssa16_50034476_50035596.maf
ssa16	LG08	2441592	2441623	ssa16_50076161_50076831.maf
ssa16	LG08	2441817	2441847	ssa16_50076161_50076831.maf
ssa16	LG08	2441855	2441873	ssa16_50076161_50076831.maf
ssa16	LG08	2441999	2442014	ssa16_50076161_50076831.maf
ssa16	LG08	2442014	2442067	ssa16_50076161_50076831.maf
ssa16	LG08	2606966	2606979	ssa16_50372747_50373224.maf
ssa16	LG08	2606979	2607090	ssa16_50372747_50373224.maf
ssa16	LG08	7774586	7774600	ssa16_50706257_50706980.maf
ssa16	LG08	7774686	7774738	ssa16_50706257_50706980.maf
ssa16	LG19	12361720	12361988	ssa16_5151392_5152156.maf
ssa16	LG19	12361995	12362005	ssa16_5151392_5152156.maf
ssa16	LG19	12362011	12362120	ssa16_5151392_5152156.maf
ssa16	LG19	12328989	12329157	ssa16_5189351_5190586.maf
ssa16	LG08	6921646	6921677	ssa16_52516172_52516478.maf
ssa16	LG08	6776037	6776097	ssa16_52865974_52867019.maf
ssa16	LG08	6776591	6776601	ssa16_52865974_52867019.maf
ssa16	LG08	6776616	6776637	ssa16_52865974_52867019.maf
ssa16	LG08	6776650	6776697	ssa16_52865974_52867019.maf
ssa16	LG08	6776777	6776805	ssa16_52865974_52867019.maf
ssa16	LG08	5923395	5923497	ssa16_54568575_54569089.maf
ssa16	LG08	5923501	5923515	ssa16_54568575_54569089.maf
ssa16	LG08	5923515	5923659	ssa16_54568575_54569089.maf
ssa16	LG08	5923659	5923692	ssa16_54568575_54569089.maf
ssa16	LG08	5923700	5923728	ssa16_54568575_54569089.maf
ssa16	LG08	5679732	5679746	ssa16_55100203_55100667.maf
ssa16	LG08	5679746	5679773	ssa16_55100203_55100667.maf
ssa16	LG19	11863637	11863702	ssa16_5892394_5893671.maf
ssa16	LG19	11863714	11863869	ssa16_5892394_5893671.maf
ssa16	LG19	11863869	11863959	ssa16_5892394_5893671.maf
ssa16	LG19	11818514	11818588	ssa16_5997892_5998859.maf
ssa16	LG19	11818597	11818680	ssa16_5997892_5998859.maf
ssa16	LG19	11810525	11810557	ssa16_6007079_6007394.maf
ssa16	LG19	11810559	11810609	ssa16_6007079_6007394.maf
ssa16	LG19	11802309	11802400	ssa16_6022642_6023306.maf
ssa16	LG19	11802470	11802505	ssa16_6022642_6023306.maf
ssa16	LG19	11802518	11802534	ssa16_6022642_6023306.maf
ssa16	LG19	11802534	11802596	ssa16_6022642_6023306.maf
ssa16	LG19	11802596	11802608	ssa16_6022642_6023306.maf
ssa16	LG19	11802608	11802618	ssa16_6022642_6023306.maf
ssa16	LG19	11799394	11799511	ssa16_6025321_6026037.maf
ssa16	LG22	8366468	8366499	ssa16_65545594_65545990.maf
ssa16	LG19	11374908	11375015	ssa16_6691146_6691640.maf
ssa16	LG22	7131174	7131266	ssa16_67246454_67247489.maf
ssa16	LG22	6944952	6945044	ssa16_67505632_67506096.maf
ssa16	LG22	6945044	6945066	ssa16_67505632_67506096.maf
ssa16	LG22	6929888	6929901	ssa16_67532388_67533134.maf
ssa16	LG22	6929907	6929939	ssa16_67532388_67533134.maf
ssa16	LG22	6929942	6930022	ssa16_67532388_67533134.maf
ssa16	LG22	6930022	6930047	ssa16_67532388_67533134.maf
ssa16	LG22	6651256	6651350	ssa16_67955461_67956070.maf
ssa16	LG22	6555869	6556035	ssa16_68112851_68113510.maf
ssa16	LG22	6556042	6556056	ssa16_68112851_68113510.maf
ssa16	LG22	4250602	4250653	ssa16_70922210_70923141.maf
ssa16	LG22	4250887	4250974	ssa16_70922210_70923141.maf
ssa16	LG19	10677465	10677475	ssa16_7467239_7468653.maf
ssa16	LG19	10677475	10677493	ssa16_7467239_7468653.maf
ssa16	LG19	10677557	10677577	ssa16_7467239_7468653.maf
ssa16	LG19	10677585	10677602	ssa16_7467239_7468653.maf
ssa16	LG19	10677629	10677664	ssa16_7467239_7468653.maf
ssa16	LG19	10677664	10677734	ssa16_7467239_7468653.maf
ssa16	LG19	10677741	10677752	ssa16_7467239_7468653.maf
ssa16	LG19	10677752	10677767	ssa16_7467239_7468653.maf
ssa16	LG19	10677954	10678023	ssa16_7467239_7468653.maf
ssa16	LG19	10678420	10678446	ssa16_7467239_7468653.maf
ssa16	LG19	10678446	10678492	ssa16_7467239_7468653.maf
ssa16	LG22	9580193	9580285	ssa16_83551471_83552047.maf
ssa16	LG19	9986430	9986567	ssa16_8450316_8451190.maf
ssa16	LG19	9986567	9986583	ssa16_8450316_8451190.maf
ssa16	LG19	9986603	9986645	ssa16_8450316_8451190.maf
ssa16	LG19	9857441	9857482	ssa16_8861019_8861658.maf
ssa16	LG19	9857482	9857511	ssa16_8861019_8861658.maf
ssa16	LG19	9775172	9775219	ssa16_9021770_9022439.maf
ssa16	LG19	9775287	9775303	ssa16_9021770_9022439.maf
ssa17	LG22	18504747	18504827	ssa17_10027628_10028278.maf
ssa17	LG22	18688523	18688582	ssa17_10214868_10216130.maf
ssa17	LG22	18688582	18688599	ssa17_10214868_10216130.maf
ssa17	LG22	18694636	18694706	ssa17_10222650_10223569.maf
ssa17	LG22	18702238	18702312	ssa17_10244364_10245424.maf
ssa17	LG22	18702840	18702906	ssa17_10244364_10245424.maf
ssa17	LG22	18715414	18715446	ssa17_10261274_10262294.maf
ssa17	LG22	18739313	18739326	ssa17_10288004_10289003.maf
ssa17	LG22	18739326	18739344	ssa17_10288004_10289003.maf
ssa17	LG22	9391300	9391350	ssa17_10816724_10818089.maf
ssa17	LG22	9391358	9391477	ssa17_10816724_10818089.maf
ssa17	LG22	9198365	9198376	ssa17_11064899_11066041.maf
ssa17	LG22	9198378	9198388	ssa17_11064899_11066041.maf
ssa17	LG22	9198400	9198461	ssa17_11064899_11066041.maf
ssa17	LG22	9198463	9198558	ssa17_11064899_11066041.maf
ssa17	LG22	9198558	9198571	ssa17_11064899_11066041.maf
ssa17	LG22	9198877	9198887	ssa17_11064899_11066041.maf
ssa17	LG22	9198887	9198906	ssa17_11064899_11066041.maf
ssa17	LG22	9119436	9119446	ssa17_11167310_11168250.maf
ssa17	LG22	9119458	9119603	ssa17_11167310_11168250.maf
ssa17	LG22	9119603	9119624	ssa17_11167310_11168250.maf
ssa17	LG22	9101607	9101618	ssa17_11177547_11178716.maf
ssa17	LG22	9101618	9101649	ssa17_11177547_11178716.maf
ssa17	LG22	9101670	9101680	ssa17_11177547_11178716.maf
ssa17	LG22	9101763	9101773	ssa17_11177547_11178716.maf
ssa17	LG22	9101794	9101965	ssa17_11177547_11178716.maf
ssa17	LG22	9101978	9101989	ssa17_11177547_11178716.maf
ssa17	LG22	9102053	9102142	ssa17_11177547_11178716.maf
ssa17	LG22	9102235	9102289	ssa17_11177547_11178716.maf
ssa17	LG22	9102365	9102458	ssa17_11177547_11178716.maf
ssa17	LG22	9083313	9083341	ssa17_11195875_11196629.maf
ssa17	LG22	9083351	9083366	ssa17_11195875_11196629.maf
ssa17	LG22	9083608	9083656	ssa17_11195875_11196629.maf
ssa17	LG22	9046362	9046378	ssa17_11227155_11228024.maf
ssa17	LG22	9046378	9046453	ssa17_11227155_11228024.maf
ssa17	LG22	9046543	9046560	ssa17_11227155_11228024.maf
ssa17	LG22	9046580	9046609	ssa17_11227155_11228024.maf
ssa17	LG22	9045046	9045125	ssa17_11228187_11229447.maf
ssa17	LG22	9045125	9045138	ssa17_11228187_11229447.maf
ssa17	LG22	9045424	9045475	ssa17_11228187_11229447.maf
ssa17	LG22	9045477	9045496	ssa17_11228187_11229447.maf
ssa17	LG22	9045496	9045548	ssa17_11228187_11229447.maf
ssa17	LG22	9045548	9045594	ssa17_11228187_11229447.maf
ssa17	LG22	9045594	9045616	ssa17_11228187_11229447.maf
ssa17	LG22	9045945	9045958	ssa17_11228187_11229447.maf
ssa17	LG22	9046000	9046022	ssa17_11228187_11229447.maf
ssa17	LG22	9032883	9032896	ssa17_11244126_11244553.maf
ssa17	LG22	9032908	9032945	ssa17_11244126_11244553.maf
ssa17	LG22	9033015	9033032	ssa17_11244126_11244553.maf
ssa17	LG22	9033032	9033069	ssa17_11244126_11244553.maf
ssa17	LG22	9027486	9027510	ssa17_11248952_11250581.maf
ssa17	LG22	9027574	9027597	ssa17_11248952_11250581.maf
ssa17	LG22	9027631	9027641	ssa17_11248952_11250581.maf
ssa17	LG22	9027692	9027703	ssa17_11248952_11250581.maf
ssa17	LG22	9027719	9027764	ssa17_11248952_11250581.maf
ssa17	LG22	9027777	9027817	ssa17_11248952_11250581.maf
ssa17	LG22	9027817	9027834	ssa17_11248952_11250581.maf
ssa17	LG22	9027973	9027998	ssa17_11248952_11250581.maf
ssa17	LG22	9015495	9015535	ssa17_11266088_11266809.maf
ssa17	LG22	9015567	9015625	ssa17_11266088_11266809.maf
ssa17	LG22	9015676	9015727	ssa17_11266088_11266809.maf
ssa17	LG22	9012720	9012770	ssa17_11269277_11269569.maf
ssa17	LG22	8999237	8999279	ssa17_11281839_11282845.maf
ssa17	LG22	8999312	8999341	ssa17_11281839_11282845.maf
ssa17	LG22	8999341	8999365	ssa17_11281839_11282845.maf
ssa17	LG22	8999809	8999835	ssa17_11281839_11282845.maf
ssa17	LG22	8999844	8999875	ssa17_11281839_11282845.maf
ssa17	LG22	8869698	8869718	ssa17_11433119_11434453.maf
ssa17	LG22	8869718	8869749	ssa17_11433119_11434453.maf
ssa17	LG22	8869749	8869813	ssa17_11433119_11434453.maf
ssa17	LG22	8869824	8869866	ssa17_11433119_11434453.maf
ssa17	LG22	8869872	8869949	ssa17_11433119_11434453.maf
ssa17	LG22	8869949	8869977	ssa17_11433119_11434453.maf
ssa17	LG22	8870034	8870054	ssa17_11433119_11434453.maf
ssa17	LG22	8870054	8870104	ssa17_11433119_11434453.maf
ssa17	LG22	8870104	8870161	ssa17_11433119_11434453.maf
ssa17	LG22	8360196	8360206	ssa17_12096014_12096892.maf
ssa17	LG22	8346171	8346208	ssa17_12116248_12117571.maf
ssa17	LG22	8346525	8346574	ssa17_12116248_12117571.maf
ssa17	LG22	8347236	8347247	ssa17_12116248_12117571.maf
ssa17	LG22	8347247	8347285	ssa17_12116248_12117571.maf
ssa17	LG22	7428049	7428074	ssa17_13469677_13470554.maf
ssa17	LG22	7428173	7428212	ssa17_13469677_13470554.maf
ssa17	LG22	7428212	7428401	ssa17_13469677_13470554.maf
ssa17	LG22	7363715	7363726	ssa17_13549562_13550473.maf
ssa17	LG22	7363792	7363807	ssa17_13549562_13550473.maf
ssa17	LG22	7363860	7363876	ssa17_13549562_13550473.maf
ssa17	LG22	7363991	7364010	ssa17_13549562_13550473.maf
ssa17	LG22	7364057	7364069	ssa17_13549562_13550473.maf
ssa17	LG22	7364086	7364106	ssa17_13549562_13550473.maf
ssa17	LG22	7352829	7352839	ssa17_13559365_13560777.maf
ssa17	LG22	7353466	7353476	ssa17_13559365_13560777.maf
ssa17	LG22	7353550	7353572	ssa17_13559365_13560777.maf
ssa17	LG22	7129387	7129408	ssa17_13862802_13863384.maf
ssa17	LG22	7129408	7129427	ssa17_13862802_13863384.maf
ssa17	LG22	7129468	7129541	ssa17_13862802_13863384.maf
ssa17	LG22	7070291	7070313	ssa17_13936212_13937341.maf
ssa17	LG22	7070313	7070328	ssa17_13936212_13937341.maf
ssa17	LG22	7070328	7070378	ssa17_13936212_13937341.maf
ssa17	LG22	7046019	7046038	ssa17_13980680_13982022.maf
ssa17	LG22	7046116	7046170	ssa17_13980680_13982022.maf
ssa17	LG22	7032660	7032713	ssa17_14010524_14011447.maf
ssa17	LG22	6955714	6955729	ssa17_14117648_14118580.maf
ssa17	LG22	6955877	6955985	ssa17_14117648_14118580.maf
ssa17	LG22	6955985	6956002	ssa17_14117648_14118580.maf
ssa17	LG22	6956002	6956017	ssa17_14117648_14118580.maf
ssa17	LG22	6956017	6956056	ssa17_14117648_14118580.maf
ssa17	LG22	6956056	6956098	ssa17_14117648_14118580.maf
ssa17	LG22	6942660	6942684	ssa17_14134439_14135257.maf
ssa17	LG22	6942763	6942790	ssa17_14134439_14135257.maf
ssa17	LG22	6942790	6942808	ssa17_14134439_14135257.maf
ssa17	LG22	6942808	6942833	ssa17_14134439_14135257.maf
ssa17	LG22	6942833	6942844	ssa17_14134439_14135257.maf
ssa17	LG22	6942885	6942916	ssa17_14134439_14135257.maf
ssa17	LG22	6941424	6941556	ssa17_14136261_14136721.maf
ssa17	LG22	6941557	6941574	ssa17_14136261_14136721.maf
ssa17	LG22	6939545	6939602	ssa17_14137994_14138444.maf
ssa17	LG22	6934608	6934625	ssa17_14145590_14146886.maf
ssa17	LG22	6934660	6934676	ssa17_14145590_14146886.maf
ssa17	LG22	6934678	6934788	ssa17_14145590_14146886.maf
ssa17	LG22	6934860	6934874	ssa17_14145590_14146886.maf
ssa17	LG22	6934874	6934905	ssa17_14145590_14146886.maf
ssa17	LG22	6934923	6934977	ssa17_14145590_14146886.maf
ssa17	LG22	6934977	6934997	ssa17_14145590_14146886.maf
ssa17	LG22	6934997	6935013	ssa17_14145590_14146886.maf
ssa17	LG22	6935013	6935041	ssa17_14145590_14146886.maf
ssa17	LG22	6935136	6935149	ssa17_14145590_14146886.maf
ssa17	LG22	6935154	6935167	ssa17_14145590_14146886.maf
ssa17	LG22	6935179	6935193	ssa17_14145590_14146886.maf
ssa17	LG22	6935193	6935232	ssa17_14145590_14146886.maf
ssa17	LG22	6935232	6935248	ssa17_14145590_14146886.maf
ssa17	LG22	6935816	6935865	ssa17_14145590_14146886.maf
ssa17	LG22	6935871	6935885	ssa17_14145590_14146886.maf
ssa17	LG22	6935982	6936000	ssa17_14145590_14146886.maf
ssa17	LG22	6916943	6916983	ssa17_14168685_14169389.maf
ssa17	LG22	6916984	6917063	ssa17_14168685_14169389.maf
ssa17	LG22	6900761	6900785	ssa17_14184780_14185914.maf
ssa17	LG22	6727633	6727715	ssa17_14449905_14450758.maf
ssa17	LG22	6614982	6615092	ssa17_14651590_14652341.maf
ssa17	LG22	6568997	6569013	ssa17_14762668_14763363.maf
ssa17	LG22	6569014	6569045	ssa17_14762668_14763363.maf
ssa17	LG22	6569289	6569506	ssa17_14762668_14763363.maf
ssa17	LG22	6564826	6564837	ssa17_14770353_14770821.maf
ssa17	LG22	6534023	6534082	ssa17_14808849_14809339.maf
ssa17	LG22	6534085	6534137	ssa17_14808849_14809339.maf
ssa17	LG22	6374788	6374826	ssa17_15037324_15038472.maf
ssa17	LG22	6374991	6375094	ssa17_15037324_15038472.maf
ssa17	LG22	6351338	6351439	ssa17_15067094_15068077.maf
ssa17	LG22	6317579	6317636	ssa17_15101905_15102870.maf
ssa17	LG22	6318109	6318124	ssa17_15101905_15102870.maf
ssa17	LG22	6318390	6318405	ssa17_15101905_15102870.maf
ssa17	LG22	6066948	6067002	ssa17_15441051_15441813.maf
ssa17	LG22	6067002	6067028	ssa17_15441051_15441813.maf
ssa17	LG22	6067028	6067073	ssa17_15441051_15441813.maf
ssa17	LG22	5952186	5952255	ssa17_15573910_15574651.maf
ssa17	LG22	5952259	5952293	ssa17_15573910_15574651.maf
ssa17	LG22	5952293	5952306	ssa17_15573910_15574651.maf
ssa17	LG22	5952552	5952644	ssa17_15573910_15574651.maf
ssa17	LG22	5952703	5952718	ssa17_15573910_15574651.maf
ssa17	LG22	5766515	5766536	ssa17_15772381_15772709.maf
ssa17	LG22	5766537	5766554	ssa17_15772381_15772709.maf
ssa17	LG22	5584790	5584822	ssa17_15968093_15968557.maf
ssa17	LG22	5126204	5126242	ssa17_16507316_16508017.maf
ssa17	LG22	4657153	4657164	ssa17_17144881_17145258.maf
ssa17	LG22	4653990	4654022	ssa17_17146880_17147704.maf
ssa17	LG22	4650896	4650977	ssa17_17157786_17159179.maf
ssa17	LG22	4651495	4651519	ssa17_17157786_17159179.maf
ssa17	LG22	4651577	4651604	ssa17_17157786_17159179.maf
ssa17	LG22	4606013	4606028	ssa17_17220710_17221486.maf
ssa17	LG22	4451769	4451793	ssa17_17388511_17389461.maf
ssa17	LG22	4238115	4238139	ssa17_17641587_17642120.maf
ssa17	LG22	4238164	4238188	ssa17_17641587_17642120.maf
ssa17	LG22	4226770	4226814	ssa17_17659122_17660048.maf
ssa17	LG22	4226853	4226889	ssa17_17659122_17660048.maf
ssa17	LG22	4226889	4226913	ssa17_17659122_17660048.maf
ssa17	LG22	4226920	4226938	ssa17_17659122_17660048.maf
ssa17	LG22	10764200	10764267	ssa17_18205510_18206437.maf
ssa17	LG22	10764267	10764278	ssa17_18205510_18206437.maf
ssa17	LG22	10764633	10764692	ssa17_18205510_18206437.maf
ssa17	LG22	10761277	10761302	ssa17_18208097_18208732.maf
ssa17	LG22	10761302	10761316	ssa17_18208097_18208732.maf
ssa17	LG22	10761316	10761365	ssa17_18208097_18208732.maf
ssa17	LG22	10730448	10730472	ssa17_18247706_18248639.maf
ssa17	LG22	10730472	10730513	ssa17_18247706_18248639.maf
ssa17	LG22	10730529	10730568	ssa17_18247706_18248639.maf
ssa17	LG22	10730568	10730612	ssa17_18247706_18248639.maf
ssa17	LG22	10730642	10730654	ssa17_18247706_18248639.maf
ssa17	LG22	10730716	10730729	ssa17_18247706_18248639.maf
ssa17	LG22	10730744	10730769	ssa17_18247706_18248639.maf
ssa17	LG22	10731013	10731027	ssa17_18247706_18248639.maf
ssa17	LG22	10731027	10731043	ssa17_18247706_18248639.maf
ssa17	LG22	10731043	10731129	ssa17_18247706_18248639.maf
ssa17	LG22	10731129	10731143	ssa17_18247706_18248639.maf
ssa17	LG22	10731218	10731240	ssa17_18247706_18248639.maf
ssa17	LG22	10731240	10731265	ssa17_18247706_18248639.maf
ssa17	LG22	10731265	10731329	ssa17_18247706_18248639.maf
ssa17	LG22	10573331	10573401	ssa17_18458141_18458838.maf
ssa17	LG22	10808343	10808358	ssa17_19175581_19176123.maf
ssa17	LG22	10811137	10811200	ssa17_19177244_19177898.maf
ssa17	LG22	10814490	10814515	ssa17_19186329_19188643.maf
ssa17	LG22	10817262	10817304	ssa17_19186329_19188643.maf
ssa17	LG22	10817315	10817326	ssa17_19186329_19188643.maf
ssa17	LG22	10817594	10817677	ssa17_19186329_19188643.maf
ssa17	LG22	10821221	10821275	ssa17_19191863_19192240.maf
ssa17	LG22	10821275	10821285	ssa17_19191863_19192240.maf
ssa17	LG22	10821693	10821748	ssa17_19191863_19192240.maf
ssa17	LG22	10821823	10821835	ssa17_19191863_19192240.maf
ssa17	LG22	10823457	10823489	ssa17_19199853_19200793.maf
ssa17	LG22	10916358	10916371	ssa17_19321116_19321659.maf
ssa17	LG22	11089589	11089620	ssa17_19593942_19594266.maf
ssa17	LG22	11089620	11089631	ssa17_19593942_19594266.maf
ssa17	LG22	11342955	11343003	ssa17_19936565_19937212.maf
ssa17	LG22	11343003	11343027	ssa17_19936565_19937212.maf
ssa17	LG22	11343072	11343084	ssa17_19936565_19937212.maf
ssa17	LG22	11343084	11343101	ssa17_19936565_19937212.maf
ssa17	LG22	11347372	11347425	ssa17_19942119_19943154.maf
ssa17	LG22	11347443	11347485	ssa17_19942119_19943154.maf
ssa17	LG22	11375115	11375174	ssa17_20001477_20002468.maf
ssa17	LG22	11375174	11375190	ssa17_20001477_20002468.maf
ssa17	LG22	11375231	11375249	ssa17_20001477_20002468.maf
ssa17	LG22	11376934	11376949	ssa17_20002910_20003201.maf
ssa17	LG22	11376949	11376990	ssa17_20002910_20003201.maf
ssa17	LG22	11377535	11377545	ssa17_20003580_20004047.maf
ssa17	LG22	11377545	11377574	ssa17_20003580_20004047.maf
ssa17	LG22	11378991	11379075	ssa17_20008707_20010112.maf
ssa17	LG22	11379565	11379630	ssa17_20008707_20010112.maf
ssa17	LG22	11380456	11380521	ssa17_20008707_20010112.maf
ssa17	LG22	11380687	11380730	ssa17_20008707_20010112.maf
ssa17	LG22	11835299	11835317	ssa17_21301852_21302945.maf
ssa17	LG22	11906175	11906387	ssa17_21417702_21418539.maf
ssa17	LG22	11906406	11906430	ssa17_21417702_21418539.maf
ssa17	LG22	11906430	11906441	ssa17_21417702_21418539.maf
ssa17	LG22	11906444	11906454	ssa17_21417702_21418539.maf
ssa17	LG22	11907680	11907726	ssa17_21422422_21423255.maf
ssa17	LG22	11907727	11907748	ssa17_21422422_21423255.maf
ssa17	LG22	11907748	11907766	ssa17_21422422_21423255.maf
ssa17	LG22	11908089	11908129	ssa17_21422422_21423255.maf
ssa17	LG22	11908129	11908154	ssa17_21422422_21423255.maf
ssa17	LG22	11908162	11908172	ssa17_21422422_21423255.maf
ssa17	LG22	11908172	11908203	ssa17_21422422_21423255.maf
ssa17	LG22	11913218	11913245	ssa17_21428149_21428769.maf
ssa17	LG22	11929543	11929578	ssa17_21453412_21454237.maf
ssa17	LG22	11929744	11929928	ssa17_21453412_21454237.maf
ssa17	LG22	11929928	11929974	ssa17_21453412_21454237.maf
ssa17	LG22	11930053	11930092	ssa17_21454542_21455197.maf
ssa17	LG22	11930100	11930375	ssa17_21454542_21455197.maf
ssa17	LG22	12018174	12018193	ssa17_21585896_21586375.maf
ssa17	LG22	12018301	12018321	ssa17_21585896_21586375.maf
ssa17	LG22	12018519	12018534	ssa17_21585896_21586375.maf
ssa17	LG22	12111701	12111741	ssa17_21754341_21754855.maf
ssa17	LG22	12111741	12111756	ssa17_21754341_21754855.maf
ssa17	LG22	12306703	12306714	ssa17_22256792_22257667.maf
ssa17	LG22	12306730	12306775	ssa17_22256792_22257667.maf
ssa17	LG22	12306775	12306867	ssa17_22256792_22257667.maf
ssa17	LG22	12306867	12306933	ssa17_22256792_22257667.maf
ssa17	LG22	12306945	12306993	ssa17_22256792_22257667.maf
ssa17	LG22	12988035	12988123	ssa17_23027749_23028451.maf
ssa17	LG22	12988123	12988134	ssa17_23027749_23028451.maf
ssa17	LG22	12988134	12988156	ssa17_23027749_23028451.maf
ssa17	LG22	12988358	12988388	ssa17_23027749_23028451.maf
ssa17	LG22	12988388	12988411	ssa17_23027749_23028451.maf
ssa17	LG22	12988411	12988423	ssa17_23027749_23028451.maf
ssa17	LG22	12988423	12988449	ssa17_23027749_23028451.maf
ssa17	LG22	13009611	13009635	ssa17_23045131_23046013.maf
ssa17	LG22	13009745	13009815	ssa17_23045131_23046013.maf
ssa17	LG22	13019589	13019613	ssa17_23050284_23050677.maf
ssa17	LG22	13044580	13044673	ssa17_23074006_23074563.maf
ssa17	LG22	13047344	13047414	ssa17_23084212_23085591.maf
ssa17	LG22	13047414	13047436	ssa17_23084212_23085591.maf
ssa17	LG22	13127370	13127389	ssa17_23177316_23177628.maf
ssa17	LG22	13127389	13127402	ssa17_23177316_23177628.maf
ssa17	LG22	13294714	13294820	ssa17_23431977_23432648.maf
ssa17	LG22	13427911	13427969	ssa17_23618475_23619366.maf
ssa17	LG22	13427969	13428023	ssa17_23618475_23619366.maf
ssa17	LG22	13428034	13428044	ssa17_23618475_23619366.maf
ssa17	LG22	17940623	17940633	ssa17_23794647_23795207.maf
ssa17	LG22	17828437	17828448	ssa17_24119481_24120261.maf
ssa17	LG22	17828448	17828467	ssa17_24119481_24120261.maf
ssa17	LG22	17829026	17829041	ssa17_24119481_24120261.maf
ssa17	LG22	17829041	17829082	ssa17_24119481_24120261.maf
ssa17	LG22	17745631	17745720	ssa17_24189613_24190058.maf
ssa17	LG22	17707916	17708003	ssa17_24250271_24250925.maf
ssa17	LG22	17662549	17662603	ssa17_24305745_24306338.maf
ssa17	LG22	17662603	17662620	ssa17_24305745_24306338.maf
ssa17	LG22	17662689	17662717	ssa17_24305745_24306338.maf
ssa17	LG22	17642341	17642400	ssa17_24320592_24321773.maf
ssa17	LG22	17642775	17642793	ssa17_24320592_24321773.maf
ssa17	LG22	17642793	17642861	ssa17_24320592_24321773.maf
ssa17	LG22	17642861	17642878	ssa17_24320592_24321773.maf
ssa17	LG22	17642878	17642891	ssa17_24320592_24321773.maf
ssa17	LG22	17629605	17629706	ssa17_24341682_24342308.maf
ssa17	LG22	17629714	17629733	ssa17_24341682_24342308.maf
ssa17	LG22	17467423	17467445	ssa17_24545796_24546074.maf
ssa17	LG22	17429691	17429711	ssa17_24565178_24565461.maf
ssa17	LG22	17359563	17359757	ssa17_24650309_24651293.maf
ssa17	LG22	17359757	17359767	ssa17_24650309_24651293.maf
ssa17	LG22	17359773	17359798	ssa17_24650309_24651293.maf
ssa17	LG22	17128347	17128365	ssa17_25054879_25056120.maf
ssa17	LG22	17117254	17117351	ssa17_25070427_25071646.maf
ssa17	LG22	17103709	17103826	ssa17_25091511_25092146.maf
ssa17	LG22	16882399	16882421	ssa17_25286771_25288021.maf
ssa17	LG22	16882421	16882462	ssa17_25286771_25288021.maf
ssa17	LG22	16869780	16869806	ssa17_25305716_25306999.maf
ssa17	LG22	16869806	16869823	ssa17_25305716_25306999.maf
ssa17	LG22	16869841	16869884	ssa17_25305716_25306999.maf
ssa17	LG22	16869884	16869917	ssa17_25305716_25306999.maf
ssa17	LG22	16328497	16328519	ssa17_25793921_25795453.maf
ssa17	LG22	16328622	16328637	ssa17_25793921_25795453.maf
ssa17	LG22	16328637	16328670	ssa17_25793921_25795453.maf
ssa17	LG22	16328844	16328868	ssa17_25793921_25795453.maf
ssa17	LG22	16328868	16328896	ssa17_25793921_25795453.maf
ssa17	LG22	16324921	16324935	ssa17_25798422_25799220.maf
ssa17	LG22	16287881	16287966	ssa17_25840614_25842005.maf
ssa17	LG22	16246318	16246403	ssa17_25889613_25890073.maf
ssa17	LG22	16241546	16241633	ssa17_25891540_25891901.maf
ssa17	LG22	16028203	16028316	ssa17_26232336_26233086.maf
ssa17	LG22	16026554	16026640	ssa17_26233784_26234784.maf
ssa17	LG22	16002642	16002776	ssa17_26252095_26252850.maf
ssa17	LG22	15740858	15740902	ssa17_26668973_26670342.maf
ssa17	LG22	15741334	15741398	ssa17_26668973_26670342.maf
ssa17	LG22	15741754	15741805	ssa17_26668973_26670342.maf
ssa17	LG22	15741805	15741839	ssa17_26668973_26670342.maf
ssa17	LG22	15741839	15741870	ssa17_26668973_26670342.maf
ssa17	LG22	13878843	13878854	ssa17_27674502_27675587.maf
ssa17	LG22	13879627	13879681	ssa17_27674502_27675587.maf
ssa17	LG22	13879681	13879693	ssa17_27674502_27675587.maf
ssa17	LG22	13879698	13879711	ssa17_27674502_27675587.maf
ssa17	LG22	14133759	14133794	ssa17_28281617_28282488.maf
ssa17	LG22	14133794	14133806	ssa17_28281617_28282488.maf
ssa17	LG22	14133806	14133846	ssa17_28281617_28282488.maf
ssa17	LG22	14186651	14186665	ssa17_28380626_28381743.maf
ssa17	LG22	14186665	14186707	ssa17_28380626_28381743.maf
ssa17	LG22	14187091	14187110	ssa17_28380626_28381743.maf
ssa17	LG22	14187110	14187120	ssa17_28380626_28381743.maf
ssa17	LG22	14187120	14187166	ssa17_28380626_28381743.maf
ssa17	LG22	14187166	14187199	ssa17_28380626_28381743.maf
ssa17	LG22	14187457	14187479	ssa17_28380626_28381743.maf
ssa17	LG22	14187479	14187654	ssa17_28380626_28381743.maf
ssa17	LG22	14240866	14240908	ssa17_28446845_28448052.maf
ssa17	LG22	14240908	14240964	ssa17_28446845_28448052.maf
ssa17	LG22	14240964	14240988	ssa17_28446845_28448052.maf
ssa17	LG22	14375669	14375726	ssa17_28751985_28753555.maf
ssa17	LG22	14644300	14644373	ssa17_29534538_29535446.maf
ssa17	LG22	14644398	14644428	ssa17_29534538_29535446.maf
ssa17	LG22	14656859	14656901	ssa17_29544777_29545707.maf
ssa17	LG22	14656901	14656936	ssa17_29544777_29545707.maf
ssa17	LG22	14656936	14656946	ssa17_29544777_29545707.maf
ssa17	LG22	14657162	14657174	ssa17_29544777_29545707.maf
ssa17	LG22	14657174	14657331	ssa17_29544777_29545707.maf
ssa17	LG22	14657331	14657347	ssa17_29544777_29545707.maf
ssa17	LG22	14897451	14897490	ssa17_30306589_30307835.maf
ssa17	LG22	14897490	14897517	ssa17_30306589_30307835.maf
ssa17	LG22	14959317	14959401	ssa17_30398572_30399070.maf
ssa17	LG22	14959401	14959418	ssa17_30398572_30399070.maf
ssa17	LG22	15052917	15052941	ssa17_30551776_30552373.maf
ssa17	LG22	15052941	15052971	ssa17_30551776_30552373.maf
ssa17	LG22	19083721	19083733	ssa17_30969807_30970680.maf
ssa17	LG22	19083733	19083788	ssa17_30969807_30970680.maf
ssa17	LG22	9431620	9431656	ssa17_31128097_31129107.maf
ssa17	LG22	9431660	9431739	ssa17_31128097_31129107.maf
ssa17	LG22	9431739	9431763	ssa17_31128097_31129107.maf
ssa17	LG22	9533479	9533496	ssa17_31301926_31303508.maf
ssa17	LG22	9533511	9533554	ssa17_31301926_31303508.maf
ssa17	LG22	9533561	9533574	ssa17_31301926_31303508.maf
ssa17	LG22	10229017	10229046	ssa17_33171552_33172470.maf
ssa17	LG22	10229046	10229058	ssa17_33171552_33172470.maf
ssa17	LG22	10233241	10233328	ssa17_33176529_33177451.maf
ssa17	LG22	10233328	10233353	ssa17_33176529_33177451.maf
ssa17	LG22	10233353	10233365	ssa17_33176529_33177451.maf
ssa17	LG22	10234610	10234650	ssa17_33179607_33181213.maf
ssa17	LG22	10234650	10234674	ssa17_33179607_33181213.maf
ssa17	LG22	10276832	10276846	ssa17_33252346_33252898.maf
ssa17	LG22	10276851	10276866	ssa17_33252346_33252898.maf
ssa17	LG22	10276866	10276878	ssa17_33252346_33252898.maf
ssa17	LG22	10276884	10276897	ssa17_33252346_33252898.maf
ssa17	LG22	10276897	10276922	ssa17_33252346_33252898.maf
ssa17	LG22	10297290	10297332	ssa17_33285717_33286604.maf
ssa17	LG22	10297332	10297370	ssa17_33285717_33286604.maf
ssa17	LG22	2891288	2891312	ssa17_36699335_36700022.maf
ssa17	LG22	2891312	2891344	ssa17_36699335_36700022.maf
ssa17	LG22	2891344	2891363	ssa17_36699335_36700022.maf
ssa17	LG22	2891363	2891393	ssa17_36699335_36700022.maf
ssa17	LG22	3746751	3746768	ssa17_39489736_39491711.maf
ssa17	LG22	3746768	3746869	ssa17_39489736_39491711.maf
ssa17	LG22	3746869	3746882	ssa17_39489736_39491711.maf
ssa17	LG22	3746884	3746896	ssa17_39489736_39491711.maf
ssa17	LG22	3747405	3747498	ssa17_39489736_39491711.maf
ssa17	LG22	3747514	3747685	ssa17_39489736_39491711.maf
ssa17	LG22	3747685	3747891	ssa17_39489736_39491711.maf
ssa17	LG22	3747891	3747966	ssa17_39489736_39491711.maf
ssa17	LG23	20269979	20269991	ssa17_53866434_53867171.maf
ssa17	LG23	20269994	20270020	ssa17_53866434_53867171.maf
ssa17	LG23	20270020	20270078	ssa17_53866434_53867171.maf
ssa17	LG23	23544374	23544448	ssa17_57299749_57300396.maf
ssa17	LG23	10838860	10838871	ssa17_65174139_65174774.maf
ssa17	LG23	10838991	10839005	ssa17_65174139_65174774.maf
ssa17	LG22	22584392	22584414	ssa17_6650941_6652240.maf
ssa17	LG22	22584480	22584498	ssa17_6650941_6652240.maf
ssa17	LG22	22584498	22584531	ssa17_6650941_6652240.maf
ssa17	LG22	22584532	22584553	ssa17_6650941_6652240.maf
ssa17	LG22	22681026	22681059	ssa17_6696004_6696787.maf
ssa17	LG22	22681073	22681105	ssa17_6696004_6696787.maf
ssa17	LG22	22681105	22681148	ssa17_6696004_6696787.maf
ssa17	LG22	25076548	25076629	ssa17_8255177_8256149.maf
ssa17	LG22	20173663	20173752	ssa17_8891053_8891705.maf
ssa17	LG22	20160591	20160619	ssa17_8912378_8913211.maf
ssa17	LG22	20160660	20160700	ssa17_8912378_8913211.maf
ssa17	LG22	19831966	19831989	ssa17_9370391_9371421.maf
ssa17	LG22	19831994	19832005	ssa17_9370391_9371421.maf
ssa17	LG22	18115458	18115482	ssa17_9577077_9577326.maf
ssa17	LG22	18115482	18115520	ssa17_9577077_9577326.maf
ssa17	LG22	18115520	18115537	ssa17_9577077_9577326.maf
ssa17	LG22	18285191	18285210	ssa17_9751194_9751815.maf
ssa17	LG22	18298782	18298847	ssa17_9784142_9785369.maf
ssa17	LG22	18298847	18298859	ssa17_9784142_9785369.maf
ssa17	LG22	18298859	18298870	ssa17_9784142_9785369.maf
ssa17	LG22	18298870	18298914	ssa17_9784142_9785369.maf
ssa17	LG22	18298914	18299019	ssa17_9784142_9785369.maf
ssa17	LG22	18320224	18320354	ssa17_9805193_9806685.maf
ssa18	LG06	24704099	24704157	ssa18_11446186_11447582.maf
ssa18	LG06	25656047	25656061	ssa18_12747713_12749579.maf
ssa18	LG06	25656061	25656122	ssa18_12747713_12749579.maf
ssa18	LG06	24112427	24112460	ssa18_14282058_14282612.maf
ssa18	LG06	24112480	24112494	ssa18_14282058_14282612.maf
ssa18	LG06	24112497	24112507	ssa18_14282058_14282612.maf
ssa18	LG06	23789384	23789401	ssa18_14666191_14666650.maf
ssa18	LG06	23789445	23789471	ssa18_14666191_14666650.maf
ssa18	LG06	23789816	23789826	ssa18_14666191_14666650.maf
ssa18	LG06	22577038	22577128	ssa18_16402046_16402565.maf
ssa18	LG06	22577212	22577325	ssa18_16402046_16402565.maf
ssa18	LG06	22544235	22544344	ssa18_16460568_16461043.maf
ssa18	LG06	22450537	22450620	ssa18_16613319_16613960.maf
ssa18	LG06	17346686	17346722	ssa18_21613524_21614136.maf
ssa18	LG06	17329824	17329899	ssa18_21633599_21634770.maf
ssa18	LG06	17329899	17329967	ssa18_21633599_21634770.maf
ssa18	LG06	17330125	17330200	ssa18_21633599_21634770.maf
ssa18	LG06	13065989	13066047	ssa18_28319824_28320287.maf
ssa18	LG06	13066264	13066275	ssa18_28319824_28320287.maf
ssa18	LG24	10030295	10030336	ssa18_58743633_58744074.maf
ssa18	LG24	10030336	10030449	ssa18_58743633_58744074.maf
ssa18	LG24	10030449	10030467	ssa18_58743633_58744074.maf
ssa18	LG24	10030470	10030487	ssa18_58743633_58744074.maf
ssa18	LG24	11345495	11345566	ssa18_60804247_60804629.maf
ssa18	LG24	11345566	11345580	ssa18_60804247_60804629.maf
ssa18	LG24	11345701	11345729	ssa18_60804247_60804629.maf
ssa18	LG24	11345729	11345748	ssa18_60804247_60804629.maf
ssa18	LG24	11345748	11345795	ssa18_60804247_60804629.maf
ssa18	LG24	14757933	14757957	ssa18_65297985_65298817.maf
ssa18	LG24	16154917	16154932	ssa18_66945693_66946557.maf
ssa18	LG24	16155201	16155246	ssa18_66945693_66946557.maf
ssa18	LG24	16155246	16155259	ssa18_66945693_66946557.maf
ssa18	LG24	16155259	16155285	ssa18_66945693_66946557.maf
ssa18	LG24	16155879	16155911	ssa18_66945693_66946557.maf
ssa18	LG24	16194763	16194811	ssa18_67061209_67062111.maf
ssa18	LG24	16194837	16194868	ssa18_67061209_67062111.maf
ssa18	LG24	26596444	26596492	ssa18_77357803_77358983.maf
ssa18	LG24	26596828	26596872	ssa18_77357803_77358983.maf
ssa18	LG06	28254037	28254048	ssa18_8777558_8778205.maf
ssa18	LG06	28254048	28254178	ssa18_8777558_8778205.maf
ssa18	LG06	28254178	28254188	ssa18_8777558_8778205.maf
ssa19	LG21	22814306	22814339	ssa19_27179753_27180842.maf
ssa19	LG21	22814339	22814350	ssa19_27179753_27180842.maf
ssa19	LG21	22814350	22814364	ssa19_27179753_27180842.maf
ssa19	LG21	22814605	22814633	ssa19_27179753_27180842.maf
ssa19	LG21	22814650	22814709	ssa19_27179753_27180842.maf
ssa19	LG21	22814852	22814883	ssa19_27179753_27180842.maf
ssa19	LG21	23652742	23652769	ssa19_30225704_30226609.maf
ssa19	LG21	23653164	23653209	ssa19_30225704_30226609.maf
ssa19	LG21	23653209	23653248	ssa19_30225704_30226609.maf
ssa19	LG05	12711720	12711805	ssa19_49280454_49281394.maf
ssa19	LG05	10572368	10572383	ssa19_52238458_52239191.maf
ssa19	LG21	8395257	8395270	ssa19_73482826_73483916.maf
ssa19	LG21	9435474	9435560	ssa19_75234150_75234930.maf
ssa19	LG21	9435872	9435938	ssa19_75234150_75234930.maf
ssa19	LG21	9435938	9435988	ssa19_75234150_75234930.maf
ssa19	LG21	9435999	9436021	ssa19_75234150_75234930.maf
ssa19	LG21	3930102	3930118	ssa19_81002254_81002864.maf
ssa19	LG21	3930141	3930173	ssa19_81002254_81002864.maf
ssa19	LG21	3930175	3930216	ssa19_81002254_81002864.maf
ssa19	LG21	3930216	3930230	ssa19_81002254_81002864.maf
ssa19	LG21	3930296	3930321	ssa19_81002254_81002864.maf
ssa19	LG21	3930330	3930357	ssa19_81002254_81002864.maf
ssa19	LG21	1610588	1610619	ssa19_85713044_85713698.maf
ssa19	LG21	5168962	5169073	ssa19_9338410_9338787.maf
ssa19	LG21	5169091	5169102	ssa19_9338410_9338787.maf
ssa01	LG05	6990541	6990628	ssa1_103244810_103245882.maf
ssa01	LG05	6990724	6990750	ssa1_103244810_103245882.maf
ssa01	LG05	6990750	6990763	ssa1_103244810_103245882.maf
ssa01	LG05	6990763	6990831	ssa1_103244810_103245882.maf
ssa01	LG05	6990846	6990870	ssa1_103244810_103245882.maf
ssa01	LG05	6900649	6900670	ssa1_103414010_103414938.maf
ssa01	LG05	6816496	6816519	ssa1_103542294_103543221.maf
ssa01	LG05	6816585	6816687	ssa1_103542294_103543221.maf
ssa01	LG05	6816687	6816836	ssa1_103542294_103543221.maf
ssa01	LG05	6786211	6786283	ssa1_103600387_103601010.maf
ssa01	LG05	6786283	6786335	ssa1_103600387_103601010.maf
ssa01	LG05	6740342	6740357	ssa1_103656679_103657761.maf
ssa01	LG05	6740357	6740423	ssa1_103656679_103657761.maf
ssa01	LG05	6723628	6723681	ssa1_103686480_103687397.maf
ssa01	LG05	6723681	6723718	ssa1_103686480_103687397.maf
ssa01	LG05	6710097	6710154	ssa1_103715278_103716248.maf
ssa01	LG05	6685690	6685717	ssa1_103758270_103758839.maf
ssa01	LG05	6685865	6685899	ssa1_103758270_103758839.maf
ssa01	LG05	6685899	6685909	ssa1_103758270_103758839.maf
ssa01	LG05	6685909	6685940	ssa1_103758270_103758839.maf
ssa01	LG05	6655297	6655324	ssa1_103800596_103801249.maf
ssa01	LG05	6566668	6566741	ssa1_103964569_103965362.maf
ssa01	LG05	6566741	6566763	ssa1_103964569_103965362.maf
ssa01	LG05	6566763	6566780	ssa1_103964569_103965362.maf
ssa01	LG05	6566902	6566955	ssa1_103964569_103965362.maf
ssa01	LG05	6566955	6566998	ssa1_103964569_103965362.maf
ssa01	LG05	6539217	6539260	ssa1_104008068_104008596.maf
ssa01	LG05	6539266	6539289	ssa1_104008068_104008596.maf
ssa01	LG05	6534267	6534327	ssa1_104018605_104019716.maf
ssa01	LG05	6393289	6393366	ssa1_104313518_104314591.maf
ssa01	LG05	6393366	6393385	ssa1_104313518_104314591.maf
ssa01	LG05	6178410	6178440	ssa1_105067721_105068657.maf
ssa01	LG05	6178440	6178483	ssa1_105067721_105068657.maf
ssa01	LG05	5115901	5115939	ssa1_106863138_106864104.maf
ssa01	LG05	5115961	5115981	ssa1_106863138_106864104.maf
ssa01	LG05	5116006	5116018	ssa1_106863138_106864104.maf
ssa01	LG05	5116018	5116031	ssa1_106863138_106864104.maf
ssa01	LG05	5116047	5116065	ssa1_106863138_106864104.maf
ssa01	LG05	5056492	5056512	ssa1_106973864_106975135.maf
ssa01	LG05	5056512	5056554	ssa1_106973864_106975135.maf
ssa01	LG05	5056854	5056869	ssa1_106973864_106975135.maf
ssa01	LG05	5056869	5056904	ssa1_106973864_106975135.maf
ssa01	LG05	5056904	5056970	ssa1_106973864_106975135.maf
ssa01	LG05	5028866	5028878	ssa1_107051930_107052962.maf
ssa01	LG05	5028878	5028897	ssa1_107051930_107052962.maf
ssa01	LG05	5028899	5028934	ssa1_107051930_107052962.maf
ssa01	LG05	5028937	5028951	ssa1_107051930_107052962.maf
ssa01	LG05	5029361	5029427	ssa1_107051930_107052962.maf
ssa01	LG05	5029427	5029495	ssa1_107051930_107052962.maf
ssa01	LG05	4993220	4993292	ssa1_107169037_107169913.maf
ssa01	LG06	7707973	7708002	ssa1_109942501_109943533.maf
ssa01	LG06	7737106	7737260	ssa1_109989422_109990282.maf
ssa01	LG06	7737294	7737313	ssa1_109989422_109990282.maf
ssa01	LG06	7737320	7737341	ssa1_109989422_109990282.maf
ssa01	LG06	4367374	4367459	ssa1_110618146_110618956.maf
ssa01	LG06	5523312	5523337	ssa1_113593024_113593816.maf
ssa01	LG06	5587676	5587842	ssa1_113720134_113720766.maf
ssa01	LG06	5587842	5587870	ssa1_113720134_113720766.maf
ssa01	LG06	5587873	5587884	ssa1_113720134_113720766.maf
ssa01	LG06	5615570	5615586	ssa1_113803400_113804362.maf
ssa01	LG06	5905027	5905077	ssa1_114510443_114511013.maf
ssa01	LG06	6536163	6536226	ssa1_116409529_116410115.maf
ssa01	LG06	6536226	6536250	ssa1_116409529_116410115.maf
ssa01	LG06	6564255	6564325	ssa1_116474008_116474909.maf
ssa01	LG06	6564332	6564343	ssa1_116474008_116474909.maf
ssa01	LG15	3156485	3156575	ssa1_11911770_11912188.maf
ssa01	LG15	3156740	3156754	ssa1_11911770_11912188.maf
ssa01	LG14	33111807	33111820	ssa1_123455282_123457332.maf
ssa01	LG14	33013514	33013549	ssa1_123645305_123646753.maf
ssa01	LG14	33013549	33013582	ssa1_123645305_123646753.maf
ssa01	LG14	33013582	33013638	ssa1_123645305_123646753.maf
ssa01	LG14	33013638	33013675	ssa1_123645305_123646753.maf
ssa01	LG14	32991903	32991957	ssa1_123689386_123689936.maf
ssa01	LG14	32984041	32984129	ssa1_123697088_123697691.maf
ssa01	LG14	32984130	32984162	ssa1_123697088_123697691.maf
ssa01	LG14	32984354	32984387	ssa1_123697088_123697691.maf
ssa01	LG14	32703402	32703422	ssa1_124067868_124068949.maf
ssa01	LG14	32703511	32703532	ssa1_124067868_124068949.maf
ssa01	LG14	32703561	32703599	ssa1_124067868_124068949.maf
ssa01	LG14	32703648	32703670	ssa1_124067868_124068949.maf
ssa01	LG14	32703678	32703695	ssa1_124067868_124068949.maf
ssa01	LG14	32649624	32649636	ssa1_124112485_124113144.maf
ssa01	LG14	32649764	32649796	ssa1_124112485_124113144.maf
ssa01	LG14	32649796	32649857	ssa1_124112485_124113144.maf
ssa01	LG14	32581493	32581579	ssa1_124180471_124181466.maf
ssa01	LG14	32528607	32528735	ssa1_124251123_124251742.maf
ssa01	LG14	32463290	32463328	ssa1_124335399_124336158.maf
ssa01	LG14	32217497	32217523	ssa1_124615170_124616240.maf
ssa01	LG14	32217596	32217630	ssa1_124615170_124616240.maf
ssa01	LG14	32217630	32217647	ssa1_124615170_124616240.maf
ssa01	LG14	32217647	32217685	ssa1_124615170_124616240.maf
ssa01	LG14	32217968	32218013	ssa1_124615170_124616240.maf
ssa01	LG14	32218045	32218062	ssa1_124615170_124616240.maf
ssa01	LG14	31836392	31836418	ssa1_125116108_125116569.maf
ssa01	LG14	31828476	31828495	ssa1_125120773_125121851.maf
ssa01	LG14	31828934	31828950	ssa1_125120773_125121851.maf
ssa01	LG14	31829000	31829018	ssa1_125120773_125121851.maf
ssa01	LG14	31829035	31829054	ssa1_125120773_125121851.maf
ssa01	LG14	31829068	31829082	ssa1_125120773_125121851.maf
ssa01	LG14	31829082	31829099	ssa1_125120773_125121851.maf
ssa01	LG14	31820467	31820492	ssa1_125128711_125129341.maf
ssa01	LG14	31395707	31395755	ssa1_125705199_125706733.maf
ssa01	LG14	31395772	31395847	ssa1_125705199_125706733.maf
ssa01	LG14	31370749	31370793	ssa1_125731352_125731947.maf
ssa01	LG14	30925596	30925626	ssa1_126341066_126342024.maf
ssa01	LG14	30925626	30925644	ssa1_126341066_126342024.maf
ssa01	LG14	29414501	29414524	ssa1_128113568_128113709.maf
ssa01	LG14	29414524	29414549	ssa1_128113568_128113709.maf
ssa01	LG14	29414549	29414592	ssa1_128113568_128113709.maf
ssa01	LG14	28633941	28633963	ssa1_129239978_129241145.maf
ssa01	LG14	28633965	28634138	ssa1_129239978_129241145.maf
ssa01	LG14	28634235	28634269	ssa1_129239978_129241145.maf
ssa01	LG14	28634269	28634279	ssa1_129239978_129241145.maf
ssa01	LG14	28377823	28377843	ssa1_129524505_129525358.maf
ssa01	LG14	28377934	28377953	ssa1_129524505_129525358.maf
ssa01	LG14	28378017	28378059	ssa1_129524505_129525358.maf
ssa01	LG14	27616468	27616502	ssa1_130347589_130348243.maf
ssa01	LG14	27442269	27442288	ssa1_130380316_130380696.maf
ssa01	LG14	27159517	27159609	ssa1_130839117_130840355.maf
ssa01	LG14	27097636	27097725	ssa1_130927625_130928793.maf
ssa01	LG14	27097733	27097899	ssa1_130927625_130928793.maf
ssa01	LG14	26732373	26732393	ssa1_131342730_131343203.maf
ssa01	LG14	26700287	26700384	ssa1_131371358_131372399.maf
ssa01	LG14	26700384	26700483	ssa1_131371358_131372399.maf
ssa01	LG14	26700888	26700906	ssa1_131371358_131372399.maf
ssa01	LG14	26700906	26700927	ssa1_131371358_131372399.maf
ssa01	LG14	26700927	26700962	ssa1_131371358_131372399.maf
ssa01	LG14	26701056	26701114	ssa1_131371358_131372399.maf
ssa01	LG14	25867459	25867549	ssa1_132422338_132423453.maf
ssa01	LG14	25867549	25867603	ssa1_132422338_132423453.maf
ssa01	LG14	25867603	25867646	ssa1_132422338_132423453.maf
ssa01	LG14	25867831	25867841	ssa1_132422338_132423453.maf
ssa01	LG14	25867921	25867965	ssa1_132422338_132423453.maf
ssa01	LG14	25867965	25867988	ssa1_132422338_132423453.maf
ssa01	LG14	25804399	25804447	ssa1_132499263_132499804.maf
ssa01	LG14	25804591	25804604	ssa1_132499263_132499804.maf
ssa01	LG14	25696776	25696808	ssa1_132639242_132640081.maf
ssa01	LG14	25696808	25696818	ssa1_132639242_132640081.maf
ssa01	LG14	25674340	25674409	ssa1_132660649_132661236.maf
ssa01	LG14	25674409	25674419	ssa1_132660649_132661236.maf
ssa01	LG14	25674419	25674434	ssa1_132660649_132661236.maf
ssa01	LG14	25157672	25157794	ssa1_133369604_133370271.maf
ssa01	LG14	25157794	25157853	ssa1_133369604_133370271.maf
ssa01	LG14	24413312	24413364	ssa1_134378595_134380186.maf
ssa01	LG14	24413364	24413464	ssa1_134378595_134380186.maf
ssa01	LG14	24413464	24413491	ssa1_134378595_134380186.maf
ssa01	LG14	24413622	24413784	ssa1_134378595_134380186.maf
ssa01	LG14	24413792	24413807	ssa1_134378595_134380186.maf
ssa01	LG14	24413891	24413966	ssa1_134378595_134380186.maf
ssa01	LG14	24414105	24414144	ssa1_134378595_134380186.maf
ssa01	LG14	24307916	24307933	ssa1_134467798_134468976.maf
ssa01	LG14	24308121	24308144	ssa1_134467798_134468976.maf
ssa01	LG14	24308144	24308208	ssa1_134467798_134468976.maf
ssa01	LG14	23873458	23873532	ssa1_134999028_134999791.maf
ssa01	LG14	23550151	23550198	ssa1_135415781_135416336.maf
ssa01	LG14	23550234	23550429	ssa1_135415781_135416336.maf
ssa01	LG14	23533776	23533820	ssa1_135437419_135438032.maf
ssa01	LG14	23533929	23533992	ssa1_135437419_135438032.maf
ssa01	LG14	23533992	23534015	ssa1_135437419_135438032.maf
ssa01	LG14	23534015	23534027	ssa1_135437419_135438032.maf
ssa01	LG14	23534027	23534055	ssa1_135437419_135438032.maf
ssa01	LG14	23528186	23528216	ssa1_135444820_135445345.maf
ssa01	LG14	23528216	23528259	ssa1_135444820_135445345.maf
ssa01	LG14	23528259	23528279	ssa1_135444820_135445345.maf
ssa01	LG14	23528310	23528339	ssa1_135444820_135445345.maf
ssa01	LG14	23111113	23111160	ssa1_135963271_135963916.maf
ssa01	LG14	23111160	23111185	ssa1_135963271_135963916.maf
ssa01	LG14	22947429	22947443	ssa1_136073491_136074121.maf
ssa01	LG14	22947443	22947465	ssa1_136073491_136074121.maf
ssa01	LG14	22947465	22947509	ssa1_136073491_136074121.maf
ssa01	LG14	21928626	21928638	ssa1_137456968_137457892.maf
ssa01	LG14	21929175	21929185	ssa1_137456968_137457892.maf
ssa01	LG14	21929217	21929278	ssa1_137456968_137457892.maf
ssa01	LG14	21929361	21929381	ssa1_137456968_137457892.maf
ssa01	LG14	21929390	21929443	ssa1_137456968_137457892.maf
ssa01	LG14	21734815	21734973	ssa1_137822388_137823712.maf
ssa01	LG14	21735050	21735061	ssa1_137822388_137823712.maf
ssa01	LG14	21735334	21735355	ssa1_137822388_137823712.maf
ssa01	LG14	21735355	21735379	ssa1_137822388_137823712.maf
ssa01	LG14	21735658	21735671	ssa1_137822388_137823712.maf
ssa01	LG14	21735676	21735703	ssa1_137822388_137823712.maf
ssa01	LG14	21735803	21735820	ssa1_137822388_137823712.maf
ssa01	LG14	21612072	21612148	ssa1_138036398_138037535.maf
ssa01	LG14	21612171	21612189	ssa1_138036398_138037535.maf
ssa01	LG14	21612208	21612220	ssa1_138036398_138037535.maf
ssa01	LG14	21612245	21612271	ssa1_138036398_138037535.maf
ssa01	LG14	21612396	21612435	ssa1_138036398_138037535.maf
ssa01	LG14	21612435	21612555	ssa1_138036398_138037535.maf
ssa01	LG14	21612558	21612668	ssa1_138036398_138037535.maf
ssa01	LG14	21612716	21612731	ssa1_138036398_138037535.maf
ssa01	LG14	21507361	21507371	ssa1_138177273_138177955.maf
ssa01	LG14	21389889	21389901	ssa1_138323879_138325119.maf
ssa01	LG14	20952756	20952776	ssa1_139014054_139015700.maf
ssa01	LG14	20952808	20952921	ssa1_139014054_139015700.maf
ssa01	LG14	20950225	20950246	ssa1_139016969_139017302.maf
ssa01	LG14	20950246	20950268	ssa1_139016969_139017302.maf
ssa01	LG14	20940007	20940048	ssa1_139031767_139032287.maf
ssa01	LG14	20940258	20940325	ssa1_139031767_139032287.maf
ssa01	LG14	20935838	20935875	ssa1_139035721_139036951.maf
ssa01	LG14	20935875	20935886	ssa1_139035721_139036951.maf
ssa01	LG14	20935886	20935910	ssa1_139035721_139036951.maf
ssa01	LG14	20935910	20935923	ssa1_139035721_139036951.maf
ssa01	LG14	20936588	20936620	ssa1_139035721_139036951.maf
ssa01	LG14	20936622	20936673	ssa1_139035721_139036951.maf
ssa01	LG14	20821098	20821113	ssa1_139176319_139176913.maf
ssa01	LG14	20821113	20821156	ssa1_139176319_139176913.maf
ssa01	LG14	20821156	20821172	ssa1_139176319_139176913.maf
ssa01	LG14	20539403	20539432	ssa1_139510811_139511696.maf
ssa01	LG14	20539432	20539568	ssa1_139510811_139511696.maf
ssa01	LG14	20539798	20539852	ssa1_139510811_139511696.maf
ssa01	LG14	20539852	20539910	ssa1_139510811_139511696.maf
ssa01	LG14	20533955	20534082	ssa1_139514428_139515047.maf
ssa01	LG14	20534082	20534197	ssa1_139514428_139515047.maf
ssa01	LG14	20389744	20389755	ssa1_139631976_139632789.maf
ssa01	LG14	20389755	20389785	ssa1_139631976_139632789.maf
ssa01	LG14	20389785	20389800	ssa1_139631976_139632789.maf
ssa01	LG14	20389800	20389935	ssa1_139631976_139632789.maf
ssa01	LG14	20389935	20389955	ssa1_139631976_139632789.maf
ssa01	LG14	20039810	20039853	ssa1_140323907_140324699.maf
ssa01	LG14	19743582	19743685	ssa1_140586889_140588231.maf
ssa01	LG14	19743685	19743775	ssa1_140586889_140588231.maf
ssa01	LG14	19744042	19744074	ssa1_140586889_140588231.maf
ssa01	LG14	19701352	19701371	ssa1_140658535_140659139.maf
ssa01	LG14	19701371	19701387	ssa1_140658535_140659139.maf
ssa01	LG14	19701390	19701423	ssa1_140658535_140659139.maf
ssa01	LG14	19701444	19701460	ssa1_140658535_140659139.maf
ssa01	LG14	19701526	19701628	ssa1_140658535_140659139.maf
ssa01	LG14	19595104	19595164	ssa1_140739194_140740346.maf
ssa01	LG14	19595168	19595192	ssa1_140739194_140740346.maf
ssa01	LG14	19595192	19595206	ssa1_140739194_140740346.maf
ssa01	LG14	19394600	19394614	ssa1_141103697_141104498.maf
ssa01	LG14	19394635	19394659	ssa1_141103697_141104498.maf
ssa01	LG14	19394659	19394676	ssa1_141103697_141104498.maf
ssa01	LG14	19287680	19287791	ssa1_141261403_141263180.maf
ssa01	LG14	19185221	19185264	ssa1_141429154_141429893.maf
ssa01	LG14	19185268	19185279	ssa1_141429154_141429893.maf
ssa01	LG14	19157016	19157026	ssa1_141466507_141467541.maf
ssa01	LG14	18965472	18965488	ssa1_141693598_141694288.maf
ssa01	LG14	18654346	18654362	ssa1_142094166_142094829.maf
ssa01	LG14	18654498	18654530	ssa1_142094166_142094829.maf
ssa01	LG14	18654530	18654542	ssa1_142094166_142094829.maf
ssa01	LG14	18654542	18654593	ssa1_142094166_142094829.maf
ssa01	LG14	18636590	18636799	ssa1_142119366_142120883.maf
ssa01	LG14	18637113	18637142	ssa1_142119366_142120883.maf
ssa01	LG14	18637142	18637183	ssa1_142119366_142120883.maf
ssa01	LG14	18434220	18434331	ssa1_142419969_142420615.maf
ssa01	LG14	18434331	18434373	ssa1_142419969_142420615.maf
ssa01	LG14	18218046	18218105	ssa1_142679737_142680459.maf
ssa01	LG14	18218105	18218116	ssa1_142679737_142680459.maf
ssa01	LG14	15893770	15893787	ssa1_146440690_146441324.maf
ssa01	LG14	15893819	15893844	ssa1_146440690_146441324.maf
ssa01	LG14	15893881	15893911	ssa1_146440690_146441324.maf
ssa01	LG14	15739383	15739410	ssa1_146743623_146744005.maf
ssa01	LG14	15175470	15175489	ssa1_147585562_147586181.maf
ssa01	LG14	15175491	15175512	ssa1_147585562_147586181.maf
ssa01	LG14	15175756	15175782	ssa1_147585562_147586181.maf
ssa01	LG14	15175894	15175913	ssa1_147585562_147586181.maf
ssa01	LG14	15156702	15156716	ssa1_147610442_147611170.maf
ssa01	LG14	15156716	15156808	ssa1_147610442_147611170.maf
ssa01	LG14	15156808	15156880	ssa1_147610442_147611170.maf
ssa01	LG14	15156880	15156929	ssa1_147610442_147611170.maf
ssa01	LG14	15157680	15157782	ssa1_147610442_147611170.maf
ssa01	LG14	15150849	15150874	ssa1_147617851_147619199.maf
ssa01	LG14	15150878	15150951	ssa1_147617851_147619199.maf
ssa01	LG14	15150975	15151054	ssa1_147617851_147619199.maf
ssa01	LG14	15151054	15151077	ssa1_147617851_147619199.maf
ssa01	LG14	15151077	15151105	ssa1_147617851_147619199.maf
ssa01	LG14	15151105	15151117	ssa1_147617851_147619199.maf
ssa01	LG14	15151696	15151711	ssa1_147617851_147619199.maf
ssa01	LG14	15151711	15151726	ssa1_147617851_147619199.maf
ssa01	LG14	15151813	15151844	ssa1_147617851_147619199.maf
ssa01	LG14	14783371	14783403	ssa1_148311848_148312798.maf
ssa01	LG14	14783425	14783465	ssa1_148311848_148312798.maf
ssa01	LG14	14783465	14783479	ssa1_148311848_148312798.maf
ssa01	LG14	14748503	14748553	ssa1_148347002_148348136.maf
ssa01	LG14	14748555	14748569	ssa1_148347002_148348136.maf
ssa01	LG14	14748619	14748643	ssa1_148347002_148348136.maf
ssa01	LG14	14748697	14748707	ssa1_148347002_148348136.maf
ssa01	LG14	14748716	14748740	ssa1_148347002_148348136.maf
ssa01	LG14	14748936	14748975	ssa1_148347002_148348136.maf
ssa01	LG14	14749135	14749179	ssa1_148347002_148348136.maf
ssa01	LG14	14749195	14749206	ssa1_148347002_148348136.maf
ssa01	LG14	14742124	14742136	ssa1_148361096_148361740.maf
ssa01	LG14	14732746	14732759	ssa1_148368063_148369067.maf
ssa01	LG14	14732806	14732852	ssa1_148368063_148369067.maf
ssa01	LG14	14714027	14714048	ssa1_148396433_148397082.maf
ssa01	LG14	14714054	14714130	ssa1_148396433_148397082.maf
ssa01	LG14	14714130	14714157	ssa1_148396433_148397082.maf
ssa01	LG14	13785238	13785261	ssa1_149740602_149741544.maf
ssa01	LG14	13773399	13773520	ssa1_149771478_149772079.maf
ssa01	LG14	13758020	13758063	ssa1_149782740_149783201.maf
ssa01	LG14	13758063	13758094	ssa1_149782740_149783201.maf
ssa01	LG14	12940685	12940701	ssa1_151016301_151017033.maf
ssa01	LG14	12940701	12940739	ssa1_151016301_151017033.maf
ssa01	LG14	12940739	12940751	ssa1_151016301_151017033.maf
ssa01	LG14	12940756	12940774	ssa1_151016301_151017033.maf
ssa01	LG14	12940775	12940785	ssa1_151016301_151017033.maf
ssa01	LG14	12940792	12940864	ssa1_151016301_151017033.maf
ssa01	LG14	12930399	12930416	ssa1_151036417_151037057.maf
ssa01	LG14	12930416	12930447	ssa1_151036417_151037057.maf
ssa01	LG14	12930447	12930489	ssa1_151036417_151037057.maf
ssa01	LG14	11808086	11808100	ssa1_153198441_153199609.maf
ssa01	LG14	11808100	11808119	ssa1_153198441_153199609.maf
ssa01	LG14	11808137	11808152	ssa1_153198441_153199609.maf
ssa01	LG14	11808197	11808215	ssa1_153198441_153199609.maf
ssa01	LG14	11808215	11808231	ssa1_153198441_153199609.maf
ssa01	LG14	11808258	11808289	ssa1_153198441_153199609.maf
ssa01	LG14	11808325	11808374	ssa1_153198441_153199609.maf
ssa01	LG14	11808374	11808386	ssa1_153198441_153199609.maf
ssa01	LG14	11808399	11808440	ssa1_153198441_153199609.maf
ssa01	LG14	11808452	11808466	ssa1_153198441_153199609.maf
ssa01	LG14	11808773	11808855	ssa1_153198441_153199609.maf
ssa01	LG14	11460709	11460873	ssa1_153767933_153768631.maf
ssa01	LG14	11460873	11460911	ssa1_153767933_153768631.maf
ssa01	LG14	11457017	11457054	ssa1_153774243_153775310.maf
ssa01	LG14	11457054	11457075	ssa1_153774243_153775310.maf
ssa01	LG14	11457075	11457106	ssa1_153774243_153775310.maf
ssa01	LG14	11457106	11457127	ssa1_153774243_153775310.maf
ssa01	LG14	11457127	11457195	ssa1_153774243_153775310.maf
ssa01	LG14	11457588	11457678	ssa1_153774243_153775310.maf
ssa01	LG14	11447895	11447943	ssa1_153800159_153800444.maf
ssa01	LG14	11066719	11066730	ssa1_154375563_154376400.maf
ssa01	LG14	11066730	11066825	ssa1_154375563_154376400.maf
ssa01	LG14	11067275	11067297	ssa1_154375563_154376400.maf
ssa01	LG14	11067297	11067480	ssa1_154375563_154376400.maf
ssa01	LG14	10187368	10187471	ssa1_156010907_156011262.maf
ssa01	LG14	10187471	10187481	ssa1_156010907_156011262.maf
ssa01	LG14	9923494	9923523	ssa1_156460141_156460740.maf
ssa01	LG14	9923527	9923553	ssa1_156460141_156460740.maf
ssa01	LG14	9646784	9646831	ssa1_157072071_157073070.maf
ssa01	LG14	9648414	9648427	ssa1_157072071_157073070.maf
ssa01	LG14	9648427	9648440	ssa1_157072071_157073070.maf
ssa01	LG14	9635754	9635805	ssa1_157088374_157088881.maf
ssa01	LG14	9633743	9633784	ssa1_157093383_157093917.maf
ssa01	LG14	9379848	9379876	ssa1_157815786_157816885.maf
ssa01	LG14	9380095	9380122	ssa1_157815786_157816885.maf
ssa01	LG14	9380393	9380409	ssa1_157815786_157816885.maf
ssa01	LG14	9380409	9380457	ssa1_157815786_157816885.maf
ssa01	LG14	9380496	9380506	ssa1_157815786_157816885.maf
ssa01	LG14	9380508	9380528	ssa1_157815786_157816885.maf
ssa01	LG14	9380528	9380592	ssa1_157815786_157816885.maf
ssa01	LG14	9380592	9380627	ssa1_157815786_157816885.maf
ssa01	LG14	8108492	8108522	ssa1_159820258_159821285.maf
ssa01	LG14	8108675	8108703	ssa1_159820258_159821285.maf
ssa01	LG14	8108844	8108881	ssa1_159820258_159821285.maf
ssa01	LG14	8104665	8104708	ssa1_159823495_159825631.maf
ssa01	LG14	8104852	8104980	ssa1_159823495_159825631.maf
ssa01	LG14	8106179	8106190	ssa1_159823495_159825631.maf
ssa01	LG14	8106190	8106209	ssa1_159823495_159825631.maf
ssa01	LG14	8093731	8093769	ssa1_159834237_159835014.maf
ssa01	LG14	8093848	8093875	ssa1_159834237_159835014.maf
ssa01	LG14	8086470	8086497	ssa1_159848833_159849880.maf
ssa01	LG14	8086570	8086624	ssa1_159848833_159849880.maf
ssa01	LG14	8086704	8086716	ssa1_159848833_159849880.maf
ssa01	LG14	8083578	8083603	ssa1_159853551_159854301.maf
ssa01	LG14	8074254	8074275	ssa1_159859906_159861161.maf
ssa01	LG14	8074442	8074468	ssa1_159859906_159861161.maf
ssa01	LG14	8074474	8074636	ssa1_159859906_159861161.maf
ssa01	LG14	8045703	8045723	ssa1_160587626_160588686.maf
ssa01	LG14	8045947	8046025	ssa1_160587626_160588686.maf
ssa01	LG14	8046025	8046053	ssa1_160587626_160588686.maf
ssa01	LG14	8035046	8035188	ssa1_160599054_160599501.maf
ssa01	LG14	8035311	8035354	ssa1_160599054_160599501.maf
ssa01	LG14	8035354	8035377	ssa1_160599054_160599501.maf
ssa01	LG14	8035389	8035415	ssa1_160599054_160599501.maf
ssa01	LG14	7981202	7981212	ssa1_160724448_160725444.maf
ssa01	LG14	7981222	7981268	ssa1_160724448_160725444.maf
ssa01	LG14	7981927	7981982	ssa1_160724448_160725444.maf
ssa01	LG14	7913282	7913302	ssa1_160808180_160809191.maf
ssa01	LG14	7913398	7913434	ssa1_160808180_160809191.maf
ssa01	LG14	7913524	7913535	ssa1_160808180_160809191.maf
ssa01	LG14	6250293	6250400	ssa1_164148272_164148993.maf
ssa01	LG14	6250420	6250465	ssa1_164148272_164148993.maf
ssa01	LG14	6250465	6250573	ssa1_164148272_164148993.maf
ssa01	LG14	6245560	6245585	ssa1_164153333_164154353.maf
ssa01	LG14	6245989	6246073	ssa1_164153333_164154353.maf
ssa01	LG23	2508024	2508040	ssa1_168810781_168811459.maf
ssa01	LG23	2508040	2508079	ssa1_168810781_168811459.maf
ssa01	LG23	2508079	2508108	ssa1_168810781_168811459.maf
ssa01	LG23	2500310	2500368	ssa1_168824838_168826070.maf
ssa01	LG23	2500376	2500405	ssa1_168824838_168826070.maf
ssa01	LG23	2500540	2500557	ssa1_168824838_168826070.maf
ssa01	LG23	2500557	2500591	ssa1_168824838_168826070.maf
ssa01	LG23	2500591	2500660	ssa1_168824838_168826070.maf
ssa01	LG23	2500853	2500908	ssa1_168824838_168826070.maf
ssa01	LG23	2501050	2501067	ssa1_168824838_168826070.maf
ssa01	LG23	2430189	2430254	ssa1_168989748_168990017.maf
ssa01	LG23	2430254	2430299	ssa1_168989748_168990017.maf
ssa01	LG23	2429052	2429149	ssa1_168993943_168994514.maf
ssa01	LG23	2429411	2429437	ssa1_168993943_168994514.maf
ssa01	LG23	2429463	2429484	ssa1_168993943_168994514.maf
ssa01	LG23	2345203	2345237	ssa1_169310245_169310681.maf
ssa01	LG23	2345237	2345270	ssa1_169310245_169310681.maf
ssa01	LG23	1201837	1201881	ssa1_172428960_172429521.maf
ssa01	LG15	10301085	10301160	ssa1_20358147_20359231.maf
ssa01	LG15	10301614	10301641	ssa1_20358147_20359231.maf
ssa01	LG15	10301879	10301929	ssa1_20358147_20359231.maf
ssa01	LG15	10301929	10301952	ssa1_20358147_20359231.maf
ssa01	LG15	12360857	12360916	ssa1_23659127_23660718.maf
ssa01	LG15	12360916	12360935	ssa1_23659127_23660718.maf
ssa01	LG15	12361537	12361553	ssa1_23659127_23660718.maf
ssa01	LG15	12361556	12361599	ssa1_23659127_23660718.maf
ssa01	LG15	12361724	12361757	ssa1_23659127_23660718.maf
ssa01	LG15	12361757	12361812	ssa1_23659127_23660718.maf
ssa01	LG15	26701222	26701290	ssa1_35437563_35438423.maf
ssa01	LG15	26701391	26701403	ssa1_35437563_35438423.maf
ssa01	LG15	26701404	26701452	ssa1_35437563_35438423.maf
ssa01	LG15	24323745	24323821	ssa1_38764259_38765769.maf
ssa01	LG15	24323926	24323968	ssa1_38764259_38765769.maf
ssa01	LG15	24324500	24324613	ssa1_38764259_38765769.maf
ssa01	LG15	24324751	24324844	ssa1_38764259_38765769.maf
ssa01	LG15	24304219	24304257	ssa1_38783151_38784202.maf
ssa01	LG15	22371175	22371188	ssa1_41555724_41556844.maf
ssa01	LG15	21704619	21704629	ssa1_42782242_42783853.maf
ssa01	LG15	21704636	21704746	ssa1_42782242_42783853.maf
ssa01	LG15	21704785	21704825	ssa1_42782242_42783853.maf
ssa01	LG15	21704880	21705006	ssa1_42782242_42783853.maf
ssa01	LG15	21705086	21705207	ssa1_42782242_42783853.maf
ssa01	LG15	21705262	21705294	ssa1_42782242_42783853.maf
ssa01	LG15	21705561	21705611	ssa1_42782242_42783853.maf
ssa01	LG06	29865248	29865277	ssa1_51285343_51285839.maf
ssa01	LG06	29865310	29865321	ssa1_51285343_51285839.maf
ssa01	LG06	29254737	29254753	ssa1_51851786_51852172.maf
ssa01	LG06	29254759	29254776	ssa1_51851786_51852172.maf
ssa01	LG06	29254781	29254799	ssa1_51851786_51852172.maf
ssa01	LG06	29254799	29254920	ssa1_51851786_51852172.maf
ssa01	LG06	29254933	29254943	ssa1_51851786_51852172.maf
ssa01	LG06	29255022	29255035	ssa1_51851786_51852172.maf
ssa01	LG06	29225078	29225102	ssa1_51910421_51910920.maf
ssa01	LG06	29225107	29225117	ssa1_51910421_51910920.maf
ssa01	LG06	29225153	29225184	ssa1_51910421_51910920.maf
ssa01	LG06	29225184	29225199	ssa1_51910421_51910920.maf
ssa01	LG06	29225199	29225232	ssa1_51910421_51910920.maf
ssa01	LG06	29225232	29225299	ssa1_51910421_51910920.maf
ssa01	LG06	28495112	28495135	ssa1_52679881_52680517.maf
ssa01	LG06	28495143	28495159	ssa1_52679881_52680517.maf
ssa01	LG06	27380053	27380140	ssa1_54141881_54142853.maf
ssa01	LG06	26991833	26991855	ssa1_54476246_54476870.maf
ssa01	LG06	26991935	26991972	ssa1_54476246_54476870.maf
ssa01	LG06	26991972	26992004	ssa1_54476246_54476870.maf
ssa01	LG06	26992004	26992030	ssa1_54476246_54476870.maf
ssa01	LG06	26992093	26992132	ssa1_54476246_54476870.maf
ssa01	LG06	26976291	26976308	ssa1_54498588_54499420.maf
ssa01	LG06	26976328	26976342	ssa1_54498588_54499420.maf
ssa01	LG06	26976391	26976421	ssa1_54498588_54499420.maf
ssa01	LG06	26976421	26976605	ssa1_54498588_54499420.maf
ssa01	LG06	26976605	26976642	ssa1_54498588_54499420.maf
ssa01	LG06	26976865	26976923	ssa1_54498588_54499420.maf
ssa01	LG06	26976923	26976998	ssa1_54498588_54499420.maf
ssa01	LG06	26919524	26919610	ssa1_54552348_54552984.maf
ssa01	LG06	26919610	26919630	ssa1_54552348_54552984.maf
ssa01	LG06	26919636	26919647	ssa1_54552348_54552984.maf
ssa01	LG06	26881378	26881388	ssa1_54650638_54651208.maf
ssa01	LG06	26881416	26881478	ssa1_54650638_54651208.maf
ssa01	LG06	26881601	26881613	ssa1_54650638_54651208.maf
ssa01	LG06	26881626	26881638	ssa1_54650638_54651208.maf
ssa01	LG06	26881706	26881729	ssa1_54650638_54651208.maf
ssa01	LG06	24420412	24420489	ssa1_55019378_55019960.maf
ssa01	LG06	24422367	24422410	ssa1_55026522_55027032.maf
ssa01	LG06	24422462	24422489	ssa1_55026522_55027032.maf
ssa01	LG06	24422496	24422507	ssa1_55026522_55027032.maf
ssa01	LG06	24422513	24422541	ssa1_55026522_55027032.maf
ssa01	LG06	24422541	24422556	ssa1_55026522_55027032.maf
ssa01	LG06	24429698	24429731	ssa1_55034795_55036224.maf
ssa01	LG06	24429731	24429767	ssa1_55034795_55036224.maf
ssa01	LG06	24430585	24430648	ssa1_55034795_55036224.maf
ssa01	LG06	24489822	24489833	ssa1_55105478_55105991.maf
ssa01	LG06	24490950	24490962	ssa1_55105478_55105991.maf
ssa01	LG06	24490967	24490983	ssa1_55105478_55105991.maf
ssa01	LG06	24490983	24490994	ssa1_55105478_55105991.maf
ssa01	LG06	24491124	24491244	ssa1_55105478_55105991.maf
ssa01	LG06	24609844	24609865	ssa1_55269699_55270308.maf
ssa01	LG06	24609865	24609881	ssa1_55269699_55270308.maf
ssa01	LG06	24699392	24699412	ssa1_55409317_55410248.maf
ssa01	LG06	24699412	24699453	ssa1_55409317_55410248.maf
ssa01	LG06	24706249	24706260	ssa1_55428688_55429658.maf
ssa01	LG06	24706299	24706341	ssa1_55428688_55429658.maf
ssa01	LG06	24706341	24706449	ssa1_55428688_55429658.maf
ssa01	LG06	24706605	24706618	ssa1_55428688_55429658.maf
ssa01	LG06	24726361	24726388	ssa1_55462393_55463439.maf
ssa01	LG06	24726424	24726441	ssa1_55462393_55463439.maf
ssa01	LG06	24726611	24726701	ssa1_55462393_55463439.maf
ssa01	LG06	24726701	24726723	ssa1_55462393_55463439.maf
ssa01	LG06	24733202	24733309	ssa1_55469729_55470137.maf
ssa01	LG06	24755130	24755197	ssa1_55489855_55490358.maf
ssa01	LG06	24755292	24755380	ssa1_55489855_55490358.maf
ssa01	LG06	24764222	24764272	ssa1_55502702_55503149.maf
ssa01	LG06	24764272	24764349	ssa1_55502702_55503149.maf
ssa01	LG06	24771739	24771828	ssa1_55520971_55521915.maf
ssa01	LG06	25153437	25153483	ssa1_56077661_56078797.maf
ssa01	LG06	25532520	25532600	ssa1_56700871_56701664.maf
ssa01	LG06	25532611	25532626	ssa1_56700871_56701664.maf
ssa01	LG06	25532737	25532819	ssa1_56700871_56701664.maf
ssa01	LG06	25533034	25533070	ssa1_56700871_56701664.maf
ssa01	LG06	25547292	25547324	ssa1_56727285_56727903.maf
ssa01	LG06	25606022	25606118	ssa1_56814819_56816136.maf
ssa01	LG06	25607981	25608007	ssa1_56820230_56821124.maf
ssa01	LG06	25608010	25608027	ssa1_56820230_56821124.maf
ssa01	LG06	25608320	25608356	ssa1_56820230_56821124.maf
ssa01	LG06	25608421	25608443	ssa1_56820230_56821124.maf
ssa01	LG06	25700060	25700083	ssa1_56975154_56975807.maf
ssa01	LG06	25736430	25736463	ssa1_57051875_57052413.maf
ssa01	LG06	25741446	25741522	ssa1_57062821_57063297.maf
ssa01	LG06	26247255	26247267	ssa1_57624055_57624636.maf
ssa01	LG06	26247274	26247291	ssa1_57624055_57624636.maf
ssa01	LG06	26247297	26247329	ssa1_57624055_57624636.maf
ssa01	LG06	26247332	26247353	ssa1_57624055_57624636.maf
ssa01	LG06	26247778	26247811	ssa1_57624055_57624636.maf
ssa01	LG06	26424864	26424966	ssa1_57810061_57811094.maf
ssa01	LG06	26424966	26425036	ssa1_57810061_57811094.maf
ssa01	LG06	26504618	26504662	ssa1_57912353_57913169.maf
ssa01	LG06	23803088	23803132	ssa1_58794187_58794610.maf
ssa01	LG06	23716256	23716268	ssa1_58910358_58911154.maf
ssa01	LG06	23716494	23716609	ssa1_58910358_58911154.maf
ssa01	LG06	23716609	23716644	ssa1_58910358_58911154.maf
ssa01	LG06	23639759	23639770	ssa1_59053008_59053326.maf
ssa01	LG06	23639772	23639799	ssa1_59053008_59053326.maf
ssa01	LG06	23639832	23639844	ssa1_59053008_59053326.maf
ssa01	LG06	23639845	23639858	ssa1_59053008_59053326.maf
ssa01	LG06	23639897	23639961	ssa1_59053008_59053326.maf
ssa01	LG06	23422409	23422443	ssa1_59372085_59372887.maf
ssa01	LG06	23422471	23422495	ssa1_59372085_59372887.maf
ssa01	LG06	23422495	23422539	ssa1_59372085_59372887.maf
ssa01	LG06	23422577	23422670	ssa1_59372085_59372887.maf
ssa01	LG06	23422670	23422889	ssa1_59372085_59372887.maf
ssa01	LG06	22663391	22663480	ssa1_60410064_60411515.maf
ssa01	LG06	22452181	22452242	ssa1_60768374_60769073.maf
ssa01	LG06	22444776	22444824	ssa1_60787181_60787829.maf
ssa01	LG06	22444830	22444864	ssa1_60787181_60787829.maf
ssa01	LG06	22442962	22442986	ssa1_60792019_60792417.maf
ssa01	LG06	22443225	22443269	ssa1_60792019_60792417.maf
ssa01	LG06	22443269	22443306	ssa1_60792019_60792417.maf
ssa01	LG06	21883076	21883234	ssa1_61687500_61688608.maf
ssa01	LG06	21883234	21883351	ssa1_61687500_61688608.maf
ssa01	LG06	21883440	21883486	ssa1_61687500_61688608.maf
ssa01	LG06	21883902	21883933	ssa1_61687500_61688608.maf
ssa01	LG06	21702288	21702298	ssa1_61993817_61994746.maf
ssa01	LG06	21702641	21702781	ssa1_61993817_61994746.maf
ssa01	LG06	21349892	21349961	ssa1_62623588_62624286.maf
ssa01	LG06	21349961	21349982	ssa1_62623588_62624286.maf
ssa01	LG06	21350513	21350611	ssa1_62623588_62624286.maf
ssa01	LG06	21350949	21351000	ssa1_62623588_62624286.maf
ssa01	LG06	21225586	21225597	ssa1_62814199_62814846.maf
ssa01	LG06	21225597	21225613	ssa1_62814199_62814846.maf
ssa01	LG06	18234276	18234313	ssa1_64449944_64450242.maf
ssa01	LG06	18234313	18234329	ssa1_64449944_64450242.maf
ssa01	LG06	18234329	18234345	ssa1_64449944_64450242.maf
ssa01	LG06	18234345	18234396	ssa1_64449944_64450242.maf
ssa01	LG06	18234396	18234419	ssa1_64449944_64450242.maf
ssa01	LG06	18234419	18234454	ssa1_64449944_64450242.maf
ssa01	LG06	18234458	18234469	ssa1_64449944_64450242.maf
ssa01	LG06	18031492	18031503	ssa1_64869431_64869898.maf
ssa01	LG06	18031503	18031607	ssa1_64869431_64869898.maf
ssa01	LG06	17580331	17580419	ssa1_65813332_65814436.maf
ssa01	LG06	17421725	17421765	ssa1_66108442_66109194.maf
ssa01	LG06	16934501	16934626	ssa1_66985026_66985907.maf
ssa01	LG06	16934789	16934870	ssa1_66985026_66985907.maf
ssa01	LG06	16934876	16934909	ssa1_66985026_66985907.maf
ssa01	LG06	16679062	16679132	ssa1_67548682_67549273.maf
ssa01	LG06	16015936	16015997	ssa1_68831151_68831973.maf
ssa01	LG06	16013150	16013232	ssa1_68838653_68839255.maf
ssa01	LG06	15958053	15958092	ssa1_68960499_68961311.maf
ssa01	LG06	15958094	15958112	ssa1_68960499_68961311.maf
ssa01	LG06	15958112	15958153	ssa1_68960499_68961311.maf
ssa01	LG06	15958153	15958173	ssa1_68960499_68961311.maf
ssa01	LG06	15958329	15958457	ssa1_68960499_68961311.maf
ssa01	LG06	15958474	15958588	ssa1_68960499_68961311.maf
ssa01	LG06	15954120	15954199	ssa1_68974682_68974861.maf
ssa01	LG06	15901885	15901904	ssa1_69044870_69045580.maf
ssa01	LG06	15901904	15901957	ssa1_69044870_69045580.maf
ssa01	LG06	15901963	15901979	ssa1_69044870_69045580.maf
ssa01	LG06	15892987	15893030	ssa1_69058048_69058719.maf
ssa01	LG06	15893030	15893118	ssa1_69058048_69058719.maf
ssa01	LG06	15893298	15893336	ssa1_69058048_69058719.maf
ssa01	LG06	15893336	15893386	ssa1_69058048_69058719.maf
ssa01	LG06	15852053	15852080	ssa1_69109252_69110054.maf
ssa01	LG06	15852095	15852193	ssa1_69109252_69110054.maf
ssa01	LG06	15852193	15852206	ssa1_69109252_69110054.maf
ssa01	LG06	15246603	15246635	ssa1_70166454_70166987.maf
ssa01	LG06	15246641	15246681	ssa1_70166454_70166987.maf
ssa01	LG06	15234713	15235015	ssa1_70170908_70171648.maf
ssa01	LG06	15235015	15235038	ssa1_70170908_70171648.maf
ssa01	LG06	14638981	14639077	ssa1_71145197_71145567.maf
ssa01	LG06	14628887	14629082	ssa1_71173523_71174095.maf
ssa01	LG06	14627274	14627310	ssa1_71176719_71177079.maf
ssa01	LG06	14627310	14627321	ssa1_71176719_71177079.maf
ssa01	LG06	14627321	14627349	ssa1_71176719_71177079.maf
ssa01	LG06	14627585	14627608	ssa1_71176719_71177079.maf
ssa01	LG06	14481851	14481867	ssa1_71441298_71442091.maf
ssa01	LG06	14349851	14349861	ssa1_71686368_71687238.maf
ssa01	LG06	14349861	14349933	ssa1_71686368_71687238.maf
ssa01	LG06	14122164	14122178	ssa1_72009339_72010059.maf
ssa01	LG06	13553178	13553209	ssa1_72848452_72849098.maf
ssa01	LG06	13553215	13553250	ssa1_72848452_72849098.maf
ssa01	LG06	13553253	13553267	ssa1_72848452_72849098.maf
ssa01	LG06	13553275	13553364	ssa1_72848452_72849098.maf
ssa01	LG06	13132296	13132306	ssa1_73385016_73385381.maf
ssa01	LG06	13132306	13132316	ssa1_73385016_73385381.maf
ssa01	LG06	13132316	13132344	ssa1_73385016_73385381.maf
ssa01	LG06	13118492	13118540	ssa1_73421979_73422637.maf
ssa01	LG06	13118540	13118550	ssa1_73421979_73422637.maf
ssa01	LG06	13117595	13117616	ssa1_73422840_73423199.maf
ssa01	LG06	13117616	13117627	ssa1_73422840_73423199.maf
ssa01	LG06	13117627	13117641	ssa1_73422840_73423199.maf
ssa01	LG06	13117650	13117660	ssa1_73422840_73423199.maf
ssa01	LG06	13117663	13117701	ssa1_73422840_73423199.maf
ssa01	LG06	13117703	13117714	ssa1_73422840_73423199.maf
ssa01	LG06	13114700	13114712	ssa1_73423719_73423952.maf
ssa01	LG06	13112330	13112340	ssa1_73426495_73427171.maf
ssa01	LG06	13112340	13112359	ssa1_73426495_73427171.maf
ssa01	LG06	13112359	13112443	ssa1_73426495_73427171.maf
ssa01	LG06	13112443	13112504	ssa1_73426495_73427171.maf
ssa01	LG06	13112504	13112514	ssa1_73426495_73427171.maf
ssa01	LG06	13047978	13048007	ssa1_73553202_73555969.maf
ssa01	LG06	13048007	13048017	ssa1_73553202_73555969.maf
ssa01	LG06	13048835	13048851	ssa1_73553202_73555969.maf
ssa01	LG06	13048851	13048891	ssa1_73553202_73555969.maf
ssa01	LG06	13045561	13045596	ssa1_73558157_73558488.maf
ssa01	LG06	12938027	12938136	ssa1_73777744_73778163.maf
ssa01	LG06	12864762	12864806	ssa1_73895515_73896677.maf
ssa01	LG06	12864807	12864837	ssa1_73895515_73896677.maf
ssa01	LG06	12519168	12519244	ssa1_74423701_74424363.maf
ssa01	LG06	12519253	12519305	ssa1_74423701_74424363.maf
ssa01	LG06	12519354	12519364	ssa1_74423701_74424363.maf
ssa01	LG06	12519372	12519436	ssa1_74423701_74424363.maf
ssa01	LG06	12516499	12516555	ssa1_74427672_74428763.maf
ssa01	LG06	12516561	12516574	ssa1_74427672_74428763.maf
ssa01	LG06	12516574	12516586	ssa1_74427672_74428763.maf
ssa01	LG06	12516588	12516605	ssa1_74427672_74428763.maf
ssa01	LG06	12516605	12516659	ssa1_74427672_74428763.maf
ssa01	LG06	12517297	12517316	ssa1_74427672_74428763.maf
ssa01	LG06	12437846	12437858	ssa1_74582929_74584077.maf
ssa01	LG06	12437863	12438161	ssa1_74582929_74584077.maf
ssa01	LG06	12438253	12438324	ssa1_74582929_74584077.maf
ssa01	LG06	12438448	12438490	ssa1_74582929_74584077.maf
ssa01	LG06	12403329	12403341	ssa1_74632651_74633726.maf
ssa01	LG06	12403354	12403427	ssa1_74632651_74633726.maf
ssa01	LG06	12403437	12403489	ssa1_74632651_74633726.maf
ssa01	LG06	12403489	12403543	ssa1_74632651_74633726.maf
ssa01	LG06	12374912	12374923	ssa1_74672919_74673788.maf
ssa01	LG06	12374923	12374935	ssa1_74672919_74673788.maf
ssa01	LG06	12374950	12374970	ssa1_74672919_74673788.maf
ssa01	LG06	12374970	12374983	ssa1_74672919_74673788.maf
ssa01	LG06	12374983	12375067	ssa1_74672919_74673788.maf
ssa01	LG06	12375067	12375143	ssa1_74672919_74673788.maf
ssa01	LG06	12375143	12375206	ssa1_74672919_74673788.maf
ssa01	LG06	12375210	12375268	ssa1_74672919_74673788.maf
ssa01	LG06	12368010	12368058	ssa1_74678354_74679591.maf
ssa01	LG06	12368059	12368073	ssa1_74678354_74679591.maf
ssa01	LG06	12368073	12368089	ssa1_74678354_74679591.maf
ssa01	LG06	12368089	12368113	ssa1_74678354_74679591.maf
ssa01	LG06	12368113	12368330	ssa1_74678354_74679591.maf
ssa01	LG06	12368331	12368383	ssa1_74678354_74679591.maf
ssa01	LG06	12024650	12024703	ssa1_75191760_75192752.maf
ssa01	LG06	12024868	12024897	ssa1_75191760_75192752.maf
ssa01	LG06	12016360	12016414	ssa1_75202385_75203201.maf
ssa01	LG06	12016606	12016701	ssa1_75202385_75203201.maf
ssa01	LG06	11969953	11969964	ssa1_75263069_75263784.maf
ssa01	LG06	11969986	11970034	ssa1_75263069_75263784.maf
ssa01	LG06	11953216	11953278	ssa1_75284494_75285320.maf
ssa01	LG06	11511519	11511534	ssa1_76177746_76179013.maf
ssa01	LG06	11511534	11511554	ssa1_76177746_76179013.maf
ssa01	LG06	11511554	11511593	ssa1_76177746_76179013.maf
ssa01	LG06	11511708	11511740	ssa1_76177746_76179013.maf
ssa01	LG06	11511788	11511813	ssa1_76177746_76179013.maf
ssa01	LG06	11511813	11511826	ssa1_76177746_76179013.maf
ssa01	LG05	18843268	18843288	ssa1_91137758_91138745.maf
ssa01	LG05	18843454	18843499	ssa1_91137758_91138745.maf
ssa01	LG05	21901451	21901470	ssa1_97059007_97059591.maf
ssa01	LG05	21901554	21901625	ssa1_97059007_97059591.maf
ssa20	LG13	25633510	25633528	ssa20_20402507_20403023.maf
ssa20	LG13	25633528	25633588	ssa20_20402507_20403023.maf
ssa20	LG13	25633588	25633601	ssa20_20402507_20403023.maf
ssa20	LG13	25633601	25633639	ssa20_20402507_20403023.maf
ssa20	LG13	24978194	24978286	ssa20_21363980_21364314.maf
ssa20	LG13	24978286	24978313	ssa20_21363980_21364314.maf
ssa20	LG13	24978454	24978485	ssa20_21363980_21364314.maf
ssa20	LG13	24968449	24968464	ssa20_21380019_21380682.maf
ssa20	LG13	24968464	24968505	ssa20_21380019_21380682.maf
ssa20	LG13	21921412	21921426	ssa20_25534433_25535633.maf
ssa20	LG13	21921447	21921535	ssa20_25534433_25535633.maf
ssa20	LG13	21921544	21921585	ssa20_25534433_25535633.maf
ssa20	LG13	21244249	21244286	ssa20_26385892_26386122.maf
ssa20	LG13	17955394	17955410	ssa20_30993637_30994233.maf
ssa20	LG13	17955410	17955457	ssa20_30993637_30994233.maf
ssa20	LG13	17955465	17955523	ssa20_30993637_30994233.maf
ssa20	LG13	17955528	17955541	ssa20_30993637_30994233.maf
ssa20	LG13	17955548	17955586	ssa20_30993637_30994233.maf
ssa20	LG13	32301161	32301177	ssa20_5149054_5149650.maf
ssa20	LG13	32301177	32301210	ssa20_5149054_5149650.maf
ssa20	LG01	12469752	12469799	ssa20_51632697_51633173.maf
ssa20	LG01	13302215	13302249	ssa20_52488163_52488999.maf
ssa20	LG01	19223155	19223192	ssa20_57735571_57736275.maf
ssa20	LG01	19223200	19223242	ssa20_57735571_57736275.maf
ssa20	LG01	19223323	19223366	ssa20_57735571_57736275.maf
ssa20	LG01	15576639	15576686	ssa20_62595508_62595780.maf
ssa20	LG01	15519551	15519578	ssa20_62664416_62665254.maf
ssa20	LG01	15519617	15519664	ssa20_62664416_62665254.maf
ssa20	LG01	15519664	15519725	ssa20_62664416_62665254.maf
ssa20	LG01	15519756	15519770	ssa20_62664416_62665254.maf
ssa20	LG01	15519770	15519807	ssa20_62664416_62665254.maf
ssa20	LG01	25654025	25654046	ssa20_71243253_71243725.maf
ssa20	LG01	25654103	25654123	ssa20_71243253_71243725.maf
ssa20	LG01	27385386	27385435	ssa20_73804869_73805320.maf
ssa20	LG01	27692092	27692107	ssa20_74646942_74647337.maf
ssa20	LG01	27692107	27692193	ssa20_74646942_74647337.maf
ssa20	LG01	28203149	28203179	ssa20_75688552_75688972.maf
ssa20	LG01	35637683	35637761	ssa20_86102327_86103368.maf
ssa20	LG01	35637761	35637777	ssa20_86102327_86103368.maf
ssa21	LG16	13718688	13718788	ssa21_10952769_10953318.maf
ssa21	LG16	16177635	16177662	ssa21_14796680_14797454.maf
ssa21	LG16	16177680	16177695	ssa21_14796680_14797454.maf
ssa21	LG16	16177720	16177730	ssa21_14796680_14797454.maf
ssa21	LG16	16177784	16177908	ssa21_14796680_14797454.maf
ssa21	LG16	16177922	16177939	ssa21_14796680_14797454.maf
ssa21	LG16	16178003	16178024	ssa21_14796680_14797454.maf
ssa21	LG16	17806666	17806689	ssa21_17094522_17094876.maf
ssa21	LG16	17806709	17806729	ssa21_17094522_17094876.maf
ssa21	LG16	17806770	17806780	ssa21_17094522_17094876.maf
ssa21	LG16	17806780	17806792	ssa21_17094522_17094876.maf
ssa21	LG16	17806798	17806811	ssa21_17094522_17094876.maf
ssa21	LG20	11500146	11500201	ssa21_22898055_22899333.maf
ssa21	LG16	9300580	9300711	ssa21_30308358_30308999.maf
ssa21	LG16	9300759	9300780	ssa21_30308358_30308999.maf
ssa21	LG16	11985186	11985271	ssa21_35162788_35163316.maf
ssa21	LG16	21655294	21655360	ssa21_44059468_44060589.maf
ssa21	LG16	21655564	21655574	ssa21_44059468_44060589.maf
ssa21	LG16	21655580	21655602	ssa21_44059468_44060589.maf
ssa21	LG16	21655688	21655705	ssa21_44059468_44060589.maf
ssa21	LG16	21655818	21655896	ssa21_44059468_44060589.maf
ssa21	LG16	21443382	21443409	ssa21_44451496_44452728.maf
ssa22	LG17	36127422	36127509	ssa22_10502602_10503145.maf
ssa22	LG17	36018217	36018256	ssa22_10673094_10673908.maf
ssa22	LG17	36018256	36018268	ssa22_10673094_10673908.maf
ssa22	LG17	36010932	36010949	ssa22_10692908_10693732.maf
ssa22	LG17	44561494	44561581	ssa22_1098984_1100414.maf
ssa22	LG17	34808052	34808072	ssa22_11125991_11126655.maf
ssa22	LG17	34808198	34808209	ssa22_11125991_11126655.maf
ssa22	LG17	34808276	34808294	ssa22_11125991_11126655.maf
ssa22	LG17	34808294	34808384	ssa22_11125991_11126655.maf
ssa22	LG17	34808384	34808398	ssa22_11125991_11126655.maf
ssa22	LG17	35016314	35016348	ssa22_11471826_11473054.maf
ssa22	LG17	35016383	35016403	ssa22_11471826_11473054.maf
ssa22	LG17	35016403	35016425	ssa22_11471826_11473054.maf
ssa22	LG17	35016443	35016454	ssa22_11471826_11473054.maf
ssa22	LG17	35016467	35016507	ssa22_11471826_11473054.maf
ssa22	LG17	35016507	35016518	ssa22_11471826_11473054.maf
ssa22	LG17	35016869	35016912	ssa22_11471826_11473054.maf
ssa22	LG17	35016912	35017001	ssa22_11471826_11473054.maf
ssa22	LG17	35017001	35017014	ssa22_11471826_11473054.maf
ssa22	LG17	35017014	35017062	ssa22_11471826_11473054.maf
ssa22	LG17	35017062	35017085	ssa22_11471826_11473054.maf
ssa22	LG17	35220915	35220932	ssa22_11701360_11702090.maf
ssa22	LG17	35220936	35220961	ssa22_11701360_11702090.maf
ssa22	LG17	35221127	35221204	ssa22_11701360_11702090.maf
ssa22	LG17	35221342	35221356	ssa22_11701360_11702090.maf
ssa22	LG17	35221356	35221428	ssa22_11701360_11702090.maf
ssa22	LG17	34439669	34439696	ssa22_12268341_12269476.maf
ssa22	LG17	34439703	34439740	ssa22_12268341_12269476.maf
ssa22	LG17	34439740	34439758	ssa22_12268341_12269476.maf
ssa22	LG17	34439759	34439774	ssa22_12268341_12269476.maf
ssa22	LG17	34439774	34439790	ssa22_12268341_12269476.maf
ssa22	LG17	34439790	34439805	ssa22_12268341_12269476.maf
ssa22	LG17	34439820	34439831	ssa22_12268341_12269476.maf
ssa22	LG17	34439831	34439866	ssa22_12268341_12269476.maf
ssa22	LG17	34439867	34439922	ssa22_12268341_12269476.maf
ssa22	LG17	34440166	34440192	ssa22_12268341_12269476.maf
ssa22	LG17	34440201	34440341	ssa22_12268341_12269476.maf
ssa22	LG17	34440341	34440372	ssa22_12268341_12269476.maf
ssa22	LG17	34435258	34435287	ssa22_12275511_12275699.maf
ssa22	LG17	34433590	34433662	ssa22_12277747_12278189.maf
ssa22	LG17	34432156	34432170	ssa22_12278570_12279639.maf
ssa22	LG17	34432199	34432219	ssa22_12278570_12279639.maf
ssa22	LG17	34432348	34432358	ssa22_12278570_12279639.maf
ssa22	LG17	34432387	34432511	ssa22_12278570_12279639.maf
ssa22	LG17	34432589	34432666	ssa22_12278570_12279639.maf
ssa22	LG17	34432775	34432785	ssa22_12278570_12279639.maf
ssa22	LG17	34432785	34432806	ssa22_12278570_12279639.maf
ssa22	LG17	34425619	34425641	ssa22_12285100_12285529.maf
ssa22	LG17	34425641	34425655	ssa22_12285100_12285529.maf
ssa22	LG17	34311709	34311726	ssa22_12408646_12409213.maf
ssa22	LG17	34311726	34311763	ssa22_12408646_12409213.maf
ssa22	LG17	34311851	34311882	ssa22_12408646_12409213.maf
ssa22	LG17	34311882	34311893	ssa22_12408646_12409213.maf
ssa22	LG17	34311973	34312018	ssa22_12408646_12409213.maf
ssa22	LG17	44471969	44472065	ssa22_1241231_1242192.maf
ssa22	LG17	34179312	34179322	ssa22_12558840_12559935.maf
ssa22	LG17	34179346	34179415	ssa22_12558840_12559935.maf
ssa22	LG17	34179415	34179425	ssa22_12558840_12559935.maf
ssa22	LG17	34179437	34179449	ssa22_12558840_12559935.maf
ssa22	LG17	34179558	34179571	ssa22_12558840_12559935.maf
ssa22	LG17	34168296	34168383	ssa22_12578808_12579323.maf
ssa22	LG17	34168391	34168428	ssa22_12578808_12579323.maf
ssa22	LG17	34168456	34168499	ssa22_12578808_12579323.maf
ssa22	LG17	34168499	34168520	ssa22_12578808_12579323.maf
ssa22	LG17	34168526	34168540	ssa22_12578808_12579323.maf
ssa22	LG17	33663625	33663660	ssa22_13008204_13009093.maf
ssa22	LG17	33664399	33664449	ssa22_13008204_13009093.maf
ssa22	LG17	33550300	33550349	ssa22_13192058_13193231.maf
ssa22	LG17	33550479	33550493	ssa22_13192058_13193231.maf
ssa22	LG17	33390695	33390727	ssa22_13352011_13352708.maf
ssa22	LG17	33390727	33390794	ssa22_13352011_13352708.maf
ssa22	LG17	33390794	33390861	ssa22_13352011_13352708.maf
ssa22	LG17	33390995	33391049	ssa22_13352011_13352708.maf
ssa22	LG17	33391050	33391071	ssa22_13352011_13352708.maf
ssa22	LG17	33376928	33376953	ssa22_13377124_13377841.maf
ssa22	LG17	33376953	33376965	ssa22_13377124_13377841.maf
ssa22	LG17	33370650	33370687	ssa22_13388035_13389113.maf
ssa22	LG17	32784348	32784421	ssa22_13950036_13950944.maf
ssa22	LG17	32784427	32784451	ssa22_13950036_13950944.maf
ssa22	LG17	32612616	32612680	ssa22_14068854_14069441.maf
ssa22	LG17	31992949	31992961	ssa22_14720269_14720799.maf
ssa22	LG17	31992961	31993001	ssa22_14720269_14720799.maf
ssa22	LG17	31993001	31993020	ssa22_14720269_14720799.maf
ssa22	LG17	31993048	31993360	ssa22_14720269_14720799.maf
ssa22	LG17	31903193	31903207	ssa22_14830128_14830918.maf
ssa22	LG17	31903207	31903218	ssa22_14830128_14830918.maf
ssa22	LG17	31895368	31895454	ssa22_14840242_14840561.maf
ssa22	LG17	31895462	31895472	ssa22_14840242_14840561.maf
ssa22	LG17	31375038	31375054	ssa22_15468293_15468584.maf
ssa22	LG17	31375069	31375150	ssa22_15468293_15468584.maf
ssa22	LG17	31373793	31373816	ssa22_15469857_15470467.maf
ssa22	LG17	31374009	31374021	ssa22_15469857_15470467.maf
ssa22	LG17	31369803	31369816	ssa22_15481296_15482441.maf
ssa22	LG17	31342588	31342683	ssa22_15511477_15511929.maf
ssa22	LG17	31342705	31342719	ssa22_15511477_15511929.maf
ssa22	LG17	31341305	31341334	ssa22_15512523_15513231.maf
ssa22	LG17	31185864	31185899	ssa22_15731625_15732314.maf
ssa22	LG17	30685013	30685058	ssa22_16325880_16326616.maf
ssa22	LG17	30676139	30676163	ssa22_16340037_16340796.maf
ssa22	LG17	30676170	30676261	ssa22_16340037_16340796.maf
ssa22	LG17	30640125	30640169	ssa22_16373694_16374526.maf
ssa22	LG17	30640169	30640193	ssa22_16373694_16374526.maf
ssa22	LG17	30640219	30640238	ssa22_16373694_16374526.maf
ssa22	LG17	30640253	30640338	ssa22_16373694_16374526.maf
ssa22	LG17	30640338	30640350	ssa22_16373694_16374526.maf
ssa22	LG17	30640350	30640391	ssa22_16373694_16374526.maf
ssa22	LG17	30626729	30626915	ssa22_16393728_16394685.maf
ssa22	LG17	30535747	30535770	ssa22_16503059_16503857.maf
ssa22	LG17	30535915	30535941	ssa22_16503059_16503857.maf
ssa22	LG17	30535995	30536014	ssa22_16503059_16503857.maf
ssa22	LG17	30536014	30536129	ssa22_16503059_16503857.maf
ssa22	LG17	30401775	30401803	ssa22_16683793_16684453.maf
ssa22	LG17	30401803	30401826	ssa22_16683793_16684453.maf
ssa22	LG17	30309501	30309552	ssa22_16846421_16846845.maf
ssa22	LG17	30309552	30309625	ssa22_16846421_16846845.maf
ssa22	LG17	30309655	30309675	ssa22_16846421_16846845.maf
ssa22	LG17	30308071	30308090	ssa22_16848547_16849604.maf
ssa22	LG17	30308185	30308204	ssa22_16848547_16849604.maf
ssa22	LG17	30308204	30308233	ssa22_16848547_16849604.maf
ssa22	LG17	30308301	30308312	ssa22_16848547_16849604.maf
ssa22	LG17	30308330	30308374	ssa22_16848547_16849604.maf
ssa22	LG17	30308374	30308388	ssa22_16848547_16849604.maf
ssa22	LG17	30308440	30308502	ssa22_16848547_16849604.maf
ssa22	LG17	30308502	30308576	ssa22_16848547_16849604.maf
ssa22	LG17	30308576	30308648	ssa22_16848547_16849604.maf
ssa22	LG17	30308714	30308733	ssa22_16848547_16849604.maf
ssa22	LG17	30308742	30308772	ssa22_16848547_16849604.maf
ssa22	LG17	30306474	30306489	ssa22_16850589_16850981.maf
ssa22	LG17	30306507	30306595	ssa22_16850589_16850981.maf
ssa22	LG17	30306603	30306616	ssa22_16850589_16850981.maf
ssa22	LG17	30306616	30306632	ssa22_16850589_16850981.maf
ssa22	LG17	30306632	30306653	ssa22_16850589_16850981.maf
ssa22	LG17	29751275	29751309	ssa22_17593805_17594492.maf
ssa22	LG17	29702485	29702509	ssa22_17674382_17674790.maf
ssa22	LG17	29702509	29702576	ssa22_17674382_17674790.maf
ssa22	LG17	29702591	29702689	ssa22_17674382_17674790.maf
ssa22	LG17	29700944	29700956	ssa22_17678228_17678996.maf
ssa22	LG17	29593109	29593224	ssa22_17811137_17813261.maf
ssa22	LG17	29593786	29593854	ssa22_17811137_17813261.maf
ssa22	LG17	29503672	29503682	ssa22_17907950_17909218.maf
ssa22	LG17	29503687	29503739	ssa22_17907950_17909218.maf
ssa22	LG17	28951187	28951250	ssa22_18650868_18651657.maf
ssa22	LG17	28952138	28952151	ssa22_18650868_18651657.maf
ssa22	LG17	28952210	28952268	ssa22_18650868_18651657.maf
ssa22	LG17	28501852	28501884	ssa22_19298490_19298957.maf
ssa22	LG17	28501885	28501938	ssa22_19298490_19298957.maf
ssa22	LG17	28501938	28501962	ssa22_19298490_19298957.maf
ssa22	LG17	28501962	28501974	ssa22_19298490_19298957.maf
ssa22	LG17	28501974	28502011	ssa22_19298490_19298957.maf
ssa22	LG17	28502011	28502037	ssa22_19298490_19298957.maf
ssa22	LG17	28502098	28502108	ssa22_19298490_19298957.maf
ssa22	LG17	28500380	28500443	ssa22_19300202_19300391.maf
ssa22	LG17	28500451	28500468	ssa22_19300202_19300391.maf
ssa22	LG17	28500468	28500519	ssa22_19300202_19300391.maf
ssa22	LG17	28451264	28451277	ssa22_19373205_19373425.maf
ssa22	LG17	28451295	28451311	ssa22_19373205_19373425.maf
ssa22	LG17	28451311	28451358	ssa22_19373205_19373425.maf
ssa22	LG17	28418502	28418517	ssa22_19434740_19435884.maf
ssa22	LG17	28418517	28418536	ssa22_19434740_19435884.maf
ssa22	LG17	28321751	28321762	ssa22_19604660_19605053.maf
ssa22	LG17	27984312	27984323	ssa22_20041089_20042333.maf
ssa22	LG17	27984329	27984363	ssa22_20041089_20042333.maf
ssa22	LG17	27984363	27984381	ssa22_20041089_20042333.maf
ssa22	LG17	27984428	27984438	ssa22_20041089_20042333.maf
ssa22	LG17	27985089	27985160	ssa22_20041089_20042333.maf
ssa22	LG17	27985160	27985186	ssa22_20041089_20042333.maf
ssa22	LG17	27603521	27603536	ssa22_20506031_20506965.maf
ssa22	LG17	27603575	27603600	ssa22_20506031_20506965.maf
ssa22	LG17	27448284	27448332	ssa22_20695880_20696674.maf
ssa22	LG17	26553855	26553924	ssa22_22080377_22080895.maf
ssa22	LG17	26095145	26095155	ssa22_22662982_22663616.maf
ssa22	LG17	26095162	26095216	ssa22_22662982_22663616.maf
ssa22	LG17	26095337	26095372	ssa22_22662982_22663616.maf
ssa22	LG17	26095449	26095466	ssa22_22662982_22663616.maf
ssa22	LG17	26095611	26095638	ssa22_22662982_22663616.maf
ssa22	LG17	26083720	26083740	ssa22_22668142_22668643.maf
ssa22	LG17	26083740	26083757	ssa22_22668142_22668643.maf
ssa22	LG17	26083757	26083792	ssa22_22668142_22668643.maf
ssa22	LG17	26083800	26083894	ssa22_22668142_22668643.maf
ssa22	LG17	26083894	26083907	ssa22_22668142_22668643.maf
ssa22	LG17	26083915	26083928	ssa22_22668142_22668643.maf
ssa22	LG17	26083928	26084082	ssa22_22668142_22668643.maf
ssa22	LG17	26084082	26084132	ssa22_22668142_22668643.maf
ssa22	LG17	26084132	26084153	ssa22_22668142_22668643.maf
ssa22	LG17	26084153	26084199	ssa22_22668142_22668643.maf
ssa22	LG17	25406022	25406040	ssa22_23421893_23422772.maf
ssa22	LG17	25406267	25406336	ssa22_23421893_23422772.maf
ssa22	LG17	25406352	25406385	ssa22_23421893_23422772.maf
ssa22	LG17	25379199	25379211	ssa22_23467204_23467782.maf
ssa22	LG17	24783739	24783862	ssa22_24193403_24194328.maf
ssa22	LG17	24783865	24783875	ssa22_24193403_24194328.maf
ssa22	LG17	24783908	24783925	ssa22_24193403_24194328.maf
ssa22	LG17	24783933	24783975	ssa22_24193403_24194328.maf
ssa22	LG17	24783982	24783993	ssa22_24193403_24194328.maf
ssa22	LG17	24783995	24784044	ssa22_24193403_24194328.maf
ssa22	LG17	24720057	24720068	ssa22_24325396_24326183.maf
ssa22	LG17	24720068	24720104	ssa22_24325396_24326183.maf
ssa22	LG17	24720104	24720160	ssa22_24325396_24326183.maf
ssa22	LG17	24720160	24720177	ssa22_24325396_24326183.maf
ssa22	LG17	24720235	24720291	ssa22_24325396_24326183.maf
ssa22	LG17	24720291	24720316	ssa22_24325396_24326183.maf
ssa22	LG17	24720359	24720378	ssa22_24325396_24326183.maf
ssa22	LG17	24436896	24437061	ssa22_24750668_24751593.maf
ssa22	LG17	24437068	24437078	ssa22_24750668_24751593.maf
ssa22	LG17	24437090	24437107	ssa22_24750668_24751593.maf
ssa22	LG17	24437326	24437424	ssa22_24750668_24751593.maf
ssa22	LG17	24437437	24437455	ssa22_24750668_24751593.maf
ssa22	LG17	24437455	24437467	ssa22_24750668_24751593.maf
ssa22	LG17	24376951	24377079	ssa22_24834027_24834913.maf
ssa22	LG17	24377091	24377171	ssa22_24834027_24834913.maf
ssa22	LG17	24377171	24377187	ssa22_24834027_24834913.maf
ssa22	LG17	24377187	24377204	ssa22_24834027_24834913.maf
ssa22	LG17	24233166	24233187	ssa22_25011013_25011965.maf
ssa22	LG17	24213344	24213421	ssa22_25019705_25020464.maf
ssa22	LG17	23986177	23986228	ssa22_25242627_25243774.maf
ssa22	LG17	23986228	23986288	ssa22_25242627_25243774.maf
ssa22	LG17	23868904	23868945	ssa22_25397927_25398627.maf
ssa22	LG17	23868945	23869032	ssa22_25397927_25398627.maf
ssa22	LG17	23869032	23869088	ssa22_25397927_25398627.maf
ssa22	LG17	23653023	23653099	ssa22_25763432_25764532.maf
ssa22	LG17	23653448	23653459	ssa22_25763432_25764532.maf
ssa22	LG17	23653477	23653493	ssa22_25763432_25764532.maf
ssa22	LG17	22997153	22997191	ssa22_26681896_26682669.maf
ssa22	LG17	22997206	22997279	ssa22_26681896_26682669.maf
ssa22	LG17	22997279	22997371	ssa22_26681896_26682669.maf
ssa22	LG17	22997413	22997446	ssa22_26681896_26682669.maf
ssa22	LG17	22997446	22997456	ssa22_26681896_26682669.maf
ssa22	LG17	22998022	22998032	ssa22_26681896_26682669.maf
ssa22	LG17	22998033	22998102	ssa22_26681896_26682669.maf
ssa22	LG17	22964134	22964179	ssa22_26763863_26764899.maf
ssa22	LG17	22964186	22964231	ssa22_26763863_26764899.maf
ssa22	LG17	22861345	22861381	ssa22_26915089_26915372.maf
ssa22	LG17	22861381	22861447	ssa22_26915089_26915372.maf
ssa22	LG17	22523484	22523495	ssa22_27362685_27363482.maf
ssa22	LG17	22523495	22523554	ssa22_27362685_27363482.maf
ssa22	LG17	22361468	22361524	ssa22_27583368_27584024.maf
ssa22	LG17	22361541	22361562	ssa22_27583368_27584024.maf
ssa22	LG17	22361572	22361605	ssa22_27583368_27584024.maf
ssa22	LG17	22361605	22361766	ssa22_27583368_27584024.maf
ssa22	LG17	22351614	22351662	ssa22_27589411_27590589.maf
ssa22	LG17	22352021	22352099	ssa22_27589411_27590589.maf
ssa22	LG17	22089433	22089444	ssa22_27949227_27951530.maf
ssa22	LG17	22090197	22090209	ssa22_27949227_27951530.maf
ssa22	LG17	22090209	22090290	ssa22_27949227_27951530.maf
ssa22	LG17	22090518	22090549	ssa22_27949227_27951530.maf
ssa22	LG17	22079511	22079522	ssa22_27969274_27970273.maf
ssa22	LG17	22079569	22079600	ssa22_27969274_27970273.maf
ssa22	LG17	22079605	22079628	ssa22_27969274_27970273.maf
ssa22	LG17	22079665	22079680	ssa22_27969274_27970273.maf
ssa22	LG17	22079680	22079699	ssa22_27969274_27970273.maf
ssa22	LG17	22079699	22079722	ssa22_27969274_27970273.maf
ssa22	LG17	22079722	22079732	ssa22_27969274_27970273.maf
ssa22	LG17	22079791	22079853	ssa22_27969274_27970273.maf
ssa22	LG17	22073502	22073520	ssa22_27981717_27982393.maf
ssa22	LG17	22058671	22058729	ssa22_28000140_28001544.maf
ssa22	LG17	22058729	22058751	ssa22_28000140_28001544.maf
ssa22	LG17	22058765	22058811	ssa22_28000140_28001544.maf
ssa22	LG17	22058844	22058862	ssa22_28000140_28001544.maf
ssa22	LG17	22058944	22058961	ssa22_28000140_28001544.maf
ssa22	LG17	22059066	22059107	ssa22_28000140_28001544.maf
ssa22	LG17	22059114	22059166	ssa22_28000140_28001544.maf
ssa22	LG17	22059175	22059194	ssa22_28000140_28001544.maf
ssa22	LG17	22059205	22059227	ssa22_28000140_28001544.maf
ssa22	LG17	22059232	22059287	ssa22_28000140_28001544.maf
ssa22	LG17	22059703	22059714	ssa22_28000140_28001544.maf
ssa22	LG17	22059759	22059822	ssa22_28000140_28001544.maf
ssa22	LG17	22059822	22059832	ssa22_28000140_28001544.maf
ssa22	LG17	21324510	21324542	ssa22_28852450_28853614.maf
ssa22	LG17	21324548	21324566	ssa22_28852450_28853614.maf
ssa22	LG17	21324566	21324585	ssa22_28852450_28853614.maf
ssa22	LG17	20412803	20412894	ssa22_30053538_30054784.maf
ssa22	LG17	20332631	20332766	ssa22_30159978_30160393.maf
ssa22	LG17	20332766	20332796	ssa22_30159978_30160393.maf
ssa22	LG17	20332821	20332885	ssa22_30159978_30160393.maf
ssa22	LG17	20056355	20056369	ssa22_30618583_30620019.maf
ssa22	LG17	20056868	20056887	ssa22_30618583_30620019.maf
ssa22	LG17	20056923	20056973	ssa22_30618583_30620019.maf
ssa22	LG17	20048216	20048293	ssa22_30624972_30625637.maf
ssa22	LG17	19406365	19406410	ssa22_31403443_31403919.maf
ssa22	LG17	19406410	19406504	ssa22_31403443_31403919.maf
ssa22	LG17	19375440	19375454	ssa22_31422081_31422966.maf
ssa22	LG17	19375454	19375487	ssa22_31422081_31422966.maf
ssa22	LG17	19109795	19109835	ssa22_31858087_31859212.maf
ssa22	LG17	19109835	19109857	ssa22_31858087_31859212.maf
ssa22	LG17	19110461	19110598	ssa22_31858087_31859212.maf
ssa22	LG17	19110602	19110617	ssa22_31858087_31859212.maf
ssa22	LG17	19032538	19032567	ssa22_31972105_31972803.maf
ssa22	LG17	19032889	19032905	ssa22_31972105_31972803.maf
ssa22	LG17	19032905	19032938	ssa22_31972105_31972803.maf
ssa22	LG17	19032938	19032956	ssa22_31972105_31972803.maf
ssa22	LG17	18997427	18997549	ssa22_32055076_32055748.maf
ssa22	LG17	18998087	18998104	ssa22_32055076_32055748.maf
ssa22	LG17	18998104	18998147	ssa22_32055076_32055748.maf
ssa22	LG17	18958061	18958104	ssa22_32140680_32141354.maf
ssa22	LG17	18954373	18954414	ssa22_32144691_32145131.maf
ssa22	LG17	18954475	18954487	ssa22_32144691_32145131.maf
ssa22	LG17	18954492	18954503	ssa22_32144691_32145131.maf
ssa22	LG17	18845069	18845085	ssa22_32329278_32330140.maf
ssa22	LG17	18845085	18845145	ssa22_32329278_32330140.maf
ssa22	LG17	18845270	18845303	ssa22_32329278_32330140.maf
ssa22	LG17	18828487	18828511	ssa22_32350557_32351308.maf
ssa22	LG17	18829250	18829325	ssa22_32350557_32351308.maf
ssa22	LG17	18825335	18825392	ssa22_32352786_32353555.maf
ssa22	LG17	18826289	18826303	ssa22_32352786_32353555.maf
ssa22	LG17	18826323	18826421	ssa22_32352786_32353555.maf
ssa22	LG17	18826421	18826438	ssa22_32352786_32353555.maf
ssa22	LG17	18820798	18820856	ssa22_32357234_32358862.maf
ssa22	LG17	18652281	18652293	ssa22_32714135_32714787.maf
ssa22	LG17	18652313	18652329	ssa22_32714135_32714787.maf
ssa22	LG17	18652499	18652511	ssa22_32714135_32714787.maf
ssa22	LG17	18652525	18652556	ssa22_32714135_32714787.maf
ssa22	LG17	18448700	18448772	ssa22_33042699_33043769.maf
ssa22	LG17	18449620	18449635	ssa22_33042699_33043769.maf
ssa22	LG17	18402013	18402068	ssa22_33111318_33112135.maf
ssa22	LG17	18402071	18402113	ssa22_33111318_33112135.maf
ssa22	LG17	18402135	18402148	ssa22_33111318_33112135.maf
ssa22	LG17	18352511	18352531	ssa22_33184120_33184560.maf
ssa22	LG17	18352622	18352634	ssa22_33184120_33184560.maf
ssa22	LG17	17778817	17778853	ssa22_33980844_33982057.maf
ssa22	LG17	17778853	17778878	ssa22_33980844_33982057.maf
ssa22	LG17	17695900	17695965	ssa22_34094799_34095706.maf
ssa22	LG17	17695965	17696014	ssa22_34094799_34095706.maf
ssa22	LG17	17624498	17624547	ssa22_34177795_34178134.maf
ssa22	LG17	17464518	17464632	ssa22_34426542_34427367.maf
ssa22	LG17	17464688	17464736	ssa22_34426542_34427367.maf
ssa22	LG17	17464744	17464829	ssa22_34426542_34427367.maf
ssa22	LG17	17464829	17464842	ssa22_34426542_34427367.maf
ssa22	LG17	17464842	17464870	ssa22_34426542_34427367.maf
ssa22	LG17	17464870	17464923	ssa22_34426542_34427367.maf
ssa22	LG17	17464929	17464986	ssa22_34426542_34427367.maf
ssa22	LG17	17459442	17459591	ssa22_34433437_34434287.maf
ssa22	LG17	17459591	17459758	ssa22_34433437_34434287.maf
ssa22	LG17	17403068	17403155	ssa22_34527282_34527636.maf
ssa22	LG17	16833051	16833082	ssa22_35311029_35311504.maf
ssa22	LG17	16832248	16832265	ssa22_35317963_35318538.maf
ssa22	LG17	16736372	16736389	ssa22_35406171_35406835.maf
ssa22	LG17	16736389	16736407	ssa22_35406171_35406835.maf
ssa22	LG17	16736407	16736443	ssa22_35406171_35406835.maf
ssa22	LG17	16593247	16593311	ssa22_35627904_35629101.maf
ssa22	LG17	16593493	16593506	ssa22_35627904_35629101.maf
ssa22	LG17	16593507	16593526	ssa22_35627904_35629101.maf
ssa22	LG17	16593526	16593536	ssa22_35627904_35629101.maf
ssa22	LG17	16593536	16593563	ssa22_35627904_35629101.maf
ssa22	LG17	16593563	16593638	ssa22_35627904_35629101.maf
ssa22	LG17	16513963	16514024	ssa22_35728682_35729934.maf
ssa22	LG17	16514662	16514746	ssa22_35728682_35729934.maf
ssa22	LG17	16509440	16509507	ssa22_35735514_35736284.maf
ssa22	LG17	15433326	15433429	ssa22_37173476_37174320.maf
ssa22	LG17	15433436	15433448	ssa22_37173476_37174320.maf
ssa22	LG17	15433480	15433493	ssa22_37173476_37174320.maf
ssa22	LG17	15434223	15434246	ssa22_37173476_37174320.maf
ssa22	LG17	15434304	15434324	ssa22_37173476_37174320.maf
ssa22	LG17	15434418	15434428	ssa22_37173476_37174320.maf
ssa22	LG17	15434428	15434487	ssa22_37173476_37174320.maf
ssa22	LG17	15434487	15434497	ssa22_37173476_37174320.maf
ssa22	LG17	15434595	15434610	ssa22_37173476_37174320.maf
ssa22	LG17	15434610	15434639	ssa22_37173476_37174320.maf
ssa22	LG17	15381551	15381561	ssa22_37250150_37250927.maf
ssa22	LG17	15381581	15381611	ssa22_37250150_37250927.maf
ssa22	LG17	15381618	15381685	ssa22_37250150_37250927.maf
ssa22	LG17	15381685	15381698	ssa22_37250150_37250927.maf
ssa22	LG17	15381704	15381749	ssa22_37250150_37250927.maf
ssa22	LG17	15350419	15350447	ssa22_37288741_37289991.maf
ssa22	LG17	15350447	15350477	ssa22_37288741_37289991.maf
ssa22	LG17	15350479	15350523	ssa22_37288741_37289991.maf
ssa22	LG17	13938923	13938934	ssa22_39310482_39311870.maf
ssa22	LG17	13938934	13938983	ssa22_39310482_39311870.maf
ssa22	LG17	13832629	13832669	ssa22_39496098_39496804.maf
ssa22	LG17	13832669	13832679	ssa22_39496098_39496804.maf
ssa22	LG17	13832679	13832693	ssa22_39496098_39496804.maf
ssa22	LG17	13708633	13708650	ssa22_39636850_39637446.maf
ssa22	LG17	43368691	43368732	ssa22_396432_397262.maf
ssa22	LG17	43368906	43368924	ssa22_396432_397262.maf
ssa22	LG17	43368929	43368965	ssa22_396432_397262.maf
ssa22	LG17	13111501	13111545	ssa22_40413724_40414225.maf
ssa22	LG17	13111545	13111575	ssa22_40413724_40414225.maf
ssa22	LG17	13111608	13111623	ssa22_40413724_40414225.maf
ssa22	LG17	13018148	13018180	ssa22_40566931_40567780.maf
ssa22	LG17	12528355	12528440	ssa22_41273331_41274138.maf
ssa22	LG17	12522486	12522554	ssa22_41278361_41279064.maf
ssa22	LG17	12381032	12381152	ssa22_41504418_41505610.maf
ssa22	LG17	12150327	12150346	ssa22_41826015_41827037.maf
ssa22	LG17	12150346	12150373	ssa22_41826015_41827037.maf
ssa22	LG17	12150375	12150411	ssa22_41826015_41827037.maf
ssa22	LG17	11380992	11381002	ssa22_42529958_42531076.maf
ssa22	LG17	11381006	11381019	ssa22_42529958_42531076.maf
ssa22	LG17	11381019	11381050	ssa22_42529958_42531076.maf
ssa22	LG17	11381309	11381390	ssa22_42529958_42531076.maf
ssa22	LG17	11031264	11031354	ssa22_42958910_42960165.maf
ssa22	LG17	11019783	11019866	ssa22_42970211_42971583.maf
ssa22	LG17	10965700	10965810	ssa22_43053047_43053744.maf
ssa22	LG17	10965851	10965868	ssa22_43053047_43053744.maf
ssa22	LG17	10937519	10937531	ssa22_43097764_43098619.maf
ssa22	LG17	10937539	10937597	ssa22_43097764_43098619.maf
ssa22	LG17	10937597	10937649	ssa22_43097764_43098619.maf
ssa22	LG17	10937937	10937951	ssa22_43097764_43098619.maf
ssa22	LG17	10937951	10938026	ssa22_43097764_43098619.maf
ssa22	LG17	10938142	10938205	ssa22_43097764_43098619.maf
ssa22	LG17	10930087	10930143	ssa22_43110949_43111642.maf
ssa22	LG17	10930147	10930175	ssa22_43110949_43111642.maf
ssa22	LG17	10930175	10930244	ssa22_43110949_43111642.maf
ssa22	LG17	10930244	10930255	ssa22_43110949_43111642.maf
ssa22	LG17	10871750	10871763	ssa22_43217044_43217550.maf
ssa22	LG17	10871763	10871781	ssa22_43217044_43217550.maf
ssa22	LG17	10871781	10871831	ssa22_43217044_43217550.maf
ssa22	LG17	10350980	10351063	ssa22_44047994_44049041.maf
ssa22	LG17	10202760	10202987	ssa22_44279393_44280613.maf
ssa22	LG17	10202987	10203031	ssa22_44279393_44280613.maf
ssa22	LG17	10203031	10203049	ssa22_44279393_44280613.maf
ssa22	LG17	10203065	10203077	ssa22_44279393_44280613.maf
ssa22	LG17	10203077	10203147	ssa22_44279393_44280613.maf
ssa22	LG17	10203147	10203287	ssa22_44279393_44280613.maf
ssa22	LG17	10203353	10203363	ssa22_44279393_44280613.maf
ssa22	LG17	43388688	43388707	ssa22_446250_447891.maf
ssa22	LG17	43388707	43388731	ssa22_446250_447891.maf
ssa22	LG17	43388731	43388842	ssa22_446250_447891.maf
ssa22	LG17	43388856	43388872	ssa22_446250_447891.maf
ssa22	LG17	43389235	43389298	ssa22_446250_447891.maf
ssa22	LG17	43389308	43389321	ssa22_446250_447891.maf
ssa22	LG17	43389346	43389384	ssa22_446250_447891.maf
ssa22	LG17	9205997	9206033	ssa22_46397305_46397935.maf
ssa22	LG17	9206033	9206044	ssa22_46397305_46397935.maf
ssa22	LG17	9206044	9206073	ssa22_46397305_46397935.maf
ssa22	LG17	9206073	9206108	ssa22_46397305_46397935.maf
ssa22	LG17	9058597	9058725	ssa22_46624853_46626470.maf
ssa22	LG17	9058815	9058877	ssa22_46624853_46626470.maf
ssa22	LG17	9059664	9059798	ssa22_46624853_46626470.maf
ssa22	LG17	8338152	8338222	ssa22_47910655_47912443.maf
ssa22	LG17	8338225	8338286	ssa22_47910655_47912443.maf
ssa22	LG17	8338293	8338309	ssa22_47910655_47912443.maf
ssa22	LG17	8324899	8324976	ssa22_47931301_47931770.maf
ssa22	LG17	8037991	8038020	ssa22_48266584_48267667.maf
ssa22	LG17	8038020	8038137	ssa22_48266584_48267667.maf
ssa22	LG17	8038456	8038548	ssa22_48266584_48267667.maf
ssa22	LG17	8038621	8038697	ssa22_48266584_48267667.maf
ssa22	LG17	8033999	8034017	ssa22_48268088_48268769.maf
ssa22	LG17	8034077	8034101	ssa22_48268088_48268769.maf
ssa22	LG17	8034101	8034149	ssa22_48268088_48268769.maf
ssa22	LG17	8034157	8034170	ssa22_48268088_48268769.maf
ssa22	LG17	7921324	7921448	ssa22_48563747_48564084.maf
ssa22	LG17	7921448	7921462	ssa22_48563747_48564084.maf
ssa22	LG17	7330107	7330136	ssa22_49435375_49436015.maf
ssa22	LG17	7330185	7330215	ssa22_49435375_49436015.maf
ssa22	LG17	7330313	7330323	ssa22_49435375_49436015.maf
ssa22	LG17	7330349	7330363	ssa22_49435375_49436015.maf
ssa22	LG17	7283927	7283975	ssa22_49555789_49556965.maf
ssa22	LG17	7283975	7284071	ssa22_49555789_49556965.maf
ssa22	LG17	7284147	7284179	ssa22_49555789_49556965.maf
ssa22	LG17	7284396	7284406	ssa22_49555789_49556965.maf
ssa22	LG17	7284421	7284524	ssa22_49555789_49556965.maf
ssa22	LG17	7284533	7284558	ssa22_49555789_49556965.maf
ssa22	LG17	7120578	7120599	ssa22_49871869_49873125.maf
ssa22	LG17	6028783	6028827	ssa22_51689041_51689831.maf
ssa22	LG17	6028827	6028838	ssa22_51689041_51689831.maf
ssa22	LG17	6028939	6029049	ssa22_51689041_51689831.maf
ssa22	LG17	6029049	6029085	ssa22_51689041_51689831.maf
ssa22	LG17	42464065	42464087	ssa22_5389425_5390091.maf
ssa22	LG17	42464087	42464116	ssa22_5389425_5390091.maf
ssa22	LG17	1184487	1184544	ssa22_54989530_54990824.maf
ssa22	LG17	1185472	1185579	ssa22_54989530_54990824.maf
ssa22	LG17	42304140	42304179	ssa22_5572592_5574049.maf
ssa22	LG17	42304179	42304242	ssa22_5572592_5574049.maf
ssa22	LG17	42304242	42304272	ssa22_5572592_5574049.maf
ssa22	LG17	1953524	1953590	ssa22_55734445_55735376.maf
ssa22	LG17	2652014	2652029	ssa22_56931545_56932331.maf
ssa22	LG17	2652029	2652136	ssa22_56931545_56932331.maf
ssa22	LG02	2244040	2244121	ssa22_59779591_59780295.maf
ssa22	LG17	38789570	38789586	ssa22_8550574_8551619.maf
ssa22	LG17	38789710	38789730	ssa22_8550574_8551619.maf
ssa22	LG17	38789826	38789841	ssa22_8550574_8551619.maf
ssa22	LG17	38844567	38844666	ssa22_8619610_8620566.maf
ssa22	LG17	38847420	38847509	ssa22_8625819_8626884.maf
ssa22	LG17	38847509	38847547	ssa22_8625819_8626884.maf
ssa22	LG17	38847551	38847588	ssa22_8625819_8626884.maf
ssa22	LG17	38847588	38847634	ssa22_8625819_8626884.maf
ssa22	LG17	38847634	38847646	ssa22_8625819_8626884.maf
ssa22	LG17	38847646	38847662	ssa22_8625819_8626884.maf
ssa22	LG17	38847678	38847691	ssa22_8625819_8626884.maf
ssa22	LG17	38847694	38847712	ssa22_8625819_8626884.maf
ssa22	LG17	38847712	38847732	ssa22_8625819_8626884.maf
ssa22	LG17	38847732	38847777	ssa22_8625819_8626884.maf
ssa22	LG17	39057906	39057934	ssa22_8822023_8822374.maf
ssa22	LG17	39057963	39058010	ssa22_8822023_8822374.maf
ssa22	LG17	39058010	39058035	ssa22_8822023_8822374.maf
ssa22	LG17	39066525	39066561	ssa22_8827988_8828615.maf
ssa22	LG17	39066561	39066604	ssa22_8827988_8828615.maf
ssa22	LG17	39066664	39066708	ssa22_8827988_8828615.maf
ssa22	LG17	39066760	39066799	ssa22_8827988_8828615.maf
ssa22	LG17	39066803	39066823	ssa22_8827988_8828615.maf
ssa22	LG17	39072155	39072171	ssa22_8832524_8833583.maf
ssa22	LG17	39072171	39072199	ssa22_8832524_8833583.maf
ssa22	LG17	39072199	39072225	ssa22_8832524_8833583.maf
ssa22	LG17	39072555	39072580	ssa22_8832524_8833583.maf
ssa22	LG17	39072584	39072653	ssa22_8832524_8833583.maf
ssa22	LG17	39114747	39114758	ssa22_8862221_8862775.maf
ssa22	LG17	39174617	39174639	ssa22_8880782_8881296.maf
ssa22	LG17	39174725	39174840	ssa22_8880782_8881296.maf
ssa23	LG08	28396337	28396355	ssa23_10257426_10257990.maf
ssa23	LG08	28396355	28396439	ssa23_10257426_10257990.maf
ssa23	LG08	28396468	28396483	ssa23_10257426_10257990.maf
ssa23	LG08	28346749	28346818	ssa23_10326576_10327713.maf
ssa23	LG08	27827993	27828053	ssa23_11172421_11173790.maf
ssa23	LG08	27828972	27829011	ssa23_11172421_11173790.maf
ssa23	LG08	27829225	27829237	ssa23_11172421_11173790.maf
ssa23	LG08	27829240	27829250	ssa23_11172421_11173790.maf
ssa23	LG08	27829250	27829292	ssa23_11172421_11173790.maf
ssa23	LG08	27829292	27829331	ssa23_11172421_11173790.maf
ssa23	LG08	27800059	27800070	ssa23_11215029_11216470.maf
ssa23	LG08	27800088	27800124	ssa23_11215029_11216470.maf
ssa23	LG08	27800124	27800141	ssa23_11215029_11216470.maf
ssa23	LG08	27800141	27800172	ssa23_11215029_11216470.maf
ssa23	LG08	27800365	27800527	ssa23_11215029_11216470.maf
ssa23	LG08	27800527	27800559	ssa23_11215029_11216470.maf
ssa23	LG08	27800559	27800570	ssa23_11215029_11216470.maf
ssa23	LG08	27800576	27800601	ssa23_11215029_11216470.maf
ssa23	LG08	27040936	27041009	ssa23_11805115_11805978.maf
ssa23	LG08	27041009	27041019	ssa23_11805115_11805978.maf
ssa23	LG08	27041108	27041202	ssa23_11805115_11805978.maf
ssa23	LG08	27041209	27041315	ssa23_11805115_11805978.maf
ssa23	LG08	27041323	27041351	ssa23_11805115_11805978.maf
ssa23	LG08	27041438	27041454	ssa23_11805115_11805978.maf
ssa23	LG08	27001896	27001951	ssa23_11866424_11867072.maf
ssa23	LG08	26991196	26991270	ssa23_11879020_11879617.maf
ssa23	LG08	26991407	26991424	ssa23_11879020_11879617.maf
ssa23	LG08	24597494	24597504	ssa23_15802410_15803153.maf
ssa23	LG08	24543807	24543915	ssa23_15942539_15943176.maf
ssa23	LG08	23802780	23802847	ssa23_17196705_17197359.maf
ssa23	LG08	23710257	23710296	ssa23_17335812_17336798.maf
ssa23	LG08	23696247	23696257	ssa23_17354409_17355290.maf
ssa23	LG08	23696263	23696282	ssa23_17354409_17355290.maf
ssa23	LG08	23696309	23696334	ssa23_17354409_17355290.maf
ssa23	LG08	23696516	23696540	ssa23_17354409_17355290.maf
ssa23	LG08	23696850	23696862	ssa23_17354409_17355290.maf
ssa23	LG08	23696862	23696949	ssa23_17354409_17355290.maf
ssa23	LG08	23685645	23685672	ssa23_17376638_17377981.maf
ssa23	LG08	23685672	23685697	ssa23_17376638_17377981.maf
ssa23	LG08	23685704	23685728	ssa23_17376638_17377981.maf
ssa23	LG08	23661017	23661074	ssa23_17403252_17403726.maf
ssa23	LG08	22126866	22126939	ssa23_19471104_19472693.maf
ssa23	LG08	21653983	21654034	ssa23_20280466_20281140.maf
ssa23	LG08	21654034	21654068	ssa23_20280466_20281140.maf
ssa23	LG08	21117226	21117301	ssa23_21152995_21153934.maf
ssa23	LG08	21117337	21117433	ssa23_21152995_21153934.maf
ssa23	LG08	21117933	21117943	ssa23_21152995_21153934.maf
ssa23	LG08	21117943	21117957	ssa23_21152995_21153934.maf
ssa23	LG08	21117957	21118008	ssa23_21152995_21153934.maf
ssa23	LG08	21118008	21118040	ssa23_21152995_21153934.maf
ssa23	LG08	20833700	20833724	ssa23_21506461_21507161.maf
ssa23	LG08	20833724	20833737	ssa23_21506461_21507161.maf
ssa23	LG08	20833745	20833776	ssa23_21506461_21507161.maf
ssa23	LG08	20833776	20833813	ssa23_21506461_21507161.maf
ssa23	LG08	20833813	20833823	ssa23_21506461_21507161.maf
ssa23	LG08	20804895	20805004	ssa23_21581326_21582631.maf
ssa23	LG08	20787485	20787503	ssa23_21624004_21624646.maf
ssa23	LG08	20787549	20787561	ssa23_21624004_21624646.maf
ssa23	LG08	20623824	20623943	ssa23_21866646_21867584.maf
ssa23	LG08	20312525	20312537	ssa23_22352568_22353762.maf
ssa23	LG08	19566967	19567015	ssa23_23498704_23500263.maf
ssa23	LG08	19567015	19567073	ssa23_23498704_23500263.maf
ssa23	LG08	19567155	19567211	ssa23_23498704_23500263.maf
ssa23	LG08	19437013	19437106	ssa23_23639029_23639673.maf
ssa23	LG08	19437381	19437433	ssa23_23639029_23639673.maf
ssa23	LG08	19380719	19380760	ssa23_23720245_23721419.maf
ssa23	LG08	16121792	16121849	ssa23_24047702_24048239.maf
ssa23	LG08	16605445	16605474	ssa23_24553294_24554821.maf
ssa23	LG08	16605474	16605493	ssa23_24553294_24554821.maf
ssa23	LG08	16605866	16605900	ssa23_24553294_24554821.maf
ssa23	LG08	16605907	16605925	ssa23_24553294_24554821.maf
ssa23	LG08	16606436	16606493	ssa23_24566890_24568112.maf
ssa23	LG08	16606824	16606873	ssa23_24566890_24568112.maf
ssa23	LG08	16606877	16606891	ssa23_24566890_24568112.maf
ssa23	LG08	16629898	16629947	ssa23_24595067_24595597.maf
ssa23	LG08	16662079	16662093	ssa23_24637085_24637860.maf
ssa23	LG08	16686672	16686682	ssa23_24662681_24663654.maf
ssa23	LG08	16686697	16686788	ssa23_24662681_24663654.maf
ssa23	LG08	17000327	17000363	ssa23_25152929_25153486.maf
ssa23	LG08	17761963	17762005	ssa23_26184586_26186172.maf
ssa23	LG08	17762005	17762065	ssa23_26184586_26186172.maf
ssa23	LG08	17837255	17837285	ssa23_26278954_26279945.maf
ssa23	LG08	17837294	17837310	ssa23_26278954_26279945.maf
ssa23	LG08	17837310	17837335	ssa23_26278954_26279945.maf
ssa23	LG08	17837544	17837594	ssa23_26278954_26279945.maf
ssa23	LG08	17837663	17837728	ssa23_26278954_26279945.maf
ssa23	LG08	17838058	17838112	ssa23_26278954_26279945.maf
ssa23	LG08	19185037	19185065	ssa23_27857625_27859150.maf
ssa23	LG08	19186190	19186212	ssa23_27865130_27865486.maf
ssa23	LG08	16006398	16006449	ssa23_28003797_28004476.maf
ssa23	LG08	15649791	15649816	ssa23_28436806_28438364.maf
ssa23	LG08	15649841	15649851	ssa23_28436806_28438364.maf
ssa23	LG08	15649884	15649895	ssa23_28436806_28438364.maf
ssa23	LG08	15649999	15650036	ssa23_28436806_28438364.maf
ssa23	LG08	15650039	15650059	ssa23_28436806_28438364.maf
ssa23	LG08	15650071	15650151	ssa23_28436806_28438364.maf
ssa23	LG08	15650151	15650164	ssa23_28436806_28438364.maf
ssa23	LG08	15615077	15615219	ssa23_28466823_28467246.maf
ssa23	LG08	15615219	15615253	ssa23_28466823_28467246.maf
ssa23	LG08	15615376	15615392	ssa23_28466823_28467246.maf
ssa23	LG08	15615409	15615430	ssa23_28466823_28467246.maf
ssa23	LG08	14981706	14981729	ssa23_29509131_29509512.maf
ssa23	LG08	14968236	14968307	ssa23_29518081_29518597.maf
ssa23	LG08	14949139	14949179	ssa23_29540187_29540777.maf
ssa23	LG08	14949179	14949206	ssa23_29540187_29540777.maf
ssa23	LG08	14949216	14949267	ssa23_29540187_29540777.maf
ssa23	LG08	14949341	14949370	ssa23_29540187_29540777.maf
ssa23	LG08	14923746	14923812	ssa23_29571367_29572217.maf
ssa23	LG08	14821940	14821950	ssa23_29663521_29664088.maf
ssa23	LG08	14821950	14822007	ssa23_29663521_29664088.maf
ssa23	LG08	14813601	14813617	ssa23_29675202_29676302.maf
ssa23	LG08	14813750	14813781	ssa23_29675202_29676302.maf
ssa23	LG08	14813781	14813801	ssa23_29675202_29676302.maf
ssa23	LG08	14813801	14813833	ssa23_29675202_29676302.maf
ssa23	LG08	14690202	14690229	ssa23_29813284_29813962.maf
ssa23	LG08	14576092	14576126	ssa23_29966773_29967250.maf
ssa23	LG08	14576142	14576158	ssa23_29966773_29967250.maf
ssa23	LG08	14473391	14473436	ssa23_30127790_30128160.maf
ssa23	LG08	14473446	14473467	ssa23_30127790_30128160.maf
ssa23	LG08	14450836	14450948	ssa23_30157101_30157707.maf
ssa23	LG08	14235289	14235305	ssa23_30444294_30445275.maf
ssa23	LG08	14235330	14235438	ssa23_30444294_30445275.maf
ssa23	LG08	14235438	14235466	ssa23_30444294_30445275.maf
ssa23	LG08	14234813	14234871	ssa23_30449375_30449586.maf
ssa23	LG08	13864475	13864491	ssa23_30970931_30972207.maf
ssa23	LG08	13864491	13864501	ssa23_30970931_30972207.maf
ssa23	LG08	13865534	13865549	ssa23_30970931_30972207.maf
ssa23	LG08	13580232	13580298	ssa23_31471920_31473169.maf
ssa23	LG08	13580577	13580593	ssa23_31471920_31473169.maf
ssa23	LG08	13580593	13580654	ssa23_31471920_31473169.maf
ssa23	LG08	13461983	13462017	ssa23_31672232_31673500.maf
ssa23	LG08	13462363	13462416	ssa23_31672232_31673500.maf
ssa23	LG08	13462570	13462589	ssa23_31672232_31673500.maf
ssa23	LG08	13460037	13460102	ssa23_31675062_31675687.maf
ssa23	LG08	13460102	13460115	ssa23_31675062_31675687.maf
ssa23	LG08	13134141	13134184	ssa23_32152714_32153329.maf
ssa23	LG08	13134184	13134219	ssa23_32152714_32153329.maf
ssa23	LG08	13069812	13069873	ssa23_32257076_32257826.maf
ssa23	LG08	13069898	13069928	ssa23_32257076_32257826.maf
ssa23	LG08	13069928	13069947	ssa23_32257076_32257826.maf
ssa23	LG08	13070212	13070242	ssa23_32257076_32257826.maf
ssa23	LG08	13070242	13070270	ssa23_32257076_32257826.maf
ssa23	LG08	13070270	13070314	ssa23_32257076_32257826.maf
ssa23	LG08	13070665	13070675	ssa23_32257076_32257826.maf
ssa23	LG08	13059304	13059362	ssa23_32266280_32266859.maf
ssa23	LG08	13048757	13048774	ssa23_32279188_32280623.maf
ssa23	LG08	13048945	13048957	ssa23_32279188_32280623.maf
ssa23	LG08	13049195	13049224	ssa23_32279188_32280623.maf
ssa23	LG08	13049315	13049370	ssa23_32279188_32280623.maf
ssa23	LG08	13049479	13049530	ssa23_32279188_32280623.maf
ssa23	LG08	13043991	13044027	ssa23_32282358_32283725.maf
ssa23	LG08	13027441	13027491	ssa23_32299758_32300592.maf
ssa23	LG08	13027491	13027502	ssa23_32299758_32300592.maf
ssa23	LG08	13027569	13027590	ssa23_32299758_32300592.maf
ssa23	LG08	13027716	13027734	ssa23_32299758_32300592.maf
ssa23	LG08	13027909	13027946	ssa23_32299758_32300592.maf
ssa23	LG08	12954982	12954996	ssa23_32366809_32367947.maf
ssa23	LG08	12955232	12955252	ssa23_32366809_32367947.maf
ssa23	LG08	12955252	12955294	ssa23_32366809_32367947.maf
ssa23	LG08	12665221	12665357	ssa23_32748863_32749657.maf
ssa23	LG08	12665365	12665387	ssa23_32748863_32749657.maf
ssa23	LG08	12665524	12665552	ssa23_32748863_32749657.maf
ssa23	LG08	12665592	12665605	ssa23_32748863_32749657.maf
ssa23	LG08	12665633	12665651	ssa23_32748863_32749657.maf
ssa23	LG08	12650804	12650824	ssa23_32772900_32773627.maf
ssa23	LG08	12650834	12650849	ssa23_32772900_32773627.maf
ssa23	LG08	12650855	12650877	ssa23_32772900_32773627.maf
ssa23	LG08	12636442	12636547	ssa23_32786260_32787068.maf
ssa23	LG08	12636547	12636586	ssa23_32786260_32787068.maf
ssa23	LG08	12625657	12625686	ssa23_32801059_32802728.maf
ssa23	LG08	12625693	12625710	ssa23_32801059_32802728.maf
ssa23	LG08	12625710	12625796	ssa23_32801059_32802728.maf
ssa23	LG08	12626705	12626745	ssa23_32801059_32802728.maf
ssa23	LG08	12626745	12626969	ssa23_32801059_32802728.maf
ssa23	LG08	12626969	12627030	ssa23_32801059_32802728.maf
ssa23	LG08	12627030	12627042	ssa23_32801059_32802728.maf
ssa23	LG08	12627042	12627066	ssa23_32801059_32802728.maf
ssa23	LG08	12536305	12536375	ssa23_32912544_32913108.maf
ssa23	LG08	12536375	12536406	ssa23_32912544_32913108.maf
ssa23	LG08	12389161	12389172	ssa23_33143575_33144154.maf
ssa23	LG08	12389172	12389202	ssa23_33143575_33144154.maf
ssa23	LG08	12389202	12389219	ssa23_33143575_33144154.maf
ssa23	LG08	12389222	12389331	ssa23_33143575_33144154.maf
ssa23	LG08	12389331	12389343	ssa23_33143575_33144154.maf
ssa23	LG08	12385019	12385051	ssa23_33152508_33153136.maf
ssa23	LG08	12385067	12385151	ssa23_33152508_33153136.maf
ssa23	LG08	12385151	12385247	ssa23_33152508_33153136.maf
ssa23	LG08	12385247	12385262	ssa23_33152508_33153136.maf
ssa23	LG08	12385262	12385349	ssa23_33152508_33153136.maf
ssa23	LG08	12370153	12370238	ssa23_33172710_33173179.maf
ssa23	LG08	12370247	12370270	ssa23_33172710_33173179.maf
ssa23	LG08	12370391	12370404	ssa23_33172710_33173179.maf
ssa23	LG08	12370407	12370421	ssa23_33172710_33173179.maf
ssa23	LG08	12370499	12370515	ssa23_33172710_33173179.maf
ssa23	LG08	12346833	12346912	ssa23_33213798_33214467.maf
ssa23	LG08	12324782	12324823	ssa23_33263955_33265459.maf
ssa23	LG08	12324823	12324837	ssa23_33263955_33265459.maf
ssa23	LG08	12325164	12325302	ssa23_33263955_33265459.maf
ssa23	LG08	12321771	12321782	ssa23_33269395_33271151.maf
ssa23	LG08	12321782	12321881	ssa23_33269395_33271151.maf
ssa23	LG08	12322549	12322578	ssa23_33269395_33271151.maf
ssa23	LG08	12322581	12322591	ssa23_33269395_33271151.maf
ssa23	LG08	12322762	12322847	ssa23_33269395_33271151.maf
ssa23	LG08	12323025	12323092	ssa23_33269395_33271151.maf
ssa23	LG08	12323092	12323145	ssa23_33269395_33271151.maf
ssa23	LG08	12323153	12323170	ssa23_33269395_33271151.maf
ssa23	LG08	12323211	12323229	ssa23_33269395_33271151.maf
ssa23	LG08	12323229	12323244	ssa23_33269395_33271151.maf
ssa23	LG08	12295339	12295353	ssa23_33309459_33310294.maf
ssa23	LG08	12295353	12295451	ssa23_33309459_33310294.maf
ssa23	LG08	12295748	12295799	ssa23_33309459_33310294.maf
ssa23	LG08	12295799	12295835	ssa23_33309459_33310294.maf
ssa23	LG08	12273275	12273299	ssa23_33346538_33347214.maf
ssa23	LG08	12273468	12273478	ssa23_33346538_33347214.maf
ssa23	LG08	12273480	12273536	ssa23_33346538_33347214.maf
ssa23	LG08	12149819	12149857	ssa23_33513245_33514746.maf
ssa23	LG08	12149857	12149903	ssa23_33513245_33514746.maf
ssa23	LG08	12149903	12149933	ssa23_33513245_33514746.maf
ssa23	LG08	12150090	12150137	ssa23_33513245_33514746.maf
ssa23	LG19	30897082	30897111	ssa23_34062396_34062659.maf
ssa23	LG19	30902555	30902577	ssa23_34069922_34070602.maf
ssa23	LG19	30902586	30902662	ssa23_34069922_34070602.maf
ssa23	LG19	30902662	30902695	ssa23_34069922_34070602.maf
ssa23	LG19	30904271	30904283	ssa23_34072114_34072643.maf
ssa23	LG19	30904358	30904383	ssa23_34072114_34072643.maf
ssa23	LG19	30904383	30904410	ssa23_34072114_34072643.maf
ssa23	LG19	30904410	30904440	ssa23_34072114_34072643.maf
ssa23	LG19	30942850	30942862	ssa23_34152268_34152623.maf
ssa23	LG19	30942862	30942891	ssa23_34152268_34152623.maf
ssa23	LG19	31215693	31215737	ssa23_34529966_34530521.maf
ssa23	LG19	31215737	31215753	ssa23_34529966_34530521.maf
ssa23	LG19	31222300	31222353	ssa23_34539630_34540959.maf
ssa23	LG19	31222365	31222377	ssa23_34539630_34540959.maf
ssa23	LG19	31222843	31222901	ssa23_34539630_34540959.maf
ssa23	LG19	31268930	31268942	ssa23_34588447_34589301.maf
ssa23	LG19	31268942	31268956	ssa23_34588447_34589301.maf
ssa23	LG19	31268982	31269018	ssa23_34588447_34589301.maf
ssa23	LG19	31269078	31269132	ssa23_34588447_34589301.maf
ssa23	LG19	31269205	31269217	ssa23_34588447_34589301.maf
ssa23	LG19	31269366	31269378	ssa23_34588447_34589301.maf
ssa23	LG19	31269392	31269446	ssa23_34588447_34589301.maf
ssa23	LG19	31269468	31269486	ssa23_34588447_34589301.maf
ssa23	LG19	31276569	31276610	ssa23_34597940_34598258.maf
ssa23	LG19	31276663	31276706	ssa23_34597940_34598258.maf
ssa23	LG19	31281684	31281713	ssa23_34606706_34607022.maf
ssa23	LG19	31281713	31281729	ssa23_34606706_34607022.maf
ssa23	LG19	31281729	31281741	ssa23_34606706_34607022.maf
ssa23	LG19	31281776	31281788	ssa23_34606706_34607022.maf
ssa23	LG19	31449228	31449248	ssa23_34880434_34881668.maf
ssa23	LG19	31488188	31488198	ssa23_34980469_34981346.maf
ssa23	LG19	31488202	31488295	ssa23_34980469_34981346.maf
ssa23	LG19	31521089	31521100	ssa23_35053158_35053687.maf
ssa23	LG19	31521100	31521145	ssa23_35053158_35053687.maf
ssa23	LG19	31696605	31696616	ssa23_35301032_35301379.maf
ssa23	LG19	31697520	31697544	ssa23_35313941_35314633.maf
ssa23	LG19	31697544	31697554	ssa23_35313941_35314633.maf
ssa23	LG19	32088413	32088457	ssa23_35765123_35765692.maf
ssa23	LG19	32703618	32703645	ssa23_36724232_36724821.maf
ssa23	LG19	32703650	32703774	ssa23_36724232_36724821.maf
ssa23	LG19	32703784	32703794	ssa23_36724232_36724821.maf
ssa23	LG19	32716105	32716134	ssa23_36736377_36736862.maf
ssa23	LG19	32716134	32716165	ssa23_36736377_36736862.maf
ssa23	LG19	32716172	32716212	ssa23_36736377_36736862.maf
ssa23	LG19	32716212	32716236	ssa23_36736377_36736862.maf
ssa23	LG19	32725492	32725506	ssa23_36748062_36748278.maf
ssa23	LG19	32758725	32758749	ssa23_36791914_36792556.maf
ssa23	LG19	32811026	32811046	ssa23_36857138_36857809.maf
ssa23	LG19	32811123	32811157	ssa23_36857138_36857809.maf
ssa23	LG19	35541035	35541052	ssa23_39884145_39885795.maf
ssa23	LG19	35541062	35541142	ssa23_39884145_39885795.maf
ssa23	LG19	35541147	35541176	ssa23_39884145_39885795.maf
ssa23	LG19	35541176	35541222	ssa23_39884145_39885795.maf
ssa23	LG19	35541513	35541541	ssa23_39884145_39885795.maf
ssa23	LG19	35541545	35541611	ssa23_39884145_39885795.maf
ssa23	LG19	35541613	35541627	ssa23_39884145_39885795.maf
ssa23	LG19	35541632	35541661	ssa23_39884145_39885795.maf
ssa23	LG19	35541759	35541776	ssa23_39884145_39885795.maf
ssa23	LG19	35541776	35541819	ssa23_39884145_39885795.maf
ssa23	LG19	35541819	35541831	ssa23_39884145_39885795.maf
ssa23	LG19	35541831	35541860	ssa23_39884145_39885795.maf
ssa23	LG19	35549116	35549186	ssa23_39907524_39908287.maf
ssa23	LG19	35551158	35551172	ssa23_39908521_39910285.maf
ssa23	LG19	35551191	35551203	ssa23_39908521_39910285.maf
ssa23	LG19	35551232	35551243	ssa23_39908521_39910285.maf
ssa23	LG19	35604265	35604290	ssa23_39994054_39994810.maf
ssa23	LG19	35638710	35638720	ssa23_40066477_40067962.maf
ssa23	LG19	35638720	35638746	ssa23_40066477_40067962.maf
ssa23	LG19	35639116	35639141	ssa23_40066477_40067962.maf
ssa23	LG19	35639290	35639327	ssa23_40066477_40067962.maf
ssa23	LG19	35663337	35663363	ssa23_40099186_40099695.maf
ssa23	LG19	35663474	35663493	ssa23_40099186_40099695.maf
ssa23	LG08	33853448	33853466	ssa23_4097063_4098013.maf
ssa23	LG08	33853510	33853562	ssa23_4097063_4098013.maf
ssa23	LG19	36602560	36602683	ssa23_41028505_41029089.maf
ssa23	LG19	36602683	36602694	ssa23_41028505_41029089.maf
ssa23	LG19	36581547	36581629	ssa23_41079570_41080280.maf
ssa23	LG19	36581631	36581647	ssa23_41079570_41080280.maf
ssa23	LG19	36560273	36560425	ssa23_41102120_41102785.maf
ssa23	LG08	33857024	33857040	ssa23_4112067_4112719.maf
ssa23	LG08	33857040	33857081	ssa23_4112067_4112719.maf
ssa23	LG08	33857132	33857145	ssa23_4112067_4112719.maf
ssa23	LG19	36189947	36189967	ssa23_41519980_41520502.maf
ssa23	LG19	36189967	36189981	ssa23_41519980_41520502.maf
ssa23	LG19	36189984	36190027	ssa23_41519980_41520502.maf
ssa23	LG19	36116586	36116640	ssa23_41731644_41731811.maf
ssa23	LG19	36107798	36107825	ssa23_41740475_41741210.maf
ssa23	LG19	37174703	37174724	ssa23_42193223_42194318.maf
ssa23	LG19	37174731	37174816	ssa23_42193223_42194318.maf
ssa23	LG19	37175079	37175096	ssa23_42193223_42194318.maf
ssa23	LG19	37175096	37175106	ssa23_42193223_42194318.maf
ssa23	LG19	37176621	37176642	ssa23_42196790_42197195.maf
ssa23	LG19	37524769	37524782	ssa23_42597043_42597625.maf
ssa23	LG19	37524960	37524979	ssa23_42597043_42597625.maf
ssa23	LG19	37932365	37932400	ssa23_43358641_43360991.maf
ssa23	LG19	37932400	37932419	ssa23_43358641_43360991.maf
ssa23	LG19	37932736	37932851	ssa23_43358641_43360991.maf
ssa23	LG19	37932968	37932991	ssa23_43358641_43360991.maf
ssa23	LG19	37933039	37933073	ssa23_43358641_43360991.maf
ssa23	LG19	37933616	37933678	ssa23_43358641_43360991.maf
ssa23	LG19	37961996	37962012	ssa23_43397370_43398712.maf
ssa23	LG19	37962012	37962061	ssa23_43397370_43398712.maf
ssa23	LG19	37963217	37963230	ssa23_43397370_43398712.maf
ssa23	LG19	15495803	15495857	ssa23_44710777_44711157.maf
ssa23	LG19	15496299	15496324	ssa23_44710777_44711157.maf
ssa23	LG19	15543056	15543090	ssa23_44790976_44792427.maf
ssa23	LG19	15543137	15543151	ssa23_44790976_44792427.maf
ssa23	LG08	30476541	30476564	ssa23_6865524_6866414.maf
ssa23	LG08	30477032	30477111	ssa23_6865524_6866414.maf
ssa23	LG08	30477111	30477121	ssa23_6865524_6866414.maf
ssa23	LG08	29179933	29180126	ssa23_9032823_9033512.maf
ssa23	LG08	29180133	29180207	ssa23_9032823_9033512.maf
ssa23	LG08	29163075	29163203	ssa23_9067393_9068130.maf
ssa23	LG08	29163236	29163280	ssa23_9067393_9068130.maf
ssa23	LG08	29163280	29163460	ssa23_9067393_9068130.maf
ssa23	LG08	29163478	29163495	ssa23_9067393_9068130.maf
ssa23	LG08	29163507	29163517	ssa23_9067393_9068130.maf
ssa23	LG08	29024491	29024509	ssa23_9343418_9344438.maf
ssa23	LG08	29024509	29024574	ssa23_9343418_9344438.maf
ssa23	LG08	29024602	29024626	ssa23_9343418_9344438.maf
ssa23	LG08	29024626	29024637	ssa23_9343418_9344438.maf
ssa23	LG08	29024637	29024680	ssa23_9343418_9344438.maf
ssa23	LG08	28886522	28886551	ssa23_9547233_9547752.maf
ssa23	LG08	28845916	28846017	ssa23_9588199_9589158.maf
ssa23	LG08	28846026	28846085	ssa23_9588199_9589158.maf
ssa24	LG13	14887969	14888005	ssa24_10015293_10016300.maf
ssa24	LG13	15393566	15393603	ssa24_10787668_10788240.maf
ssa24	LG13	15589065	15589089	ssa24_11172323_11172886.maf
ssa24	LG13	15652116	15652140	ssa24_11262604_11263515.maf
ssa24	LG13	15652156	15652180	ssa24_11262604_11263515.maf
ssa24	LG13	15652370	15652385	ssa24_11262604_11263515.maf
ssa24	LG13	15663643	15663702	ssa24_11287102_11287963.maf
ssa24	LG13	15663702	15663718	ssa24_11287102_11287963.maf
ssa24	LG13	15663718	15663789	ssa24_11287102_11287963.maf
ssa24	LG13	15663860	15663888	ssa24_11287102_11287963.maf
ssa24	LG13	15664142	15664159	ssa24_11287102_11287963.maf
ssa24	LG13	16340779	16340824	ssa24_12072888_12073799.maf
ssa24	LG13	16341483	16341536	ssa24_12072888_12073799.maf
ssa24	LG13	16341536	16341559	ssa24_12072888_12073799.maf
ssa24	LG13	16367663	16367753	ssa24_12103628_12104300.maf
ssa24	LG13	16439667	16439736	ssa24_12192845_12193399.maf
ssa24	LG13	16597958	16597972	ssa24_12401405_12402107.maf
ssa24	LG13	16598056	16598229	ssa24_12401405_12402107.maf
ssa24	LG13	16673039	16673082	ssa24_12498190_12500444.maf
ssa24	LG13	16673436	16673448	ssa24_12498190_12500444.maf
ssa24	LG13	16673448	16673602	ssa24_12498190_12500444.maf
ssa24	LG13	16673602	16673700	ssa24_12498190_12500444.maf
ssa24	LG13	16673776	16673835	ssa24_12498190_12500444.maf
ssa24	LG13	16673835	16673848	ssa24_12498190_12500444.maf
ssa24	LG13	16673881	16673900	ssa24_12498190_12500444.maf
ssa24	LG13	16674164	16674174	ssa24_12498190_12500444.maf
ssa24	LG13	16674174	16674193	ssa24_12498190_12500444.maf
ssa24	LG13	16674193	16674203	ssa24_12498190_12500444.maf
ssa24	LG13	16674206	16674235	ssa24_12498190_12500444.maf
ssa24	LG13	16674235	16674252	ssa24_12498190_12500444.maf
ssa24	LG13	16674252	16674269	ssa24_12498190_12500444.maf
ssa24	LG13	16674269	16674312	ssa24_12498190_12500444.maf
ssa24	LG13	16674349	16674369	ssa24_12498190_12500444.maf
ssa24	LG13	16674398	16674417	ssa24_12498190_12500444.maf
ssa24	LG13	16674417	16674448	ssa24_12498190_12500444.maf
ssa24	LG13	16674502	16674512	ssa24_12498190_12500444.maf
ssa24	LG13	16674540	16674550	ssa24_12498190_12500444.maf
ssa24	LG13	16674746	16674774	ssa24_12498190_12500444.maf
ssa24	LG13	16674774	16674818	ssa24_12498190_12500444.maf
ssa24	LG13	16674869	16674949	ssa24_12498190_12500444.maf
ssa24	LG13	16674949	16674978	ssa24_12498190_12500444.maf
ssa24	LG13	16693915	16694027	ssa24_12525203_12525709.maf
ssa24	LG13	16694042	16694053	ssa24_12525203_12525709.maf
ssa24	LG13	17970220	17970257	ssa24_13819953_13820416.maf
ssa24	LG13	17924559	17924587	ssa24_13881592_13881811.maf
ssa24	LG13	17905610	17905671	ssa24_13902658_13903162.maf
ssa24	LG13	17688790	17688820	ssa24_14215022_14215476.maf
ssa24	LG13	17688820	17688870	ssa24_14215022_14215476.maf
ssa24	LG13	17688870	17688892	ssa24_14215022_14215476.maf
ssa24	LG13	18202365	18202399	ssa24_14693720_14694877.maf
ssa24	LG13	18222432	18222454	ssa24_14725057_14725503.maf
ssa24	LG13	18222479	18222506	ssa24_14725057_14725503.maf
ssa24	LG13	32661101	32661129	ssa24_1474798_1476577.maf
ssa24	LG13	32661177	32661245	ssa24_1474798_1476577.maf
ssa24	LG13	18421627	18421647	ssa24_15077103_15077974.maf
ssa24	LG13	18421654	18421724	ssa24_15077103_15077974.maf
ssa24	LG13	18421784	18421858	ssa24_15077103_15077974.maf
ssa24	LG13	18469408	18469487	ssa24_15164686_15165349.maf
ssa24	LG13	18469487	18469507	ssa24_15164686_15165349.maf
ssa24	LG13	18469587	18469653	ssa24_15164686_15165349.maf
ssa24	LG13	18469655	18469729	ssa24_15164686_15165349.maf
ssa24	LG13	18469729	18469742	ssa24_15164686_15165349.maf
ssa24	LG13	18495093	18495154	ssa24_15188078_15189277.maf
ssa24	LG13	18497253	18497302	ssa24_15196577_15197551.maf
ssa24	LG13	18497423	18497490	ssa24_15196577_15197551.maf
ssa24	LG13	18497788	18497849	ssa24_15196577_15197551.maf
ssa24	LG13	19159618	19159687	ssa24_16088665_16090892.maf
ssa24	LG13	19160178	19160201	ssa24_16088665_16090892.maf
ssa24	LG13	19160201	19160234	ssa24_16088665_16090892.maf
ssa24	LG13	19160260	19160297	ssa24_16088665_16090892.maf
ssa24	LG13	19598407	19598642	ssa24_16752378_16753309.maf
ssa24	LG13	19648311	19648366	ssa24_16817532_16818041.maf
ssa24	LG13	19648375	19648395	ssa24_16817532_16818041.maf
ssa24	LG13	19648415	19648430	ssa24_16817532_16818041.maf
ssa24	LG13	19652395	19652546	ssa24_16821677_16822095.maf
ssa24	LG13	19701796	19701862	ssa24_16909892_16911087.maf
ssa24	LG13	19756097	19756166	ssa24_16968911_16969884.maf
ssa24	LG13	19756166	19756333	ssa24_16968911_16969884.maf
ssa24	LG13	19942301	19942331	ssa24_17229225_17230385.maf
ssa24	LG13	19960497	19960513	ssa24_17265928_17266925.maf
ssa24	LG13	19960517	19960571	ssa24_17265928_17266925.maf
ssa24	LG13	19970558	19970593	ssa24_17278916_17280263.maf
ssa24	LG13	19970594	19970628	ssa24_17278916_17280263.maf
ssa24	LG13	19970628	19970734	ssa24_17278916_17280263.maf
ssa24	LG13	20030751	20030830	ssa24_17373385_17373838.maf
ssa24	LG13	20030836	20030851	ssa24_17373385_17373838.maf
ssa24	LG13	20030851	20030913	ssa24_17373385_17373838.maf
ssa24	LG13	20364225	20364256	ssa24_17714498_17715074.maf
ssa24	LG13	20364256	20364301	ssa24_17714498_17715074.maf
ssa24	LG13	20364301	20364341	ssa24_17714498_17715074.maf
ssa24	LG13	20734104	20734174	ssa24_18131585_18132374.maf
ssa24	LG13	20734573	20734596	ssa24_18131585_18132374.maf
ssa24	LG13	32320935	32320961	ssa24_1838553_1839261.maf
ssa24	LG13	32320961	32321008	ssa24_1838553_1839261.maf
ssa24	LG13	32321641	32321690	ssa24_1838553_1839261.maf
ssa24	LG13	32321691	32321702	ssa24_1838553_1839261.maf
ssa24	LG13	21014944	21015041	ssa24_18549345_18549703.maf
ssa24	LG13	21146259	21146314	ssa24_18834046_18835875.maf
ssa24	LG13	21146641	21146654	ssa24_18834046_18835875.maf
ssa24	LG13	21146654	21146713	ssa24_18834046_18835875.maf
ssa24	LG13	21146749	21146786	ssa24_18834046_18835875.maf
ssa24	LG13	21146868	21146891	ssa24_18834046_18835875.maf
ssa24	LG13	21146899	21146960	ssa24_18834046_18835875.maf
ssa24	LG13	21147101	21147122	ssa24_18834046_18835875.maf
ssa24	LG13	21147488	21147571	ssa24_18834046_18835875.maf
ssa24	LG13	21147612	21147626	ssa24_18834046_18835875.maf
ssa24	LG13	21164709	21164804	ssa24_18856691_18857308.maf
ssa24	LG13	21164883	21164934	ssa24_18856691_18857308.maf
ssa24	LG13	21164934	21164976	ssa24_18856691_18857308.maf
ssa24	LG13	21164982	21165028	ssa24_18856691_18857308.maf
ssa24	LG13	21166827	21166842	ssa24_18869624_18870814.maf
ssa24	LG13	21166848	21166882	ssa24_18869624_18870814.maf
ssa24	LG13	21166882	21166892	ssa24_18869624_18870814.maf
ssa24	LG13	21166892	21166923	ssa24_18869624_18870814.maf
ssa24	LG13	21166924	21167013	ssa24_18869624_18870814.maf
ssa24	LG13	32290166	32290247	ssa24_1889485_1890599.maf
ssa24	LG13	32290248	32290324	ssa24_1889485_1890599.maf
ssa24	LG13	32290324	32290335	ssa24_1889485_1890599.maf
ssa24	LG13	21189121	21189141	ssa24_18903420_18903611.maf
ssa24	LG13	21189184	21189222	ssa24_18903420_18903611.maf
ssa24	LG13	21189222	21189238	ssa24_18903420_18903611.maf
ssa24	LG13	21190049	21190062	ssa24_18904095_18904956.maf
ssa24	LG13	21190062	21190079	ssa24_18904095_18904956.maf
ssa24	LG13	21190079	21190089	ssa24_18904095_18904956.maf
ssa24	LG13	21190089	21190130	ssa24_18904095_18904956.maf
ssa24	LG13	21190196	21190222	ssa24_18904095_18904956.maf
ssa24	LG13	21190261	21190287	ssa24_18904095_18904956.maf
ssa24	LG13	21190455	21190468	ssa24_18904095_18904956.maf
ssa24	LG13	21190469	21190480	ssa24_18904095_18904956.maf
ssa24	LG13	21293755	21293778	ssa24_19006931_19007495.maf
ssa24	LG13	21293933	21294072	ssa24_19006931_19007495.maf
ssa24	LG13	21294109	21294125	ssa24_19006931_19007495.maf
ssa24	LG13	21294141	21294152	ssa24_19006931_19007495.maf
ssa24	LG13	21316738	21316759	ssa24_19032219_19033589.maf
ssa24	LG13	21316759	21316786	ssa24_19032219_19033589.maf
ssa24	LG13	21316786	21316828	ssa24_19032219_19033589.maf
ssa24	LG13	21316829	21316878	ssa24_19032219_19033589.maf
ssa24	LG13	21316878	21316900	ssa24_19032219_19033589.maf
ssa24	LG13	21316900	21316952	ssa24_19032219_19033589.maf
ssa24	LG13	21316955	21316966	ssa24_19032219_19033589.maf
ssa24	LG13	21316966	21316980	ssa24_19032219_19033589.maf
ssa24	LG13	21316980	21317028	ssa24_19032219_19033589.maf
ssa24	LG13	21317496	21317551	ssa24_19032219_19033589.maf
ssa24	LG13	21317587	21317600	ssa24_19032219_19033589.maf
ssa24	LG13	21317606	21317768	ssa24_19032219_19033589.maf
ssa24	LG13	21594218	21594267	ssa24_19289740_19290751.maf
ssa24	LG13	21594284	21594301	ssa24_19289740_19290751.maf
ssa24	LG13	21594319	21594331	ssa24_19289740_19290751.maf
ssa24	LG13	21594913	21594960	ssa24_19289740_19290751.maf
ssa24	LG13	21594963	21594973	ssa24_19289740_19290751.maf
ssa24	LG13	21594973	21594989	ssa24_19289740_19290751.maf
ssa24	LG13	21594992	21595040	ssa24_19289740_19290751.maf
ssa24	LG13	21595049	21595070	ssa24_19289740_19290751.maf
ssa24	LG13	21595070	21595099	ssa24_19289740_19290751.maf
ssa24	LG13	21611469	21611548	ssa24_19312784_19313250.maf
ssa24	LG13	21611643	21611695	ssa24_19312784_19313250.maf
ssa24	LG13	21611704	21611732	ssa24_19312784_19313250.maf
ssa24	LG13	21611733	21611744	ssa24_19312784_19313250.maf
ssa24	LG13	21611744	21611761	ssa24_19312784_19313250.maf
ssa24	LG13	21619964	21620014	ssa24_19318603_19318970.maf
ssa24	LG13	21620014	21620045	ssa24_19318603_19318970.maf
ssa24	LG13	22195376	22195416	ssa24_20208175_20209343.maf
ssa24	LG13	22195739	22195755	ssa24_20208175_20209343.maf
ssa24	LG13	22195779	22195811	ssa24_20208175_20209343.maf
ssa24	LG13	22209419	22209431	ssa24_20231627_20232157.maf
ssa24	LG13	22209431	22209446	ssa24_20231627_20232157.maf
ssa24	LG13	22209475	22209485	ssa24_20231627_20232157.maf
ssa24	LG13	22209490	22209503	ssa24_20231627_20232157.maf
ssa24	LG13	22209537	22209548	ssa24_20231627_20232157.maf
ssa24	LG13	22209622	22209675	ssa24_20231627_20232157.maf
ssa24	LG13	22209676	22209717	ssa24_20231627_20232157.maf
ssa24	LG13	22209717	22209731	ssa24_20231627_20232157.maf
ssa24	LG13	22209741	22209865	ssa24_20231627_20232157.maf
ssa24	LG13	22313094	22313108	ssa24_20360093_20361204.maf
ssa24	LG13	22313108	22313194	ssa24_20360093_20361204.maf
ssa24	LG13	22313194	22313206	ssa24_20360093_20361204.maf
ssa24	LG13	22394296	22394317	ssa24_20441802_20442328.maf
ssa24	LG13	22394317	22394407	ssa24_20441802_20442328.maf
ssa24	LG13	22394407	22394449	ssa24_20441802_20442328.maf
ssa24	LG13	22394458	22394571	ssa24_20441802_20442328.maf
ssa24	LG13	22394581	22394642	ssa24_20441802_20442328.maf
ssa24	LG13	22394705	22394722	ssa24_20441802_20442328.maf
ssa24	LG13	22394792	22394802	ssa24_20441802_20442328.maf
ssa24	LG13	22426820	22426896	ssa24_20458431_20459733.maf
ssa24	LG13	22427337	22427347	ssa24_20458431_20459733.maf
ssa24	LG13	22427386	22427453	ssa24_20458431_20459733.maf
ssa24	LG13	22427453	22427495	ssa24_20458431_20459733.maf
ssa24	LG13	22654352	22654403	ssa24_20758009_20758689.maf
ssa24	LG13	22654426	22654461	ssa24_20758009_20758689.maf
ssa24	LG13	22654461	22654473	ssa24_20758009_20758689.maf
ssa24	LG13	22654473	22654498	ssa24_20758009_20758689.maf
ssa24	LG13	22715716	22715764	ssa24_20886267_20886993.maf
ssa24	LG13	22715819	22715837	ssa24_20886267_20886993.maf
ssa24	LG13	23475900	23476031	ssa24_21847922_21848813.maf
ssa24	LG13	23476035	23476136	ssa24_21847922_21848813.maf
ssa24	LG13	23476143	23476256	ssa24_21847922_21848813.maf
ssa24	LG13	23476257	23476328	ssa24_21847922_21848813.maf
ssa24	LG13	23503643	23503746	ssa24_21877755_21879002.maf
ssa24	LG13	23504131	23504228	ssa24_21877755_21879002.maf
ssa24	LG13	23504280	23504308	ssa24_21877755_21879002.maf
ssa24	LG13	23504308	23504319	ssa24_21877755_21879002.maf
ssa24	LG13	23504319	23504373	ssa24_21877755_21879002.maf
ssa24	LG13	23504373	23504406	ssa24_21877755_21879002.maf
ssa24	LG13	23504415	23504485	ssa24_21877755_21879002.maf
ssa24	LG13	23826885	23826955	ssa24_22085501_22085982.maf
ssa24	LG13	24482140	24482177	ssa24_22994448_22995522.maf
ssa24	LG13	24482330	24482340	ssa24_22994448_22995522.maf
ssa24	LG13	24482388	24482409	ssa24_22994448_22995522.maf
ssa24	LG13	24482409	24482431	ssa24_22994448_22995522.maf
ssa24	LG13	24482557	24482575	ssa24_22994448_22995522.maf
ssa24	LG13	24482575	24482747	ssa24_22994448_22995522.maf
ssa24	LG13	24483043	24483064	ssa24_22994448_22995522.maf
ssa24	LG13	24483064	24483077	ssa24_22994448_22995522.maf
ssa24	LG13	24494207	24494232	ssa24_23009338_23010192.maf
ssa24	LG13	24494232	24494272	ssa24_23009338_23010192.maf
ssa24	LG13	24494272	24494289	ssa24_23009338_23010192.maf
ssa24	LG13	24494295	24494310	ssa24_23009338_23010192.maf
ssa24	LG13	24494310	24494335	ssa24_23009338_23010192.maf
ssa24	LG13	24494348	24494358	ssa24_23009338_23010192.maf
ssa24	LG13	24494741	24494752	ssa24_23009338_23010192.maf
ssa24	LG13	24619186	24619225	ssa24_23141376_23142533.maf
ssa24	LG13	24786326	24786374	ssa24_23361718_23362808.maf
ssa24	LG13	24786527	24786578	ssa24_23361718_23362808.maf
ssa24	LG13	24786578	24786602	ssa24_23361718_23362808.maf
ssa24	LG13	24786602	24786613	ssa24_23361718_23362808.maf
ssa24	LG13	24834858	24834898	ssa24_23420347_23420990.maf
ssa24	LG13	24835019	24835158	ssa24_23420347_23420990.maf
ssa24	LG13	24843977	24843990	ssa24_23439786_23440185.maf
ssa24	LG13	24843992	24844054	ssa24_23439786_23440185.maf
ssa24	LG13	24856394	24856431	ssa24_23460635_23461716.maf
ssa24	LG13	24875220	24875248	ssa24_23504207_23505198.maf
ssa24	LG13	24875248	24875262	ssa24_23504207_23505198.maf
ssa24	LG13	24875317	24875329	ssa24_23504207_23505198.maf
ssa24	LG13	24876117	24876128	ssa24_23504207_23505198.maf
ssa24	LG13	24876128	24876148	ssa24_23504207_23505198.maf
ssa24	LG13	24876148	24876169	ssa24_23504207_23505198.maf
ssa24	LG13	24876169	24876195	ssa24_23504207_23505198.maf
ssa24	LG13	25076349	25076359	ssa24_23722253_23723445.maf
ssa24	LG13	25076364	25076388	ssa24_23722253_23723445.maf
ssa24	LG13	25076388	25076398	ssa24_23722253_23723445.maf
ssa24	LG13	25076414	25076488	ssa24_23722253_23723445.maf
ssa24	LG13	25076693	25076749	ssa24_23722253_23723445.maf
ssa24	LG13	25077134	25077214	ssa24_23722253_23723445.maf
ssa24	LG13	25077236	25077301	ssa24_23722253_23723445.maf
ssa24	LG13	25077600	25077677	ssa24_23722253_23723445.maf
ssa24	LG13	25077684	25077694	ssa24_23722253_23723445.maf
ssa24	LG13	25077695	25077709	ssa24_23722253_23723445.maf
ssa24	LG13	25081467	25081486	ssa24_23728331_23728917.maf
ssa24	LG13	25095147	25095221	ssa24_23741663_23742882.maf
ssa24	LG13	25095287	25095477	ssa24_23741663_23742882.maf
ssa24	LG13	25095477	25095493	ssa24_23741663_23742882.maf
ssa24	LG13	25095493	25095559	ssa24_23741663_23742882.maf
ssa24	LG13	31869898	31869914	ssa24_2395358_2396202.maf
ssa24	LG13	31870388	31870437	ssa24_2395358_2396202.maf
ssa24	LG13	31866670	31866708	ssa24_2405333_2405792.maf
ssa24	LG13	31866708	31866883	ssa24_2405333_2405792.maf
ssa24	LG13	25508344	25508381	ssa24_24216590_24217689.maf
ssa24	LG13	25508381	25508461	ssa24_24216590_24217689.maf
ssa24	LG13	25508461	25508478	ssa24_24216590_24217689.maf
ssa24	LG13	25508708	25508727	ssa24_24216590_24217689.maf
ssa24	LG13	25630366	25630379	ssa24_24411156_24412118.maf
ssa24	LG13	25630414	25630531	ssa24_24411156_24412118.maf
ssa24	LG13	25630531	25630551	ssa24_24411156_24412118.maf
ssa24	LG13	25630551	25630571	ssa24_24411156_24412118.maf
ssa24	LG13	25691515	25691553	ssa24_24508863_24510772.maf
ssa24	LG13	25691571	25691592	ssa24_24508863_24510772.maf
ssa24	LG13	25691778	25691802	ssa24_24508863_24510772.maf
ssa24	LG13	25691980	25692048	ssa24_24508863_24510772.maf
ssa24	LG13	31821750	31821781	ssa24_2457792_2458999.maf
ssa24	LG13	31822363	31822399	ssa24_2457792_2458999.maf
ssa24	LG13	25736006	25736022	ssa24_24649987_24650607.maf
ssa24	LG13	25736022	25736054	ssa24_24649987_24650607.maf
ssa24	LG13	25736062	25736156	ssa24_24649987_24650607.maf
ssa24	LG13	25736156	25736171	ssa24_24649987_24650607.maf
ssa24	LG13	25883325	25883342	ssa24_24814027_24815513.maf
ssa24	LG13	25883360	25883373	ssa24_24814027_24815513.maf
ssa24	LG13	25883378	25883392	ssa24_24814027_24815513.maf
ssa24	LG13	25883395	25883431	ssa24_24814027_24815513.maf
ssa24	LG13	25883435	25883493	ssa24_24814027_24815513.maf
ssa24	LG13	25883493	25883607	ssa24_24814027_24815513.maf
ssa24	LG13	25883615	25883793	ssa24_24814027_24815513.maf
ssa24	LG13	25883812	25883830	ssa24_24814027_24815513.maf
ssa24	LG13	25884285	25884461	ssa24_24814027_24815513.maf
ssa24	LG13	25986105	25986203	ssa24_24942164_24942793.maf
ssa24	LG13	25986203	25986238	ssa24_24942164_24942793.maf
ssa24	LG13	26012362	26012425	ssa24_24968234_24969466.maf
ssa24	LG13	26012425	26012457	ssa24_24968234_24969466.maf
ssa24	LG13	26012457	26012476	ssa24_24968234_24969466.maf
ssa24	LG13	26031571	26031581	ssa24_24983888_24984913.maf
ssa24	LG13	26031621	26031655	ssa24_24983888_24984913.maf
ssa24	LG13	26031655	26031670	ssa24_24983888_24984913.maf
ssa24	LG13	26031754	26031795	ssa24_24983888_24984913.maf
ssa24	LG13	26419950	26419969	ssa24_25432601_25433146.maf
ssa24	LG13	26549208	26549223	ssa24_25638613_25639307.maf
ssa24	LG13	26549223	26549299	ssa24_25638613_25639307.maf
ssa24	LG13	26549299	26549315	ssa24_25638613_25639307.maf
ssa24	LG13	26552342	26552403	ssa24_25641345_25641840.maf
ssa24	LG13	26560859	26560879	ssa24_25647594_25648605.maf
ssa24	LG13	26560879	26560892	ssa24_25647594_25648605.maf
ssa24	LG13	26560892	26560903	ssa24_25647594_25648605.maf
ssa24	LG13	26561091	26561134	ssa24_25647594_25648605.maf
ssa24	LG13	26561152	26561167	ssa24_25647594_25648605.maf
ssa24	LG13	26561209	26561219	ssa24_25647594_25648605.maf
ssa24	LG13	26561219	26561241	ssa24_25647594_25648605.maf
ssa24	LG13	26571225	26571242	ssa24_25651948_25652540.maf
ssa24	LG13	26571512	26571531	ssa24_25651948_25652540.maf
ssa24	LG13	26571531	26571541	ssa24_25651948_25652540.maf
ssa24	LG13	26571541	26571552	ssa24_25651948_25652540.maf
ssa24	LG13	26599042	26599082	ssa24_25701085_25702562.maf
ssa24	LG13	26599536	26599613	ssa24_25701085_25702562.maf
ssa24	LG13	26599700	26599717	ssa24_25701085_25702562.maf
ssa24	LG13	26599908	26599938	ssa24_25701085_25702562.maf
ssa24	LG13	26599938	26599994	ssa24_25701085_25702562.maf
ssa24	LG13	27014120	27014146	ssa24_26275336_26275979.maf
ssa24	LG13	27014146	27014180	ssa24_26275336_26275979.maf
ssa24	LG13	27014180	27014247	ssa24_26275336_26275979.maf
ssa24	LG13	27014255	27014323	ssa24_26275336_26275979.maf
ssa24	LG13	27014323	27014417	ssa24_26275336_26275979.maf
ssa24	LG13	27014417	27014490	ssa24_26275336_26275979.maf
ssa24	LG13	27014490	27014611	ssa24_26275336_26275979.maf
ssa24	LG13	27298978	27298990	ssa24_26648130_26649512.maf
ssa24	LG13	27298996	27299007	ssa24_26648130_26649512.maf
ssa24	LG13	27299018	27299067	ssa24_26648130_26649512.maf
ssa24	LG13	27299150	27299172	ssa24_26648130_26649512.maf
ssa24	LG13	27299505	27299520	ssa24_26648130_26649512.maf
ssa24	LG13	27299588	27299602	ssa24_26648130_26649512.maf
ssa24	LG13	11472746	11472799	ssa24_28022465_28023118.maf
ssa24	LG13	11473001	11473036	ssa24_28022465_28023118.maf
ssa24	LG13	11986318	11986336	ssa24_28638558_28639378.maf
ssa24	LG13	11986336	11986407	ssa24_28638558_28639378.maf
ssa24	LG13	12394174	12394194	ssa24_29363798_29364781.maf
ssa24	LG13	12394199	12394223	ssa24_29363798_29364781.maf
ssa24	LG13	12394223	12394259	ssa24_29363798_29364781.maf
ssa24	LG13	12823646	12823668	ssa24_29977771_29978573.maf
ssa24	LG13	12823668	12823737	ssa24_29977771_29978573.maf
ssa24	LG13	12978275	12978290	ssa24_30215304_30215932.maf
ssa24	LG13	12978332	12978381	ssa24_30215304_30215932.maf
ssa24	LG13	12978410	12978450	ssa24_30215304_30215932.maf
ssa24	LG13	12978450	12978614	ssa24_30215304_30215932.maf
ssa24	LG13	12978614	12978624	ssa24_30215304_30215932.maf
ssa24	LG13	12978625	12978644	ssa24_30215304_30215932.maf
ssa24	LG13	3066966	3067015	ssa24_30958078_30958820.maf
ssa24	LG13	3067015	3067042	ssa24_30958078_30958820.maf
ssa24	LG13	3127480	3127529	ssa24_31069190_31070063.maf
ssa24	LG13	3127982	3128102	ssa24_31069190_31070063.maf
ssa24	LG13	3507882	3507964	ssa24_31672379_31673682.maf
ssa24	LG13	3713785	3713809	ssa24_31972783_31973191.maf
ssa24	LG13	3713927	3714025	ssa24_31972783_31973191.maf
ssa24	LG13	3776747	3776814	ssa24_32052134_32052778.maf
ssa24	LG13	3776814	3776825	ssa24_32052134_32052778.maf
ssa24	LG13	3776830	3776840	ssa24_32052134_32052778.maf
ssa24	LG13	3780369	3780397	ssa24_32055502_32056189.maf
ssa24	LG13	3780689	3780699	ssa24_32055502_32056189.maf
ssa24	LG13	3780890	3780935	ssa24_32055502_32056189.maf
ssa24	LG13	3780935	3780948	ssa24_32055502_32056189.maf
ssa24	LG13	3780965	3781003	ssa24_32055502_32056189.maf
ssa24	LG13	3790140	3790164	ssa24_32066082_32066492.maf
ssa24	LG13	3790180	3790211	ssa24_32066082_32066492.maf
ssa24	LG13	3790221	3790254	ssa24_32066082_32066492.maf
ssa24	LG13	3790254	3790267	ssa24_32066082_32066492.maf
ssa24	LG13	3815432	3815446	ssa24_32106747_32107209.maf
ssa24	LG13	3815466	3815480	ssa24_32106747_32107209.maf
ssa24	LG13	3815499	3815512	ssa24_32106747_32107209.maf
ssa24	LG13	3815517	3815548	ssa24_32106747_32107209.maf
ssa24	LG13	3815570	3815601	ssa24_32106747_32107209.maf
ssa24	LG13	3829411	3829423	ssa24_32123900_32125781.maf
ssa24	LG13	3829663	3829709	ssa24_32123900_32125781.maf
ssa24	LG13	3853057	3853095	ssa24_32154116_32154766.maf
ssa24	LG13	3853095	3853111	ssa24_32154116_32154766.maf
ssa24	LG13	3853120	3853193	ssa24_32154116_32154766.maf
ssa24	LG13	3853197	3853236	ssa24_32154116_32154766.maf
ssa24	LG13	3853778	3853797	ssa24_32154116_32154766.maf
ssa24	LG13	3853797	3853818	ssa24_32154116_32154766.maf
ssa24	LG13	3853818	3853833	ssa24_32154116_32154766.maf
ssa24	LG13	3861675	3861694	ssa24_32162169_32163318.maf
ssa24	LG13	3861694	3861727	ssa24_32162169_32163318.maf
ssa24	LG13	3861893	3861905	ssa24_32162169_32163318.maf
ssa24	LG13	3863451	3863505	ssa24_32165399_32165816.maf
ssa24	LG13	3863509	3863581	ssa24_32165399_32165816.maf
ssa24	LG13	3870194	3870326	ssa24_32185499_32186059.maf
ssa24	LG13	3870342	3870369	ssa24_32185499_32186059.maf
ssa24	LG13	3962634	3962646	ssa24_32322161_32322968.maf
ssa24	LG13	3962844	3962971	ssa24_32322161_32322968.maf
ssa24	LG13	3962978	3963077	ssa24_32322161_32322968.maf
ssa24	LG13	3963077	3963090	ssa24_32322161_32322968.maf
ssa24	LG13	3963101	3963115	ssa24_32322161_32322968.maf
ssa24	LG13	3963115	3963129	ssa24_32322161_32322968.maf
ssa24	LG13	3963141	3963156	ssa24_32322161_32322968.maf
ssa24	LG13	3963156	3963171	ssa24_32322161_32322968.maf
ssa24	LG13	4930941	4930984	ssa24_33776370_33776933.maf
ssa24	LG13	4930984	4930995	ssa24_33776370_33776933.maf
ssa24	LG13	4996159	4996174	ssa24_33899418_33901232.maf
ssa24	LG13	4996215	4996241	ssa24_33899418_33901232.maf
ssa24	LG13	4996931	4997102	ssa24_33899418_33901232.maf
ssa24	LG13	4997105	4997117	ssa24_33899418_33901232.maf
ssa24	LG13	4997251	4997318	ssa24_33899418_33901232.maf
ssa24	LG13	4997318	4997330	ssa24_33899418_33901232.maf
ssa24	LG13	4997330	4997340	ssa24_33899418_33901232.maf
ssa24	LG13	5165281	5165291	ssa24_34207901_34209139.maf
ssa24	LG13	5165297	5165364	ssa24_34207901_34209139.maf
ssa24	LG13	5218164	5218209	ssa24_34318379_34319213.maf
ssa24	LG13	5218218	5218246	ssa24_34318379_34319213.maf
ssa24	LG13	5218569	5218583	ssa24_34318379_34319213.maf
ssa24	LG13	5218583	5218604	ssa24_34318379_34319213.maf
ssa24	LG13	5218611	5218633	ssa24_34318379_34319213.maf
ssa24	LG13	5314221	5314378	ssa24_34507984_34508456.maf
ssa24	LG13	5423816	5423900	ssa24_34668027_34668811.maf
ssa24	LG13	5424024	5424058	ssa24_34668027_34668811.maf
ssa24	LG13	5424058	5424085	ssa24_34668027_34668811.maf
ssa24	LG13	5424085	5424129	ssa24_34668027_34668811.maf
ssa24	LG13	5464980	5465003	ssa24_34723258_34724463.maf
ssa24	LG13	5465005	5465036	ssa24_34723258_34724463.maf
ssa24	LG13	5465089	5465133	ssa24_34723258_34724463.maf
ssa24	LG13	5465133	5465214	ssa24_34723258_34724463.maf
ssa24	LG13	5465615	5465690	ssa24_34723258_34724463.maf
ssa24	LG13	5465710	5465783	ssa24_34723258_34724463.maf
ssa24	LG13	5465783	5465871	ssa24_34723258_34724463.maf
ssa24	LG13	5465884	5465905	ssa24_34723258_34724463.maf
ssa24	LG13	5476746	5476851	ssa24_34753462_34754319.maf
ssa24	LG13	5477055	5477072	ssa24_34753462_34754319.maf
ssa24	LG13	5477086	5477177	ssa24_34753462_34754319.maf
ssa24	LG13	30905405	30905447	ssa24_3502859_3503621.maf
ssa24	LG13	30905447	30905541	ssa24_3502859_3503621.maf
ssa24	LG13	30905541	30905568	ssa24_3502859_3503621.maf
ssa24	LG13	5649885	5649904	ssa24_35104245_35105837.maf
ssa24	LG13	5649904	5649916	ssa24_35104245_35105837.maf
ssa24	LG13	5650294	5650337	ssa24_35104245_35105837.maf
ssa24	LG13	5650967	5650983	ssa24_35104245_35105837.maf
ssa24	LG13	5651045	5651307	ssa24_35104245_35105837.maf
ssa24	LG13	5667686	5667743	ssa24_35136515_35137077.maf
ssa24	LG13	5667746	5667756	ssa24_35136515_35137077.maf
ssa24	LG13	5667768	5667778	ssa24_35136515_35137077.maf
ssa24	LG13	5667780	5667800	ssa24_35136515_35137077.maf
ssa24	LG13	5723758	5723857	ssa24_35252287_35253165.maf
ssa24	LG13	5723996	5724062	ssa24_35252287_35253165.maf
ssa24	LG13	5724099	5724117	ssa24_35252287_35253165.maf
ssa24	LG13	30889278	30889306	ssa24_3526208_3527839.maf
ssa24	LG13	6277515	6277536	ssa24_35810607_35811164.maf
ssa24	LG13	6284095	6284115	ssa24_35821384_35822076.maf
ssa24	LG13	6421957	6421971	ssa24_36037150_36037776.maf
ssa24	LG13	6421971	6422018	ssa24_36037150_36037776.maf
ssa24	LG13	6422018	6422037	ssa24_36037150_36037776.maf
ssa24	LG13	7454382	7454456	ssa24_36564675_36566001.maf
ssa24	LG13	7267582	7267600	ssa24_36855896_36856164.maf
ssa24	LG13	7257315	7257436	ssa24_36871241_36871804.maf
ssa24	LG13	7257520	7257541	ssa24_36871241_36871804.maf
ssa24	LG13	7227998	7228085	ssa24_36909640_36910923.maf
ssa24	LG13	7128658	7128729	ssa24_37065923_37066297.maf
ssa24	LG13	2360920	2360945	ssa24_43283500_43283977.maf
ssa24	LG13	11034060	11034090	ssa24_43744238_43745008.maf
ssa24	LG13	10307777	10307805	ssa24_45374541_45375348.maf
ssa24	LG13	30067031	30067103	ssa24_4556418_4557230.maf
ssa24	LG13	30067144	30067178	ssa24_4556418_4557230.maf
ssa24	LG13	29362575	29362656	ssa24_5597807_5598873.maf
ssa24	LG13	29362656	29362672	ssa24_5597807_5598873.maf
ssa24	LG13	29362672	29362749	ssa24_5597807_5598873.maf
ssa24	LG13	29362756	29362775	ssa24_5597807_5598873.maf
ssa24	LG13	29264417	29264610	ssa24_5711033_5712300.maf
ssa24	LG13	28495540	28495560	ssa24_5861075_5861774.maf
ssa24	LG13	28495564	28495609	ssa24_5861075_5861774.maf
ssa24	LG13	28495609	28495668	ssa24_5861075_5861774.maf
ssa24	LG13	28497228	28497240	ssa24_5862727_5863317.maf
ssa24	LG13	28497240	28497278	ssa24_5862727_5863317.maf
ssa24	LG13	28497278	28497396	ssa24_5862727_5863317.maf
ssa24	LG13	28499677	28499774	ssa24_5864584_5865707.maf
ssa24	LG13	28499891	28499917	ssa24_5864584_5865707.maf
ssa24	LG13	28499930	28500167	ssa24_5864584_5865707.maf
ssa24	LG13	28686399	28686418	ssa24_6098149_6099248.maf
ssa24	LG13	28686426	28686491	ssa24_6098149_6099248.maf
ssa24	LG13	28686492	28686513	ssa24_6098149_6099248.maf
ssa24	LG13	28686690	28686712	ssa24_6098149_6099248.maf
ssa24	LG13	28686712	28686752	ssa24_6098149_6099248.maf
ssa24	LG13	28686759	28686770	ssa24_6098149_6099248.maf
ssa24	LG13	28212414	28212457	ssa24_7073122_7073922.maf
ssa24	LG13	28212468	28212494	ssa24_7073122_7073922.maf
ssa24	LG13	28212562	28212584	ssa24_7073122_7073922.maf
ssa24	LG13	27645259	27645412	ssa24_7743105_7743883.maf
ssa24	LG13	27645412	27645424	ssa24_7743105_7743883.maf
ssa24	LG13	27645480	27645512	ssa24_7743105_7743883.maf
ssa24	LG13	27645512	27645527	ssa24_7743105_7743883.maf
ssa24	LG13	27645527	27645538	ssa24_7743105_7743883.maf
ssa24	LG13	27988470	27988514	ssa24_8200009_8200904.maf
ssa24	LG13	27988514	27988524	ssa24_8200009_8200904.maf
ssa24	LG13	13761991	13762013	ssa24_8627851_8628596.maf
ssa24	LG13	13762040	13762059	ssa24_8627851_8628596.maf
ssa24	LG13	13762106	13762128	ssa24_8627851_8628596.maf
ssa24	LG13	13762251	13762283	ssa24_8627851_8628596.maf
ssa24	LG13	13762283	13762321	ssa24_8627851_8628596.maf
ssa24	LG13	13762466	13762547	ssa24_8627851_8628596.maf
ssa24	LG13	13762617	13762635	ssa24_8627851_8628596.maf
ssa24	LG13	14526479	14526546	ssa24_9569839_9571692.maf
ssa24	LG13	14537067	14537091	ssa24_9580685_9581907.maf
ssa24	LG13	14537195	14537212	ssa24_9580685_9581907.maf
ssa24	LG13	14537212	14537473	ssa24_9580685_9581907.maf
ssa24	LG13	14537662	14537720	ssa24_9580685_9581907.maf
ssa24	LG13	14537788	14537838	ssa24_9580685_9581907.maf
ssa24	LG13	14537838	14537864	ssa24_9580685_9581907.maf
ssa24	LG13	14830270	14830286	ssa24_9942170_9944436.maf
ssa24	LG13	14830306	14830317	ssa24_9942170_9944436.maf
ssa24	LG13	14831329	14831340	ssa24_9942170_9944436.maf
ssa25	LG16	14345692	14345749	ssa25_10381783_10382269.maf
ssa25	LG16	14345749	14345766	ssa25_10381783_10382269.maf
ssa25	LG16	14602414	14602520	ssa25_11335918_11337195.maf
ssa25	LG16	14541955	14541995	ssa25_11422711_11423440.maf
ssa25	LG16	14541995	14542027	ssa25_11422711_11423440.maf
ssa25	LG16	15311681	15311698	ssa25_11684594_11685277.maf
ssa25	LG16	15311812	15311844	ssa25_11684594_11685277.maf
ssa25	LG16	31988231	31988242	ssa25_1186430_1186870.maf
ssa25	LG16	31988273	31988299	ssa25_1186430_1186870.maf
ssa25	LG16	31988310	31988350	ssa25_1186430_1186870.maf
ssa25	LG16	31995339	31995349	ssa25_1194243_1195010.maf
ssa25	LG16	32007862	32007881	ssa25_1201710_1201889.maf
ssa25	LG16	32009489	32009520	ssa25_1204933_1205222.maf
ssa25	LG16	16158619	16158638	ssa25_12963527_12964368.maf
ssa25	LG16	32085088	32085304	ssa25_1334998_1335743.maf
ssa25	LG16	32085320	32085373	ssa25_1334998_1335743.maf
ssa25	LG16	32091197	32091344	ssa25_1360782_1362255.maf
ssa25	LG16	32091344	32091361	ssa25_1360782_1362255.maf
ssa25	LG16	32091361	32091389	ssa25_1360782_1362255.maf
ssa25	LG16	32091451	32091483	ssa25_1360782_1362255.maf
ssa25	LG16	16823174	16823225	ssa25_13870981_13871917.maf
ssa25	LG16	17193242	17193259	ssa25_14345158_14345540.maf
ssa25	LG16	17193259	17193309	ssa25_14345158_14345540.maf
ssa25	LG16	17193383	17193405	ssa25_14345158_14345540.maf
ssa25	LG16	17258755	17258778	ssa25_14431750_14432574.maf
ssa25	LG16	17258778	17258837	ssa25_14431750_14432574.maf
ssa25	LG16	17258840	17258851	ssa25_14431750_14432574.maf
ssa25	LG16	17258868	17258909	ssa25_14431750_14432574.maf
ssa25	LG16	17259009	17259055	ssa25_14431750_14432574.maf
ssa25	LG16	17259055	17259069	ssa25_14431750_14432574.maf
ssa25	LG16	17259069	17259114	ssa25_14431750_14432574.maf
ssa25	LG16	17259114	17259129	ssa25_14431750_14432574.maf
ssa25	LG16	17730443	17730501	ssa25_15052833_15053470.maf
ssa25	LG16	17730519	17730535	ssa25_15052833_15053470.maf
ssa25	LG16	17730599	17730642	ssa25_15052833_15053470.maf
ssa25	LG16	17730642	17730675	ssa25_15052833_15053470.maf
ssa25	LG16	17730720	17730778	ssa25_15052833_15053470.maf
ssa25	LG16	17730793	17730836	ssa25_15052833_15053470.maf
ssa25	LG16	17730838	17730861	ssa25_15052833_15053470.maf
ssa25	LG16	17730861	17731008	ssa25_15052833_15053470.maf
ssa25	LG16	18391519	18391544	ssa25_15811561_15811956.maf
ssa25	LG16	18391550	18391566	ssa25_15811561_15811956.maf
ssa25	LG16	18534167	18534189	ssa25_15996812_15997676.maf
ssa25	LG16	18534421	18534442	ssa25_15996812_15997676.maf
ssa25	LG16	18659911	18659925	ssa25_16154216_16154784.maf
ssa25	LG16	18659927	18659940	ssa25_16154216_16154784.maf
ssa25	LG16	18659940	18659974	ssa25_16154216_16154784.maf
ssa25	LG16	18659974	18660143	ssa25_16154216_16154784.maf
ssa25	LG16	18933216	18933328	ssa25_16404194_16405239.maf
ssa25	LG16	18933328	18933484	ssa25_16404194_16405239.maf
ssa25	LG16	18933495	18933529	ssa25_16404194_16405239.maf
ssa25	LG16	18933529	18933604	ssa25_16404194_16405239.maf
ssa25	LG16	18933604	18933629	ssa25_16404194_16405239.maf
ssa25	LG16	18933677	18933691	ssa25_16404194_16405239.maf
ssa25	LG16	18933700	18933715	ssa25_16404194_16405239.maf
ssa25	LG16	18934088	18934104	ssa25_16404194_16405239.maf
ssa25	LG16	18934104	18934114	ssa25_16404194_16405239.maf
ssa25	LG16	18934176	18934190	ssa25_16404194_16405239.maf
ssa25	LG16	18934190	18934206	ssa25_16404194_16405239.maf
ssa25	LG16	18934224	18934238	ssa25_16404194_16405239.maf
ssa25	LG16	19083205	19083227	ssa25_16561498_16562198.maf
ssa25	LG16	19083227	19083260	ssa25_16561498_16562198.maf
ssa25	LG16	19083261	19083272	ssa25_16561498_16562198.maf
ssa25	LG16	19083272	19083343	ssa25_16561498_16562198.maf
ssa25	LG16	19083343	19083381	ssa25_16561498_16562198.maf
ssa25	LG16	19083381	19083414	ssa25_16561498_16562198.maf
ssa25	LG16	19083414	19083452	ssa25_16561498_16562198.maf
ssa25	LG16	19092888	19092910	ssa25_16585234_16585575.maf
ssa25	LG16	19092910	19092949	ssa25_16585234_16585575.maf
ssa25	LG16	19092949	19093063	ssa25_16585234_16585575.maf
ssa25	LG16	19093074	19093089	ssa25_16585234_16585575.maf
ssa25	LG16	19111432	19111461	ssa25_16621145_16621795.maf
ssa25	LG16	19111461	19111493	ssa25_16621145_16621795.maf
ssa25	LG16	19111630	19111646	ssa25_16621145_16621795.maf
ssa25	LG16	19111655	19111667	ssa25_16621145_16621795.maf
ssa25	LG16	19119209	19119268	ssa25_16626709_16627737.maf
ssa25	LG16	19119276	19119320	ssa25_16626709_16627737.maf
ssa25	LG16	19119320	19119402	ssa25_16626709_16627737.maf
ssa25	LG16	19119402	19119412	ssa25_16626709_16627737.maf
ssa25	LG16	19119412	19119444	ssa25_16626709_16627737.maf
ssa25	LG16	19119500	19119518	ssa25_16626709_16627737.maf
ssa25	LG16	19119931	19119944	ssa25_16626709_16627737.maf
ssa25	LG16	19376196	19376223	ssa25_17104708_17105053.maf
ssa25	LG16	19376223	19376251	ssa25_17104708_17105053.maf
ssa25	LG16	19376251	19376263	ssa25_17104708_17105053.maf
ssa25	LG16	20073300	20073396	ssa25_17980360_17980622.maf
ssa25	LG16	20277140	20277188	ssa25_18257122_18258487.maf
ssa25	LG16	20277191	20277202	ssa25_18257122_18258487.maf
ssa25	LG16	20277537	20277568	ssa25_18257122_18258487.maf
ssa25	LG16	20278240	20278261	ssa25_18257122_18258487.maf
ssa25	LG16	20291915	20291936	ssa25_18270836_18271524.maf
ssa25	LG16	20291974	20292057	ssa25_18270836_18271524.maf
ssa25	LG16	20292151	20292263	ssa25_18270836_18271524.maf
ssa25	LG16	20292263	20292276	ssa25_18270836_18271524.maf
ssa25	LG16	20292379	20292408	ssa25_18270836_18271524.maf
ssa25	LG16	20292408	20292438	ssa25_18270836_18271524.maf
ssa25	LG16	20451029	20451061	ssa25_18378586_18379474.maf
ssa25	LG16	20451065	20451075	ssa25_18378586_18379474.maf
ssa25	LG16	20451075	20451156	ssa25_18378586_18379474.maf
ssa25	LG16	20451156	20451204	ssa25_18378586_18379474.maf
ssa25	LG16	20451211	20451254	ssa25_18378586_18379474.maf
ssa25	LG16	20451802	20451819	ssa25_18378586_18379474.maf
ssa25	LG16	20489725	20489837	ssa25_18431947_18432803.maf
ssa25	LG16	20974856	20974867	ssa25_19105354_19105993.maf
ssa25	LG16	20974875	20974923	ssa25_19105354_19105993.maf
ssa25	LG16	21531871	21531983	ssa25_20012694_20013693.maf
ssa25	LG16	21588931	21588983	ssa25_20096892_20097266.maf
ssa25	LG16	22701537	22701561	ssa25_21793515_21795147.maf
ssa25	LG16	22702710	22702720	ssa25_21793515_21795147.maf
ssa25	LG16	22702731	22702772	ssa25_21793515_21795147.maf
ssa25	LG16	22702772	22702815	ssa25_21793515_21795147.maf
ssa25	LG16	22702815	22702825	ssa25_21793515_21795147.maf
ssa25	LG16	22702825	22702901	ssa25_21793515_21795147.maf
ssa25	LG16	22702901	22702977	ssa25_21793515_21795147.maf
ssa25	LG16	22702977	22702990	ssa25_21793515_21795147.maf
ssa25	LG16	22720799	22720839	ssa25_21828965_21829610.maf
ssa25	LG16	22721023	22721069	ssa25_21828965_21829610.maf
ssa25	LG16	22726166	22726233	ssa25_21833572_21834465.maf
ssa25	LG16	22726233	22726244	ssa25_21833572_21834465.maf
ssa25	LG16	22726292	22726310	ssa25_21833572_21834465.maf
ssa25	LG16	22742308	22742329	ssa25_21851588_21852148.maf
ssa25	LG16	22742329	22742365	ssa25_21851588_21852148.maf
ssa25	LG16	22742370	22742397	ssa25_21851588_21852148.maf
ssa25	LG16	23616885	23616962	ssa25_22960183_22961094.maf
ssa25	LG16	23924466	23924510	ssa25_23313303_23314100.maf
ssa25	LG16	23924510	23924535	ssa25_23313303_23314100.maf
ssa25	LG16	33129004	33129015	ssa25_2379738_2380568.maf
ssa25	LG16	33129015	33129077	ssa25_2379738_2380568.maf
ssa25	LG16	33129216	33129242	ssa25_2379738_2380568.maf
ssa25	LG16	33129242	33129256	ssa25_2379738_2380568.maf
ssa25	LG16	24528303	24528349	ssa25_24023632_24024415.maf
ssa25	LG16	24528410	24528425	ssa25_24023632_24024415.maf
ssa25	LG16	24528461	24528476	ssa25_24023632_24024415.maf
ssa25	LG16	13284257	13284270	ssa25_25586852_25587543.maf
ssa25	LG16	13284270	13284291	ssa25_25586852_25587543.maf
ssa25	LG16	13284291	13284345	ssa25_25586852_25587543.maf
ssa25	LG16	13284506	13284517	ssa25_25586852_25587543.maf
ssa25	LG16	13183431	13183441	ssa25_25735203_25735838.maf
ssa25	LG16	13183441	13183451	ssa25_25735203_25735838.maf
ssa25	LG16	13018042	13018160	ssa25_25984851_25985336.maf
ssa25	LG16	13011471	13011531	ssa25_25997904_25998656.maf
ssa25	LG16	13011531	13011543	ssa25_25997904_25998656.maf
ssa25	LG16	13011666	13011714	ssa25_25997904_25998656.maf
ssa25	LG16	12962860	12962949	ssa25_26068439_26069026.maf
ssa25	LG16	12957271	12957306	ssa25_26071542_26072021.maf
ssa25	LG16	12950227	12950239	ssa25_26087932_26088857.maf
ssa25	LG16	12950239	12950286	ssa25_26087932_26088857.maf
ssa25	LG16	12931006	12931066	ssa25_26126878_26127542.maf
ssa25	LG16	33962207	33962291	ssa25_2631837_2632286.maf
ssa25	LG16	12404719	12404834	ssa25_26663885_26664747.maf
ssa25	LG16	12285978	12286064	ssa25_26863759_26865507.maf
ssa25	LG16	12279401	12279442	ssa25_26871344_26871887.maf
ssa25	LG16	12168298	12168315	ssa25_27093543_27094840.maf
ssa25	LG16	12168315	12168399	ssa25_27093543_27094840.maf
ssa25	LG16	12149361	12149381	ssa25_27123418_27124063.maf
ssa25	LG16	11980969	11980983	ssa25_27371098_27372116.maf
ssa25	LG16	11980983	11980997	ssa25_27371098_27372116.maf
ssa25	LG16	11981056	11981114	ssa25_27371098_27372116.maf
ssa25	LG16	11981114	11981174	ssa25_27371098_27372116.maf
ssa25	LG16	11845794	11845838	ssa25_27544908_27546662.maf
ssa25	LG16	11845869	11845892	ssa25_27544908_27546662.maf
ssa25	LG16	11845892	11845913	ssa25_27544908_27546662.maf
ssa25	LG16	11623284	11623308	ssa25_27872889_27874134.maf
ssa25	LG16	11287854	11287940	ssa25_28362418_28363737.maf
ssa25	LG16	10834447	10834483	ssa25_29016969_29017892.maf
ssa25	LG16	10834483	10834628	ssa25_29016969_29017892.maf
ssa25	LG16	10834879	10834893	ssa25_29016969_29017892.maf
ssa25	LG16	10834893	10834911	ssa25_29016969_29017892.maf
ssa25	LG16	10834911	10834926	ssa25_29016969_29017892.maf
ssa25	LG16	10834929	10834975	ssa25_29016969_29017892.maf
ssa25	LG16	10834975	10835001	ssa25_29016969_29017892.maf
ssa25	LG16	10835001	10835060	ssa25_29016969_29017892.maf
ssa25	LG16	10830511	10830551	ssa25_29027122_29027826.maf
ssa25	LG16	10830551	10830648	ssa25_29027122_29027826.maf
ssa25	LG16	10541191	10541212	ssa25_29628913_29629407.maf
ssa25	LG16	10541219	10541320	ssa25_29628913_29629407.maf
ssa25	LG16	10541329	10541344	ssa25_29628913_29629407.maf
ssa25	LG16	10052060	10052125	ssa25_30472541_30473139.maf
ssa25	LG16	9875699	9875751	ssa25_30782462_30783472.maf
ssa25	LG16	9875812	9875829	ssa25_30782462_30783472.maf
ssa25	LG16	9875829	9875857	ssa25_30782462_30783472.maf
ssa25	LG16	9875973	9876055	ssa25_30782462_30783472.maf
ssa25	LG16	9876055	9876070	ssa25_30782462_30783472.maf
ssa25	LG16	9484212	9484266	ssa25_31392445_31393569.maf
ssa25	LG16	9318832	9318877	ssa25_31601769_31602143.maf
ssa25	LG16	9317844	9317854	ssa25_31602645_31603006.maf
ssa25	LG16	9317912	9317966	ssa25_31602645_31603006.maf
ssa25	LG16	9317966	9318121	ssa25_31602645_31603006.maf
ssa25	LG16	9318121	9318147	ssa25_31602645_31603006.maf
ssa25	LG16	9312312	9312510	ssa25_31610709_31611683.maf
ssa25	LG16	9312556	9312566	ssa25_31610709_31611683.maf
ssa25	LG16	9218019	9218068	ssa25_31714095_31715046.maf
ssa25	LG16	9218406	9218467	ssa25_31714095_31715046.maf
ssa25	LG16	9218467	9218508	ssa25_31714095_31715046.maf
ssa25	LG16	9122330	9122347	ssa25_31884520_31885083.maf
ssa25	LG16	9122347	9122410	ssa25_31884520_31885083.maf
ssa25	LG16	8814738	8814777	ssa25_32393542_32394086.maf
ssa25	LG16	8814777	8814791	ssa25_32393542_32394086.maf
ssa25	LG16	8814791	8814829	ssa25_32393542_32394086.maf
ssa25	LG16	8655868	8655879	ssa25_32685868_32686876.maf
ssa25	LG16	8655947	8656035	ssa25_32685868_32686876.maf
ssa25	LG16	8656126	8656195	ssa25_32685868_32686876.maf
ssa25	LG16	8656346	8656376	ssa25_32685868_32686876.maf
ssa25	LG16	8600327	8600338	ssa25_32804724_32805412.maf
ssa25	LG16	8600464	8600520	ssa25_32804724_32805412.maf
ssa25	LG16	8600520	8600540	ssa25_32804724_32805412.maf
ssa25	LG16	8600546	8600566	ssa25_32804724_32805412.maf
ssa25	LG16	8600566	8600583	ssa25_32804724_32805412.maf
ssa25	LG16	8600583	8600631	ssa25_32804724_32805412.maf
ssa25	LG16	8600631	8600667	ssa25_32804724_32805412.maf
ssa25	LG16	8599321	8599359	ssa25_32806112_32806775.maf
ssa25	LG16	8599359	8599385	ssa25_32806112_32806775.maf
ssa25	LG16	8599385	8599395	ssa25_32806112_32806775.maf
ssa25	LG16	8599398	8599413	ssa25_32806112_32806775.maf
ssa25	LG16	8599418	8599432	ssa25_32806112_32806775.maf
ssa25	LG16	8599432	8599450	ssa25_32806112_32806775.maf
ssa25	LG16	8505534	8505572	ssa25_32945274_32946494.maf
ssa25	LG16	8505870	8505966	ssa25_32945274_32946494.maf
ssa25	LG16	8505966	8505988	ssa25_32945274_32946494.maf
ssa25	LG16	8435472	8435499	ssa25_33098175_33098567.maf
ssa25	LG16	8275491	8275514	ssa25_33348873_33349897.maf
ssa25	LG16	7705375	7705446	ssa25_34269043_34270626.maf
ssa25	LG16	7706556	7706576	ssa25_34269043_34270626.maf
ssa25	LG16	7706576	7706633	ssa25_34269043_34270626.maf
ssa25	LG16	7434135	7434149	ssa25_34871599_34873069.maf
ssa25	LG16	7434149	7434232	ssa25_34871599_34873069.maf
ssa25	LG16	7435256	7435309	ssa25_34871599_34873069.maf
ssa25	LG16	7237545	7237562	ssa25_35269251_35270546.maf
ssa25	LG16	7238567	7238585	ssa25_35269251_35270546.maf
ssa25	LG16	7207914	7207958	ssa25_35319929_35320961.maf
ssa25	LG16	7160828	7160842	ssa25_35403974_35404643.maf
ssa25	LG16	7160842	7160861	ssa25_35403974_35404643.maf
ssa25	LG16	7160861	7160972	ssa25_35403974_35404643.maf
ssa25	LG16	7160972	7160996	ssa25_35403974_35404643.maf
ssa25	LG16	7160996	7161022	ssa25_35403974_35404643.maf
ssa25	LG16	7161022	7161046	ssa25_35403974_35404643.maf
ssa25	LG16	7080425	7080472	ssa25_35599249_35599698.maf
ssa25	LG16	7079393	7079443	ssa25_35601012_35601558.maf
ssa25	LG16	7072854	7072939	ssa25_35609650_35611268.maf
ssa25	LG16	7072939	7073010	ssa25_35609650_35611268.maf
ssa25	LG16	7066912	7066938	ssa25_35618451_35619105.maf
ssa25	LG16	7066938	7066948	ssa25_35618451_35619105.maf
ssa25	LG16	7066948	7066990	ssa25_35618451_35619105.maf
ssa25	LG16	7066990	7067011	ssa25_35618451_35619105.maf
ssa25	LG16	7067011	7067058	ssa25_35618451_35619105.maf
ssa25	LG16	323386	323478	ssa25_36432333_36432821.maf
ssa25	LG16	398302	398383	ssa25_36571887_36572465.maf
ssa25	LG16	1768860	1768876	ssa25_39461294_39462183.maf
ssa25	LG16	1768910	1768946	ssa25_39461294_39462183.maf
ssa25	LG16	1987656	1987716	ssa25_39883880_39885116.maf
ssa25	LG16	1987779	1987800	ssa25_39883880_39885116.maf
ssa25	LG16	1987813	1987896	ssa25_39883880_39885116.maf
ssa25	LG16	2163081	2163102	ssa25_40303215_40303962.maf
ssa25	LG16	2163106	2163118	ssa25_40303215_40303962.maf
ssa25	LG16	2163127	2163215	ssa25_40303215_40303962.maf
ssa25	LG20	10096235	10096256	ssa25_43071508_43071789.maf
ssa25	LG20	10096256	10096272	ssa25_43071508_43071789.maf
ssa25	LG20	10096295	10096343	ssa25_43071508_43071789.maf
ssa25	LG20	10089222	10089246	ssa25_43078215_43078707.maf
ssa25	LG20	10089246	10089347	ssa25_43078215_43078707.maf
ssa25	LG20	10089347	10089363	ssa25_43078215_43078707.maf
ssa25	LG20	10089368	10089383	ssa25_43078215_43078707.maf
ssa25	LG20	10074236	10074247	ssa25_43115487_43116252.maf
ssa25	LG20	10074301	10074356	ssa25_43115487_43116252.maf
ssa25	LG20	9822153	9822232	ssa25_43529418_43530125.maf
ssa25	LG20	9822540	9822611	ssa25_43529418_43530125.maf
ssa25	LG20	9822724	9822792	ssa25_43529418_43530125.maf
ssa25	LG20	9822792	9822812	ssa25_43529418_43530125.maf
ssa25	LG20	9822812	9822884	ssa25_43529418_43530125.maf
ssa25	LG20	9787274	9787293	ssa25_43578199_43578800.maf
ssa25	LG20	9787293	9787421	ssa25_43578199_43578800.maf
ssa25	LG20	9499442	9499604	ssa25_44123965_44124495.maf
ssa25	LG20	9499604	9499616	ssa25_44123965_44124495.maf
ssa25	LG20	9499655	9499677	ssa25_44123965_44124495.maf
ssa25	LG20	9443382	9443452	ssa25_44204204_44204691.maf
ssa25	LG20	9443452	9443469	ssa25_44204204_44204691.maf
ssa25	LG20	9433024	9433034	ssa25_44224423_44225203.maf
ssa25	LG20	9433040	9433099	ssa25_44224423_44225203.maf
ssa25	LG20	9262874	9262950	ssa25_44504811_44505395.maf
ssa25	LG20	9163001	9163023	ssa25_44920923_44921450.maf
ssa25	LG20	9163051	9163062	ssa25_44920923_44921450.maf
ssa25	LG20	9163062	9163095	ssa25_44920923_44921450.maf
ssa25	LG20	9163095	9163218	ssa25_44920923_44921450.maf
ssa25	LG20	9163279	9163335	ssa25_44920923_44921450.maf
ssa25	LG20	9163390	9163421	ssa25_44920923_44921450.maf
ssa25	LG20	9160060	9160112	ssa25_44925890_44926473.maf
ssa25	LG20	9160147	9160191	ssa25_44925890_44926473.maf
ssa25	LG20	6866628	6866688	ssa25_46033496_46034659.maf
ssa25	LG20	6866771	6866785	ssa25_46033496_46034659.maf
ssa25	LG20	6866785	6866936	ssa25_46033496_46034659.maf
ssa25	LG20	6867469	6867480	ssa25_46033496_46034659.maf
ssa25	LG20	6867480	6867541	ssa25_46033496_46034659.maf
ssa25	LG20	7038864	7038934	ssa25_46425723_46426466.maf
ssa25	LG20	7039184	7039239	ssa25_46425723_46426466.maf
ssa25	LG20	7039239	7039250	ssa25_46425723_46426466.maf
ssa25	LG20	7039250	7039269	ssa25_46425723_46426466.maf
ssa25	LG20	7039269	7039338	ssa25_46425723_46426466.maf
ssa25	LG20	7039346	7039356	ssa25_46425723_46426466.maf
ssa25	LG20	7039356	7039367	ssa25_46425723_46426466.maf
ssa25	LG20	7039367	7039382	ssa25_46425723_46426466.maf
ssa25	LG20	7610192	7610207	ssa25_47460520_47460911.maf
ssa25	LG20	7610213	7610228	ssa25_47460520_47460911.maf
ssa25	LG20	7610228	7610250	ssa25_47460520_47460911.maf
ssa25	LG16	30145270	30145334	ssa25_4830665_4831364.maf
ssa25	LG16	30145334	30145380	ssa25_4830665_4831364.maf
ssa25	LG16	30145465	30145605	ssa25_4830665_4831364.maf
ssa25	LG16	30145605	30145654	ssa25_4830665_4831364.maf
ssa25	LG20	6108634	6108723	ssa25_49482994_49483608.maf
ssa25	LG20	5991861	5991873	ssa25_49692543_49693439.maf
ssa25	LG20	5991873	5991919	ssa25_49692543_49693439.maf
ssa25	LG20	5991958	5991979	ssa25_49692543_49693439.maf
ssa25	LG16	28345478	28345567	ssa25_6408541_6409362.maf
ssa25	LG16	28075917	28075950	ssa25_6752933_6753534.maf
ssa25	LG16	28075958	28075973	ssa25_6752933_6753534.maf
ssa25	LG16	27578838	27578873	ssa25_7031458_7031921.maf
ssa25	LG16	27577368	27577418	ssa25_7035287_7036357.maf
ssa25	LG16	26030537	26030584	ssa25_8898284_8899414.maf
ssa25	LG16	26030584	26030594	ssa25_8898284_8899414.maf
ssa25	LG16	26030594	26030615	ssa25_8898284_8899414.maf
ssa25	LG16	31813036	31813135	ssa25_920615_921474.maf
ssa25	LG16	31813135	31813273	ssa25_920615_921474.maf
ssa25	LG16	31813611	31813622	ssa25_920615_921474.maf
ssa25	LG16	31813622	31813655	ssa25_920615_921474.maf
ssa25	LG16	31813655	31813670	ssa25_920615_921474.maf
ssa25	LG16	31813716	31813726	ssa25_920615_921474.maf
ssa25	LG16	13936548	13936655	ssa25_9741228_9742353.maf
ssa25	LG16	13973795	13973819	ssa25_9831202_9832170.maf
ssa25	LG16	13973819	13973861	ssa25_9831202_9832170.maf
ssa26	LG02	34104074	34104084	ssa26_10167704_10168536.maf
ssa26	LG02	34104103	34104116	ssa26_10167704_10168536.maf
ssa26	LG02	33911494	33911516	ssa26_10362449_10362865.maf
ssa26	LG02	33911516	33911533	ssa26_10362449_10362865.maf
ssa26	LG02	33911537	33911621	ssa26_10362449_10362865.maf
ssa26	LG02	33787260	33787299	ssa26_10438142_10438896.maf
ssa26	LG02	33787307	33787345	ssa26_10438142_10438896.maf
ssa26	LG02	33511854	33511892	ssa26_10823139_10824077.maf
ssa26	LG02	33511929	33511962	ssa26_10823139_10824077.maf
ssa26	LG02	33511962	33512072	ssa26_10823139_10824077.maf
ssa26	LG02	33512200	33512215	ssa26_10823139_10824077.maf
ssa26	LG02	33512261	33512293	ssa26_10823139_10824077.maf
ssa26	LG02	33512293	33512308	ssa26_10823139_10824077.maf
ssa26	LG02	33512580	33512608	ssa26_10823139_10824077.maf
ssa26	LG02	33512612	33512622	ssa26_10823139_10824077.maf
ssa26	LG02	33512637	33512651	ssa26_10823139_10824077.maf
ssa26	LG02	33403022	33403034	ssa26_10907794_10908518.maf
ssa26	LG02	33403034	33403082	ssa26_10907794_10908518.maf
ssa26	LG02	33403082	33403121	ssa26_10907794_10908518.maf
ssa26	LG02	33403279	33403290	ssa26_10907794_10908518.maf
ssa26	LG02	33403297	33403315	ssa26_10907794_10908518.maf
ssa26	LG02	33403316	33403348	ssa26_10907794_10908518.maf
ssa26	LG02	33403348	33403360	ssa26_10907794_10908518.maf
ssa26	LG02	33403360	33403384	ssa26_10907794_10908518.maf
ssa26	LG02	33403396	33403419	ssa26_10907794_10908518.maf
ssa26	LG02	33403442	33403475	ssa26_10907794_10908518.maf
ssa26	LG02	33403475	33403534	ssa26_10907794_10908518.maf
ssa26	LG02	33403534	33403655	ssa26_10907794_10908518.maf
ssa26	LG02	33381497	33381657	ssa26_10926375_10927761.maf
ssa26	LG02	33381657	33381669	ssa26_10926375_10927761.maf
ssa26	LG02	33374121	33374187	ssa26_10936996_10937712.maf
ssa26	LG02	33374499	33374597	ssa26_10936996_10937712.maf
ssa26	LG02	33365515	33365599	ssa26_10944354_10945643.maf
ssa26	LG02	33365983	33366057	ssa26_10944354_10945643.maf
ssa26	LG02	33366057	33366101	ssa26_10944354_10945643.maf
ssa26	LG02	33359479	33359602	ssa26_10949978_10950523.maf
ssa26	LG02	33359602	33359776	ssa26_10949978_10950523.maf
ssa26	LG02	33333021	33333076	ssa26_10976068_10976622.maf
ssa26	LG02	33326822	33327008	ssa26_10980331_10981428.maf
ssa26	LG02	33327716	33327749	ssa26_10980331_10981428.maf
ssa26	LG02	33327749	33327778	ssa26_10980331_10981428.maf
ssa26	LG02	33226274	33226302	ssa26_11082693_11083609.maf
ssa26	LG02	33226320	33226345	ssa26_11082693_11083609.maf
ssa26	LG02	33226345	33226398	ssa26_11082693_11083609.maf
ssa26	LG02	33226398	33226409	ssa26_11082693_11083609.maf
ssa26	LG02	33226409	33226444	ssa26_11082693_11083609.maf
ssa26	LG02	33226444	33226475	ssa26_11082693_11083609.maf
ssa26	LG02	33226899	33226991	ssa26_11082693_11083609.maf
ssa26	LG02	32992091	32992140	ssa26_11229839_11230204.maf
ssa26	LG02	32992155	32992197	ssa26_11229839_11230204.maf
ssa26	LG02	32683406	32683419	ssa26_11522603_11523393.maf
ssa26	LG02	32683448	32683458	ssa26_11522603_11523393.maf
ssa26	LG02	32683458	32683541	ssa26_11522603_11523393.maf
ssa26	LG02	32621013	32621042	ssa26_11582636_11583968.maf
ssa26	LG02	32621203	32621223	ssa26_11582636_11583968.maf
ssa26	LG02	32613644	32613723	ssa26_11590971_11591973.maf
ssa26	LG02	32586920	32586933	ssa26_11635597_11636342.maf
ssa26	LG02	32093611	32093629	ssa26_12058402_12059375.maf
ssa26	LG02	32093629	32093651	ssa26_12058402_12059375.maf
ssa26	LG02	32093651	32093678	ssa26_12058402_12059375.maf
ssa26	LG02	32093678	32093693	ssa26_12058402_12059375.maf
ssa26	LG02	32094048	32094175	ssa26_12058402_12059375.maf
ssa26	LG02	31898505	31898521	ssa26_12328506_12329328.maf
ssa26	LG02	31844755	31844796	ssa26_12384780_12385894.maf
ssa26	LG02	31844796	31844822	ssa26_12384780_12385894.maf
ssa26	LG02	31844840	31844938	ssa26_12384780_12385894.maf
ssa26	LG02	31844938	31844964	ssa26_12384780_12385894.maf
ssa26	LG02	31845016	31845047	ssa26_12384780_12385894.maf
ssa26	LG02	31845327	31845348	ssa26_12384780_12385894.maf
ssa26	LG02	31845350	31845360	ssa26_12384780_12385894.maf
ssa26	LG02	31845360	31845370	ssa26_12384780_12385894.maf
ssa26	LG02	31845678	31845719	ssa26_12384780_12385894.maf
ssa26	LG02	31845719	31845748	ssa26_12384780_12385894.maf
ssa26	LG02	31828054	31828298	ssa26_12392317_12393029.maf
ssa26	LG02	31828440	31828453	ssa26_12392317_12393029.maf
ssa26	LG02	31825362	31825402	ssa26_12396828_12397759.maf
ssa26	LG02	31738388	31738461	ssa26_12471509_12472900.maf
ssa26	LG02	31738564	31738672	ssa26_12471509_12472900.maf
ssa26	LG02	31727034	31727114	ssa26_12496532_12497154.maf
ssa26	LG02	31727173	31727184	ssa26_12496532_12497154.maf
ssa26	LG02	31718842	31718883	ssa26_12505173_12506337.maf
ssa26	LG02	31718886	31718913	ssa26_12505173_12506337.maf
ssa26	LG02	31719395	31719415	ssa26_12505173_12506337.maf
ssa26	LG02	31719478	31719488	ssa26_12505173_12506337.maf
ssa26	LG02	31719509	31719542	ssa26_12505173_12506337.maf
ssa26	LG02	31676298	31676367	ssa26_12553807_12554446.maf
ssa26	LG02	31673245	31673255	ssa26_12558452_12559475.maf
ssa26	LG02	31673263	31673403	ssa26_12558452_12559475.maf
ssa26	LG02	31673403	31673477	ssa26_12558452_12559475.maf
ssa26	LG02	31673818	31673828	ssa26_12558452_12559475.maf
ssa26	LG02	31671213	31671292	ssa26_12564847_12565933.maf
ssa26	LG02	31671344	31671365	ssa26_12564847_12565933.maf
ssa26	LG02	31671380	31671558	ssa26_12564847_12565933.maf
ssa26	LG02	31671572	31671594	ssa26_12564847_12565933.maf
ssa26	LG02	31600840	31600954	ssa26_12651649_12651906.maf
ssa26	LG02	31472996	31473006	ssa26_12766333_12766976.maf
ssa26	LG02	30449246	30449321	ssa26_13564935_13565482.maf
ssa26	LG02	30422174	30422257	ssa26_13585688_13586661.maf
ssa26	LG02	30422258	30422271	ssa26_13585688_13586661.maf
ssa26	LG02	30422371	30422475	ssa26_13585688_13586661.maf
ssa26	LG02	30303237	30303247	ssa26_13672996_13673585.maf
ssa26	LG02	30303247	30303294	ssa26_13672996_13673585.maf
ssa26	LG02	30303342	30303355	ssa26_13672996_13673585.maf
ssa26	LG02	30303366	30303455	ssa26_13672996_13673585.maf
ssa26	LG02	29439352	29439399	ssa26_14288659_14289115.maf
ssa26	LG02	29439399	29439412	ssa26_14288659_14289115.maf
ssa26	LG02	29272898	29272910	ssa26_14405219_14406145.maf
ssa26	LG02	29272945	29272980	ssa26_14405219_14406145.maf
ssa26	LG02	29273124	29273136	ssa26_14405219_14406145.maf
ssa26	LG02	29273224	29273238	ssa26_14405219_14406145.maf
ssa26	LG02	29273251	29273317	ssa26_14405219_14406145.maf
ssa26	LG02	29273328	29273360	ssa26_14405219_14406145.maf
ssa26	LG02	29273403	29273420	ssa26_14405219_14406145.maf
ssa26	LG02	28520308	28520344	ssa26_14936563_14937168.maf
ssa26	LG02	28515570	28515682	ssa26_14937829_14938350.maf
ssa26	LG02	28497555	28497566	ssa26_14948212_14948804.maf
ssa26	LG02	28497605	28497617	ssa26_14948212_14948804.maf
ssa26	LG02	28489256	28489337	ssa26_14953381_14953839.maf
ssa26	LG02	28489345	28489358	ssa26_14953381_14953839.maf
ssa26	LG02	28338159	28338260	ssa26_15055277_15055966.maf
ssa26	LG02	28338489	28338529	ssa26_15055277_15055966.maf
ssa26	LG02	28180461	28180471	ssa26_15254706_15255285.maf
ssa26	LG02	28180614	28180641	ssa26_15254706_15255285.maf
ssa26	LG02	28177515	28177548	ssa26_15255777_15256479.maf
ssa26	LG02	28177636	28177647	ssa26_15255777_15256479.maf
ssa26	LG02	28177692	28177704	ssa26_15255777_15256479.maf
ssa26	LG02	28177723	28177738	ssa26_15255777_15256479.maf
ssa26	LG02	28177738	28177754	ssa26_15255777_15256479.maf
ssa26	LG02	28174065	28174110	ssa26_15259635_15260131.maf
ssa26	LG02	28174110	28174141	ssa26_15259635_15260131.maf
ssa26	LG02	28174141	28174153	ssa26_15259635_15260131.maf
ssa26	LG02	28174165	28174278	ssa26_15259635_15260131.maf
ssa26	LG02	28174282	28174332	ssa26_15259635_15260131.maf
ssa26	LG02	28174332	28174449	ssa26_15259635_15260131.maf
ssa26	LG02	28064860	28064885	ssa26_15388287_15389142.maf
ssa26	LG02	28064997	28065184	ssa26_15388287_15389142.maf
ssa26	LG02	28065241	28065275	ssa26_15388287_15389142.maf
ssa26	LG02	28034904	28034945	ssa26_15430790_15431931.maf
ssa26	LG02	28035025	28035041	ssa26_15430790_15431931.maf
ssa26	LG02	28033528	28033546	ssa26_15433410_15434041.maf
ssa26	LG02	28033546	28033585	ssa26_15433410_15434041.maf
ssa26	LG02	28033767	28033790	ssa26_15433410_15434041.maf
ssa26	LG02	27996234	27996253	ssa26_15485581_15486389.maf
ssa26	LG02	27996369	27996379	ssa26_15485581_15486389.maf
ssa26	LG02	27996379	27996447	ssa26_15485581_15486389.maf
ssa26	LG02	27996454	27996539	ssa26_15485581_15486389.maf
ssa26	LG02	27996541	27996603	ssa26_15485581_15486389.maf
ssa26	LG02	27996603	27996672	ssa26_15485581_15486389.maf
ssa26	LG02	27996672	27996704	ssa26_15485581_15486389.maf
ssa26	LG02	27886808	27886836	ssa26_15604312_15605532.maf
ssa26	LG02	27882595	27882624	ssa26_15608316_15609499.maf
ssa26	LG02	27820835	27820899	ssa26_15703713_15704168.maf
ssa26	LG02	27819313	27819324	ssa26_15708399_15709155.maf
ssa26	LG02	27819324	27819354	ssa26_15708399_15709155.maf
ssa26	LG02	27815102	27815144	ssa26_15713622_15714975.maf
ssa26	LG02	27815328	27815362	ssa26_15713622_15714975.maf
ssa26	LG02	27815363	27815420	ssa26_15713622_15714975.maf
ssa26	LG02	27799493	27799567	ssa26_15724499_15725799.maf
ssa26	LG02	27799567	27799584	ssa26_15724499_15725799.maf
ssa26	LG02	27799584	27799603	ssa26_15724499_15725799.maf
ssa26	LG02	27799603	27799622	ssa26_15724499_15725799.maf
ssa26	LG02	27799622	27799689	ssa26_15724499_15725799.maf
ssa26	LG02	27800108	27800124	ssa26_15724499_15725799.maf
ssa26	LG02	27800130	27800143	ssa26_15724499_15725799.maf
ssa26	LG02	27800168	27800183	ssa26_15724499_15725799.maf
ssa26	LG02	27793729	27793812	ssa26_15729212_15730351.maf
ssa26	LG02	27793987	27794024	ssa26_15729212_15730351.maf
ssa26	LG02	27784323	27784387	ssa26_15741880_15742487.maf
ssa26	LG02	27748060	27748085	ssa26_15795298_15795727.maf
ssa26	LG02	27748105	27748133	ssa26_15795298_15795727.maf
ssa26	LG02	27748299	27748309	ssa26_15795298_15795727.maf
ssa26	LG02	27739588	27739623	ssa26_15798779_15799610.maf
ssa26	LG02	27739623	27739646	ssa26_15798779_15799610.maf
ssa26	LG02	27739929	27739939	ssa26_15798779_15799610.maf
ssa26	LG02	27530542	27530624	ssa26_16017846_16018321.maf
ssa26	LG02	27504245	27504387	ssa26_16047093_16047692.maf
ssa26	LG02	27499362	27499387	ssa26_16048385_16049087.maf
ssa26	LG02	27499396	27499447	ssa26_16048385_16049087.maf
ssa26	LG02	27386287	27386298	ssa26_16173143_16173919.maf
ssa26	LG02	27386303	27386346	ssa26_16173143_16173919.maf
ssa26	LG02	27386838	27386864	ssa26_16173143_16173919.maf
ssa26	LG02	27348282	27348342	ssa26_16222390_16223502.maf
ssa26	LG02	27348484	27348516	ssa26_16222390_16223502.maf
ssa26	LG02	27144742	27144757	ssa26_16451103_16452102.maf
ssa26	LG02	27144757	27144782	ssa26_16451103_16452102.maf
ssa26	LG02	27036499	27036522	ssa26_16559961_16560684.maf
ssa26	LG02	27036608	27036660	ssa26_16559961_16560684.maf
ssa26	LG02	27036684	27036704	ssa26_16559961_16560684.maf
ssa26	LG02	27036704	27036717	ssa26_16559961_16560684.maf
ssa26	LG02	27036717	27036742	ssa26_16559961_16560684.maf
ssa26	LG02	27036756	27036790	ssa26_16559961_16560684.maf
ssa26	LG02	27036799	27036855	ssa26_16559961_16560684.maf
ssa26	LG02	26881260	26881297	ssa26_16735184_16736273.maf
ssa26	LG02	26881314	26881324	ssa26_16735184_16736273.maf
ssa26	LG02	26729458	26729475	ssa26_16860492_16861230.maf
ssa26	LG02	26729475	26729554	ssa26_16860492_16861230.maf
ssa26	LG02	26395472	26395489	ssa26_17177130_17178820.maf
ssa26	LG02	26395575	26395587	ssa26_17177130_17178820.maf
ssa26	LG02	26395767	26395784	ssa26_17177130_17178820.maf
ssa26	LG02	26395787	26395803	ssa26_17177130_17178820.maf
ssa26	LG02	26395804	26395832	ssa26_17177130_17178820.maf
ssa26	LG02	26304280	26304318	ssa26_17275973_17276419.maf
ssa26	LG02	26304323	26304336	ssa26_17275973_17276419.maf
ssa26	LG02	26304347	26304416	ssa26_17275973_17276419.maf
ssa26	LG02	26305480	26305515	ssa26_17275973_17276419.maf
ssa26	LG02	26305515	26305531	ssa26_17275973_17276419.maf
ssa26	LG02	26305531	26305568	ssa26_17275973_17276419.maf
ssa26	LG02	26302225	26302278	ssa26_17277635_17278324.maf
ssa26	LG02	26302330	26302340	ssa26_17277635_17278324.maf
ssa26	LG02	26270058	26270116	ssa26_17315019_17315711.maf
ssa26	LG02	26267303	26267324	ssa26_17319114_17319831.maf
ssa26	LG02	26267398	26267568	ssa26_17319114_17319831.maf
ssa26	LG02	26267569	26267599	ssa26_17319114_17319831.maf
ssa26	LG02	26267599	26267658	ssa26_17319114_17319831.maf
ssa26	LG02	25891912	25891936	ssa26_17598590_17599428.maf
ssa26	LG02	25891986	25892011	ssa26_17598590_17599428.maf
ssa26	LG02	25892077	25892100	ssa26_17598590_17599428.maf
ssa26	LG02	25887930	25887942	ssa26_17603571_17604440.maf
ssa26	LG02	25887951	25888033	ssa26_17603571_17604440.maf
ssa26	LG02	25888033	25888098	ssa26_17603571_17604440.maf
ssa26	LG02	25630350	25630417	ssa26_17903090_17904027.maf
ssa26	LG02	25603757	25603770	ssa26_17925443_17926092.maf
ssa26	LG02	25603770	25603850	ssa26_17925443_17926092.maf
ssa26	LG02	25603850	25603911	ssa26_17925443_17926092.maf
ssa26	LG02	25603911	25603924	ssa26_17925443_17926092.maf
ssa26	LG02	25603924	25603935	ssa26_17925443_17926092.maf
ssa26	LG02	25603935	25603995	ssa26_17925443_17926092.maf
ssa26	LG02	25604004	25604015	ssa26_17925443_17926092.maf
ssa26	LG02	25604037	25604093	ssa26_17925443_17926092.maf
ssa26	LG02	25604101	25604121	ssa26_17925443_17926092.maf
ssa26	LG02	25604121	25604137	ssa26_17925443_17926092.maf
ssa26	LG02	25604137	25604169	ssa26_17925443_17926092.maf
ssa26	LG02	25604169	25604185	ssa26_17925443_17926092.maf
ssa26	LG02	25599167	25599186	ssa26_17929693_17930264.maf
ssa26	LG02	25599499	25599513	ssa26_17929693_17930264.maf
ssa26	LG02	25599513	25599615	ssa26_17929693_17930264.maf
ssa26	LG02	25599615	25599640	ssa26_17929693_17930264.maf
ssa26	LG02	25599717	25599752	ssa26_17929693_17930264.maf
ssa26	LG02	25599760	25599774	ssa26_17929693_17930264.maf
ssa26	LG02	25599779	25599801	ssa26_17929693_17930264.maf
ssa26	LG02	25599801	25599833	ssa26_17929693_17930264.maf
ssa26	LG02	25596810	25596820	ssa26_17931872_17932497.maf
ssa26	LG02	25596820	25596882	ssa26_17931872_17932497.maf
ssa26	LG02	25596882	25596924	ssa26_17931872_17932497.maf
ssa26	LG02	25596924	25596971	ssa26_17931872_17932497.maf
ssa26	LG02	25569996	25570026	ssa26_17971384_17972291.maf
ssa26	LG02	25570026	25570065	ssa26_17971384_17972291.maf
ssa26	LG02	25570065	25570116	ssa26_17971384_17972291.maf
ssa26	LG02	25566572	25566582	ssa26_17972943_17974685.maf
ssa26	LG02	25566647	25566689	ssa26_17972943_17974685.maf
ssa26	LG02	25566689	25566730	ssa26_17972943_17974685.maf
ssa26	LG02	25567378	25567448	ssa26_17972943_17974685.maf
ssa26	LG02	25567650	25567661	ssa26_17972943_17974685.maf
ssa26	LG02	25567784	25567813	ssa26_17972943_17974685.maf
ssa26	LG02	25567813	25567905	ssa26_17972943_17974685.maf
ssa26	LG02	25568146	25568173	ssa26_17972943_17974685.maf
ssa26	LG02	25568173	25568195	ssa26_17972943_17974685.maf
ssa26	LG02	25563808	25563933	ssa26_17980422_17981539.maf
ssa26	LG02	25564080	25564111	ssa26_17980422_17981539.maf
ssa26	LG02	25564115	25564170	ssa26_17980422_17981539.maf
ssa26	LG02	25564170	25564188	ssa26_17980422_17981539.maf
ssa26	LG02	25564188	25564208	ssa26_17980422_17981539.maf
ssa26	LG02	25564208	25564219	ssa26_17980422_17981539.maf
ssa26	LG02	25564971	25565005	ssa26_17980422_17981539.maf
ssa26	LG02	25565005	25565037	ssa26_17980422_17981539.maf
ssa26	LG02	25544865	25544973	ssa26_17998275_17998761.maf
ssa26	LG02	25429995	25430027	ssa26_18103802_18104776.maf
ssa26	LG02	25430027	25430042	ssa26_18103802_18104776.maf
ssa26	LG02	25430169	25430183	ssa26_18103802_18104776.maf
ssa26	LG02	25430281	25430315	ssa26_18103802_18104776.maf
ssa26	LG02	25417483	25417498	ssa26_18118163_18119077.maf
ssa26	LG02	25417589	25417685	ssa26_18118163_18119077.maf
ssa26	LG02	25417685	25417701	ssa26_18118163_18119077.maf
ssa26	LG02	25418021	25418089	ssa26_18118163_18119077.maf
ssa26	LG02	25418144	25418204	ssa26_18118163_18119077.maf
ssa26	LG02	25418285	25418325	ssa26_18118163_18119077.maf
ssa26	LG02	25414963	25414974	ssa26_18124237_18124856.maf
ssa26	LG02	25414974	25414993	ssa26_18124237_18124856.maf
ssa26	LG02	25415156	25415171	ssa26_18124237_18124856.maf
ssa26	LG02	25415179	25415252	ssa26_18124237_18124856.maf
ssa26	LG02	25415254	25415290	ssa26_18124237_18124856.maf
ssa26	LG02	25415293	25415320	ssa26_18124237_18124856.maf
ssa26	LG02	25413453	25413476	ssa26_18125240_18126508.maf
ssa26	LG02	25413564	25413575	ssa26_18125240_18126508.maf
ssa26	LG02	25413575	25413588	ssa26_18125240_18126508.maf
ssa26	LG02	25413863	25413890	ssa26_18125240_18126508.maf
ssa26	LG02	25413890	25413934	ssa26_18125240_18126508.maf
ssa26	LG02	25413934	25414003	ssa26_18125240_18126508.maf
ssa26	LG02	25414158	25414187	ssa26_18125240_18126508.maf
ssa26	LG02	25414187	25414268	ssa26_18125240_18126508.maf
ssa26	LG02	25414276	25414292	ssa26_18125240_18126508.maf
ssa26	LG02	25414292	25414364	ssa26_18125240_18126508.maf
ssa26	LG02	25414364	25414390	ssa26_18125240_18126508.maf
ssa26	LG02	25414390	25414403	ssa26_18125240_18126508.maf
ssa26	LG02	25414403	25414423	ssa26_18125240_18126508.maf
ssa26	LG02	25411652	25411664	ssa26_18127439_18127973.maf
ssa26	LG02	25411664	25411735	ssa26_18127439_18127973.maf
ssa26	LG02	25402046	25402079	ssa26_18134384_18135251.maf
ssa26	LG02	25402086	25402104	ssa26_18134384_18135251.maf
ssa26	LG02	25402104	25402134	ssa26_18134384_18135251.maf
ssa26	LG02	25402134	25402174	ssa26_18134384_18135251.maf
ssa26	LG02	25402183	25402206	ssa26_18134384_18135251.maf
ssa26	LG02	25402220	25402246	ssa26_18134384_18135251.maf
ssa26	LG02	25402246	25402277	ssa26_18134384_18135251.maf
ssa26	LG02	25402277	25402328	ssa26_18134384_18135251.maf
ssa26	LG02	25402328	25402497	ssa26_18134384_18135251.maf
ssa26	LG02	25402497	25402508	ssa26_18134384_18135251.maf
ssa26	LG02	25402534	25402567	ssa26_18134384_18135251.maf
ssa26	LG02	25397499	25397554	ssa26_18156796_18157164.maf
ssa26	LG02	25397554	25397606	ssa26_18156796_18157164.maf
ssa26	LG02	25396778	25396831	ssa26_18157524_18158300.maf
ssa26	LG02	25396839	25396864	ssa26_18157524_18158300.maf
ssa26	LG02	25396873	25396896	ssa26_18157524_18158300.maf
ssa26	LG02	25396896	25396907	ssa26_18157524_18158300.maf
ssa26	LG02	25396907	25396917	ssa26_18157524_18158300.maf
ssa26	LG02	25389481	25389550	ssa26_18161748_18162477.maf
ssa26	LG02	25389550	25389595	ssa26_18161748_18162477.maf
ssa26	LG02	25288488	25288498	ssa26_18266976_18267508.maf
ssa26	LG02	25241193	25241220	ssa26_18312087_18313215.maf
ssa26	LG02	25241225	25241276	ssa26_18312087_18313215.maf
ssa26	LG02	24648306	24648321	ssa26_18920675_18921221.maf
ssa26	LG02	24648321	24648350	ssa26_18920675_18921221.maf
ssa26	LG02	24648350	24648393	ssa26_18920675_18921221.maf
ssa26	LG02	24648393	24648404	ssa26_18920675_18921221.maf
ssa26	LG02	24648416	24648433	ssa26_18920675_18921221.maf
ssa26	LG02	24637985	24638010	ssa26_18926721_18927161.maf
ssa26	LG02	24638026	24638084	ssa26_18926721_18927161.maf
ssa26	LG02	24638084	24638100	ssa26_18926721_18927161.maf
ssa26	LG02	24638100	24638158	ssa26_18926721_18927161.maf
ssa26	LG02	24638158	24638212	ssa26_18926721_18927161.maf
ssa26	LG02	24635715	24635728	ssa26_18929037_18929506.maf
ssa26	LG02	24635728	24635739	ssa26_18929037_18929506.maf
ssa26	LG02	24635776	24635808	ssa26_18929037_18929506.maf
ssa26	LG02	24635808	24635986	ssa26_18929037_18929506.maf
ssa26	LG02	24269666	24269680	ssa26_19217809_19218399.maf
ssa26	LG02	24269680	24269836	ssa26_19217809_19218399.maf
ssa26	LG02	24262847	24262861	ssa26_19227811_19228555.maf
ssa26	LG02	24262861	24262930	ssa26_19227811_19228555.maf
ssa26	LG02	24263310	24263371	ssa26_19227811_19228555.maf
ssa26	LG02	24263371	24263416	ssa26_19227811_19228555.maf
ssa26	LG02	24046240	24046312	ssa26_19410213_19411033.maf
ssa26	LG02	23884113	23884159	ssa26_19593223_19594454.maf
ssa26	LG02	23884183	23884203	ssa26_19593223_19594454.maf
ssa26	LG02	23884892	23884910	ssa26_19593223_19594454.maf
ssa26	LG02	23884910	23884935	ssa26_19593223_19594454.maf
ssa26	LG02	23885195	23885286	ssa26_19593223_19594454.maf
ssa26	LG02	23885286	23885299	ssa26_19593223_19594454.maf
ssa26	LG02	23862965	23863105	ssa26_19608615_19609341.maf
ssa26	LG02	23863105	23863118	ssa26_19608615_19609341.maf
ssa26	LG02	23863181	23863196	ssa26_19608615_19609341.maf
ssa26	LG02	23686543	23686571	ssa26_19771362_19771929.maf
ssa26	LG02	23686685	23686710	ssa26_19771362_19771929.maf
ssa26	LG02	23661279	23661297	ssa26_19803308_19803948.maf
ssa26	LG02	23661354	23661378	ssa26_19803308_19803948.maf
ssa26	LG02	23661378	23661488	ssa26_19803308_19803948.maf
ssa26	LG02	23661496	23661509	ssa26_19803308_19803948.maf
ssa26	LG02	23661542	23661556	ssa26_19803308_19803948.maf
ssa26	LG02	23657708	23657740	ssa26_19805576_19807279.maf
ssa26	LG02	23657740	23657779	ssa26_19805576_19807279.maf
ssa26	LG02	23657799	23657818	ssa26_19805576_19807279.maf
ssa26	LG02	23658560	23658665	ssa26_19805576_19807279.maf
ssa26	LG02	23658758	23658788	ssa26_19805576_19807279.maf
ssa26	LG02	23641771	23641790	ssa26_19821356_19822141.maf
ssa26	LG02	23641802	23641836	ssa26_19821356_19822141.maf
ssa26	LG02	23641841	23641947	ssa26_19821356_19822141.maf
ssa26	LG02	23641947	23641962	ssa26_19821356_19822141.maf
ssa26	LG02	23642023	23642055	ssa26_19821356_19822141.maf
ssa26	LG02	23642055	23642097	ssa26_19821356_19822141.maf
ssa26	LG02	23642097	23642118	ssa26_19821356_19822141.maf
ssa26	LG02	23642119	23642129	ssa26_19821356_19822141.maf
ssa26	LG02	23642129	23642139	ssa26_19821356_19822141.maf
ssa26	LG02	23639371	23639381	ssa26_19823821_19824979.maf
ssa26	LG02	23639381	23639405	ssa26_19823821_19824979.maf
ssa26	LG02	23639405	23639419	ssa26_19823821_19824979.maf
ssa26	LG02	23640292	23640306	ssa26_19823821_19824979.maf
ssa26	LG02	23640345	23640362	ssa26_19823821_19824979.maf
ssa26	LG02	23640362	23640399	ssa26_19823821_19824979.maf
ssa26	LG02	23632523	23632533	ssa26_19831480_19832878.maf
ssa26	LG02	23633006	23633023	ssa26_19831480_19832878.maf
ssa26	LG02	23633068	23633083	ssa26_19831480_19832878.maf
ssa26	LG02	23624740	23624790	ssa26_19841616_19842060.maf
ssa26	LG02	23624810	23624861	ssa26_19841616_19842060.maf
ssa26	LG02	23606433	23606446	ssa26_19859857_19861429.maf
ssa26	LG02	23606446	23606460	ssa26_19859857_19861429.maf
ssa26	LG02	23606460	23606476	ssa26_19859857_19861429.maf
ssa26	LG02	23606484	23606494	ssa26_19859857_19861429.maf
ssa26	LG02	23606525	23606541	ssa26_19859857_19861429.maf
ssa26	LG02	23582297	23582308	ssa26_19895316_19895824.maf
ssa26	LG02	23582308	23582389	ssa26_19895316_19895824.maf
ssa26	LG02	23582442	23582464	ssa26_19895316_19895824.maf
ssa26	LG02	23540285	23540363	ssa26_19943587_19944721.maf
ssa26	LG02	23540376	23540391	ssa26_19943587_19944721.maf
ssa26	LG02	23540391	23540410	ssa26_19943587_19944721.maf
ssa26	LG02	23540715	23540736	ssa26_19943587_19944721.maf
ssa26	LG02	23540884	23541051	ssa26_19943587_19944721.maf
ssa26	LG02	23541051	23541077	ssa26_19943587_19944721.maf
ssa26	LG02	23541077	23541091	ssa26_19943587_19944721.maf
ssa26	LG02	23515535	23515595	ssa26_19971611_19972149.maf
ssa26	LG02	23515595	23515622	ssa26_19971611_19972149.maf
ssa26	LG02	23090218	23090323	ssa26_20425988_20427002.maf
ssa26	LG02	22924710	22924870	ssa26_20584566_20585509.maf
ssa26	LG02	22920252	22920279	ssa26_20592594_20593382.maf
ssa26	LG02	22846387	22846398	ssa26_20655312_20655837.maf
ssa26	LG02	22789056	22789150	ssa26_20720920_20721920.maf
ssa26	LG02	22789150	22789162	ssa26_20720920_20721920.maf
ssa26	LG02	22703481	22703491	ssa26_20845187_20846204.maf
ssa26	LG02	22703491	22703566	ssa26_20845187_20846204.maf
ssa26	LG02	22703566	22703588	ssa26_20845187_20846204.maf
ssa26	LG02	22703588	22703601	ssa26_20845187_20846204.maf
ssa26	LG02	22681997	22682032	ssa26_20869517_20870173.maf
ssa26	LG02	22682032	22682044	ssa26_20869517_20870173.maf
ssa26	LG02	22682138	22682187	ssa26_20869517_20870173.maf
ssa26	LG02	22646295	22646308	ssa26_20916031_20916644.maf
ssa26	LG02	22646312	22646339	ssa26_20916031_20916644.maf
ssa26	LG02	22646406	22646475	ssa26_20916031_20916644.maf
ssa26	LG02	22641626	22641649	ssa26_20922158_20922514.maf
ssa26	LG02	22641649	22641671	ssa26_20922158_20922514.maf
ssa26	LG02	22641671	22641690	ssa26_20922158_20922514.maf
ssa26	LG02	22641902	22641926	ssa26_20922158_20922514.maf
ssa26	LG02	22628975	22628996	ssa26_20948580_20949646.maf
ssa26	LG02	22629038	22629065	ssa26_20948580_20949646.maf
ssa26	LG02	22629087	22629097	ssa26_20948580_20949646.maf
ssa26	LG02	22629103	22629124	ssa26_20948580_20949646.maf
ssa26	LG02	22629128	22629141	ssa26_20948580_20949646.maf
ssa26	LG02	22611820	22611835	ssa26_20965472_20967212.maf
ssa26	LG02	22611835	22611876	ssa26_20965472_20967212.maf
ssa26	LG02	22592589	22592602	ssa26_20988763_20989781.maf
ssa26	LG02	22592634	22592689	ssa26_20988763_20989781.maf
ssa26	LG02	22592689	22592704	ssa26_20988763_20989781.maf
ssa26	LG02	22592704	22592788	ssa26_20988763_20989781.maf
ssa26	LG02	22592788	22592853	ssa26_20988763_20989781.maf
ssa26	LG02	22588881	22588898	ssa26_20992860_20994062.maf
ssa26	LG02	22589923	22589956	ssa26_20992860_20994062.maf
ssa26	LG02	22589990	22590034	ssa26_20992860_20994062.maf
ssa26	LG02	22590092	22590104	ssa26_20992860_20994062.maf
ssa26	LG02	22576329	22576353	ssa26_21003822_21004062.maf
ssa26	LG02	22576353	22576380	ssa26_21003822_21004062.maf
ssa26	LG02	22576389	22576400	ssa26_21003822_21004062.maf
ssa26	LG02	22522677	22522697	ssa26_21067543_21067917.maf
ssa26	LG02	22522719	22522785	ssa26_21067543_21067917.maf
ssa26	LG02	22522802	22522821	ssa26_21067543_21067917.maf
ssa26	LG02	22522918	22522934	ssa26_21067543_21067917.maf
ssa26	LG02	22330047	22330058	ssa26_21269568_21270723.maf
ssa26	LG02	22330058	22330108	ssa26_21269568_21270723.maf
ssa26	LG02	22330108	22330128	ssa26_21269568_21270723.maf
ssa26	LG02	22330128	22330148	ssa26_21269568_21270723.maf
ssa26	LG02	22323072	22323137	ssa26_21275675_21278175.maf
ssa26	LG02	22323632	22323654	ssa26_21275675_21278175.maf
ssa26	LG02	22323656	22323680	ssa26_21275675_21278175.maf
ssa26	LG02	22323682	22323734	ssa26_21275675_21278175.maf
ssa26	LG02	21937506	21937586	ssa26_21749721_21749957.maf
ssa26	LG02	21914824	21914904	ssa26_21775327_21776579.maf
ssa26	LG02	21786214	21786231	ssa26_21928400_21929613.maf
ssa26	LG02	21786233	21786252	ssa26_21928400_21929613.maf
ssa26	LG02	21786252	21786399	ssa26_21928400_21929613.maf
ssa26	LG02	21786399	21786542	ssa26_21928400_21929613.maf
ssa26	LG02	21786542	21786558	ssa26_21928400_21929613.maf
ssa26	LG02	21786558	21786649	ssa26_21928400_21929613.maf
ssa26	LG02	21778400	21778452	ssa26_21937047_21938961.maf
ssa26	LG02	21778571	21778593	ssa26_21937047_21938961.maf
ssa26	LG02	21778947	21779240	ssa26_21937047_21938961.maf
ssa26	LG02	21779251	21779306	ssa26_21937047_21938961.maf
ssa26	LG02	21779318	21779357	ssa26_21937047_21938961.maf
ssa26	LG02	21631166	21631200	ssa26_22074634_22075356.maf
ssa26	LG02	21631200	21631272	ssa26_22074634_22075356.maf
ssa26	LG02	21090656	21090683	ssa26_22755083_22756249.maf
ssa26	LG02	21017775	21017816	ssa26_22878514_22879685.maf
ssa26	LG02	21017816	21017833	ssa26_22878514_22879685.maf
ssa26	LG02	21017911	21018013	ssa26_22878514_22879685.maf
ssa26	LG02	20995615	20995692	ssa26_22906680_22907927.maf
ssa26	LG02	20995692	20995713	ssa26_22906680_22907927.maf
ssa26	LG02	20995713	20995724	ssa26_22906680_22907927.maf
ssa26	LG02	20995729	20995743	ssa26_22906680_22907927.maf
ssa26	LG02	20995743	20995815	ssa26_22906680_22907927.maf
ssa26	LG02	20995815	20995830	ssa26_22906680_22907927.maf
ssa26	LG02	20995830	20995862	ssa26_22906680_22907927.maf
ssa26	LG02	20995862	20995874	ssa26_22906680_22907927.maf
ssa26	LG02	20967964	20968028	ssa26_22934074_22935225.maf
ssa26	LG02	20948272	20948348	ssa26_22961906_22962616.maf
ssa26	LG02	20948348	20948358	ssa26_22961906_22962616.maf
ssa26	LG02	20948697	20948843	ssa26_22961906_22962616.maf
ssa26	LG02	20948847	20948863	ssa26_22961906_22962616.maf
ssa26	LG02	20898064	20898099	ssa26_23035218_23035809.maf
ssa26	LG02	20898099	20898155	ssa26_23035218_23035809.maf
ssa26	LG02	20859333	20859390	ssa26_23088093_23089373.maf
ssa26	LG02	20859390	20859412	ssa26_23088093_23089373.maf
ssa26	LG02	20859541	20859575	ssa26_23088093_23089373.maf
ssa26	LG02	20859575	20859731	ssa26_23088093_23089373.maf
ssa26	LG02	20859887	20859953	ssa26_23088093_23089373.maf
ssa26	LG02	20846977	20847010	ssa26_23106985_23107348.maf
ssa26	LG02	20830913	20830946	ssa26_23129783_23130261.maf
ssa26	LG02	20831024	20831076	ssa26_23129783_23130261.maf
ssa26	LG02	20831122	20831236	ssa26_23129783_23130261.maf
ssa26	LG02	20831236	20831248	ssa26_23129783_23130261.maf
ssa26	LG02	20430534	20430545	ssa26_23526209_23527010.maf
ssa26	LG02	20430545	20430555	ssa26_23526209_23527010.maf
ssa26	LG02	20430555	20430590	ssa26_23526209_23527010.maf
ssa26	LG02	20430590	20430675	ssa26_23526209_23527010.maf
ssa26	LG02	20385697	20385712	ssa26_23569504_23570750.maf
ssa26	LG02	20385712	20385766	ssa26_23569504_23570750.maf
ssa26	LG02	20385766	20385857	ssa26_23569504_23570750.maf
ssa26	LG02	20385857	20385944	ssa26_23569504_23570750.maf
ssa26	LG02	20332848	20332986	ssa26_23617312_23617890.maf
ssa26	LG02	20332986	20333002	ssa26_23617312_23617890.maf
ssa26	LG02	20333005	20333020	ssa26_23617312_23617890.maf
ssa26	LG02	20307596	20307613	ssa26_23643844_23644429.maf
ssa26	LG02	20307619	20307633	ssa26_23643844_23644429.maf
ssa26	LG02	20307633	20307665	ssa26_23643844_23644429.maf
ssa26	LG02	20307665	20307743	ssa26_23643844_23644429.maf
ssa26	LG02	20307743	20307775	ssa26_23643844_23644429.maf
ssa26	LG02	20307809	20307819	ssa26_23643844_23644429.maf
ssa26	LG02	20307828	20307879	ssa26_23643844_23644429.maf
ssa26	LG02	20287713	20287728	ssa26_23658953_23659116.maf
ssa26	LG02	20267698	20267791	ssa26_23679157_23680365.maf
ssa26	LG02	20268123	20268146	ssa26_23679157_23680365.maf
ssa26	LG02	20268155	20268197	ssa26_23679157_23680365.maf
ssa26	LG02	20268197	20268273	ssa26_23679157_23680365.maf
ssa26	LG02	20268273	20268298	ssa26_23679157_23680365.maf
ssa26	LG02	20251887	20251918	ssa26_23692849_23694190.maf
ssa26	LG02	19802671	19802691	ssa26_24788464_24789108.maf
ssa26	LG02	19802828	19802842	ssa26_24788464_24789108.maf
ssa26	LG02	19802900	19802913	ssa26_24788464_24789108.maf
ssa26	LG02	19802913	19802951	ssa26_24788464_24789108.maf
ssa26	LG02	19802951	19803042	ssa26_24788464_24789108.maf
ssa26	LG02	18850034	18850057	ssa26_25367511_25368667.maf
ssa26	LG02	18850121	18850201	ssa26_25367511_25368667.maf
ssa26	LG02	18605468	18605503	ssa26_25562965_25563597.maf
ssa26	LG02	18605884	18605901	ssa26_25562965_25563597.maf
ssa26	LG02	18605922	18605978	ssa26_25562965_25563597.maf
ssa26	LG02	18437607	18437628	ssa26_25752381_25752962.maf
ssa26	LG02	18411486	18411516	ssa26_25776018_25776419.maf
ssa26	LG02	18373392	18373422	ssa26_25818382_25819594.maf
ssa26	LG02	18373422	18373489	ssa26_25818382_25819594.maf
ssa26	LG02	18373489	18373514	ssa26_25818382_25819594.maf
ssa26	LG02	18373514	18373668	ssa26_25818382_25819594.maf
ssa26	LG02	18373994	18374159	ssa26_25818382_25819594.maf
ssa26	LG02	18374159	18374199	ssa26_25818382_25819594.maf
ssa26	LG02	18372750	18372816	ssa26_25819658_25820379.maf
ssa26	LG02	18372816	18372874	ssa26_25819658_25820379.maf
ssa26	LG02	18365196	18365209	ssa26_25830740_25831393.maf
ssa26	LG02	18365215	18365284	ssa26_25830740_25831393.maf
ssa26	LG02	18365301	18365316	ssa26_25830740_25831393.maf
ssa26	LG02	18365316	18365338	ssa26_25830740_25831393.maf
ssa26	LG02	18365338	18365359	ssa26_25830740_25831393.maf
ssa26	LG02	18323484	18323497	ssa26_25885762_25886519.maf
ssa26	LG02	18319885	18319896	ssa26_25889436_25890325.maf
ssa26	LG02	18319904	18319956	ssa26_25889436_25890325.maf
ssa26	LG02	18319956	18319974	ssa26_25889436_25890325.maf
ssa26	LG02	18319975	18320011	ssa26_25889436_25890325.maf
ssa26	LG02	18320020	18320125	ssa26_25889436_25890325.maf
ssa26	LG02	18320145	18320155	ssa26_25889436_25890325.maf
ssa26	LG02	18297209	18297226	ssa26_25914631_25915665.maf
ssa26	LG02	18297292	18297517	ssa26_25914631_25915665.maf
ssa26	LG02	18297517	18297538	ssa26_25914631_25915665.maf
ssa26	LG02	18194309	18194460	ssa26_25979716_25980294.maf
ssa26	LG02	18194464	18194500	ssa26_25979716_25980294.maf
ssa26	LG02	18194502	18194523	ssa26_25979716_25980294.maf
ssa26	LG02	17963668	17963689	ssa26_26201317_26202307.maf
ssa26	LG02	17963705	17963719	ssa26_26201317_26202307.maf
ssa26	LG02	17963719	17963831	ssa26_26201317_26202307.maf
ssa26	LG02	17963845	17963855	ssa26_26201317_26202307.maf
ssa26	LG02	17947409	17947478	ssa26_26219049_26219283.maf
ssa26	LG02	17947478	17947516	ssa26_26219049_26219283.maf
ssa26	LG02	17922616	17922762	ssa26_26251810_26252939.maf
ssa26	LG02	17923206	17923228	ssa26_26251810_26252939.maf
ssa26	LG02	17923234	17923246	ssa26_26251810_26252939.maf
ssa26	LG02	17923246	17923268	ssa26_26251810_26252939.maf
ssa26	LG02	17923268	17923282	ssa26_26251810_26252939.maf
ssa26	LG02	17923282	17923314	ssa26_26251810_26252939.maf
ssa26	LG02	17923314	17923328	ssa26_26251810_26252939.maf
ssa26	LG02	17917405	17917475	ssa26_26257777_26258405.maf
ssa26	LG02	17917475	17917487	ssa26_26257777_26258405.maf
ssa26	LG02	17917495	17917536	ssa26_26257777_26258405.maf
ssa26	LG02	17832223	17832290	ssa26_26314859_26315924.maf
ssa26	LG02	17832319	17832338	ssa26_26314859_26315924.maf
ssa26	LG02	17822882	17822912	ssa26_26316718_26317834.maf
ssa26	LG02	17823249	17823275	ssa26_26316718_26317834.maf
ssa26	LG02	17823278	17823288	ssa26_26316718_26317834.maf
ssa26	LG02	17823288	17823312	ssa26_26316718_26317834.maf
ssa26	LG02	17823312	17823352	ssa26_26316718_26317834.maf
ssa26	LG02	17467009	17467056	ssa26_26654920_26655665.maf
ssa26	LG02	17467380	17467403	ssa26_26654920_26655665.maf
ssa26	LG02	17467406	17467437	ssa26_26654920_26655665.maf
ssa26	LG02	17467437	17467459	ssa26_26654920_26655665.maf
ssa26	LG02	17467472	17467555	ssa26_26654920_26655665.maf
ssa26	LG02	17467557	17467615	ssa26_26654920_26655665.maf
ssa26	LG02	17368752	17368841	ssa26_26756954_26757638.maf
ssa26	LG02	17368851	17368869	ssa26_26756954_26757638.maf
ssa26	LG02	17368877	17368888	ssa26_26756954_26757638.maf
ssa26	LG02	17355356	17355426	ssa26_26775360_26776325.maf
ssa26	LG02	17355428	17355466	ssa26_26775360_26776325.maf
ssa26	LG02	17355526	17355543	ssa26_26775360_26776325.maf
ssa26	LG02	17355543	17355591	ssa26_26775360_26776325.maf
ssa26	LG02	17324958	17324976	ssa26_26817554_26818267.maf
ssa26	LG02	17325011	17325025	ssa26_26817554_26818267.maf
ssa26	LG02	17289831	17289995	ssa26_26839359_26840417.maf
ssa26	LG02	17289995	17290168	ssa26_26839359_26840417.maf
ssa26	LG02	17290215	17290349	ssa26_26839359_26840417.maf
ssa26	LG02	17241741	17241751	ssa26_26888819_26890564.maf
ssa26	LG02	17241752	17241844	ssa26_26888819_26890564.maf
ssa26	LG02	17241858	17241880	ssa26_26888819_26890564.maf
ssa26	LG02	17062799	17062872	ssa26_27124452_27125719.maf
ssa26	LG02	17029626	17029682	ssa26_27156834_27157579.maf
ssa26	LG02	16444879	16444902	ssa26_27659212_27660513.maf
ssa26	LG02	16444902	16444916	ssa26_27659212_27660513.maf
ssa26	LG02	16445004	16445016	ssa26_27659212_27660513.maf
ssa26	LG02	16445040	16445052	ssa26_27659212_27660513.maf
ssa26	LG02	16445106	16445277	ssa26_27659212_27660513.maf
ssa26	LG02	16406295	16406310	ssa26_27704030_27705144.maf
ssa26	LG02	16406310	16406337	ssa26_27704030_27705144.maf
ssa26	LG02	16406337	16406431	ssa26_27704030_27705144.maf
ssa26	LG02	16406439	16406451	ssa26_27704030_27705144.maf
ssa26	LG02	16406451	16406470	ssa26_27704030_27705144.maf
ssa26	LG02	16406470	16406491	ssa26_27704030_27705144.maf
ssa26	LG02	16406505	16406553	ssa26_27704030_27705144.maf
ssa26	LG02	16362573	16362583	ssa26_27734806_27735212.maf
ssa26	LG02	16362608	16362710	ssa26_27734806_27735212.maf
ssa26	LG02	16286686	16286729	ssa26_27819665_27820511.maf
ssa26	LG02	16286737	16286758	ssa26_27819665_27820511.maf
ssa26	LG02	16209519	16209532	ssa26_27891192_27891589.maf
ssa26	LG02	16209689	16209717	ssa26_27891192_27891589.maf
ssa26	LG02	16209717	16209742	ssa26_27891192_27891589.maf
ssa26	LG02	16177074	16177088	ssa26_27922435_27922865.maf
ssa26	LG02	16177122	16177142	ssa26_27922435_27922865.maf
ssa26	LG02	16177161	16177179	ssa26_27922435_27922865.maf
ssa26	LG02	16128124	16128240	ssa26_27979353_27980638.maf
ssa26	LG02	16128594	16128621	ssa26_27979353_27980638.maf
ssa26	LG02	16128621	16128640	ssa26_27979353_27980638.maf
ssa26	LG02	16128714	16128747	ssa26_27979353_27980638.maf
ssa26	LG02	16128799	16128833	ssa26_27979353_27980638.maf
ssa26	LG02	16128833	16128886	ssa26_27979353_27980638.maf
ssa26	LG02	16128913	16128925	ssa26_27979353_27980638.maf
ssa26	LG02	16128931	16128953	ssa26_27979353_27980638.maf
ssa26	LG02	16128953	16129009	ssa26_27979353_27980638.maf
ssa26	LG02	16129009	16129019	ssa26_27979353_27980638.maf
ssa26	LG02	16129019	16129039	ssa26_27979353_27980638.maf
ssa26	LG02	16064484	16064526	ssa26_28009730_28010212.maf
ssa26	LG02	16058708	16058731	ssa26_28026697_28027737.maf
ssa26	LG02	16018879	16018918	ssa26_28084602_28085550.maf
ssa26	LG02	16018918	16018930	ssa26_28084602_28085550.maf
ssa26	LG02	16018930	16018944	ssa26_28084602_28085550.maf
ssa26	LG02	16018944	16018955	ssa26_28084602_28085550.maf
ssa26	LG02	16018955	16018982	ssa26_28084602_28085550.maf
ssa26	LG02	16019456	16019479	ssa26_28084602_28085550.maf
ssa26	LG02	16019680	16019698	ssa26_28084602_28085550.maf
ssa26	LG02	16019698	16019717	ssa26_28084602_28085550.maf
ssa26	LG02	15703089	15703120	ssa26_28489669_28490297.maf
ssa26	LG02	15703120	15703185	ssa26_28489669_28490297.maf
ssa26	LG02	15703187	15703211	ssa26_28489669_28490297.maf
ssa26	LG02	15703211	15703250	ssa26_28489669_28490297.maf
ssa26	LG02	15703250	15703269	ssa26_28489669_28490297.maf
ssa26	LG02	15631388	15631404	ssa26_28559879_28561057.maf
ssa26	LG02	15631421	15631441	ssa26_28559879_28561057.maf
ssa26	LG02	15631441	15631457	ssa26_28559879_28561057.maf
ssa26	LG02	15632316	15632386	ssa26_28559879_28561057.maf
ssa26	LG02	15632386	15632397	ssa26_28559879_28561057.maf
ssa26	LG02	15632397	15632446	ssa26_28559879_28561057.maf
ssa26	LG02	15611525	15611554	ssa26_28574408_28574989.maf
ssa26	LG02	15611554	15611602	ssa26_28574408_28574989.maf
ssa26	LG02	15611602	15611615	ssa26_28574408_28574989.maf
ssa26	LG02	15601702	15601718	ssa26_28582487_28582986.maf
ssa26	LG02	15601727	15601739	ssa26_28582487_28582986.maf
ssa26	LG02	15601739	15601755	ssa26_28582487_28582986.maf
ssa26	LG02	15601755	15601840	ssa26_28582487_28582986.maf
ssa26	LG02	15601840	15601860	ssa26_28582487_28582986.maf
ssa26	LG02	15601954	15601987	ssa26_28582487_28582986.maf
ssa26	LG02	15601987	15602005	ssa26_28582487_28582986.maf
ssa26	LG02	15602005	15602058	ssa26_28582487_28582986.maf
ssa26	LG02	15595985	15596003	ssa26_28584250_28584791.maf
ssa26	LG02	15596003	15596170	ssa26_28584250_28584791.maf
ssa26	LG02	15592909	15592975	ssa26_28587456_28587890.maf
ssa26	LG02	15592981	15592993	ssa26_28587456_28587890.maf
ssa26	LG02	15581609	15581626	ssa26_28594968_28595666.maf
ssa26	LG02	15581626	15581640	ssa26_28594968_28595666.maf
ssa26	LG02	15581640	15581657	ssa26_28594968_28595666.maf
ssa26	LG02	15581657	15581677	ssa26_28594968_28595666.maf
ssa26	LG02	15581684	15581694	ssa26_28594968_28595666.maf
ssa26	LG02	15581700	15581777	ssa26_28594968_28595666.maf
ssa26	LG02	15582050	15582134	ssa26_28594968_28595666.maf
ssa26	LG02	15560952	15561091	ssa26_28650226_28650689.maf
ssa26	LG02	15561194	15561246	ssa26_28650226_28650689.maf
ssa26	LG02	15557743	15557757	ssa26_28653340_28654734.maf
ssa26	LG02	15557757	15557792	ssa26_28653340_28654734.maf
ssa26	LG02	15557792	15557967	ssa26_28653340_28654734.maf
ssa26	LG02	15558020	15558094	ssa26_28653340_28654734.maf
ssa26	LG02	15558101	15558178	ssa26_28653340_28654734.maf
ssa26	LG02	15558178	15558301	ssa26_28653340_28654734.maf
ssa26	LG02	15552827	15552839	ssa26_28658558_28659914.maf
ssa26	LG02	15552842	15552856	ssa26_28658558_28659914.maf
ssa26	LG02	15552857	15553026	ssa26_28658558_28659914.maf
ssa26	LG02	15553026	15553049	ssa26_28658558_28659914.maf
ssa26	LG02	15553257	15553371	ssa26_28658558_28659914.maf
ssa26	LG02	15553371	15553401	ssa26_28658558_28659914.maf
ssa26	LG02	15553438	15553450	ssa26_28658558_28659914.maf
ssa26	LG02	15536902	15536973	ssa26_28671300_28672220.maf
ssa26	LG02	15518384	15518395	ssa26_28703664_28704029.maf
ssa26	LG02	15518395	15518420	ssa26_28703664_28704029.maf
ssa26	LG02	15518426	15518589	ssa26_28703664_28704029.maf
ssa26	LG02	15502104	15502166	ssa26_28718603_28719106.maf
ssa26	LG02	15502199	15502210	ssa26_28718603_28719106.maf
ssa26	LG02	15502330	15502341	ssa26_28718603_28719106.maf
ssa26	LG02	15502341	15502404	ssa26_28718603_28719106.maf
ssa26	LG02	15502405	15502450	ssa26_28718603_28719106.maf
ssa26	LG02	15314492	15314559	ssa26_28929740_28930510.maf
ssa26	LG02	15314559	15314612	ssa26_28929740_28930510.maf
ssa26	LG02	15272662	15272674	ssa26_28970109_28970644.maf
ssa26	LG02	15231612	15231631	ssa26_29005492_29006330.maf
ssa26	LG02	15231632	15231713	ssa26_29005492_29006330.maf
ssa26	LG02	15231771	15231792	ssa26_29005492_29006330.maf
ssa26	LG02	15231807	15231834	ssa26_29005492_29006330.maf
ssa26	LG02	15231834	15231849	ssa26_29005492_29006330.maf
ssa26	LG02	15231849	15231891	ssa26_29005492_29006330.maf
ssa26	LG02	15231891	15231969	ssa26_29005492_29006330.maf
ssa26	LG02	15231969	15232026	ssa26_29005492_29006330.maf
ssa26	LG02	15232026	15232038	ssa26_29005492_29006330.maf
ssa26	LG02	15083235	15083369	ssa26_29107298_29108524.maf
ssa26	LG02	15083376	15083409	ssa26_29107298_29108524.maf
ssa26	LG02	15083409	15083442	ssa26_29107298_29108524.maf
ssa26	LG02	15083442	15083479	ssa26_29107298_29108524.maf
ssa26	LG02	15083479	15083494	ssa26_29107298_29108524.maf
ssa26	LG02	15083986	15084146	ssa26_29107298_29108524.maf
ssa26	LG02	15049962	15050012	ssa26_29143385_29144199.maf
ssa26	LG02	15050211	15050302	ssa26_29143385_29144199.maf
ssa26	LG02	14977550	14977562	ssa26_29237899_29239005.maf
ssa26	LG02	14977612	14977669	ssa26_29237899_29239005.maf
ssa26	LG02	14957963	14958014	ssa26_29265727_29266699.maf
ssa26	LG02	14958014	14958066	ssa26_29265727_29266699.maf
ssa26	LG02	14945351	14945364	ssa26_29285037_29286251.maf
ssa26	LG02	14945642	14945734	ssa26_29285037_29286251.maf
ssa26	LG02	14868640	14868686	ssa26_29378178_29379129.maf
ssa26	LG02	14868686	14868727	ssa26_29378178_29379129.maf
ssa26	LG02	14868917	14868928	ssa26_29378178_29379129.maf
ssa26	LG02	14868973	14869209	ssa26_29378178_29379129.maf
ssa26	LG02	14869209	14869264	ssa26_29378178_29379129.maf
ssa26	LG02	14869281	14869345	ssa26_29378178_29379129.maf
ssa26	LG02	14869346	14869360	ssa26_29378178_29379129.maf
ssa26	LG02	14585529	14585648	ssa26_29764420_29765117.maf
ssa26	LG02	14585648	14585681	ssa26_29764420_29765117.maf
ssa26	LG02	14552356	14552373	ssa26_29807355_29808333.maf
ssa26	LG02	14552379	14552451	ssa26_29807355_29808333.maf
ssa26	LG02	14552510	14552538	ssa26_29807355_29808333.maf
ssa26	LG02	14552538	14552585	ssa26_29807355_29808333.maf
ssa26	LG02	14552594	14552610	ssa26_29807355_29808333.maf
ssa26	LG02	14477461	14477505	ssa26_29919448_29920104.maf
ssa26	LG02	14477537	14477559	ssa26_29919448_29920104.maf
ssa26	LG02	14452408	14452477	ssa26_29934010_29934693.maf
ssa26	LG02	14452569	14452612	ssa26_29934010_29934693.maf
ssa26	LG02	14452612	14452630	ssa26_29934010_29934693.maf
ssa26	LG02	14452631	14452650	ssa26_29934010_29934693.maf
ssa26	LG02	14320774	14320785	ssa26_30109198_30110271.maf
ssa26	LG02	14320817	14320827	ssa26_30109198_30110271.maf
ssa26	LG02	14320827	14320939	ssa26_30109198_30110271.maf
ssa26	LG02	14320948	14320970	ssa26_30109198_30110271.maf
ssa26	LG02	14320979	14321051	ssa26_30109198_30110271.maf
ssa26	LG02	14321772	14321790	ssa26_30109198_30110271.maf
ssa26	LG02	14321790	14321846	ssa26_30109198_30110271.maf
ssa26	LG02	14321846	14321862	ssa26_30109198_30110271.maf
ssa26	LG02	13860439	13860472	ssa26_30668242_30669347.maf
ssa26	LG02	13860593	13860630	ssa26_30668242_30669347.maf
ssa26	LG02	13853617	13853664	ssa26_30674456_30675757.maf
ssa26	LG02	13853664	13853676	ssa26_30674456_30675757.maf
ssa26	LG02	13853684	13853695	ssa26_30674456_30675757.maf
ssa26	LG02	13853695	13853715	ssa26_30674456_30675757.maf
ssa26	LG02	13855192	13855220	ssa26_30674456_30675757.maf
ssa26	LG02	13840245	13840259	ssa26_30697013_30698212.maf
ssa26	LG02	13840259	13840273	ssa26_30697013_30698212.maf
ssa26	LG02	13840275	13840301	ssa26_30697013_30698212.maf
ssa26	LG02	13840301	13840311	ssa26_30697013_30698212.maf
ssa26	LG02	13835614	13835628	ssa26_30701572_30702409.maf
ssa26	LG02	13835637	13835705	ssa26_30701572_30702409.maf
ssa26	LG02	13835894	13835921	ssa26_30701572_30702409.maf
ssa26	LG02	13835993	13836028	ssa26_30701572_30702409.maf
ssa26	LG02	13822735	13822765	ssa26_30714437_30715036.maf
ssa26	LG02	13822893	13822906	ssa26_30714437_30715036.maf
ssa26	LG02	13822906	13822986	ssa26_30714437_30715036.maf
ssa26	LG02	13763714	13763785	ssa26_30765434_30765903.maf
ssa26	LG02	13763921	13763953	ssa26_30765434_30765903.maf
ssa26	LG02	13761778	13761831	ssa26_30767200_30768139.maf
ssa26	LG02	13761844	13761952	ssa26_30767200_30768139.maf
ssa26	LG02	13725269	13725330	ssa26_30806338_30807174.maf
ssa26	LG02	13725332	13725350	ssa26_30806338_30807174.maf
ssa26	LG02	13721695	13721770	ssa26_30811665_30812716.maf
ssa26	LG02	13721924	13722047	ssa26_30811665_30812716.maf
ssa26	LG02	13632770	13632827	ssa26_30934847_30935495.maf
ssa26	LG02	13632827	13632846	ssa26_30934847_30935495.maf
ssa26	LG02	13632846	13632869	ssa26_30934847_30935495.maf
ssa26	LG02	13628449	13628549	ssa26_30937177_30937991.maf
ssa26	LG02	13628549	13628610	ssa26_30937177_30937991.maf
ssa26	LG02	13628610	13628672	ssa26_30937177_30937991.maf
ssa26	LG02	13624267	13624281	ssa26_30945033_30945714.maf
ssa26	LG02	13624281	13624340	ssa26_30945033_30945714.maf
ssa26	LG02	13624340	13624390	ssa26_30945033_30945714.maf
ssa26	LG02	13623919	13623981	ssa26_30949062_30949548.maf
ssa26	LG02	13623981	13624021	ssa26_30949062_30949548.maf
ssa26	LG02	13624022	13624046	ssa26_30949062_30949548.maf
ssa26	LG02	13616117	13616180	ssa26_30967919_30968626.maf
ssa26	LG02	13616182	13616230	ssa26_30967919_30968626.maf
ssa26	LG02	13613986	13614043	ssa26_30968897_30969835.maf
ssa26	LG02	13614099	13614165	ssa26_30968897_30969835.maf
ssa26	LG02	13614165	13614221	ssa26_30968897_30969835.maf
ssa26	LG02	13614470	13614571	ssa26_30968897_30969835.maf
ssa26	LG02	13614571	13614638	ssa26_30968897_30969835.maf
ssa26	LG02	13543041	13543119	ssa26_31097751_31098648.maf
ssa26	LG02	13543119	13543133	ssa26_31097751_31098648.maf
ssa26	LG02	13543133	13543147	ssa26_31097751_31098648.maf
ssa26	LG02	13345194	13345215	ssa26_31430075_31430714.maf
ssa26	LG02	13345215	13345252	ssa26_31430075_31430714.maf
ssa26	LG02	13345252	13345310	ssa26_31430075_31430714.maf
ssa26	LG02	13345551	13345567	ssa26_31430075_31430714.maf
ssa26	LG02	13345567	13345601	ssa26_31430075_31430714.maf
ssa26	LG02	13345601	13345645	ssa26_31430075_31430714.maf
ssa26	LG02	13345645	13345656	ssa26_31430075_31430714.maf
ssa26	LG02	13345657	13345670	ssa26_31430075_31430714.maf
ssa26	LG02	13302541	13302564	ssa26_31496009_31496838.maf
ssa26	LG02	13302594	13302616	ssa26_31496009_31496838.maf
ssa26	LG02	13213498	13213511	ssa26_31605186_31605937.maf
ssa26	LG02	13213511	13213554	ssa26_31605186_31605937.maf
ssa26	LG02	13213554	13213594	ssa26_31605186_31605937.maf
ssa26	LG02	13169384	13169458	ssa26_31658874_31659429.maf
ssa26	LG02	13169458	13169489	ssa26_31658874_31659429.maf
ssa26	LG02	13144179	13144257	ssa26_31678556_31679742.maf
ssa26	LG02	13144258	13144386	ssa26_31678556_31679742.maf
ssa26	LG02	13144909	13144936	ssa26_31678556_31679742.maf
ssa26	LG02	13144936	13144959	ssa26_31678556_31679742.maf
ssa26	LG02	13144959	13144980	ssa26_31678556_31679742.maf
ssa26	LG02	13144980	13144999	ssa26_31678556_31679742.maf
ssa26	LG02	13144999	13145021	ssa26_31678556_31679742.maf
ssa26	LG02	13145055	13145116	ssa26_31678556_31679742.maf
ssa26	LG02	13006707	13006722	ssa26_31965469_31966670.maf
ssa26	LG02	13006722	13006758	ssa26_31965469_31966670.maf
ssa26	LG02	12978978	12979067	ssa26_32035850_32036502.maf
ssa26	LG02	12671166	12671233	ssa26_32427102_32427668.maf
ssa26	LG02	12654361	12654374	ssa26_32448107_32448730.maf
ssa26	LG02	12654374	12654453	ssa26_32448107_32448730.maf
ssa26	LG02	12654543	12654558	ssa26_32448107_32448730.maf
ssa26	LG02	12654560	12654582	ssa26_32448107_32448730.maf
ssa26	LG02	12654582	12654619	ssa26_32448107_32448730.maf
ssa26	LG02	12654619	12654707	ssa26_32448107_32448730.maf
ssa26	LG02	12529831	12529882	ssa26_32656287_32656914.maf
ssa26	LG02	12529882	12529901	ssa26_32656287_32656914.maf
ssa26	LG02	12529911	12529949	ssa26_32656287_32656914.maf
ssa26	LG02	12400131	12400152	ssa26_32875803_32876647.maf
ssa26	LG02	12400152	12400164	ssa26_32875803_32876647.maf
ssa26	LG02	12400164	12400183	ssa26_32875803_32876647.maf
ssa26	LG02	12400183	12400215	ssa26_32875803_32876647.maf
ssa26	LG02	12224420	12224495	ssa26_33210198_33211124.maf
ssa26	LG02	12149011	12149096	ssa26_33329373_33330871.maf
ssa26	LG02	12098293	12098342	ssa26_33431159_33431810.maf
ssa26	LG02	12086613	12086632	ssa26_33445917_33446865.maf
ssa26	LG02	12086632	12086691	ssa26_33445917_33446865.maf
ssa26	LG02	12086691	12086727	ssa26_33445917_33446865.maf
ssa26	LG02	12086727	12086779	ssa26_33445917_33446865.maf
ssa26	LG02	12086804	12086815	ssa26_33445917_33446865.maf
ssa26	LG02	12086900	12086962	ssa26_33445917_33446865.maf
ssa26	LG02	12082565	12082654	ssa26_33453436_33454412.maf
ssa26	LG02	12034307	12034440	ssa26_33622755_33623723.maf
ssa26	LG02	12034794	12034876	ssa26_33622755_33623723.maf
ssa26	LG02	12034876	12034906	ssa26_33622755_33623723.maf
ssa26	LG02	11784659	11784732	ssa26_34086515_34087520.maf
ssa26	LG02	11339949	11339984	ssa26_34825750_34826190.maf
ssa26	LG02	11340089	11340116	ssa26_34825750_34826190.maf
ssa26	LG02	11115325	11115337	ssa26_35252042_35252479.maf
ssa26	LG02	11115337	11115399	ssa26_35252042_35252479.maf
ssa26	LG02	10941175	10941359	ssa26_35568581_35569654.maf
ssa26	LG02	10941416	10941508	ssa26_35568581_35569654.maf
ssa26	LG02	10941706	10941737	ssa26_35568581_35569654.maf
ssa26	LG02	10941737	10941750	ssa26_35568581_35569654.maf
ssa26	LG02	10941800	10941827	ssa26_35568581_35569654.maf
ssa26	LG02	10941840	10941932	ssa26_35568581_35569654.maf
ssa26	LG02	10919285	10919295	ssa26_35672807_35673832.maf
ssa26	LG02	10919302	10919318	ssa26_35672807_35673832.maf
ssa26	LG02	10919318	10919345	ssa26_35672807_35673832.maf
ssa26	LG02	10919794	10919834	ssa26_35672807_35673832.maf
ssa26	LG02	10870503	10870568	ssa26_35745825_35746417.maf
ssa26	LG02	10577857	10577880	ssa26_36248528_36249874.maf
ssa26	LG02	10577884	10577941	ssa26_36248528_36249874.maf
ssa26	LG02	10578184	10578244	ssa26_36248528_36249874.maf
ssa26	LG02	10578244	10578283	ssa26_36248528_36249874.maf
ssa26	LG02	10527522	10527547	ssa26_36338882_36339525.maf
ssa26	LG02	9657089	9657101	ssa26_37850263_37851054.maf
ssa26	LG02	9657101	9657136	ssa26_37850263_37851054.maf
ssa26	LG02	9657136	9657181	ssa26_37850263_37851054.maf
ssa26	LG02	9657181	9657227	ssa26_37850263_37851054.maf
ssa26	LG02	9553164	9553249	ssa26_38123278_38124379.maf
ssa26	LG02	9249515	9249573	ssa26_38740255_38740929.maf
ssa26	LG02	9249573	9249583	ssa26_38740255_38740929.maf
ssa26	LG02	9249583	9249594	ssa26_38740255_38740929.maf
ssa26	LG02	9249637	9249654	ssa26_38740255_38740929.maf
ssa26	LG02	9249654	9249668	ssa26_38740255_38740929.maf
ssa26	LG02	8978111	8978121	ssa26_39225709_39226333.maf
ssa26	LG02	8978126	8978151	ssa26_39225709_39226333.maf
ssa26	LG02	8866954	8866964	ssa26_39478317_39479353.maf
ssa26	LG02	8866964	8866977	ssa26_39478317_39479353.maf
ssa26	LG02	8859590	8859623	ssa26_39489287_39490037.maf
ssa26	LG02	7610542	7610564	ssa26_40237147_40237613.maf
ssa26	LG02	7610564	7610584	ssa26_40237147_40237613.maf
ssa26	LG02	7795448	7795527	ssa26_40579014_40580257.maf
ssa26	LG02	7795824	7795845	ssa26_40579014_40580257.maf
ssa26	LG02	7992907	7992969	ssa26_40870836_40871726.maf
ssa26	LG02	8076073	8076135	ssa26_41022058_41022773.maf
ssa26	LG02	8076135	8076155	ssa26_41022058_41022773.maf
ssa26	LG02	8103328	8103408	ssa26_41059780_41060822.maf
ssa26	LG02	8103436	8103482	ssa26_41059780_41060822.maf
ssa26	LG02	8103482	8103499	ssa26_41059780_41060822.maf
ssa26	LG02	8103915	8103929	ssa26_41059780_41060822.maf
ssa26	LG02	8103929	8104003	ssa26_41059780_41060822.maf
ssa26	LG02	8104072	8104103	ssa26_41059780_41060822.maf
ssa26	LG02	8104161	8104184	ssa26_41059780_41060822.maf
ssa26	LG02	8143449	8143460	ssa26_41104370_41105241.maf
ssa26	LG02	8143477	8143488	ssa26_41104370_41105241.maf
ssa26	LG02	8143495	8143550	ssa26_41104370_41105241.maf
ssa26	LG02	8143550	8143566	ssa26_41104370_41105241.maf
ssa26	LG02	8143566	8143637	ssa26_41104370_41105241.maf
ssa26	LG02	8143637	8143648	ssa26_41104370_41105241.maf
ssa26	LG02	8143648	8143685	ssa26_41104370_41105241.maf
ssa26	LG02	8147091	8147177	ssa26_41111108_41111801.maf
ssa26	LG02	8147182	8147192	ssa26_41111108_41111801.maf
ssa26	LG02	8228133	8228159	ssa26_41245414_41245931.maf
ssa26	LG02	8228162	8228224	ssa26_41245414_41245931.maf
ssa26	LG02	8518599	8518637	ssa26_41952995_41953563.maf
ssa26	LG02	8518637	8518678	ssa26_41952995_41953563.maf
ssa26	LG02	8518678	8518692	ssa26_41952995_41953563.maf
ssa26	LG02	7395880	7395895	ssa26_42573289_42574688.maf
ssa26	LG02	7396230	7396250	ssa26_42573289_42574688.maf
ssa26	LG02	7396256	7396292	ssa26_42573289_42574688.maf
ssa26	LG02	7396293	7396309	ssa26_42573289_42574688.maf
ssa26	LG02	7396309	7396351	ssa26_42573289_42574688.maf
ssa26	LG02	7396370	7396386	ssa26_42573289_42574688.maf
ssa26	LG02	7396417	7396434	ssa26_42573289_42574688.maf
ssa26	LG02	7396641	7396657	ssa26_42573289_42574688.maf
ssa26	LG02	7396676	7396687	ssa26_42573289_42574688.maf
ssa26	LG02	7396696	7396848	ssa26_42573289_42574688.maf
ssa26	LG02	7396875	7396891	ssa26_42573289_42574688.maf
ssa26	LG02	7396983	7397001	ssa26_42573289_42574688.maf
ssa26	LG02	7389897	7389935	ssa26_42578532_42579536.maf
ssa26	LG02	7388056	7388087	ssa26_42579935_42580583.maf
ssa26	LG02	7388155	7388200	ssa26_42579935_42580583.maf
ssa26	LG02	7388208	7388239	ssa26_42579935_42580583.maf
ssa26	LG02	7353677	7353687	ssa26_42647188_42649123.maf
ssa26	LG02	7353688	7353707	ssa26_42647188_42649123.maf
ssa26	LG02	7353707	7353855	ssa26_42647188_42649123.maf
ssa26	LG02	7354166	7354178	ssa26_42647188_42649123.maf
ssa26	LG02	7354578	7354592	ssa26_42647188_42649123.maf
ssa26	LG02	7352537	7352624	ssa26_42654428_42654814.maf
ssa26	LG02	7350146	7350161	ssa26_42657127_42657667.maf
ssa26	LG02	7350172	7350183	ssa26_42657127_42657667.maf
ssa26	LG02	7350321	7350347	ssa26_42657127_42657667.maf
ssa26	LG02	7314081	7314193	ssa26_42706140_42707149.maf
ssa26	LG02	7314407	7314421	ssa26_42706140_42707149.maf
ssa26	LG02	7314422	7314445	ssa26_42706140_42707149.maf
ssa26	LG02	7314448	7314473	ssa26_42706140_42707149.maf
ssa26	LG02	7314473	7314487	ssa26_42706140_42707149.maf
ssa26	LG02	7314487	7314509	ssa26_42706140_42707149.maf
ssa26	LG02	7314514	7314529	ssa26_42706140_42707149.maf
ssa26	LG02	7237702	7237724	ssa26_42880921_42881508.maf
ssa26	LG02	7237817	7237827	ssa26_42880921_42881508.maf
ssa26	LG02	7237949	7237990	ssa26_42880921_42881508.maf
ssa26	LG02	7055898	7055957	ssa26_43296645_43297220.maf
ssa26	LG02	6995581	6995637	ssa26_43441355_43442309.maf
ssa26	LG02	6995637	6995671	ssa26_43441355_43442309.maf
ssa26	LG02	6994930	6994996	ssa26_43448672_43449615.maf
ssa26	LG02	6982924	6982936	ssa26_43495237_43495903.maf
ssa26	LG02	6982989	6982999	ssa26_43495237_43495903.maf
ssa26	LG02	6982999	6983014	ssa26_43495237_43495903.maf
ssa26	LG02	6983043	6983054	ssa26_43495237_43495903.maf
ssa26	LG02	6953074	6953102	ssa26_43544442_43545139.maf
ssa26	LG02	6953104	6953175	ssa26_43544442_43545139.maf
ssa26	LG02	6948143	6948243	ssa26_43549108_43550231.maf
ssa26	LG02	6948632	6948644	ssa26_43549108_43550231.maf
ssa26	LG02	6948645	6948699	ssa26_43549108_43550231.maf
ssa26	LG02	6948778	6948793	ssa26_43549108_43550231.maf
ssa26	LG02	6943962	6943999	ssa26_43558180_43559084.maf
ssa26	LG02	6944480	6944497	ssa26_43558180_43559084.maf
ssa26	LG02	6944497	6944512	ssa26_43558180_43559084.maf
ssa26	LG02	6944517	6944530	ssa26_43558180_43559084.maf
ssa26	LG02	6944530	6944645	ssa26_43558180_43559084.maf
ssa26	LG02	6922789	6922814	ssa26_43599661_43600537.maf
ssa26	LG02	6922819	6922857	ssa26_43599661_43600537.maf
ssa26	LG02	6906847	6906883	ssa26_43622936_43624346.maf
ssa26	LG02	6906883	6906948	ssa26_43622936_43624346.maf
ssa26	LG02	6907071	6907113	ssa26_43622936_43624346.maf
ssa26	LG02	6495810	6495829	ssa26_44387386_44388750.maf
ssa26	LG02	6495829	6495860	ssa26_44387386_44388750.maf
ssa26	LG02	6496037	6496121	ssa26_44387386_44388750.maf
ssa26	LG02	6496121	6496156	ssa26_44387386_44388750.maf
ssa26	LG02	6496588	6496601	ssa26_44387386_44388750.maf
ssa26	LG02	6496605	6496658	ssa26_44387386_44388750.maf
ssa26	LG02	6309915	6309930	ssa26_44814365_44814992.maf
ssa26	LG02	6309976	6310011	ssa26_44814365_44814992.maf
ssa26	LG02	6310132	6310167	ssa26_44814365_44814992.maf
ssa26	LG02	6310167	6310182	ssa26_44814365_44814992.maf
ssa26	LG02	6310188	6310203	ssa26_44814365_44814992.maf
ssa26	LG02	6226969	6227007	ssa26_45186058_45186871.maf
ssa26	LG02	6227007	6227033	ssa26_45186058_45186871.maf
ssa26	LG02	6227033	6227061	ssa26_45186058_45186871.maf
ssa26	LG02	6227061	6227087	ssa26_45186058_45186871.maf
ssa26	LG02	5983327	5983356	ssa26_45924070_45925898.maf
ssa26	LG02	5983358	5983383	ssa26_45924070_45925898.maf
ssa26	LG02	5983383	5983394	ssa26_45924070_45925898.maf
ssa26	LG02	5965670	5965729	ssa26_45950695_45951264.maf
ssa26	LG02	5817205	5817263	ssa26_46419939_46420514.maf
ssa26	LG02	5817263	5817309	ssa26_46419939_46420514.maf
ssa26	LG02	5808703	5808715	ssa26_46439080_46440279.maf
ssa26	LG02	5808715	5808742	ssa26_46439080_46440279.maf
ssa26	LG02	5787212	5787275	ssa26_46468794_46469574.maf
ssa26	LG02	5787419	5787452	ssa26_46468794_46469574.maf
ssa26	LG02	5507480	5507491	ssa26_47333703_47335298.maf
ssa26	LG02	5507512	5507579	ssa26_47333703_47335298.maf
ssa26	LG02	5285429	5285441	ssa26_48113773_48114196.maf
ssa26	LG02	3499224	3499252	ssa26_49823699_49824965.maf
ssa26	LG02	3499256	3499266	ssa26_49823699_49824965.maf
ssa26	LG02	3609165	3609260	ssa26_50061181_50061936.maf
ssa26	LG02	4608067	4608130	ssa26_52296046_52296595.maf
ssa26	LG02	4608210	4608231	ssa26_52296046_52296595.maf
ssa26	LG02	38859645	38859685	ssa26_5353931_5354551.maf
ssa26	LG02	38859685	38859701	ssa26_5353931_5354551.maf
ssa26	LG02	38830622	38830640	ssa26_5406474_5407874.maf
ssa26	LG02	38830640	38830716	ssa26_5406474_5407874.maf
ssa26	LG02	38831593	38831623	ssa26_5406474_5407874.maf
ssa26	LG02	38800010	38800023	ssa26_5441325_5442321.maf
ssa26	LG02	38800383	38800406	ssa26_5441325_5442321.maf
ssa26	LG02	38800413	38800446	ssa26_5441325_5442321.maf
ssa26	LG02	38774104	38774155	ssa26_5451576_5452854.maf
ssa26	LG02	38774610	38774663	ssa26_5451576_5452854.maf
ssa26	LG02	38775047	38775110	ssa26_5451576_5452854.maf
ssa26	LG02	38775110	38775135	ssa26_5451576_5452854.maf
ssa26	LG02	38775135	38775161	ssa26_5451576_5452854.maf
ssa26	LG02	38775316	38775330	ssa26_5451576_5452854.maf
ssa26	LG02	38775330	38775361	ssa26_5451576_5452854.maf
ssa26	LG02	38775370	38775388	ssa26_5451576_5452854.maf
ssa26	LG02	38775388	38775440	ssa26_5451576_5452854.maf
ssa26	LG02	38775440	38775563	ssa26_5451576_5452854.maf
ssa26	LG02	38775563	38775655	ssa26_5451576_5452854.maf
ssa26	LG02	38764536	38764574	ssa26_5476429_5478031.maf
ssa26	LG02	38764932	38764943	ssa26_5476429_5478031.maf
ssa26	LG02	38764943	38765471	ssa26_5476429_5478031.maf
ssa26	LG02	38765471	38765611	ssa26_5476429_5478031.maf
ssa26	LG02	38765611	38765769	ssa26_5476429_5478031.maf
ssa26	LG02	38765769	38765797	ssa26_5476429_5478031.maf
ssa26	LG02	38765804	38765816	ssa26_5476429_5478031.maf
ssa26	LG02	36678752	36678783	ssa26_6813067_6813756.maf
ssa26	LG02	37132007	37132024	ssa26_7159585_7160281.maf
ssa26	LG02	37132024	37132101	ssa26_7159585_7160281.maf
ssa26	LG02	37132193	37132219	ssa26_7159585_7160281.maf
ssa26	LG02	36447778	36447807	ssa26_8436826_8437931.maf
ssa26	LG02	36425296	36425370	ssa26_8464791_8465632.maf
ssa26	LG02	36425370	36425405	ssa26_8464791_8465632.maf
ssa26	LG02	36106869	36106935	ssa26_8961553_8963123.maf
ssa26	LG02	36101673	36101759	ssa26_8967186_8967721.maf
ssa26	LG02	35817524	35817547	ssa26_9157356_9158011.maf
ssa26	LG02	35817547	35817584	ssa26_9157356_9158011.maf
ssa26	LG02	35817646	35817713	ssa26_9157356_9158011.maf
ssa26	LG02	35637573	35637597	ssa26_9266980_9267819.maf
ssa26	LG02	35637597	35637626	ssa26_9266980_9267819.maf
ssa26	LG02	34734215	34734259	ssa26_9656867_9657676.maf
ssa26	LG02	34734401	34734423	ssa26_9656867_9657676.maf
ssa26	LG02	34734423	34734468	ssa26_9656867_9657676.maf
ssa26	LG02	34734468	34734522	ssa26_9656867_9657676.maf
ssa26	LG02	34734522	34734584	ssa26_9656867_9657676.maf
ssa26	LG02	34734584	34734633	ssa26_9656867_9657676.maf
ssa26	LG02	34734640	34734677	ssa26_9656867_9657676.maf
ssa27	LG10	20831206	20831293	ssa27_10217975_10218910.maf
ssa27	LG10	20796029	20796072	ssa27_10236993_10237736.maf
ssa27	LG10	20796265	20796346	ssa27_10236993_10237736.maf
ssa27	LG10	19571097	19571110	ssa27_11140870_11141691.maf
ssa27	LG10	19571275	19571294	ssa27_11140870_11141691.maf
ssa27	LG10	19571294	19571313	ssa27_11140870_11141691.maf
ssa27	LG10	19571313	19571337	ssa27_11140870_11141691.maf
ssa27	LG10	19571348	19571377	ssa27_11140870_11141691.maf
ssa27	LG10	19562698	19562712	ssa27_11148252_11148896.maf
ssa27	LG10	19562712	19562832	ssa27_11148252_11148896.maf
ssa27	LG10	19264184	19264268	ssa27_11495870_11496385.maf
ssa27	LG10	19257929	19257941	ssa27_11506496_11506987.maf
ssa27	LG10	19257948	19257995	ssa27_11506496_11506987.maf
ssa27	LG10	18510696	18510773	ssa27_11956239_11957071.maf
ssa27	LG10	18419868	18420029	ssa27_12184599_12185202.maf
ssa27	LG10	26995031	26995081	ssa27_1246965_1247859.maf
ssa27	LG10	26995348	26995371	ssa27_1246965_1247859.maf
ssa27	LG10	18038423	18038436	ssa27_12900593_12901139.maf
ssa27	LG10	26951233	26951253	ssa27_1319775_1320208.maf
ssa27	LG10	26951334	26951471	ssa27_1319775_1320208.maf
ssa27	LG10	17650999	17651012	ssa27_13546862_13547390.maf
ssa27	LG10	17651012	17651027	ssa27_13546862_13547390.maf
ssa27	LG10	17649288	17649352	ssa27_13548347_13549007.maf
ssa27	LG10	17649352	17649369	ssa27_13548347_13549007.maf
ssa27	LG10	17649568	17649584	ssa27_13548347_13549007.maf
ssa27	LG10	17649586	17649619	ssa27_13548347_13549007.maf
ssa27	LG10	17633138	17633151	ssa27_13571610_13572107.maf
ssa27	LG10	17633227	17633242	ssa27_13571610_13572107.maf
ssa27	LG10	17633243	17633258	ssa27_13571610_13572107.maf
ssa27	LG10	17604444	17604465	ssa27_13615187_13615720.maf
ssa27	LG10	17604482	17604499	ssa27_13615187_13615720.maf
ssa27	LG10	17604506	17604564	ssa27_13615187_13615720.maf
ssa27	LG10	17604569	17604603	ssa27_13615187_13615720.maf
ssa27	LG10	17604608	17604624	ssa27_13615187_13615720.maf
ssa27	LG10	17600211	17600292	ssa27_13651256_13652446.maf
ssa27	LG10	17538240	17538310	ssa27_13712562_13713057.maf
ssa27	LG10	17536055	17536134	ssa27_13715372_13715833.maf
ssa27	LG10	17535289	17535369	ssa27_13716499_13717170.maf
ssa27	LG10	17535369	17535385	ssa27_13716499_13717170.maf
ssa27	LG10	17524783	17524925	ssa27_13724973_13725694.maf
ssa27	LG10	17524925	17524966	ssa27_13724973_13725694.maf
ssa27	LG10	17171172	17171195	ssa27_14813606_14814928.maf
ssa27	LG10	17171210	17171225	ssa27_14813606_14814928.maf
ssa27	LG10	17171938	17171950	ssa27_14813606_14814928.maf
ssa27	LG10	16912831	16912901	ssa27_15269755_15270824.maf
ssa27	LG10	16874149	16874168	ssa27_15326304_15326898.maf
ssa27	LG10	16874169	16874204	ssa27_15326304_15326898.maf
ssa27	LG10	16702909	16702935	ssa27_15580473_15581400.maf
ssa27	LG10	16702935	16702964	ssa27_15580473_15581400.maf
ssa27	LG10	16608932	16608962	ssa27_15944130_15944956.maf
ssa27	LG10	16608965	16609001	ssa27_15944130_15944956.maf
ssa27	LG10	16609190	16609200	ssa27_15944130_15944956.maf
ssa27	LG10	16609202	16609278	ssa27_15944130_15944956.maf
ssa27	LG10	16372687	16372711	ssa27_16447374_16448337.maf
ssa27	LG10	16372717	16372735	ssa27_16447374_16448337.maf
ssa27	LG10	16372735	16372776	ssa27_16447374_16448337.maf
ssa27	LG10	16372816	16372829	ssa27_16447374_16448337.maf
ssa27	LG10	16372831	16372864	ssa27_16447374_16448337.maf
ssa27	LG10	16373206	16373271	ssa27_16447374_16448337.maf
ssa27	LG10	16373271	16373336	ssa27_16447374_16448337.maf
ssa27	LG10	16373336	16373351	ssa27_16447374_16448337.maf
ssa27	LG10	16320992	16321003	ssa27_16497626_16498383.maf
ssa27	LG10	16321003	16321013	ssa27_16497626_16498383.maf
ssa27	LG10	16321041	16321080	ssa27_16497626_16498383.maf
ssa27	LG10	16321080	16321119	ssa27_16497626_16498383.maf
ssa27	LG10	16321158	16321188	ssa27_16497626_16498383.maf
ssa27	LG10	16321357	16321405	ssa27_16497626_16498383.maf
ssa27	LG10	16321405	16321425	ssa27_16497626_16498383.maf
ssa27	LG10	16270296	16270320	ssa27_16640355_16640621.maf
ssa27	LG10	15411841	15411901	ssa27_17845897_17847105.maf
ssa27	LG10	15411901	15411926	ssa27_17845897_17847105.maf
ssa27	LG10	15411926	15411952	ssa27_17845897_17847105.maf
ssa27	LG10	15411952	15411965	ssa27_17845897_17847105.maf
ssa27	LG10	15412032	15412050	ssa27_17845897_17847105.maf
ssa27	LG10	15412050	15412061	ssa27_17845897_17847105.maf
ssa27	LG10	15130929	15130978	ssa27_18300691_18301619.maf
ssa27	LG10	15131297	15131402	ssa27_18300691_18301619.maf
ssa27	LG10	15131402	15131451	ssa27_18300691_18301619.maf
ssa27	LG10	14796619	14796662	ssa27_18945572_18946505.maf
ssa27	LG10	14796662	14796681	ssa27_18945572_18946505.maf
ssa27	LG10	14796687	14796713	ssa27_18945572_18946505.maf
ssa27	LG10	14796912	14797003	ssa27_18945572_18946505.maf
ssa27	LG10	14797003	14797025	ssa27_18945572_18946505.maf
ssa27	LG10	14769461	14769518	ssa27_19012657_19013515.maf
ssa27	LG10	14769518	14769552	ssa27_19012657_19013515.maf
ssa27	LG10	14770006	14770028	ssa27_19012657_19013515.maf
ssa27	LG10	14770028	14770080	ssa27_19012657_19013515.maf
ssa27	LG10	14767718	14767809	ssa27_19020839_19021408.maf
ssa27	LG10	14767809	14767868	ssa27_19020839_19021408.maf
ssa27	LG10	14758125	14758156	ssa27_19032878_19033788.maf
ssa27	LG10	24547878	24547902	ssa27_1920590_1921693.maf
ssa27	LG10	24547902	24547946	ssa27_1920590_1921693.maf
ssa27	LG10	24547951	24547962	ssa27_1920590_1921693.maf
ssa27	LG10	24548450	24548483	ssa27_1920590_1921693.maf
ssa27	LG10	14453910	14453924	ssa27_19461798_19462665.maf
ssa27	LG10	14453924	14453936	ssa27_19461798_19462665.maf
ssa27	LG10	14453936	14453949	ssa27_19461798_19462665.maf
ssa27	LG10	14453949	14453970	ssa27_19461798_19462665.maf
ssa27	LG10	14453970	14454073	ssa27_19461798_19462665.maf
ssa27	LG10	14454081	14454101	ssa27_19461798_19462665.maf
ssa27	LG10	14452737	14452799	ssa27_19463870_19464626.maf
ssa27	LG10	14452808	14452856	ssa27_19463870_19464626.maf
ssa27	LG10	14452859	14452965	ssa27_19463870_19464626.maf
ssa27	LG10	14453031	14453070	ssa27_19463870_19464626.maf
ssa27	LG10	14453070	14453110	ssa27_19463870_19464626.maf
ssa27	LG10	14293477	14293500	ssa27_19822081_19822719.maf
ssa27	LG10	14293508	14293529	ssa27_19822081_19822719.maf
ssa27	LG10	14293531	14293547	ssa27_19822081_19822719.maf
ssa27	LG10	14293565	14293597	ssa27_19822081_19822719.maf
ssa27	LG10	14293598	14293610	ssa27_19822081_19822719.maf
ssa27	LG10	14293610	14293694	ssa27_19822081_19822719.maf
ssa27	LG10	14293991	14294004	ssa27_19822081_19822719.maf
ssa27	LG10	14282520	14282530	ssa27_19835207_19835795.maf
ssa27	LG10	14282537	14282601	ssa27_19835207_19835795.maf
ssa27	LG10	14282601	14282619	ssa27_19835207_19835795.maf
ssa27	LG10	14270927	14270968	ssa27_19855568_19856587.maf
ssa27	LG10	14270969	14270982	ssa27_19855568_19856587.maf
ssa27	LG10	14270982	14271049	ssa27_19855568_19856587.maf
ssa27	LG10	14271051	14271061	ssa27_19855568_19856587.maf
ssa27	LG10	14271068	14271082	ssa27_19855568_19856587.maf
ssa27	LG10	14271281	14271369	ssa27_19855568_19856587.maf
ssa27	LG10	14271420	14271434	ssa27_19855568_19856587.maf
ssa27	LG10	14271554	14271581	ssa27_19855568_19856587.maf
ssa27	LG10	14271602	14271680	ssa27_19855568_19856587.maf
ssa27	LG10	14271685	14271721	ssa27_19855568_19856587.maf
ssa27	LG10	14271734	14271770	ssa27_19855568_19856587.maf
ssa27	LG10	14270398	14270416	ssa27_19857365_19857694.maf
ssa27	LG10	14270517	14270544	ssa27_19857365_19857694.maf
ssa27	LG10	14262783	14262800	ssa27_19866688_19867092.maf
ssa27	LG10	14262800	14262815	ssa27_19866688_19867092.maf
ssa27	LG10	14262815	14262826	ssa27_19866688_19867092.maf
ssa27	LG10	14262826	14262855	ssa27_19866688_19867092.maf
ssa27	LG10	14262855	14262875	ssa27_19866688_19867092.maf
ssa27	LG10	14184841	14184852	ssa27_20016872_20017615.maf
ssa27	LG10	14184852	14184897	ssa27_20016872_20017615.maf
ssa27	LG10	14184897	14184969	ssa27_20016872_20017615.maf
ssa27	LG10	14184969	14185022	ssa27_20016872_20017615.maf
ssa27	LG10	14185022	14185057	ssa27_20016872_20017615.maf
ssa27	LG10	14185057	14185085	ssa27_20016872_20017615.maf
ssa27	LG10	14185085	14185136	ssa27_20016872_20017615.maf
ssa27	LG10	14185136	14185157	ssa27_20016872_20017615.maf
ssa27	LG10	14185248	14185283	ssa27_20016872_20017615.maf
ssa27	LG10	14185284	14185299	ssa27_20016872_20017615.maf
ssa27	LG10	14183562	14183580	ssa27_20026801_20027575.maf
ssa27	LG10	14183811	14183872	ssa27_20026801_20027575.maf
ssa27	LG10	14182032	14182047	ssa27_20028461_20029209.maf
ssa27	LG10	14182047	14182087	ssa27_20028461_20029209.maf
ssa27	LG10	14182087	14182168	ssa27_20028461_20029209.maf
ssa27	LG10	14168549	14168590	ssa27_20054479_20055112.maf
ssa27	LG10	14168590	14168614	ssa27_20054479_20055112.maf
ssa27	LG10	14168614	14168651	ssa27_20054479_20055112.maf
ssa27	LG10	14168651	14168682	ssa27_20054479_20055112.maf
ssa27	LG10	14111187	14111220	ssa27_20116393_20116823.maf
ssa27	LG10	14111220	14111293	ssa27_20116393_20116823.maf
ssa27	LG10	13895474	13895536	ssa27_20443313_20444111.maf
ssa27	LG10	13895634	13895675	ssa27_20443313_20444111.maf
ssa27	LG10	13895686	13895696	ssa27_20443313_20444111.maf
ssa27	LG10	13895696	13895767	ssa27_20443313_20444111.maf
ssa27	LG10	13875708	13875735	ssa27_20469289_20469781.maf
ssa27	LG10	13600762	13600832	ssa27_20824400_20825488.maf
ssa27	LG10	13574600	13574627	ssa27_20866660_20867192.maf
ssa27	LG10	13574631	13574680	ssa27_20866660_20867192.maf
ssa27	LG10	13572456	13572495	ssa27_20869589_20870445.maf
ssa27	LG10	24830394	24830435	ssa27_2109655_2110468.maf
ssa27	LG10	24830435	24830446	ssa27_2109655_2110468.maf
ssa27	LG10	24830517	24830569	ssa27_2109655_2110468.maf
ssa27	LG10	24839556	24839573	ssa27_2119100_2119591.maf
ssa27	LG10	24839628	24839651	ssa27_2119100_2119591.maf
ssa27	LG10	24839838	24839851	ssa27_2119100_2119591.maf
ssa27	LG10	8470968	8471082	ssa27_21902566_21903433.maf
ssa27	LG10	8816115	8816157	ssa27_22489256_22490325.maf
ssa27	LG10	8816308	8816349	ssa27_22489256_22490325.maf
ssa27	LG10	9050538	9050603	ssa27_22921004_22921604.maf
ssa27	LG10	9050603	9050623	ssa27_22921004_22921604.maf
ssa27	LG10	9050706	9050831	ssa27_22921004_22921604.maf
ssa27	LG10	9159011	9159051	ssa27_23116471_23116855.maf
ssa27	LG10	9159180	9159241	ssa27_23116471_23116855.maf
ssa27	LG10	9159253	9159299	ssa27_23116471_23116855.maf
ssa27	LG10	9159300	9159323	ssa27_23116471_23116855.maf
ssa27	LG10	9162783	9162856	ssa27_23119518_23120938.maf
ssa27	LG10	9162856	9162871	ssa27_23119518_23120938.maf
ssa27	LG10	9163217	9163388	ssa27_23119518_23120938.maf
ssa27	LG10	9550548	9550577	ssa27_23841391_23841916.maf
ssa27	LG10	9550577	9550656	ssa27_23841391_23841916.maf
ssa27	LG10	9564704	9564777	ssa27_23864117_23864915.maf
ssa27	LG10	9626169	9626200	ssa27_23953076_23953496.maf
ssa27	LG10	9628464	9628483	ssa27_23954371_23955209.maf
ssa27	LG10	9628559	9628581	ssa27_23954371_23955209.maf
ssa27	LG10	10210889	10210906	ssa27_25076431_25076987.maf
ssa27	LG10	10210918	10210936	ssa27_25076431_25076987.maf
ssa27	LG10	10211830	10211955	ssa27_25078061_25078427.maf
ssa27	LG10	10266470	10266505	ssa27_25197827_25198415.maf
ssa27	LG10	10281831	10281904	ssa27_25231385_25232401.maf
ssa27	LG10	10282455	10282507	ssa27_25231385_25232401.maf
ssa27	LG10	10292048	10292124	ssa27_25251741_25252183.maf
ssa27	LG10	10321320	10321353	ssa27_25293147_25293598.maf
ssa27	LG10	10456478	10456497	ssa27_25538079_25538990.maf
ssa27	LG10	10456516	10456555	ssa27_25538079_25538990.maf
ssa27	LG10	10518753	10518869	ssa27_25650650_25651228.maf
ssa27	LG10	10548089	10548103	ssa27_25677966_25678679.maf
ssa27	LG10	10548107	10548119	ssa27_25677966_25678679.maf
ssa27	LG10	10548138	10548191	ssa27_25677966_25678679.maf
ssa27	LG10	25355955	25355967	ssa27_2594671_2595494.maf
ssa27	LG10	25355983	25356027	ssa27_2594671_2595494.maf
ssa27	LG10	25356113	25356159	ssa27_2594671_2595494.maf
ssa27	LG10	11892748	11892760	ssa27_28042211_28042752.maf
ssa27	LG10	11894066	11894104	ssa27_28043634_28044827.maf
ssa27	LG10	11952701	11952753	ssa27_28148724_28150155.maf
ssa27	LG10	11953172	11953253	ssa27_28148724_28150155.maf
ssa27	LG10	11953258	11953274	ssa27_28148724_28150155.maf
ssa27	LG10	11953461	11953518	ssa27_28148724_28150155.maf
ssa27	LG10	11953518	11953626	ssa27_28148724_28150155.maf
ssa27	LG10	11953667	11953703	ssa27_28148724_28150155.maf
ssa27	LG10	11993590	11993687	ssa27_28226109_28226714.maf
ssa27	LG10	25560562	25560582	ssa27_2860058_2860803.maf
ssa27	LG10	25560582	25560669	ssa27_2860058_2860803.maf
ssa27	LG10	12222581	12222625	ssa27_28622991_28623662.maf
ssa27	LG10	12222675	12222789	ssa27_28622991_28623662.maf
ssa27	LG10	12222801	12222899	ssa27_28622991_28623662.maf
ssa27	LG10	12222899	12222925	ssa27_28622991_28623662.maf
ssa27	LG10	12228824	12228835	ssa27_28625551_28626332.maf
ssa27	LG10	12228835	12228847	ssa27_28625551_28626332.maf
ssa27	LG10	12228872	12228883	ssa27_28625551_28626332.maf
ssa27	LG10	12228883	12228897	ssa27_28625551_28626332.maf
ssa27	LG10	12228897	12228917	ssa27_28625551_28626332.maf
ssa27	LG10	12228922	12228948	ssa27_28625551_28626332.maf
ssa27	LG10	12228948	12228992	ssa27_28625551_28626332.maf
ssa27	LG10	12229172	12229187	ssa27_28625551_28626332.maf
ssa27	LG10	12229187	12229225	ssa27_28625551_28626332.maf
ssa27	LG10	12229266	12229282	ssa27_28625551_28626332.maf
ssa27	LG10	12229325	12229344	ssa27_28625551_28626332.maf
ssa27	LG10	12239556	12239578	ssa27_28642675_28643662.maf
ssa27	LG10	12366685	12366740	ssa27_28909276_28909812.maf
ssa27	LG10	12366740	12366754	ssa27_28909276_28909812.maf
ssa27	LG10	12366754	12366814	ssa27_28909276_28909812.maf
ssa27	LG10	12366814	12366850	ssa27_28909276_28909812.maf
ssa27	LG10	12366914	12366942	ssa27_28909276_28909812.maf
ssa27	LG10	12366951	12367054	ssa27_28909276_28909812.maf
ssa27	LG10	12367059	12367071	ssa27_28909276_28909812.maf
ssa27	LG10	12367071	12367085	ssa27_28909276_28909812.maf
ssa27	LG10	12369908	12369919	ssa27_28914885_28915755.maf
ssa27	LG10	12369930	12369943	ssa27_28914885_28915755.maf
ssa27	LG10	12369988	12370011	ssa27_28914885_28915755.maf
ssa27	LG10	12370011	12370021	ssa27_28914885_28915755.maf
ssa27	LG10	12370021	12370158	ssa27_28914885_28915755.maf
ssa27	LG10	12370243	12370272	ssa27_28914885_28915755.maf
ssa27	LG10	12370327	12370370	ssa27_28914885_28915755.maf
ssa27	LG10	12370386	12370401	ssa27_28914885_28915755.maf
ssa27	LG10	25582625	25582683	ssa27_2897210_2898197.maf
ssa27	LG10	25582812	25582871	ssa27_2897210_2898197.maf
ssa27	LG10	25583059	25583084	ssa27_2897210_2898197.maf
ssa27	LG10	25583091	25583104	ssa27_2897210_2898197.maf
ssa27	LG10	25583414	25583472	ssa27_2897210_2898197.maf
ssa27	LG10	25583510	25583524	ssa27_2897210_2898197.maf
ssa27	LG10	12500863	12500986	ssa27_29231340_29232260.maf
ssa27	LG10	12501004	12501069	ssa27_29231340_29232260.maf
ssa27	LG10	12501426	12501519	ssa27_29231340_29232260.maf
ssa27	LG10	25614125	25614232	ssa27_2938025_2938835.maf
ssa27	LG10	25614232	25614275	ssa27_2938025_2938835.maf
ssa27	LG10	12846421	12846475	ssa27_29873591_29874116.maf
ssa27	LG10	12846475	12846494	ssa27_29873591_29874116.maf
ssa27	LG10	12846500	12846512	ssa27_29873591_29874116.maf
ssa27	LG10	12846591	12846610	ssa27_29873591_29874116.maf
ssa27	LG10	12846610	12846625	ssa27_29873591_29874116.maf
ssa27	LG10	12846625	12846635	ssa27_29873591_29874116.maf
ssa27	LG10	12846635	12846686	ssa27_29873591_29874116.maf
ssa27	LG10	5174901	5174912	ssa27_30831295_30832178.maf
ssa27	LG10	5174938	5174964	ssa27_30831295_30832178.maf
ssa27	LG10	5486268	5486279	ssa27_31543481_31543779.maf
ssa27	LG10	5486279	5486314	ssa27_31543481_31543779.maf
ssa27	LG10	5827303	5827321	ssa27_32170981_32171222.maf
ssa27	LG10	5827321	5827405	ssa27_32170981_32171222.maf
ssa27	LG10	5829396	5829475	ssa27_32172909_32173919.maf
ssa27	LG10	5830172	5830313	ssa27_32172909_32173919.maf
ssa27	LG10	5870644	5870745	ssa27_32281936_32282582.maf
ssa27	LG10	5870745	5870757	ssa27_32281936_32282582.maf
ssa27	LG10	5936657	5936667	ssa27_32447264_32448171.maf
ssa27	LG10	5936667	5936707	ssa27_32447264_32448171.maf
ssa27	LG10	5936998	5937010	ssa27_32447264_32448171.maf
ssa27	LG10	5937010	5937049	ssa27_32447264_32448171.maf
ssa27	LG10	5949249	5949328	ssa27_32465975_32466762.maf
ssa27	LG10	5949335	5949360	ssa27_32465975_32466762.maf
ssa27	LG10	6172608	6172693	ssa27_32894689_32895550.maf
ssa27	LG10	6172713	6172731	ssa27_32894689_32895550.maf
ssa27	LG10	6172731	6172798	ssa27_32894689_32895550.maf
ssa27	LG10	6463937	6463976	ssa27_33411549_33412822.maf
ssa27	LG10	6937681	6937767	ssa27_34128763_34129699.maf
ssa27	LG10	7711475	7711495	ssa27_35504737_35505512.maf
ssa27	LG10	7711495	7711533	ssa27_35504737_35505512.maf
ssa27	LG10	7711587	7711754	ssa27_35504737_35505512.maf
ssa27	LG10	7724105	7724183	ssa27_35526372_35526640.maf
ssa27	LG10	13270832	13270874	ssa27_36172012_36173279.maf
ssa27	LG10	13270874	13270932	ssa27_36172012_36173279.maf
ssa27	LG10	13270942	13270965	ssa27_36172012_36173279.maf
ssa27	LG10	13270967	13270980	ssa27_36172012_36173279.maf
ssa27	LG10	3689916	3689981	ssa27_38649206_38650185.maf
ssa27	LG10	26322349	26322381	ssa27_3921468_3922146.maf
ssa27	LG10	26322384	26322430	ssa27_3921468_3922146.maf
ssa27	LG10	4618482	4618560	ssa27_40354884_40355697.maf
ssa27	LG10	2622981	2623021	ssa27_40905352_40905870.maf
ssa27	LG10	2623034	2623092	ssa27_40905352_40905870.maf
ssa27	LG10	907532	907548	ssa27_41410147_41410661.maf
ssa27	LG10	907548	907642	ssa27_41410147_41410661.maf
ssa27	LG10	907757	907817	ssa27_41410147_41410661.maf
ssa27	LG10	907817	907852	ssa27_41410147_41410661.maf
ssa27	LG10	907884	907905	ssa27_41410147_41410661.maf
ssa27	LG10	1695614	1695630	ssa27_44518914_44519834.maf
ssa27	LG10	1695630	1695646	ssa27_44518914_44519834.maf
ssa27	LG10	1554135	1554159	ssa27_44921828_44922573.maf
ssa27	LG10	1554217	1554298	ssa27_44921828_44922573.maf
ssa27	LG10	1554298	1554312	ssa27_44921828_44922573.maf
ssa27	LG10	28099036	28099079	ssa27_5759656_5760232.maf
ssa27	LG10	28095932	28096016	ssa27_5761039_5761986.maf
ssa27	LG10	28096017	28096028	ssa27_5761039_5761986.maf
ssa27	LG10	28096037	28096047	ssa27_5761039_5761986.maf
ssa27	LG10	28096047	28096057	ssa27_5761039_5761986.maf
ssa27	LG10	28096069	28096097	ssa27_5761039_5761986.maf
ssa27	LG10	28096097	28096108	ssa27_5761039_5761986.maf
ssa27	LG10	24035160	24035310	ssa27_6601823_6602838.maf
ssa27	LG10	24022979	24023119	ssa27_6618735_6619861.maf
ssa27	LG10	24023119	24023138	ssa27_6618735_6619861.maf
ssa27	LG10	24023138	24023169	ssa27_6618735_6619861.maf
ssa27	LG10	24023273	24023291	ssa27_6618735_6619861.maf
ssa27	LG10	24023291	24023307	ssa27_6618735_6619861.maf
ssa27	LG10	23441947	23441976	ssa27_7182915_7183749.maf
ssa27	LG10	23442170	23442198	ssa27_7182915_7183749.maf
ssa27	LG10	23442198	23442234	ssa27_7182915_7183749.maf
ssa27	LG10	23440522	23440590	ssa27_7189651_7190737.maf
ssa27	LG10	23435040	23435063	ssa27_7196058_7197267.maf
ssa27	LG10	23435556	23435589	ssa27_7196058_7197267.maf
ssa27	LG10	22584191	22584217	ssa27_8223952_8224398.maf
ssa27	LG10	22584217	22584248	ssa27_8223952_8224398.maf
ssa27	LG10	22263346	22263402	ssa27_8486185_8487095.maf
ssa27	LG10	22263402	22263451	ssa27_8486185_8487095.maf
ssa27	LG10	22257767	22257785	ssa27_8490547_8491015.maf
ssa27	LG10	22257838	22257863	ssa27_8490547_8491015.maf
ssa27	LG10	22194197	22194231	ssa27_8591718_8592750.maf
ssa27	LG10	22169864	22169886	ssa27_8625947_8626686.maf
ssa27	LG10	22169968	22169980	ssa27_8625947_8626686.maf
ssa27	LG10	22102276	22102317	ssa27_8716829_8717427.maf
ssa27	LG10	21828321	21828335	ssa27_9031153_9031859.maf
ssa27	LG10	21828349	21828368	ssa27_9031153_9031859.maf
ssa27	LG10	21735238	21735309	ssa27_9106921_9107592.maf
ssa27	LG10	21735309	21735319	ssa27_9106921_9107592.maf
ssa27	LG10	21680032	21680100	ssa27_9160549_9160944.maf
ssa27	LG10	21680100	21680126	ssa27_9160549_9160944.maf
ssa27	LG10	21680126	21680136	ssa27_9160549_9160944.maf
ssa27	LG10	21680157	21680204	ssa27_9160549_9160944.maf
ssa27	LG10	21680204	21680246	ssa27_9160549_9160944.maf
ssa27	LG10	21680246	21680257	ssa27_9160549_9160944.maf
ssa27	LG10	21293777	21293791	ssa27_9561985_9562491.maf
ssa27	LG10	21293796	21293812	ssa27_9561985_9562491.maf
ssa27	LG10	21293812	21293831	ssa27_9561985_9562491.maf
ssa27	LG10	21293852	21293905	ssa27_9561985_9562491.maf
ssa27	LG10	21293911	21293921	ssa27_9561985_9562491.maf
ssa27	LG10	21293921	21293932	ssa27_9561985_9562491.maf
ssa27	LG10	21293976	21294027	ssa27_9561985_9562491.maf
ssa27	LG10	21294071	21294095	ssa27_9561985_9562491.maf
ssa27	LG10	21292756	21292775	ssa27_9563153_9564341.maf
ssa27	LG10	20956659	20956704	ssa27_9965096_9966610.maf
ssa27	LG10	20956722	20956783	ssa27_9965096_9966610.maf
ssa27	LG10	20942486	20942526	ssa27_9999474_10000436.maf
ssa27	LG10	20942729	20942765	ssa27_9999474_10000436.maf
ssa27	LG10	20942765	20942799	ssa27_9999474_10000436.maf
ssa28	LG05	15247316	15247329	ssa28_10782145_10782903.maf
ssa28	LG05	15247329	15247360	ssa28_10782145_10782903.maf
ssa28	LG05	15247668	15247688	ssa28_10782145_10782903.maf
ssa28	LG05	15247688	15247728	ssa28_10782145_10782903.maf
ssa28	LG05	15845556	15845574	ssa28_11761335_11761929.maf
ssa28	LG05	16874241	16874264	ssa28_13295952_13297117.maf
ssa28	LG05	16874610	16874620	ssa28_13295952_13297117.maf
ssa28	LG05	16874620	16874630	ssa28_13295952_13297117.maf
ssa28	LG05	16874630	16874680	ssa28_13295952_13297117.maf
ssa28	LG05	16874949	16874977	ssa28_13295952_13297117.maf
ssa28	LG05	16874977	16874997	ssa28_13295952_13297117.maf
ssa28	LG05	16874997	16875013	ssa28_13295952_13297117.maf
ssa28	LG05	16875013	16875029	ssa28_13295952_13297117.maf
ssa28	LG05	16882342	16882443	ssa28_13307094_13308210.maf
ssa28	LG05	16890929	16890991	ssa28_13323070_13323620.maf
ssa28	LG05	16891055	16891112	ssa28_13323070_13323620.maf
ssa28	LG05	16891159	16891222	ssa28_13323070_13323620.maf
ssa28	LG05	16901246	16901280	ssa28_13334416_13335766.maf
ssa28	LG05	16953616	16953643	ssa28_13428348_13428891.maf
ssa28	LG05	16953643	16953653	ssa28_13428348_13428891.maf
ssa28	LG05	16953736	16953758	ssa28_13428348_13428891.maf
ssa28	LG05	17480096	17480141	ssa28_14386518_14387853.maf
ssa28	LG05	17480155	17480166	ssa28_14386518_14387853.maf
ssa28	LG05	17480166	17480182	ssa28_14386518_14387853.maf
ssa28	LG05	17481126	17481207	ssa28_14386518_14387853.maf
ssa28	LG05	17919229	17919245	ssa28_15000284_15000893.maf
ssa28	LG05	17919245	17919276	ssa28_15000284_15000893.maf
ssa28	LG05	17919338	17919433	ssa28_15000284_15000893.maf
ssa28	LG05	17926979	17926990	ssa28_15013723_15015910.maf
ssa28	LG05	17955750	17955853	ssa28_15056970_15057537.maf
ssa28	LG05	17955859	17955908	ssa28_15056970_15057537.maf
ssa28	LG05	18275777	18275871	ssa28_15542922_15544092.maf
ssa28	LG05	18278867	18278881	ssa28_15545286_15546079.maf
ssa28	LG05	18278881	18278897	ssa28_15545286_15546079.maf
ssa28	LG05	18278903	18278915	ssa28_15545286_15546079.maf
ssa28	LG05	18298211	18298226	ssa28_15570721_15571532.maf
ssa28	LG05	18298226	18298257	ssa28_15570721_15571532.maf
ssa28	LG05	18298257	18298319	ssa28_15570721_15571532.maf
ssa28	LG05	18298401	18298452	ssa28_15570721_15571532.maf
ssa28	LG05	18778940	18778965	ssa28_16222670_16223675.maf
ssa28	LG05	18778965	18779007	ssa28_16222670_16223675.maf
ssa28	LG05	18801549	18801623	ssa28_16246762_16247890.maf
ssa28	LG05	18801955	18802018	ssa28_16246762_16247890.maf
ssa28	LG05	18846570	18846649	ssa28_16291188_16291571.maf
ssa28	LG05	18846653	18846663	ssa28_16291188_16291571.maf
ssa28	LG05	18854418	18854516	ssa28_16301763_16302365.maf
ssa28	LG05	18854830	18854860	ssa28_16301763_16302365.maf
ssa28	LG05	19158350	19158383	ssa28_16737006_16737645.maf
ssa28	LG05	19161665	19161744	ssa28_16741048_16741840.maf
ssa28	LG05	19161913	19161943	ssa28_16741048_16741840.maf
ssa28	LG05	9267539	9267552	ssa28_1709102_1710053.maf
ssa28	LG05	9267598	9267637	ssa28_1709102_1710053.maf
ssa28	LG05	9267637	9267654	ssa28_1709102_1710053.maf
ssa28	LG05	9275794	9275804	ssa28_1732687_1733334.maf
ssa28	LG05	9276265	9276335	ssa28_1732687_1733334.maf
ssa28	LG05	9276335	9276370	ssa28_1732687_1733334.maf
ssa28	LG05	20041549	20041565	ssa28_18006333_18007222.maf
ssa28	LG05	20041661	20041723	ssa28_18006333_18007222.maf
ssa28	LG05	20041727	20041744	ssa28_18006333_18007222.maf
ssa28	LG05	20041744	20041755	ssa28_18006333_18007222.maf
ssa28	LG05	20142234	20142305	ssa28_18214537_18215285.maf
ssa28	LG05	20201014	20201038	ssa28_18297753_18298151.maf
ssa28	LG05	20204661	20204689	ssa28_18315361_18315994.maf
ssa28	LG05	20204689	20204711	ssa28_18315361_18315994.maf
ssa28	LG05	20204764	20204811	ssa28_18315361_18315994.maf
ssa28	LG05	20204971	20205000	ssa28_18315361_18315994.maf
ssa28	LG05	20205000	20205034	ssa28_18315361_18315994.maf
ssa28	LG05	20327627	20327647	ssa28_18543611_18544489.maf
ssa28	LG05	20327647	20327698	ssa28_18543611_18544489.maf
ssa28	LG05	20327698	20327723	ssa28_18543611_18544489.maf
ssa28	LG05	20328078	20328160	ssa28_18543611_18544489.maf
ssa28	LG05	20328160	20328175	ssa28_18543611_18544489.maf
ssa28	LG05	20328196	20328209	ssa28_18543611_18544489.maf
ssa28	LG05	20328350	20328364	ssa28_18543611_18544489.maf
ssa28	LG05	20700375	20700410	ssa28_19068902_19069624.maf
ssa28	LG05	20700411	20700424	ssa28_19068902_19069624.maf
ssa28	LG05	20700424	20700434	ssa28_19068902_19069624.maf
ssa28	LG05	20700620	20700712	ssa28_19068902_19069624.maf
ssa28	LG05	20856509	20856529	ssa28_19316135_19316836.maf
ssa28	LG05	20856538	20856569	ssa28_19316135_19316836.maf
ssa28	LG05	21213999	21214069	ssa28_19827084_19828010.maf
ssa28	LG05	21214069	21214108	ssa28_19827084_19828010.maf
ssa28	LG05	21293105	21293247	ssa28_19968949_19970073.maf
ssa28	LG05	21302044	21302106	ssa28_19987522_19988034.maf
ssa28	LG05	21431273	21431285	ssa28_20154089_20154917.maf
ssa28	LG05	21431308	21431338	ssa28_20154089_20154917.maf
ssa28	LG05	9447933	9447981	ssa28_2028713_2029534.maf
ssa28	LG05	9448205	9448218	ssa28_2028713_2029534.maf
ssa28	LG05	9448225	9448248	ssa28_2028713_2029534.maf
ssa28	LG05	9448248	9448284	ssa28_2028713_2029534.maf
ssa28	LG05	9448284	9448298	ssa28_2028713_2029534.maf
ssa28	LG05	9448298	9448311	ssa28_2028713_2029534.maf
ssa28	LG05	21902445	21902459	ssa28_20821756_20822281.maf
ssa28	LG05	21903867	21903905	ssa28_20824227_20824594.maf
ssa28	LG05	22003465	22003476	ssa28_21014998_21015628.maf
ssa28	LG05	22003488	22003502	ssa28_21014998_21015628.maf
ssa28	LG05	22003502	22003582	ssa28_21014998_21015628.maf
ssa28	LG05	22003584	22003601	ssa28_21014998_21015628.maf
ssa28	LG05	22003605	22003622	ssa28_21014998_21015628.maf
ssa28	LG05	22003622	22003688	ssa28_21014998_21015628.maf
ssa28	LG05	22020754	22020818	ssa28_21036168_21037003.maf
ssa28	LG05	22021139	22021168	ssa28_21036168_21037003.maf
ssa28	LG05	22021168	22021189	ssa28_21036168_21037003.maf
ssa28	LG05	22044214	22044417	ssa28_21067630_21068333.maf
ssa28	LG05	22044420	22044435	ssa28_21067630_21068333.maf
ssa28	LG05	22044443	22044475	ssa28_21067630_21068333.maf
ssa28	LG05	22044476	22044486	ssa28_21067630_21068333.maf
ssa28	LG05	22044486	22044503	ssa28_21067630_21068333.maf
ssa28	LG05	22044511	22044523	ssa28_21067630_21068333.maf
ssa28	LG05	22044528	22044569	ssa28_21067630_21068333.maf
ssa28	LG05	22044569	22044616	ssa28_21067630_21068333.maf
ssa28	LG05	22044616	22044721	ssa28_21067630_21068333.maf
ssa28	LG05	22087364	22087394	ssa28_21136994_21137927.maf
ssa28	LG05	22207425	22207477	ssa28_21358030_21358425.maf
ssa28	LG05	22253785	22253804	ssa28_21425535_21426946.maf
ssa28	LG05	22253810	22253850	ssa28_21425535_21426946.maf
ssa28	LG05	22253950	22253978	ssa28_21425535_21426946.maf
ssa28	LG05	22254046	22254124	ssa28_21425535_21426946.maf
ssa28	LG05	22254124	22254173	ssa28_21425535_21426946.maf
ssa28	LG05	22307434	22307539	ssa28_21587821_21588418.maf
ssa28	LG05	22307539	22307586	ssa28_21587821_21588418.maf
ssa28	LG05	22307586	22307632	ssa28_21587821_21588418.maf
ssa28	LG05	22547059	22547076	ssa28_21895919_21896530.maf
ssa28	LG05	22547101	22547155	ssa28_21895919_21896530.maf
ssa28	LG05	22547256	22547266	ssa28_21895919_21896530.maf
ssa28	LG05	22547289	22547334	ssa28_21895919_21896530.maf
ssa28	LG05	22547393	22547436	ssa28_21895919_21896530.maf
ssa28	LG05	22627414	22627518	ssa28_21981614_21982464.maf
ssa28	LG05	22728684	22728755	ssa28_22098914_22099346.maf
ssa28	LG05	22728944	22728981	ssa28_22098914_22099346.maf
ssa28	LG05	22728981	22728991	ssa28_22098914_22099346.maf
ssa28	LG05	22811973	22811987	ssa28_22250211_22250955.maf
ssa28	LG05	22811987	22812029	ssa28_22250211_22250955.maf
ssa28	LG05	9606570	9606721	ssa28_2306895_2307647.maf
ssa28	LG05	9606822	9606850	ssa28_2306895_2307647.maf
ssa28	LG05	8363968	8363978	ssa28_23134328_23134874.maf
ssa28	LG05	8363982	8363992	ssa28_23134328_23134874.maf
ssa28	LG05	8364013	8364026	ssa28_23134328_23134874.maf
ssa28	LG05	8355690	8355783	ssa28_23140177_23140972.maf
ssa28	LG05	8355783	8355799	ssa28_23140177_23140972.maf
ssa28	LG05	8355799	8355844	ssa28_23140177_23140972.maf
ssa28	LG05	8355848	8355870	ssa28_23140177_23140972.maf
ssa28	LG05	8356033	8356073	ssa28_23140177_23140972.maf
ssa28	LG05	7872408	7872551	ssa28_24048687_24049300.maf
ssa28	LG05	7833032	7833073	ssa28_24107974_24108568.maf
ssa28	LG05	7833081	7833205	ssa28_24107974_24108568.maf
ssa28	LG05	7823454	7823579	ssa28_24120793_24121674.maf
ssa28	LG05	7823579	7823595	ssa28_24120793_24121674.maf
ssa28	LG05	7823603	7823620	ssa28_24120793_24121674.maf
ssa28	LG05	7823968	7824048	ssa28_24120793_24121674.maf
ssa28	LG05	7824054	7824104	ssa28_24120793_24121674.maf
ssa28	LG05	7812356	7812406	ssa28_24131650_24133556.maf
ssa28	LG05	7791730	7791754	ssa28_24165669_24166855.maf
ssa28	LG05	7791754	7791793	ssa28_24165669_24166855.maf
ssa28	LG05	7345610	7345620	ssa28_24897453_24898107.maf
ssa28	LG05	7097954	7097975	ssa28_25398680_25400328.maf
ssa28	LG05	7098017	7098047	ssa28_25398680_25400328.maf
ssa28	LG06	10066343	10066374	ssa28_27273137_27273929.maf
ssa28	LG06	10066380	10066397	ssa28_27273137_27273929.maf
ssa28	LG06	10066400	10066457	ssa28_27273137_27273929.maf
ssa28	LG06	8972747	8972757	ssa28_28719510_28719922.maf
ssa28	LG06	8972763	8972784	ssa28_28719510_28719922.maf
ssa28	LG06	482841	482860	ssa28_30172278_30173634.maf
ssa28	LG06	482913	482950	ssa28_30172278_30173634.maf
ssa28	LG05	10136140	10136217	ssa28_3097554_3098044.maf
ssa28	LG05	10147894	10147904	ssa28_3109685_3110763.maf
ssa28	LG05	10147904	10147927	ssa28_3109685_3110763.maf
ssa28	LG05	10147965	10148137	ssa28_3109685_3110763.maf
ssa28	LG05	10148284	10148309	ssa28_3109685_3110763.maf
ssa28	LG05	10148524	10148539	ssa28_3109685_3110763.maf
ssa28	LG05	10148547	10148568	ssa28_3109685_3110763.maf
ssa28	LG06	1052820	1052848	ssa28_31546096_31546978.maf
ssa28	LG06	1052848	1052878	ssa28_31546096_31546978.maf
ssa28	LG06	1052884	1052900	ssa28_31546096_31546978.maf
ssa28	LG06	1028757	1028788	ssa28_31590022_31590627.maf
ssa28	LG06	1028788	1028825	ssa28_31590022_31590627.maf
ssa28	LG06	1028840	1028854	ssa28_31590022_31590627.maf
ssa28	LG06	914111	914143	ssa28_31739110_31739611.maf
ssa28	LG06	914143	914172	ssa28_31739110_31739611.maf
ssa28	LG06	914185	914205	ssa28_31739110_31739611.maf
ssa28	LG06	914205	914222	ssa28_31739110_31739611.maf
ssa28	LG06	914222	914250	ssa28_31739110_31739611.maf
ssa28	LG06	914250	914357	ssa28_31739110_31739611.maf
ssa28	LG06	914357	914386	ssa28_31739110_31739611.maf
ssa28	LG06	914386	914415	ssa28_31739110_31739611.maf
ssa28	LG06	914416	914434	ssa28_31739110_31739611.maf
ssa28	LG06	914434	914453	ssa28_31739110_31739611.maf
ssa28	LG06	914453	914467	ssa28_31739110_31739611.maf
ssa28	LG06	914467	914479	ssa28_31739110_31739611.maf
ssa28	LG06	906781	906800	ssa28_31754098_31754914.maf
ssa28	LG06	906800	906836	ssa28_31754098_31754914.maf
ssa28	LG06	906836	906848	ssa28_31754098_31754914.maf
ssa28	LG06	907892	907919	ssa28_31754098_31754914.maf
ssa28	LG06	2297761	2297774	ssa28_33350415_33351735.maf
ssa28	LG06	2297774	2297788	ssa28_33350415_33351735.maf
ssa28	LG06	2297788	2297896	ssa28_33350415_33351735.maf
ssa28	LG06	2297940	2297978	ssa28_33350415_33351735.maf
ssa28	LG06	2298083	2298127	ssa28_33350415_33351735.maf
ssa28	LG06	2298197	2298263	ssa28_33350415_33351735.maf
ssa28	LG06	2298268	2298288	ssa28_33350415_33351735.maf
ssa28	LG06	2340135	2340188	ssa28_33525027_33525912.maf
ssa28	LG06	2544149	2544166	ssa28_33941035_33941285.maf
ssa28	LG06	2544166	2544178	ssa28_33941035_33941285.maf
ssa28	LG06	2544181	2544234	ssa28_33941035_33941285.maf
ssa28	LG06	2544244	2544299	ssa28_33941035_33941285.maf
ssa28	LG06	3287417	3287459	ssa28_35421037_35421617.maf
ssa28	LG06	3287459	3287490	ssa28_35421037_35421617.maf
ssa28	LG06	3287492	3287519	ssa28_35421037_35421617.maf
ssa28	LG05	2074247	2074263	ssa28_39636515_39637055.maf
ssa28	LG05	418064	418101	ssa28_41194456_41194700.maf
ssa28	LG05	418101	418196	ssa28_41194456_41194700.maf
ssa28	LG05	418196	418224	ssa28_41194456_41194700.maf
ssa28	LG05	11007872	11007886	ssa28_4480979_4481486.maf
ssa28	LG05	8635014	8635100	ssa28_478113_479089.maf
ssa28	LG05	8635161	8635182	ssa28_478113_479089.maf
ssa28	LG05	8635182	8635224	ssa28_478113_479089.maf
ssa28	LG05	11822539	11822555	ssa28_5721599_5722339.maf
ssa28	LG05	11822601	11822623	ssa28_5721599_5722339.maf
ssa28	LG05	8670465	8670482	ssa28_572454_573074.maf
ssa28	LG05	8670568	8670644	ssa28_572454_573074.maf
ssa28	LG05	8670644	8670688	ssa28_572454_573074.maf
ssa28	LG05	8670688	8670702	ssa28_572454_573074.maf
ssa28	LG05	12655639	12655659	ssa28_7015752_7016918.maf
ssa28	LG05	12655659	12655697	ssa28_7015752_7016918.maf
ssa28	LG05	12681530	12681615	ssa28_7063496_7063939.maf
ssa28	LG05	12681628	12681646	ssa28_7063496_7063939.maf
ssa28	LG05	12681658	12681674	ssa28_7063496_7063939.maf
ssa28	LG05	12687306	12687384	ssa28_7069573_7070848.maf
ssa28	LG05	12724107	12724118	ssa28_7108247_7108776.maf
ssa28	LG05	12724128	12724168	ssa28_7108247_7108776.maf
ssa28	LG05	12724171	12724195	ssa28_7108247_7108776.maf
ssa28	LG05	12724263	12724387	ssa28_7108247_7108776.maf
ssa28	LG05	13013844	13013858	ssa28_7424025_7424581.maf
ssa29	LG21	22809736	22809769	ssa29_10302280_10304135.maf
ssa29	LG21	22809769	22809823	ssa29_10302280_10304135.maf
ssa29	LG21	22809823	22809833	ssa29_10302280_10304135.maf
ssa29	LG21	22809833	22809846	ssa29_10302280_10304135.maf
ssa29	LG21	22809846	22809857	ssa29_10302280_10304135.maf
ssa29	LG21	22810087	22810131	ssa29_10302280_10304135.maf
ssa29	LG21	22810175	22810206	ssa29_10302280_10304135.maf
ssa29	LG21	22810253	22810276	ssa29_10302280_10304135.maf
ssa29	LG21	22810276	22810300	ssa29_10302280_10304135.maf
ssa29	LG21	22810470	22810509	ssa29_10302280_10304135.maf
ssa29	LG21	22802655	22802699	ssa29_10321999_10322267.maf
ssa29	LG21	22802699	22802714	ssa29_10321999_10322267.maf
ssa29	LG21	22802774	22802814	ssa29_10321999_10322267.maf
ssa29	LG21	22802814	22802825	ssa29_10321999_10322267.maf
ssa29	LG21	22802828	22802838	ssa29_10321999_10322267.maf
ssa29	LG21	22801594	22801618	ssa29_10325465_10326416.maf
ssa29	LG21	22801618	22801688	ssa29_10325465_10326416.maf
ssa29	LG21	22801696	22801725	ssa29_10325465_10326416.maf
ssa29	LG21	22734574	22734584	ssa29_10418500_10419084.maf
ssa29	LG21	22734584	22734602	ssa29_10418500_10419084.maf
ssa29	LG21	22734679	22734716	ssa29_10418500_10419084.maf
ssa29	LG21	24963969	24964047	ssa29_11647049_11647753.maf
ssa29	LG21	23904449	23904483	ssa29_12737332_12738085.maf
ssa29	LG21	23904483	23904522	ssa29_12737332_12738085.maf
ssa29	LG21	23904702	23904787	ssa29_12737332_12738085.maf
ssa29	LG21	23904788	23904808	ssa29_12737332_12738085.maf
ssa29	LG21	23904808	23904829	ssa29_12737332_12738085.maf
ssa29	LG21	23904841	23904855	ssa29_12737332_12738085.maf
ssa29	LG21	23904855	23904869	ssa29_12737332_12738085.maf
ssa29	LG21	23903789	23903842	ssa29_12741409_12741993.maf
ssa29	LG21	23903842	23903888	ssa29_12741409_12741993.maf
ssa29	LG21	23903978	23904006	ssa29_12741409_12741993.maf
ssa29	LG21	23904006	23904019	ssa29_12741409_12741993.maf
ssa29	LG21	23739778	23739814	ssa29_12935336_12936156.maf
ssa29	LG21	23739814	23739827	ssa29_12935336_12936156.maf
ssa29	LG21	23739835	23739866	ssa29_12935336_12936156.maf
ssa29	LG21	23468383	23468517	ssa29_13350248_13351529.maf
ssa29	LG21	26966546	26966627	ssa29_13465454_13466592.maf
ssa29	LG21	17673824	17673840	ssa29_1349279_1350189.maf
ssa29	LG21	17673845	17673871	ssa29_1349279_1350189.maf
ssa29	LG21	17673871	17673894	ssa29_1349279_1350189.maf
ssa29	LG21	17673928	17673941	ssa29_1349279_1350189.maf
ssa29	LG21	17673941	17673965	ssa29_1349279_1350189.maf
ssa29	LG21	17673965	17673986	ssa29_1349279_1350189.maf
ssa29	LG21	17673986	17674003	ssa29_1349279_1350189.maf
ssa29	LG21	17674017	17674036	ssa29_1349279_1350189.maf
ssa29	LG21	17632303	17632388	ssa29_1428803_1429089.maf
ssa29	LG21	3817443	3817509	ssa29_17233733_17234322.maf
ssa29	LG21	3910015	3910108	ssa29_17315025_17316375.maf
ssa29	LG21	11836102	11836137	ssa29_18581705_18582458.maf
ssa29	LG21	11836176	11836196	ssa29_18581705_18582458.maf
ssa29	LG21	11836369	11836415	ssa29_18581705_18582458.maf
ssa29	LG21	11617714	11617793	ssa29_18842698_18843505.maf
ssa29	LG21	11224563	11224648	ssa29_19420654_19421240.maf
ssa29	LG21	10297679	10297693	ssa29_20904041_20904861.maf
ssa29	LG21	10297693	10297727	ssa29_20904041_20904861.maf
ssa29	LG21	10297727	10297759	ssa29_20904041_20904861.maf
ssa29	LG21	10270740	10270776	ssa29_20941276_20941851.maf
ssa29	LG21	10270776	10270811	ssa29_20941276_20941851.maf
ssa29	LG21	9944094	9944146	ssa29_21468212_21469126.maf
ssa29	LG21	9438228	9438267	ssa29_22273360_22274227.maf
ssa29	LG21	9438267	9438312	ssa29_22273360_22274227.maf
ssa29	LG21	9438312	9438370	ssa29_22273360_22274227.maf
ssa29	LG21	9433702	9433718	ssa29_22280269_22281113.maf
ssa29	LG21	9433742	9433872	ssa29_22280269_22281113.maf
ssa29	LG21	8964315	8964359	ssa29_22908986_22909302.maf
ssa29	LG21	8964423	8964502	ssa29_22908986_22909302.maf
ssa29	LG21	8697613	8697682	ssa29_23307822_23308708.maf
ssa29	LG21	8697968	8698036	ssa29_23307822_23308708.maf
ssa29	LG21	8698093	8698117	ssa29_23307822_23308708.maf
ssa29	LG21	8696921	8697010	ssa29_23309131_23309690.maf
ssa29	LG21	8667148	8667229	ssa29_23335537_23336108.maf
ssa29	LG21	8417034	8417053	ssa29_23830711_23832200.maf
ssa29	LG21	8417113	8417127	ssa29_23830711_23832200.maf
ssa29	LG21	7846168	7846245	ssa29_24704065_24705358.maf
ssa29	LG21	7839020	7839098	ssa29_24713424_24713704.maf
ssa29	LG21	7730117	7730189	ssa29_24880226_24881745.maf
ssa29	LG21	7730360	7730385	ssa29_24880226_24881745.maf
ssa29	LG21	7730876	7730899	ssa29_24880226_24881745.maf
ssa29	LG21	7730907	7730940	ssa29_24880226_24881745.maf
ssa29	LG21	7728748	7728767	ssa29_24882821_24883049.maf
ssa29	LG21	7728767	7728783	ssa29_24882821_24883049.maf
ssa29	LG21	7728790	7728812	ssa29_24882821_24883049.maf
ssa29	LG21	7721552	7721571	ssa29_24895378_24896300.maf
ssa29	LG21	7721740	7721935	ssa29_24895378_24896300.maf
ssa29	LG21	7721962	7721972	ssa29_24895378_24896300.maf
ssa29	LG21	7721972	7722003	ssa29_24895378_24896300.maf
ssa29	LG21	7340346	7340375	ssa29_25455687_25456109.maf
ssa29	LG21	16859237	16859269	ssa29_2550830_2551500.maf
ssa29	LG21	16859356	16859370	ssa29_2550830_2551500.maf
ssa29	LG21	7167707	7167745	ssa29_25742007_25743295.maf
ssa29	LG21	7167745	7167755	ssa29_25742007_25743295.maf
ssa29	LG21	7167828	7167842	ssa29_25742007_25743295.maf
ssa29	LG21	7167858	7167875	ssa29_25742007_25743295.maf
ssa29	LG21	7167875	7167905	ssa29_25742007_25743295.maf
ssa29	LG21	7168137	7168148	ssa29_25742007_25743295.maf
ssa29	LG21	7168270	7168282	ssa29_25742007_25743295.maf
ssa29	LG21	7168314	7168396	ssa29_25742007_25743295.maf
ssa29	LG21	7168396	7168467	ssa29_25742007_25743295.maf
ssa29	LG21	7168571	7168585	ssa29_25742007_25743295.maf
ssa29	LG21	7168611	7168625	ssa29_25742007_25743295.maf
ssa29	LG21	6958912	6958972	ssa29_26180495_26181604.maf
ssa29	LG21	6911451	6911475	ssa29_26254166_26255590.maf
ssa29	LG21	6911475	6911520	ssa29_26254166_26255590.maf
ssa29	LG21	6911535	6911545	ssa29_26254166_26255590.maf
ssa29	LG21	6912986	6913031	ssa29_26254166_26255590.maf
ssa29	LG21	6913045	6913065	ssa29_26254166_26255590.maf
ssa29	LG21	6913072	6913084	ssa29_26254166_26255590.maf
ssa29	LG21	6420553	6420625	ssa29_27310722_27312613.maf
ssa29	LG21	6071124	6071139	ssa29_27813913_27814350.maf
ssa29	LG21	5941630	5941643	ssa29_28119485_28120340.maf
ssa29	LG21	5941655	5941676	ssa29_28119485_28120340.maf
ssa29	LG21	5941676	5941695	ssa29_28119485_28120340.maf
ssa29	LG21	5941695	5941740	ssa29_28119485_28120340.maf
ssa29	LG21	5598121	5598193	ssa29_28729768_28730342.maf
ssa29	LG21	5594611	5594626	ssa29_28754810_28755594.maf
ssa29	LG21	5594626	5594648	ssa29_28754810_28755594.maf
ssa29	LG21	5147162	5147178	ssa29_29775921_29776691.maf
ssa29	LG21	5147223	5147235	ssa29_29775921_29776691.maf
ssa29	LG21	5147235	5147256	ssa29_29775921_29776691.maf
ssa29	LG21	5147256	5147294	ssa29_29775921_29776691.maf
ssa29	LG21	5147363	5147404	ssa29_29775921_29776691.maf
ssa29	LG21	5094061	5094151	ssa29_29906854_29907762.maf
ssa29	LG21	5094203	5094256	ssa29_29906854_29907762.maf
ssa29	LG21	5094338	5094348	ssa29_29906854_29907762.maf
ssa29	LG21	5094348	5094427	ssa29_29906854_29907762.maf
ssa29	LG21	5094813	5094920	ssa29_29906854_29907762.maf
ssa29	LG21	4897969	4898001	ssa29_30279904_30280598.maf
ssa29	LG21	4898006	4898022	ssa29_30279904_30280598.maf
ssa29	LG21	4895790	4895836	ssa29_30284023_30284406.maf
ssa29	LG21	4895856	4895918	ssa29_30284023_30284406.maf
ssa29	LG21	18578670	18578689	ssa29_3185078_3186982.maf
ssa29	LG21	18578689	18578702	ssa29_3185078_3186982.maf
ssa29	LG21	18578724	18578741	ssa29_3185078_3186982.maf
ssa29	LG21	18578741	18578893	ssa29_3185078_3186982.maf
ssa29	LG21	18578895	18578958	ssa29_3185078_3186982.maf
ssa29	LG21	18578970	18579010	ssa29_3185078_3186982.maf
ssa29	LG21	18579031	18579064	ssa29_3185078_3186982.maf
ssa29	LG21	18579091	18579105	ssa29_3185078_3186982.maf
ssa29	LG21	18579991	18580004	ssa29_3185078_3186982.maf
ssa29	LG21	18580004	18580140	ssa29_3185078_3186982.maf
ssa29	LG21	18580234	18580255	ssa29_3185078_3186982.maf
ssa29	LG21	18580264	18580303	ssa29_3185078_3186982.maf
ssa29	LG21	13429534	13429555	ssa29_33108166_33109419.maf
ssa29	LG21	13429566	13429587	ssa29_33108166_33109419.maf
ssa29	LG21	13429587	13429603	ssa29_33108166_33109419.maf
ssa29	LG21	13429603	13429629	ssa29_33108166_33109419.maf
ssa29	LG21	13429629	13429644	ssa29_33108166_33109419.maf
ssa29	LG21	2639395	2639415	ssa29_38331403_38331880.maf
ssa29	LG21	2639415	2639584	ssa29_38331403_38331880.maf
ssa29	LG21	2639585	2639660	ssa29_38331403_38331880.maf
ssa29	LG21	2639672	2639705	ssa29_38331403_38331880.maf
ssa29	LG21	2639705	2639738	ssa29_38331403_38331880.maf
ssa29	LG21	1572249	1572263	ssa29_40120785_40121269.maf
ssa29	LG21	1572263	1572278	ssa29_40120785_40121269.maf
ssa29	LG21	1572382	1572481	ssa29_40120785_40121269.maf
ssa29	LG21	1572483	1572495	ssa29_40120785_40121269.maf
ssa29	LG21	1570193	1570301	ssa29_40124581_40125083.maf
ssa29	LG21	1527200	1527214	ssa29_40300455_40300929.maf
ssa29	LG21	1527271	1527311	ssa29_40300455_40300929.maf
ssa29	LG21	1527339	1527354	ssa29_40300455_40300929.maf
ssa29	LG21	1527354	1527370	ssa29_40300455_40300929.maf
ssa29	LG21	1527377	1527412	ssa29_40300455_40300929.maf
ssa29	LG21	1527412	1527461	ssa29_40300455_40300929.maf
ssa29	LG21	1518079	1518125	ssa29_40329722_40330015.maf
ssa29	LG21	1518166	1518224	ssa29_40329722_40330015.maf
ssa29	LG21	1503491	1503569	ssa29_40369326_40369775.maf
ssa29	LG21	1503569	1503583	ssa29_40369326_40369775.maf
ssa29	LG21	1499320	1499477	ssa29_40377408_40378921.maf
ssa29	LG21	1499477	1499549	ssa29_40377408_40378921.maf
ssa29	LG21	1371505	1371525	ssa29_40657139_40657611.maf
ssa29	LG21	1371543	1371712	ssa29_40657139_40657611.maf
ssa29	LG21	1371721	1371743	ssa29_40657139_40657611.maf
ssa29	LG21	1371752	1371762	ssa29_40657139_40657611.maf
ssa29	LG21	1371762	1371797	ssa29_40657139_40657611.maf
ssa29	LG21	21160847	21160871	ssa29_7325220_7326229.maf
ssa29	LG21	21160926	21160958	ssa29_7325220_7326229.maf
ssa29	LG21	21161141	21161157	ssa29_7325220_7326229.maf
ssa29	LG21	21161157	21161169	ssa29_7325220_7326229.maf
ssa29	LG21	21161169	21161205	ssa29_7325220_7326229.maf
ssa29	LG21	21728210	21728320	ssa29_8419528_8421131.maf
ssa29	LG21	21758104	21758173	ssa29_8477789_8478731.maf
ssa29	LG21	21846114	21846139	ssa29_8604066_8605115.maf
ssa29	LG21	22098864	22098915	ssa29_9107097_9107758.maf
ssa29	LG21	22098915	22098927	ssa29_9107097_9107758.maf
ssa29	LG21	22098975	22098988	ssa29_9107097_9107758.maf
ssa29	LG21	22103058	22103074	ssa29_9114248_9115329.maf
ssa29	LG21	22134081	22134186	ssa29_9177861_9179040.maf
ssa29	LG21	22134186	22134252	ssa29_9177861_9179040.maf
ssa29	LG21	22134255	22134279	ssa29_9177861_9179040.maf
ssa29	LG21	22243486	22243499	ssa29_9313726_9314159.maf
ssa29	LG21	22243545	22243559	ssa29_9313726_9314159.maf
ssa29	LG21	22286791	22286802	ssa29_9367724_9369405.maf
ssa29	LG21	22286809	22286865	ssa29_9367724_9369405.maf
ssa29	LG21	22286865	22286898	ssa29_9367724_9369405.maf
ssa29	LG21	22286898	22286924	ssa29_9367724_9369405.maf
ssa29	LG21	17935575	17935598	ssa29_970708_971851.maf
ssa29	LG21	17935598	17935610	ssa29_970708_971851.maf
ssa29	LG21	17936278	17936297	ssa29_970708_971851.maf
ssa29	LG21	17936558	17936569	ssa29_970708_971851.maf
ssa29	LG21	23153376	23153393	ssa29_9763087_9763831.maf
ssa29	LG21	23153393	23153409	ssa29_9763087_9763831.maf
ssa29	LG21	23135552	23135617	ssa29_9775082_9775636.maf
ssa29	LG21	22960513	22960625	ssa29_9972386_9973782.maf
ssa29	LG21	22960625	22960637	ssa29_9972386_9973782.maf
ssa02	LG20	17262158	17262175	ssa2_17926034_17928208.maf
ssa02	LG20	17262175	17262210	ssa2_17926034_17928208.maf
ssa02	LG20	17262213	17262228	ssa2_17926034_17928208.maf
ssa02	LG20	17262611	17262753	ssa2_17926034_17928208.maf
ssa02	LG20	17262759	17262779	ssa2_17926034_17928208.maf
ssa02	LG20	17263114	17263138	ssa2_17926034_17928208.maf
ssa02	LG20	17263140	17263169	ssa2_17926034_17928208.maf
ssa02	LG20	17263268	17263312	ssa2_17926034_17928208.maf
ssa02	LG20	17896647	17896678	ssa2_19565919_19566533.maf
ssa02	LG20	17896680	17896732	ssa2_19565919_19566533.maf
ssa02	LG20	21226872	21226911	ssa2_24441739_24442049.maf
ssa02	LG20	21226923	21226999	ssa2_24441739_24442049.maf
ssa02	LG20	22336093	22336172	ssa2_25788469_25789508.maf
ssa02	LG20	22336172	22336551	ssa2_25788469_25789508.maf
ssa02	LG20	22336551	22336573	ssa2_25788469_25789508.maf
ssa02	LG20	22336588	22336598	ssa2_25788469_25789508.maf
ssa02	LG20	22336598	22336703	ssa2_25788469_25789508.maf
ssa02	LG20	22336713	22336730	ssa2_25788469_25789508.maf
ssa02	LG20	22336759	22336788	ssa2_25788469_25789508.maf
ssa02	LG20	22336789	22336861	ssa2_25788469_25789508.maf
ssa02	LG20	31681503	31681530	ssa2_35317875_35319301.maf
ssa02	LG20	31681578	31681601	ssa2_35317875_35319301.maf
ssa02	LG20	31681619	31681639	ssa2_35317875_35319301.maf
ssa02	LG20	31681639	31681689	ssa2_35317875_35319301.maf
ssa02	LG20	31681908	31681983	ssa2_35317875_35319301.maf
ssa02	LG20	31682764	31682789	ssa2_35317875_35319301.maf
ssa02	LG20	37767762	37767799	ssa2_41582115_41582568.maf
ssa02	LG09	24442243	24442321	ssa2_49330276_49331133.maf
ssa02	LG09	23319076	23319162	ssa2_49931464_49932671.maf
ssa02	LG09	22931997	22932011	ssa2_50177582_50178591.maf
ssa02	LG09	22932121	22932161	ssa2_50177582_50178591.maf
ssa02	LG09	22793353	22793376	ssa2_50288861_50289658.maf
ssa02	LG09	22793376	22793409	ssa2_50288861_50289658.maf
ssa02	LG09	22793409	22793428	ssa2_50288861_50289658.maf
ssa02	LG09	22789167	22789226	ssa2_50292371_50292881.maf
ssa02	LG09	21910490	21910548	ssa2_50671513_50672112.maf
ssa02	LG09	21910603	21910654	ssa2_50671513_50672112.maf
ssa02	LG09	21910654	21910678	ssa2_50671513_50672112.maf
ssa02	LG09	22267339	22267471	ssa2_50924756_50925365.maf
ssa02	LG09	22502599	22502618	ssa2_51169433_51169913.maf
ssa02	LG09	22502673	22502691	ssa2_51169433_51169913.maf
ssa02	LG09	21412337	21412397	ssa2_51837689_51838183.maf
ssa02	LG09	21412901	21412985	ssa2_51837689_51838183.maf
ssa02	LG09	21359448	21359526	ssa2_51889244_51890826.maf
ssa02	LG09	21357254	21357281	ssa2_51891440_51892141.maf
ssa02	LG09	21357281	21357315	ssa2_51891440_51892141.maf
ssa02	LG09	21355408	21355503	ssa2_51894059_51894607.maf
ssa02	LG09	21355522	21355583	ssa2_51894059_51894607.maf
ssa02	LG09	21355696	21355729	ssa2_51894059_51894607.maf
ssa02	LG09	21345326	21345341	ssa2_51903586_51904311.maf
ssa02	LG09	21345341	21345388	ssa2_51903586_51904311.maf
ssa02	LG09	21345393	21345413	ssa2_51903586_51904311.maf
ssa02	LG09	21345413	21345473	ssa2_51903586_51904311.maf
ssa02	LG09	21345473	21345494	ssa2_51903586_51904311.maf
ssa02	LG09	21344384	21344446	ssa2_51904533_51905079.maf
ssa02	LG09	21344565	21344622	ssa2_51904533_51905079.maf
ssa02	LG09	21336115	21336205	ssa2_51910702_51911540.maf
ssa02	LG09	21330431	21330443	ssa2_51928208_51929236.maf
ssa02	LG09	21330506	21330554	ssa2_51928208_51929236.maf
ssa02	LG09	21330554	21330570	ssa2_51928208_51929236.maf
ssa02	LG09	21322586	21322726	ssa2_51929672_51930080.maf
ssa02	LG09	21320793	21320814	ssa2_51931889_51932336.maf
ssa02	LG09	21318858	21318930	ssa2_51932715_51934173.maf
ssa02	LG09	21319162	21319219	ssa2_51932715_51934173.maf
ssa02	LG09	21319227	21319258	ssa2_51932715_51934173.maf
ssa02	LG09	21319710	21319792	ssa2_51932715_51934173.maf
ssa02	LG09	21320096	21320150	ssa2_51932715_51934173.maf
ssa02	LG09	21305125	21305151	ssa2_51939371_51940019.maf
ssa02	LG09	21305160	21305198	ssa2_51939371_51940019.maf
ssa02	LG09	21305204	21305249	ssa2_51939371_51940019.maf
ssa02	LG09	21283361	21283397	ssa2_51960181_51960719.maf
ssa02	LG09	21283397	21283436	ssa2_51960181_51960719.maf
ssa02	LG09	21283562	21283603	ssa2_51960181_51960719.maf
ssa02	LG09	21283603	21283682	ssa2_51960181_51960719.maf
ssa02	LG09	21276947	21277051	ssa2_51967146_51967424.maf
ssa02	LG09	21275921	21275932	ssa2_51974948_51975236.maf
ssa02	LG09	21275932	21275986	ssa2_51974948_51975236.maf
ssa02	LG09	21275988	21276017	ssa2_51974948_51975236.maf
ssa02	LG09	21239317	21239441	ssa2_51994223_51994732.maf
ssa02	LG09	21239521	21239799	ssa2_51994223_51994732.maf
ssa02	LG09	21220912	21220936	ssa2_52011957_52013121.maf
ssa02	LG09	21221058	21221070	ssa2_52011957_52013121.maf
ssa02	LG09	21221070	21221124	ssa2_52011957_52013121.maf
ssa02	LG09	21215688	21215750	ssa2_52026683_52027713.maf
ssa02	LG09	21215872	21215956	ssa2_52026683_52027713.maf
ssa02	LG09	21212660	21212721	ssa2_52028459_52029045.maf
ssa02	LG09	21209891	21209934	ssa2_52033462_52033828.maf
ssa02	LG09	21202148	21202227	ssa2_52049552_52050098.maf
ssa02	LG09	21202227	21202250	ssa2_52049552_52050098.maf
ssa02	LG09	21202250	21202454	ssa2_52049552_52050098.maf
ssa02	LG09	21198745	21198848	ssa2_52052161_52052492.maf
ssa02	LG09	21198856	21198882	ssa2_52052161_52052492.maf
ssa02	LG09	21197869	21197944	ssa2_52052931_52053218.maf
ssa02	LG09	18801634	18801662	ssa2_52513332_52514277.maf
ssa02	LG09	18855495	18855530	ssa2_52545856_52546151.maf
ssa02	LG09	18863773	18863784	ssa2_52552668_52554012.maf
ssa02	LG09	18863808	18863894	ssa2_52552668_52554012.maf
ssa02	LG09	18863928	18863942	ssa2_52552668_52554012.maf
ssa02	LG09	18877667	18877688	ssa2_52570407_52571659.maf
ssa02	LG09	18877699	18877736	ssa2_52570407_52571659.maf
ssa02	LG09	18878260	18878343	ssa2_52570407_52571659.maf
ssa02	LG09	18907351	18907393	ssa2_52622587_52623968.maf
ssa02	LG09	18907393	18907407	ssa2_52622587_52623968.maf
ssa02	LG09	18908771	18908801	ssa2_52622587_52623968.maf
ssa02	LG09	19083596	19083625	ssa2_52810312_52811244.maf
ssa02	LG09	19308995	19309021	ssa2_53072343_53073193.maf
ssa02	LG09	19309021	19309031	ssa2_53072343_53073193.maf
ssa02	LG09	19312735	19312813	ssa2_53079680_53080194.maf
ssa02	LG09	20322906	20322937	ssa2_53524181_53524582.maf
ssa02	LG09	20322955	20322968	ssa2_53524181_53524582.maf
ssa02	LG09	20322991	20323010	ssa2_53524181_53524582.maf
ssa02	LG09	19910384	19910497	ssa2_54016646_54017311.maf
ssa02	LG09	19857981	19858003	ssa2_54162970_54164132.maf
ssa02	LG09	19858003	19858025	ssa2_54162970_54164132.maf
ssa02	LG09	19858202	19858235	ssa2_54162970_54164132.maf
ssa02	LG09	19858359	19858380	ssa2_54162970_54164132.maf
ssa02	LG09	19858554	19858666	ssa2_54162970_54164132.maf
ssa02	LG09	19858720	19858855	ssa2_54162970_54164132.maf
ssa02	LG09	19815224	19815322	ssa2_54218981_54220198.maf
ssa02	LG09	19803812	19803881	ssa2_54233953_54234273.maf
ssa02	LG09	19746030	19746102	ssa2_54293533_54294699.maf
ssa02	LG09	19746102	19746185	ssa2_54293533_54294699.maf
ssa02	LG09	19746498	19746551	ssa2_54293533_54294699.maf
ssa02	LG09	19746551	19746621	ssa2_54293533_54294699.maf
ssa02	LG09	19746928	19746943	ssa2_54293533_54294699.maf
ssa02	LG09	19635587	19635600	ssa2_54400045_54401520.maf
ssa02	LG09	19635604	19635647	ssa2_54400045_54401520.maf
ssa02	LG09	19635664	19635690	ssa2_54400045_54401520.maf
ssa02	LG09	19635690	19635732	ssa2_54400045_54401520.maf
ssa02	LG09	19635795	19635814	ssa2_54400045_54401520.maf
ssa02	LG09	19516408	19516476	ssa2_54537593_54538449.maf
ssa02	LG09	19511806	19511833	ssa2_54547028_54548139.maf
ssa02	LG09	19511833	19511874	ssa2_54547028_54548139.maf
ssa02	LG09	19511874	19511992	ssa2_54547028_54548139.maf
ssa02	LG09	19512318	19512346	ssa2_54547028_54548139.maf
ssa02	LG09	19512353	19512461	ssa2_54547028_54548139.maf
ssa02	LG09	19512461	19512472	ssa2_54547028_54548139.maf
ssa02	LG09	19512830	19512841	ssa2_54547028_54548139.maf
ssa02	LG09	19512841	19512852	ssa2_54547028_54548139.maf
ssa02	LG09	19512855	19512884	ssa2_54547028_54548139.maf
ssa02	LG09	19512884	19512909	ssa2_54547028_54548139.maf
ssa02	LG09	19512909	19512920	ssa2_54547028_54548139.maf
ssa02	LG09	19512920	19512935	ssa2_54547028_54548139.maf
ssa02	LG09	19505002	19505020	ssa2_54559396_54560469.maf
ssa02	LG09	19505020	19505078	ssa2_54559396_54560469.maf
ssa02	LG09	16715677	16715718	ssa2_54857824_54858404.maf
ssa02	LG09	17009582	17009609	ssa2_55202040_55202449.maf
ssa02	LG09	17231978	17231992	ssa2_55496216_55496956.maf
ssa02	LG09	17231992	17232155	ssa2_55496216_55496956.maf
ssa02	LG09	17232155	17232226	ssa2_55496216_55496956.maf
ssa02	LG09	17375147	17375199	ssa2_55701511_55702753.maf
ssa02	LG09	18208624	18208705	ssa2_56702196_56703050.maf
ssa02	LG09	18414073	18414098	ssa2_56959692_56960527.maf
ssa02	LG09	18414111	18414122	ssa2_56959692_56960527.maf
ssa02	LG09	18427962	18427992	ssa2_56986034_56986489.maf
ssa02	LG09	15988958	15988990	ssa2_57485490_57486131.maf
ssa02	LG09	15988990	15989015	ssa2_57485490_57486131.maf
ssa02	LG09	15934763	15934816	ssa2_57544682_57545986.maf
ssa02	LG09	15935200	15935244	ssa2_57544682_57545986.maf
ssa02	LG09	15935244	15935273	ssa2_57544682_57545986.maf
ssa02	LG09	15876149	15876200	ssa2_57609365_57609840.maf
ssa02	LG09	15864769	15864784	ssa2_57626814_57627558.maf
ssa02	LG09	16215975	16216001	ssa2_57763861_57764999.maf
ssa02	LG09	16216285	16216307	ssa2_57763861_57764999.maf
ssa02	LG09	16216429	16216472	ssa2_57763861_57764999.maf
ssa02	LG09	16216501	16216581	ssa2_57763861_57764999.maf
ssa02	LG09	16216696	16216730	ssa2_57763861_57764999.maf
ssa02	LG09	16216730	16216758	ssa2_57763861_57764999.maf
ssa02	LG09	16217012	16217023	ssa2_57763861_57764999.maf
ssa02	LG09	16323663	16323769	ssa2_57887746_57888144.maf
ssa02	LG09	16332561	16332614	ssa2_57895271_57895718.maf
ssa02	LG09	16332614	16332628	ssa2_57895271_57895718.maf
ssa02	LG09	16372594	16372613	ssa2_57933285_57934662.maf
ssa02	LG09	16372613	16372641	ssa2_57933285_57934662.maf
ssa02	LG09	16372641	16372772	ssa2_57933285_57934662.maf
ssa02	LG09	16373339	16373385	ssa2_57933285_57934662.maf
ssa02	LG09	16373385	16373398	ssa2_57933285_57934662.maf
ssa02	LG09	16408048	16408149	ssa2_57977371_57978419.maf
ssa02	LG09	16408149	16408159	ssa2_57977371_57978419.maf
ssa02	LG09	16408384	16408404	ssa2_57977371_57978419.maf
ssa02	LG09	16408404	16408420	ssa2_57977371_57978419.maf
ssa02	LG09	16475683	16475759	ssa2_58037275_58037831.maf
ssa02	LG09	16475771	16475916	ssa2_58037275_58037831.maf
ssa02	LG09	15502454	15502561	ssa2_58246109_58247161.maf
ssa02	LG09	15436630	15436694	ssa2_58315431_58316286.maf
ssa02	LG09	15403038	15403120	ssa2_58377283_58377904.maf
ssa02	LG09	15403122	15403137	ssa2_58377283_58377904.maf
ssa02	LG09	15403737	15403797	ssa2_58377283_58377904.maf
ssa02	LG09	15401945	15401965	ssa2_58379712_58380103.maf
ssa02	LG09	15142187	15142208	ssa2_58700763_58701281.maf
ssa02	LG09	15142215	15142245	ssa2_58700763_58701281.maf
ssa02	LG09	15140689	15140803	ssa2_58713516_58714627.maf
ssa02	LG09	15135166	15135204	ssa2_58718759_58719129.maf
ssa02	LG09	14203013	14203040	ssa2_60673566_60674540.maf
ssa02	LG09	14203040	14203089	ssa2_60673566_60674540.maf
ssa02	LG09	14166733	14166746	ssa2_60711996_60713955.maf
ssa02	LG09	14065958	14065978	ssa2_60867121_60867680.maf
ssa02	LG09	14065980	14066085	ssa2_60867121_60867680.maf
ssa02	LG09	14066085	14066102	ssa2_60867121_60867680.maf
ssa02	LG09	14062532	14062613	ssa2_60870188_60870560.maf
ssa02	LG09	14062613	14062624	ssa2_60870188_60870560.maf
ssa02	LG09	14048141	14048151	ssa2_60888507_60889137.maf
ssa02	LG09	14048176	14048226	ssa2_60888507_60889137.maf
ssa02	LG09	14048226	14048239	ssa2_60888507_60889137.maf
ssa02	LG09	14048383	14048394	ssa2_60888507_60889137.maf
ssa02	LG09	13700881	13700915	ssa2_61354374_61354967.maf
ssa02	LG09	13691979	13692003	ssa2_61364149_61365279.maf
ssa02	LG09	13692003	13692063	ssa2_61364149_61365279.maf
ssa02	LG09	13684829	13684851	ssa2_61376465_61377027.maf
ssa02	LG09	13684851	13684878	ssa2_61376465_61377027.maf
ssa02	LG09	13684878	13684905	ssa2_61376465_61377027.maf
ssa02	LG09	13685163	13685173	ssa2_61376465_61377027.maf
ssa02	LG09	13685173	13685209	ssa2_61376465_61377027.maf
ssa02	LG09	13635705	13635781	ssa2_61446372_61447410.maf
ssa02	LG09	13635781	13635834	ssa2_61446372_61447410.maf
ssa02	LG09	13402720	13402753	ssa2_61688668_61689701.maf
ssa02	LG09	13397093	13397170	ssa2_61691555_61692036.maf
ssa02	LG09	13396459	13396526	ssa2_61692401_61692790.maf
ssa02	LG09	12668174	12668244	ssa2_62016609_62017144.maf
ssa02	LG09	12668725	12668880	ssa2_62016609_62017144.maf
ssa02	LG09	12707609	12707712	ssa2_62069469_62070480.maf
ssa02	LG09	12707878	12707956	ssa2_62069469_62070480.maf
ssa02	LG09	12708040	12708158	ssa2_62069469_62070480.maf
ssa02	LG09	13039744	13039754	ssa2_62558285_62559166.maf
ssa02	LG09	13039754	13039798	ssa2_62558285_62559166.maf
ssa02	LG09	13039798	13039813	ssa2_62558285_62559166.maf
ssa02	LG09	12290222	12290275	ssa2_63198262_63199628.maf
ssa02	LG09	12268821	12268885	ssa2_63242028_63243169.maf
ssa02	LG09	12268885	12268897	ssa2_63242028_63243169.maf
ssa02	LG09	12268905	12268917	ssa2_63242028_63243169.maf
ssa02	LG09	12200905	12200924	ssa2_63318133_63318992.maf
ssa02	LG09	12200976	12201030	ssa2_63318133_63318992.maf
ssa02	LG09	12201040	12201073	ssa2_63318133_63318992.maf
ssa02	LG09	12201073	12201096	ssa2_63318133_63318992.maf
ssa02	LG09	12181930	12182000	ssa2_63345770_63346848.maf
ssa02	LG09	12182222	12182283	ssa2_63345770_63346848.maf
ssa02	LG09	12182351	12182530	ssa2_63345770_63346848.maf
ssa02	LG09	12182535	12182590	ssa2_63345770_63346848.maf
ssa02	LG09	12182597	12182638	ssa2_63345770_63346848.maf
ssa02	LG09	12180594	12180735	ssa2_63348153_63348751.maf
ssa02	LG09	12180959	12181095	ssa2_63348153_63348751.maf
ssa02	LG09	12096622	12096695	ssa2_63471890_63473185.maf
ssa02	LG09	12096695	12096728	ssa2_63471890_63473185.maf
ssa02	LG09	12096745	12096766	ssa2_63471890_63473185.maf
ssa02	LG09	12097675	12097734	ssa2_63471890_63473185.maf
ssa02	LG09	12097734	12097761	ssa2_63471890_63473185.maf
ssa02	LG09	12003832	12003958	ssa2_63596812_63597156.maf
ssa02	LG09	12004034	12004105	ssa2_63596812_63597156.maf
ssa02	LG09	11992449	11992502	ssa2_63611164_63611959.maf
ssa02	LG09	11931431	11931452	ssa2_63700514_63700979.maf
ssa02	LG09	11621133	11621159	ssa2_64180452_64181454.maf
ssa02	LG09	11621159	11621170	ssa2_64180452_64181454.maf
ssa02	LG09	11621170	11621189	ssa2_64180452_64181454.maf
ssa02	LG09	11621189	11621228	ssa2_64180452_64181454.maf
ssa02	LG09	11601855	11601901	ssa2_64208887_64209325.maf
ssa02	LG09	11578891	11578910	ssa2_64235322_64235922.maf
ssa02	LG09	11578910	11578974	ssa2_64235322_64235922.maf
ssa02	LG09	11578979	11578991	ssa2_64235322_64235922.maf
ssa02	LG09	11578996	11579012	ssa2_64235322_64235922.maf
ssa02	LG09	11568133	11568149	ssa2_64245876_64246687.maf
ssa02	LG09	11566583	11566701	ssa2_64247171_64247996.maf
ssa02	LG09	11566701	11566743	ssa2_64247171_64247996.maf
ssa02	LG09	11563976	11564024	ssa2_64251759_64252468.maf
ssa02	LG09	11564024	11564061	ssa2_64251759_64252468.maf
ssa02	LG09	11561361	11561409	ssa2_64254541_64256063.maf
ssa02	LG09	11561409	11561435	ssa2_64254541_64256063.maf
ssa02	LG09	11561749	11561808	ssa2_64254541_64256063.maf
ssa02	LG09	11561839	11561856	ssa2_64254541_64256063.maf
ssa02	LG09	11561931	11561946	ssa2_64254541_64256063.maf
ssa02	LG09	11557632	11557679	ssa2_64258125_64259450.maf
ssa02	LG09	11557679	11557724	ssa2_64258125_64259450.maf
ssa02	LG09	11557724	11557734	ssa2_64258125_64259450.maf
ssa02	LG09	11557825	11557895	ssa2_64258125_64259450.maf
ssa02	LG09	11558095	11558114	ssa2_64258125_64259450.maf
ssa02	LG09	11558123	11558147	ssa2_64258125_64259450.maf
ssa02	LG09	11558152	11558175	ssa2_64258125_64259450.maf
ssa02	LG09	11552078	11552102	ssa2_64264741_64265069.maf
ssa02	LG09	11551467	11551539	ssa2_64265605_64265882.maf
ssa02	LG09	11551540	11551554	ssa2_64265605_64265882.maf
ssa02	LG09	11530272	11530334	ssa2_64295486_64296720.maf
ssa02	LG09	11531137	11531243	ssa2_64295486_64296720.maf
ssa02	LG09	11531323	11531333	ssa2_64295486_64296720.maf
ssa02	LG09	11531333	11531360	ssa2_64295486_64296720.maf
ssa02	LG09	11532502	11532535	ssa2_64295486_64296720.maf
ssa02	LG09	11532542	11532591	ssa2_64295486_64296720.maf
ssa02	LG09	11532591	11532618	ssa2_64295486_64296720.maf
ssa02	LG09	11532641	11532664	ssa2_64295486_64296720.maf
ssa02	LG09	11532668	11532678	ssa2_64295486_64296720.maf
ssa02	LG09	11532681	11532691	ssa2_64295486_64296720.maf
ssa02	LG09	11524205	11524242	ssa2_64303919_64304536.maf
ssa02	LG09	11524620	11524649	ssa2_64303919_64304536.maf
ssa02	LG09	11520588	11520599	ssa2_64308039_64309310.maf
ssa02	LG09	11520599	11520635	ssa2_64308039_64309310.maf
ssa02	LG09	11520671	11520718	ssa2_64308039_64309310.maf
ssa02	LG09	11520718	11520737	ssa2_64308039_64309310.maf
ssa02	LG09	11518931	11519102	ssa2_64309671_64310040.maf
ssa02	LG09	11448200	11448251	ssa2_64419361_64420375.maf
ssa02	LG09	11448283	11448298	ssa2_64419361_64420375.maf
ssa02	LG09	11449419	11449442	ssa2_64419361_64420375.maf
ssa02	LG09	11449445	11449459	ssa2_64419361_64420375.maf
ssa02	LG09	11092358	11092400	ssa2_64914290_64915405.maf
ssa02	LG09	11092421	11092438	ssa2_64914290_64915405.maf
ssa02	LG09	11082325	11082377	ssa2_64934237_64935360.maf
ssa02	LG09	11075972	11076009	ssa2_64940864_64941597.maf
ssa02	LG09	11074243	11074258	ssa2_64944029_64944788.maf
ssa02	LG09	11061161	11061186	ssa2_64962541_64963098.maf
ssa02	LG09	11061188	11061258	ssa2_64962541_64963098.maf
ssa02	LG09	11061258	11061301	ssa2_64962541_64963098.maf
ssa02	LG09	11054896	11054944	ssa2_64972435_64973233.maf
ssa02	LG09	11052534	11052599	ssa2_64975328_64975608.maf
ssa02	LG09	11052727	11052741	ssa2_64975328_64975608.maf
ssa02	LG09	11052748	11052782	ssa2_64975328_64975608.maf
ssa02	LG09	11022961	11023023	ssa2_65017866_65018451.maf
ssa02	LG09	10986494	10986527	ssa2_65068825_65069541.maf
ssa02	LG09	10986527	10986543	ssa2_65068825_65069541.maf
ssa02	LG09	10979131	10979157	ssa2_65079531_65080591.maf
ssa02	LG09	10951157	10951198	ssa2_65131741_65132210.maf
ssa02	LG09	10951209	10951225	ssa2_65131741_65132210.maf
ssa02	LG09	10951273	10951332	ssa2_65131741_65132210.maf
ssa02	LG09	10944053	10944089	ssa2_65141549_65142182.maf
ssa02	LG09	10944089	10944112	ssa2_65141549_65142182.maf
ssa02	LG09	10928794	10928807	ssa2_65161675_65162115.maf
ssa02	LG09	10928921	10928943	ssa2_65161675_65162115.maf
ssa02	LG09	10928943	10928963	ssa2_65161675_65162115.maf
ssa02	LG09	10909542	10909556	ssa2_65186236_65186980.maf
ssa02	LG09	10852375	10852481	ssa2_65282520_65283709.maf
ssa02	LG09	10852515	10852540	ssa2_65282520_65283709.maf
ssa02	LG09	10852540	10852589	ssa2_65282520_65283709.maf
ssa02	LG09	10853163	10853183	ssa2_65282520_65283709.maf
ssa02	LG09	10853187	10853275	ssa2_65282520_65283709.maf
ssa02	LG09	10853275	10853337	ssa2_65282520_65283709.maf
ssa02	LG09	10566893	10566915	ssa2_65806248_65807306.maf
ssa02	LG09	10568761	10568791	ssa2_65806248_65807306.maf
ssa02	LG09	10302582	10302632	ssa2_66401766_66402521.maf
ssa02	LG09	10302739	10302763	ssa2_66401766_66402521.maf
ssa02	LG09	10296227	10296296	ssa2_66418586_66419477.maf
ssa02	LG09	10284710	10284762	ssa2_66443969_66444561.maf
ssa02	LG09	9515736	9515799	ssa2_68248835_68250225.maf
ssa02	LG09	9515834	9515900	ssa2_68248835_68250225.maf
ssa02	LG09	6728003	6728020	ssa2_70842345_70842857.maf
ssa02	LG09	5702710	5702723	ssa2_74170534_74171503.maf
ssa02	LG09	5702729	5702790	ssa2_74170534_74171503.maf
ssa02	LG09	4297363	4297397	ssa2_75664327_75664922.maf
ssa02	LG09	4297469	4297510	ssa2_75664327_75664922.maf
ssa02	LG09	645547	645577	ssa2_77121918_77123618.maf
ssa02	LG09	645577	645625	ssa2_77121918_77123618.maf
ssa02	LG09	661091	661127	ssa2_77152621_77153497.maf
ssa02	LG09	661127	661138	ssa2_77152621_77153497.maf
ssa02	LG09	661138	661157	ssa2_77152621_77153497.maf
ssa02	LG09	862647	862687	ssa2_77856234_77857089.maf
ssa02	LG09	1344760	1344789	ssa2_78794576_78795300.maf
ssa02	LG09	1344789	1344819	ssa2_78794576_78795300.maf
ssa02	LG09	1344819	1344844	ssa2_78794576_78795300.maf
ssa02	LG09	1344844	1344869	ssa2_78794576_78795300.maf
ssa02	LG09	1344869	1344933	ssa2_78794576_78795300.maf
ssa02	LG09	1344933	1344946	ssa2_78794576_78795300.maf
ssa02	LG09	1349028	1349090	ssa2_78826912_78827528.maf
ssa02	LG09	1349098	1349121	ssa2_78826912_78827528.maf
ssa02	LG09	1766988	1767110	ssa2_79734124_79734846.maf
ssa02	LG09	2455539	2455579	ssa2_81849140_81850181.maf
ssa02	LG09	2456635	2456647	ssa2_81851019_81851994.maf
ssa02	LG09	2456657	2456696	ssa2_81851019_81851994.maf
ssa02	LG09	2456696	2456728	ssa2_81851019_81851994.maf
ssa02	LG09	3221855	3221890	ssa2_83720635_83721455.maf
ssa02	LG09	3147996	3148019	ssa2_83855927_83856443.maf
ssa02	LG09	3148030	3148040	ssa2_83855927_83856443.maf
ssa02	LG09	3147776	3147789	ssa2_83856651_83857307.maf
ssa02	LG09	3071916	3071940	ssa2_84011821_84012716.maf
ssa02	LG09	2776479	2776534	ssa2_84314936_84316094.maf
ssa02	LG09	2776632	2776694	ssa2_84314936_84316094.maf
ssa03	LG03	6057396	6057406	ssa3_10096037_10096656.maf
ssa03	LG03	6057419	6057453	ssa3_10096037_10096656.maf
ssa03	LG03	6062838	6062849	ssa3_10109960_10110709.maf
ssa03	LG03	6062858	6062869	ssa3_10109960_10110709.maf
ssa03	LG03	6062873	6062884	ssa3_10109960_10110709.maf
ssa03	LG03	6062885	6062917	ssa3_10109960_10110709.maf
ssa03	LG03	6063026	6063053	ssa3_10109960_10110709.maf
ssa03	LG03	6063129	6063165	ssa3_10109960_10110709.maf
ssa03	LG03	6979858	6979893	ssa3_11458757_11459266.maf
ssa03	LG03	6979893	6979916	ssa3_11458757_11459266.maf
ssa03	LG03	8096691	8096788	ssa3_13166512_13167195.maf
ssa03	LG03	8124200	8124215	ssa3_13209502_13210274.maf
ssa03	LG03	8124215	8124231	ssa3_13209502_13210274.maf
ssa03	LG03	8239943	8239975	ssa3_13387786_13388190.maf
ssa03	LG03	8239975	8240028	ssa3_13387786_13388190.maf
ssa03	LG03	9876658	9876783	ssa3_14255024_14256678.maf
ssa03	LG03	9877148	9877225	ssa3_14255024_14256678.maf
ssa03	LG03	9877225	9877241	ssa3_14255024_14256678.maf
ssa03	LG03	9877270	9877366	ssa3_14255024_14256678.maf
ssa03	LG03	9869097	9869140	ssa3_14270443_14271104.maf
ssa03	LG03	9869140	9869174	ssa3_14270443_14271104.maf
ssa03	LG03	9563090	9563116	ssa3_14796961_14798251.maf
ssa03	LG03	9563642	9563788	ssa3_14796961_14798251.maf
ssa03	LG03	9563790	9563804	ssa3_14796961_14798251.maf
ssa03	LG03	9563812	9563823	ssa3_14796961_14798251.maf
ssa03	LG03	9563823	9563837	ssa3_14796961_14798251.maf
ssa03	LG03	9563846	9563919	ssa3_14796961_14798251.maf
ssa03	LG03	9563919	9563937	ssa3_14796961_14798251.maf
ssa03	LG03	9297875	9297911	ssa3_15253655_15255251.maf
ssa03	LG03	9297911	9298060	ssa3_15253655_15255251.maf
ssa03	LG03	9291289	9291372	ssa3_15261528_15261961.maf
ssa03	LG03	9291460	9291487	ssa3_15261528_15261961.maf
ssa03	LG03	9290098	9290115	ssa3_15262461_15262956.maf
ssa03	LG03	9290115	9290125	ssa3_15262461_15262956.maf
ssa03	LG03	9290142	9290159	ssa3_15262461_15262956.maf
ssa03	LG03	9290164	9290213	ssa3_15262461_15262956.maf
ssa03	LG03	9290213	9290233	ssa3_15262461_15262956.maf
ssa03	LG03	9290233	9290292	ssa3_15262461_15262956.maf
ssa03	LG03	9288346	9288359	ssa3_15269426_15269976.maf
ssa03	LG03	9288367	9288386	ssa3_15269426_15269976.maf
ssa03	LG03	9288394	9288418	ssa3_15269426_15269976.maf
ssa03	LG03	9225475	9225493	ssa3_15377525_15378010.maf
ssa03	LG03	9225493	9225601	ssa3_15377525_15378010.maf
ssa03	LG03	9214265	9214282	ssa3_15392051_15392447.maf
ssa03	LG03	9214291	9214324	ssa3_15392051_15392447.maf
ssa03	LG03	9211826	9211837	ssa3_15395100_15395751.maf
ssa03	LG03	9211907	9211932	ssa3_15395100_15395751.maf
ssa03	LG03	9211932	9211973	ssa3_15395100_15395751.maf
ssa03	LG03	8829695	8829765	ssa3_16006976_16007492.maf
ssa03	LG03	33943665	33943750	ssa3_18143748_18144510.maf
ssa03	LG03	33184365	33184443	ssa3_18401755_18402185.maf
ssa03	LG03	33141628	33141728	ssa3_18500996_18501747.maf
ssa03	LG03	33141728	33141746	ssa3_18500996_18501747.maf
ssa03	LG03	33126028	33126047	ssa3_18521904_18522979.maf
ssa03	LG03	33126441	33126479	ssa3_18521904_18522979.maf
ssa03	LG03	33126479	33126491	ssa3_18521904_18522979.maf
ssa03	LG03	33126491	33126503	ssa3_18521904_18522979.maf
ssa03	LG03	33126660	33126679	ssa3_18521904_18522979.maf
ssa03	LG03	33126679	33126738	ssa3_18521904_18522979.maf
ssa03	LG03	33101402	33101442	ssa3_18561620_18563812.maf
ssa03	LG03	32859751	32859795	ssa3_18658857_18659383.maf
ssa03	LG03	32859991	32860022	ssa3_18658857_18659383.maf
ssa03	LG03	32860022	32860113	ssa3_18658857_18659383.maf
ssa03	LG03	32844238	32844257	ssa3_18683569_18684788.maf
ssa03	LG03	32844257	32844271	ssa3_18683569_18684788.maf
ssa03	LG03	32844278	32844317	ssa3_18683569_18684788.maf
ssa03	LG03	32819165	32819316	ssa3_18728188_18729383.maf
ssa03	LG03	32819482	32819495	ssa3_18728188_18729383.maf
ssa03	LG03	32819514	32819536	ssa3_18728188_18729383.maf
ssa03	LG03	32819536	32819547	ssa3_18728188_18729383.maf
ssa03	LG03	32819664	32819684	ssa3_18728188_18729383.maf
ssa03	LG03	31934591	31934652	ssa3_19755894_19756582.maf
ssa03	LG03	31683719	31683753	ssa3_20096200_20097190.maf
ssa03	LG03	31683753	31683853	ssa3_20096200_20097190.maf
ssa03	LG03	28986460	28986490	ssa3_20668971_20669808.maf
ssa03	LG03	28986490	28986506	ssa3_20668971_20669808.maf
ssa03	LG03	28986508	28986790	ssa3_20668971_20669808.maf
ssa03	LG03	28986839	28986869	ssa3_20668971_20669808.maf
ssa03	LG03	28988372	28988553	ssa3_20670913_20671566.maf
ssa03	LG03	28988627	28988846	ssa3_20670913_20671566.maf
ssa03	LG03	29093359	29093374	ssa3_20824113_20825144.maf
ssa03	LG03	29479405	29479436	ssa3_21408998_21410237.maf
ssa03	LG03	29479536	29479560	ssa3_21408998_21410237.maf
ssa03	LG03	29479720	29479765	ssa3_21408998_21410237.maf
ssa03	LG03	29479765	29479805	ssa3_21408998_21410237.maf
ssa03	LG03	29479805	29479896	ssa3_21408998_21410237.maf
ssa03	LG03	29479904	29479923	ssa3_21408998_21410237.maf
ssa03	LG03	29479936	29479953	ssa3_21408998_21410237.maf
ssa03	LG03	29479956	29479996	ssa3_21408998_21410237.maf
ssa03	LG03	29480025	29480040	ssa3_21408998_21410237.maf
ssa03	LG03	29631805	29631818	ssa3_21604667_21605377.maf
ssa03	LG03	29631821	29631860	ssa3_21604667_21605377.maf
ssa03	LG03	29631860	29631879	ssa3_21604667_21605377.maf
ssa03	LG03	29632147	29632217	ssa3_21604667_21605377.maf
ssa03	LG03	29632217	29632228	ssa3_21604667_21605377.maf
ssa03	LG03	29632232	29632255	ssa3_21604667_21605377.maf
ssa03	LG03	30315638	30315689	ssa3_22398735_22399224.maf
ssa03	LG03	30315729	30315761	ssa3_22398735_22399224.maf
ssa03	LG03	30408316	30408335	ssa3_22513621_22514468.maf
ssa03	LG03	30408372	30408385	ssa3_22513621_22514468.maf
ssa03	LG03	30408790	30408801	ssa3_22513621_22514468.maf
ssa03	LG03	30421651	30421771	ssa3_22533468_22534090.maf
ssa03	LG03	30421771	30421783	ssa3_22533468_22534090.maf
ssa03	LG03	30422008	30422025	ssa3_22533468_22534090.maf
ssa03	LG03	30422036	30422129	ssa3_22533468_22534090.maf
ssa03	LG03	30436216	30436259	ssa3_22553305_22554180.maf
ssa03	LG03	30436259	30436291	ssa3_22553305_22554180.maf
ssa03	LG03	30459549	30459638	ssa3_22582699_22583822.maf
ssa03	LG03	30731693	30731717	ssa3_22815979_22816438.maf
ssa03	LG03	30731717	30731730	ssa3_22815979_22816438.maf
ssa03	LG03	30731730	30731741	ssa3_22815979_22816438.maf
ssa03	LG03	30731741	30731760	ssa3_22815979_22816438.maf
ssa03	LG03	30765612	30765640	ssa3_22855871_22856700.maf
ssa03	LG03	30765652	30765671	ssa3_22855871_22856700.maf
ssa03	LG03	30765671	30765723	ssa3_22855871_22856700.maf
ssa03	LG03	30765775	30765843	ssa3_22855871_22856700.maf
ssa03	LG03	26982396	26982425	ssa3_23010758_23011518.maf
ssa03	LG03	26961748	26961812	ssa3_23041280_23041971.maf
ssa03	LG03	26961812	26961857	ssa3_23041280_23041971.maf
ssa03	LG03	26962103	26962175	ssa3_23041280_23041971.maf
ssa03	LG03	26962784	26962861	ssa3_23041280_23041971.maf
ssa03	LG03	26868851	26868970	ssa3_23158783_23159611.maf
ssa03	LG03	26865639	26865704	ssa3_23172768_23173741.maf
ssa03	LG03	26843211	26843240	ssa3_23206177_23206427.maf
ssa03	LG03	26843240	26843258	ssa3_23206177_23206427.maf
ssa03	LG03	26843258	26843282	ssa3_23206177_23206427.maf
ssa03	LG03	26843282	26843300	ssa3_23206177_23206427.maf
ssa03	LG03	26843305	26843319	ssa3_23206177_23206427.maf
ssa03	LG03	26754468	26754495	ssa3_23368708_23369691.maf
ssa03	LG03	26754495	26754552	ssa3_23368708_23369691.maf
ssa03	LG03	26754809	26754889	ssa3_23368708_23369691.maf
ssa03	LG03	26755034	26755181	ssa3_23368708_23369691.maf
ssa03	LG03	26564145	26564225	ssa3_23540135_23541109.maf
ssa03	LG03	26523888	26523910	ssa3_23571616_23572412.maf
ssa03	LG03	26523915	26523933	ssa3_23571616_23572412.maf
ssa03	LG03	26523933	26524001	ssa3_23571616_23572412.maf
ssa03	LG03	26524001	26524018	ssa3_23571616_23572412.maf
ssa03	LG03	25830035	25830099	ssa3_24269049_24269598.maf
ssa03	LG03	25787359	25787391	ssa3_24331402_24332394.maf
ssa03	LG03	25787391	25787420	ssa3_24331402_24332394.maf
ssa03	LG03	25785405	25785456	ssa3_24333785_24334266.maf
ssa03	LG03	25785678	25785778	ssa3_24333785_24334266.maf
ssa03	LG03	25785778	25785793	ssa3_24333785_24334266.maf
ssa03	LG03	25457504	25457559	ssa3_24647393_24648210.maf
ssa03	LG03	24973863	24973914	ssa3_25316830_25318146.maf
ssa03	LG03	24973916	24973961	ssa3_25316830_25318146.maf
ssa03	LG03	24538494	24538569	ssa3_25915290_25916225.maf
ssa03	LG03	23845257	23845304	ssa3_26788306_26789256.maf
ssa03	LG03	23845327	23845343	ssa3_26788306_26789256.maf
ssa03	LG03	23845356	23845366	ssa3_26788306_26789256.maf
ssa03	LG03	23684390	23684400	ssa3_26976220_26977360.maf
ssa03	LG03	23684400	23684436	ssa3_26976220_26977360.maf
ssa03	LG03	23684436	23684451	ssa3_26976220_26977360.maf
ssa03	LG03	23132116	23132179	ssa3_27805790_27806237.maf
ssa03	LG03	23007008	23007354	ssa3_27967203_27967905.maf
ssa03	LG03	22822151	22822262	ssa3_28254865_28255334.maf
ssa03	LG03	22743240	22743267	ssa3_28406541_28407558.maf
ssa03	LG03	22546871	22546947	ssa3_28805360_28806899.maf
ssa03	LG03	22546947	22547042	ssa3_28805360_28806899.maf
ssa03	LG03	22547368	22547453	ssa3_28805360_28806899.maf
ssa03	LG03	22544308	22544318	ssa3_28808916_28809803.maf
ssa03	LG03	22544318	22544400	ssa3_28808916_28809803.maf
ssa03	LG03	22544420	22544440	ssa3_28808916_28809803.maf
ssa03	LG03	22539650	22539661	ssa3_28813318_28814475.maf
ssa03	LG03	22539677	22539689	ssa3_28813318_28814475.maf
ssa03	LG03	22539689	22539701	ssa3_28813318_28814475.maf
ssa03	LG03	22539701	22539726	ssa3_28813318_28814475.maf
ssa03	LG03	22539730	22539749	ssa3_28813318_28814475.maf
ssa03	LG03	22540376	22540415	ssa3_28813318_28814475.maf
ssa03	LG03	22280938	22280962	ssa3_29279911_29281316.maf
ssa03	LG03	22280998	22281029	ssa3_29279911_29281316.maf
ssa03	LG03	22281269	22281296	ssa3_29279911_29281316.maf
ssa03	LG03	22281303	22281313	ssa3_29279911_29281316.maf
ssa03	LG03	22281313	22281324	ssa3_29279911_29281316.maf
ssa03	LG03	22281324	22281339	ssa3_29279911_29281316.maf
ssa03	LG03	22281339	22281354	ssa3_29279911_29281316.maf
ssa03	LG03	22281354	22281397	ssa3_29279911_29281316.maf
ssa03	LG03	22281397	22281407	ssa3_29279911_29281316.maf
ssa03	LG03	22281410	22281433	ssa3_29279911_29281316.maf
ssa03	LG03	22281433	22281447	ssa3_29279911_29281316.maf
ssa03	LG03	22281447	22281459	ssa3_29279911_29281316.maf
ssa03	LG03	22281494	22281533	ssa3_29279911_29281316.maf
ssa03	LG03	22281541	22281551	ssa3_29279911_29281316.maf
ssa03	LG03	22281551	22281572	ssa3_29279911_29281316.maf
ssa03	LG03	22281583	22281598	ssa3_29279911_29281316.maf
ssa03	LG03	22281598	22281610	ssa3_29279911_29281316.maf
ssa03	LG03	22281610	22281707	ssa3_29279911_29281316.maf
ssa03	LG03	22281747	22281761	ssa3_29279911_29281316.maf
ssa03	LG03	22281761	22281805	ssa3_29279911_29281316.maf
ssa03	LG03	22281805	22281934	ssa3_29279911_29281316.maf
ssa03	LG03	22281942	22282014	ssa3_29279911_29281316.maf
ssa03	LG03	22282014	22282045	ssa3_29279911_29281316.maf
ssa03	LG03	22282075	22282137	ssa3_29279911_29281316.maf
ssa03	LG03	22258193	22258222	ssa3_29305234_29305968.maf
ssa03	LG03	22258401	22258473	ssa3_29305234_29305968.maf
ssa03	LG03	22258543	22258555	ssa3_29305234_29305968.maf
ssa03	LG03	22244524	22244594	ssa3_29331712_29332305.maf
ssa03	LG03	22244599	22244713	ssa3_29331712_29332305.maf
ssa03	LG03	22244759	22244805	ssa3_29331712_29332305.maf
ssa03	LG03	22230234	22230365	ssa3_29353704_29354681.maf
ssa03	LG03	21893086	21893254	ssa3_29951172_29951851.maf
ssa03	LG03	21893343	21893365	ssa3_29951172_29951851.maf
ssa03	LG03	21893378	21893388	ssa3_29951172_29951851.maf
ssa03	LG03	21893403	21893419	ssa3_29951172_29951851.maf
ssa03	LG03	21893580	21893634	ssa3_29951172_29951851.maf
ssa03	LG03	21893636	21893649	ssa3_29951172_29951851.maf
ssa03	LG03	21559868	21559919	ssa3_30342105_30342838.maf
ssa03	LG03	21262737	21262774	ssa3_30765399_30765690.maf
ssa03	LG03	21262774	21262786	ssa3_30765399_30765690.maf
ssa03	LG03	21221270	21221282	ssa3_30821544_30822902.maf
ssa03	LG03	21221282	21221294	ssa3_30821544_30822902.maf
ssa03	LG03	21221294	21221344	ssa3_30821544_30822902.maf
ssa03	LG03	21221345	21221364	ssa3_30821544_30822902.maf
ssa03	LG03	20561608	20561624	ssa3_31750408_31751523.maf
ssa03	LG03	20561755	20561766	ssa3_31750408_31751523.maf
ssa03	LG03	20561766	20561943	ssa3_31750408_31751523.maf
ssa03	LG03	20561945	20561959	ssa3_31750408_31751523.maf
ssa03	LG03	20561959	20561969	ssa3_31750408_31751523.maf
ssa03	LG03	20562444	20562455	ssa3_31750408_31751523.maf
ssa03	LG03	20562455	20562494	ssa3_31750408_31751523.maf
ssa03	LG03	20562511	20562526	ssa3_31750408_31751523.maf
ssa03	LG03	20562600	20562618	ssa3_31750408_31751523.maf
ssa03	LG03	20562625	20562666	ssa3_31750408_31751523.maf
ssa03	LG03	20562666	20562678	ssa3_31750408_31751523.maf
ssa03	LG03	20562685	20562699	ssa3_31750408_31751523.maf
ssa03	LG03	20488698	20488792	ssa3_31902285_31903459.maf
ssa03	LG03	20488888	20489217	ssa3_31902285_31903459.maf
ssa03	LG03	20489549	20489749	ssa3_31902285_31903459.maf
ssa03	LG03	20228785	20228803	ssa3_32406511_32406989.maf
ssa03	LG03	20228803	20228840	ssa3_32406511_32406989.maf
ssa03	LG03	20228850	20228944	ssa3_32406511_32406989.maf
ssa03	LG03	20228944	20228974	ssa3_32406511_32406989.maf
ssa03	LG03	20228974	20229015	ssa3_32406511_32406989.maf
ssa03	LG03	20229052	20229080	ssa3_32406511_32406989.maf
ssa03	LG03	20222385	20222429	ssa3_32430183_32431044.maf
ssa03	LG03	20222429	20222443	ssa3_32430183_32431044.maf
ssa03	LG03	20222509	20222529	ssa3_32430183_32431044.maf
ssa03	LG03	20222529	20222566	ssa3_32430183_32431044.maf
ssa03	LG03	20218603	20218618	ssa3_32439639_32439919.maf
ssa03	LG03	20218618	20218662	ssa3_32439639_32439919.maf
ssa03	LG03	20218662	20218723	ssa3_32439639_32439919.maf
ssa03	LG03	20215508	20215519	ssa3_32443448_32444363.maf
ssa03	LG03	20215531	20215566	ssa3_32443448_32444363.maf
ssa03	LG03	20215622	20215655	ssa3_32443448_32444363.maf
ssa03	LG03	20176503	20176677	ssa3_32501702_32502096.maf
ssa03	LG03	20176684	20176782	ssa3_32501702_32502096.maf
ssa03	LG03	20009149	20009162	ssa3_32743488_32744053.maf
ssa03	LG03	19944316	19944351	ssa3_32813514_32815321.maf
ssa03	LG03	19899102	19899117	ssa3_32882361_32882983.maf
ssa03	LG03	19899117	19899295	ssa3_32882361_32882983.maf
ssa03	LG03	19899295	19899437	ssa3_32882361_32882983.maf
ssa03	LG03	19899437	19899448	ssa3_32882361_32882983.maf
ssa03	LG03	19890968	19890993	ssa3_32887925_32888354.maf
ssa03	LG03	19890993	19891108	ssa3_32887925_32888354.maf
ssa03	LG03	19871096	19871126	ssa3_32902659_32904051.maf
ssa03	LG03	19871126	19871166	ssa3_32902659_32904051.maf
ssa03	LG03	19853738	19853775	ssa3_32944372_32945199.maf
ssa03	LG03	19853775	19853841	ssa3_32944372_32945199.maf
ssa03	LG03	19848854	19848867	ssa3_32948171_32948924.maf
ssa03	LG03	19848867	19848895	ssa3_32948171_32948924.maf
ssa03	LG03	19848897	19848942	ssa3_32948171_32948924.maf
ssa03	LG03	19848942	19848971	ssa3_32948171_32948924.maf
ssa03	LG03	19848971	19849035	ssa3_32948171_32948924.maf
ssa03	LG03	19788696	19788884	ssa3_33043214_33045379.maf
ssa03	LG03	19788936	19788958	ssa3_33043214_33045379.maf
ssa03	LG03	19789498	19789508	ssa3_33043214_33045379.maf
ssa03	LG03	19789510	19789558	ssa3_33043214_33045379.maf
ssa03	LG03	19789558	19789633	ssa3_33043214_33045379.maf
ssa03	LG03	19789642	19789656	ssa3_33043214_33045379.maf
ssa03	LG03	19789736	19789770	ssa3_33043214_33045379.maf
ssa03	LG03	19789770	19789809	ssa3_33043214_33045379.maf
ssa03	LG03	19789894	19789906	ssa3_33043214_33045379.maf
ssa03	LG03	19789938	19789967	ssa3_33043214_33045379.maf
ssa03	LG03	19789967	19789978	ssa3_33043214_33045379.maf
ssa03	LG03	19790010	19790030	ssa3_33043214_33045379.maf
ssa03	LG03	19790044	19790084	ssa3_33043214_33045379.maf
ssa03	LG03	19790339	19790393	ssa3_33043214_33045379.maf
ssa03	LG03	19790702	19790813	ssa3_33043214_33045379.maf
ssa03	LG03	19597049	19597080	ssa3_33363570_33364521.maf
ssa03	LG03	19597285	19597314	ssa3_33363570_33364521.maf
ssa03	LG03	19174997	19175026	ssa3_33957251_33957588.maf
ssa03	LG03	19175107	19175148	ssa3_33957251_33957588.maf
ssa03	LG03	19175150	19175203	ssa3_33957251_33957588.maf
ssa03	LG03	19175203	19175213	ssa3_33957251_33957588.maf
ssa03	LG03	18648381	18648393	ssa3_34798237_34798930.maf
ssa03	LG03	18648561	18648584	ssa3_34798237_34798930.maf
ssa03	LG03	18648593	18648606	ssa3_34798237_34798930.maf
ssa03	LG03	18626541	18626583	ssa3_34807432_34807797.maf
ssa03	LG03	18612807	18612856	ssa3_34826285_34827423.maf
ssa03	LG03	18612856	18612887	ssa3_34826285_34827423.maf
ssa03	LG03	18613041	18613098	ssa3_34826285_34827423.maf
ssa03	LG03	18613098	18613108	ssa3_34826285_34827423.maf
ssa03	LG03	18613193	18613292	ssa3_34826285_34827423.maf
ssa03	LG03	18613292	18613362	ssa3_34826285_34827423.maf
ssa03	LG03	18613362	18613419	ssa3_34826285_34827423.maf
ssa03	LG03	18613419	18613437	ssa3_34826285_34827423.maf
ssa03	LG03	18613437	18613461	ssa3_34826285_34827423.maf
ssa03	LG03	18613549	18613559	ssa3_34826285_34827423.maf
ssa03	LG03	18584900	18584934	ssa3_34867908_34869083.maf
ssa03	LG03	18581459	18581481	ssa3_34899583_34901486.maf
ssa03	LG03	18581517	18581527	ssa3_34899583_34901486.maf
ssa03	LG03	18581535	18581625	ssa3_34899583_34901486.maf
ssa03	LG03	18573690	18573704	ssa3_34923435_34923938.maf
ssa03	LG03	18573757	18573827	ssa3_34923435_34923938.maf
ssa03	LG03	18573827	18573845	ssa3_34923435_34923938.maf
ssa03	LG03	18573845	18573878	ssa3_34923435_34923938.maf
ssa03	LG03	18526562	18526611	ssa3_34965175_34966419.maf
ssa03	LG03	18526611	18526635	ssa3_34965175_34966419.maf
ssa03	LG03	18526671	18526701	ssa3_34965175_34966419.maf
ssa03	LG03	18418706	18418736	ssa3_35092490_35092918.maf
ssa03	LG03	18418736	18418770	ssa3_35092490_35092918.maf
ssa03	LG03	18418823	18418864	ssa3_35092490_35092918.maf
ssa03	LG03	18093964	18093984	ssa3_35615274_35616332.maf
ssa03	LG03	18094211	18094263	ssa3_35615274_35616332.maf
ssa03	LG03	18094718	18094730	ssa3_35615274_35616332.maf
ssa03	LG03	17931701	17931915	ssa3_35860543_35861086.maf
ssa03	LG03	17927470	17927526	ssa3_35884090_35884900.maf
ssa03	LG03	17927526	17927565	ssa3_35884090_35884900.maf
ssa03	LG03	17915996	17916006	ssa3_35908528_35909007.maf
ssa03	LG03	17916006	17916026	ssa3_35908528_35909007.maf
ssa03	LG03	17916026	17916045	ssa3_35908528_35909007.maf
ssa03	LG03	17628275	17628290	ssa3_36571419_36571827.maf
ssa03	LG03	17628297	17628311	ssa3_36571419_36571827.maf
ssa03	LG03	17628342	17628372	ssa3_36571419_36571827.maf
ssa03	LG03	17628372	17628388	ssa3_36571419_36571827.maf
ssa03	LG03	17624101	17624119	ssa3_36572500_36572763.maf
ssa03	LG03	17624119	17624172	ssa3_36572500_36572763.maf
ssa03	LG03	17211724	17211886	ssa3_37121708_37122234.maf
ssa03	LG03	17211895	17211906	ssa3_37121708_37122234.maf
ssa03	LG03	17201860	17201880	ssa3_37136324_37137160.maf
ssa03	LG03	17201880	17201890	ssa3_37136324_37137160.maf
ssa03	LG03	17201890	17201938	ssa3_37136324_37137160.maf
ssa03	LG03	17199012	17199027	ssa3_37146207_37147563.maf
ssa03	LG03	17199035	17199045	ssa3_37146207_37147563.maf
ssa03	LG03	17090140	17090151	ssa3_37313106_37313856.maf
ssa03	LG03	15985297	15985341	ssa3_38997005_38997607.maf
ssa03	LG03	15985341	15985393	ssa3_38997005_38997607.maf
ssa03	LG03	15985515	15985583	ssa3_38997005_38997607.maf
ssa03	LG03	15918445	15918492	ssa3_39064902_39065694.maf
ssa03	LG03	15915645	15915670	ssa3_39069084_39069934.maf
ssa03	LG03	15915670	15915681	ssa3_39069084_39069934.maf
ssa03	LG03	15915695	15915752	ssa3_39069084_39069934.maf
ssa03	LG03	15914781	15914872	ssa3_39073327_39073872.maf
ssa03	LG03	15915238	15915257	ssa3_39073327_39073872.maf
ssa03	LG03	15528705	15528781	ssa3_39718333_39719179.maf
ssa03	LG03	15528786	15528813	ssa3_39718333_39719179.maf
ssa03	LG03	15529712	15529774	ssa3_39718333_39719179.maf
ssa03	LG03	15522994	15523016	ssa3_39735925_39736391.maf
ssa03	LG03	15523016	15523035	ssa3_39735925_39736391.maf
ssa03	LG03	15523035	15523126	ssa3_39735925_39736391.maf
ssa03	LG03	15523126	15523136	ssa3_39735925_39736391.maf
ssa03	LG03	15523136	15523277	ssa3_39735925_39736391.maf
ssa03	LG03	15523279	15523331	ssa3_39735925_39736391.maf
ssa03	LG03	15362878	15362896	ssa3_39978468_39979464.maf
ssa03	LG03	15363052	15363088	ssa3_39978468_39979464.maf
ssa03	LG03	15363293	15363303	ssa3_39978468_39979464.maf
ssa03	LG03	15363303	15363314	ssa3_39978468_39979464.maf
ssa03	LG03	15230179	15230221	ssa3_40260988_40262149.maf
ssa03	LG03	15230221	15230341	ssa3_40260988_40262149.maf
ssa03	LG03	15230405	15230428	ssa3_40260988_40262149.maf
ssa03	LG03	15230428	15230490	ssa3_40260988_40262149.maf
ssa03	LG03	15230490	15230521	ssa3_40260988_40262149.maf
ssa03	LG03	15230521	15230532	ssa3_40260988_40262149.maf
ssa03	LG03	15230857	15230892	ssa3_40260988_40262149.maf
ssa03	LG03	13131954	13131968	ssa3_41510654_41511824.maf
ssa03	LG03	13132007	13132018	ssa3_41510654_41511824.maf
ssa03	LG03	13262112	13262142	ssa3_41827879_41828443.maf
ssa03	LG03	13591213	13591226	ssa3_42240489_42241766.maf
ssa03	LG03	13591254	13591274	ssa3_42240489_42241766.maf
ssa03	LG03	13591281	13591314	ssa3_42240489_42241766.maf
ssa03	LG03	13653610	13653660	ssa3_42374159_42375057.maf
ssa03	LG03	13653888	13653919	ssa3_42374159_42375057.maf
ssa03	LG03	13653919	13653948	ssa3_42374159_42375057.maf
ssa03	LG03	13718544	13718580	ssa3_42443765_42444623.maf
ssa03	LG03	13718580	13718606	ssa3_42443765_42444623.maf
ssa03	LG03	13945435	13945490	ssa3_42870157_42871298.maf
ssa03	LG03	13945493	13945510	ssa3_42870157_42871298.maf
ssa03	LG03	13945628	13945670	ssa3_42870157_42871298.maf
ssa03	LG03	13945683	13945713	ssa3_42870157_42871298.maf
ssa03	LG03	13945721	13945760	ssa3_42870157_42871298.maf
ssa03	LG03	13945777	13945798	ssa3_42870157_42871298.maf
ssa03	LG03	14197939	14198012	ssa3_43325559_43326343.maf
ssa03	LG03	14198012	14198023	ssa3_43325559_43326343.maf
ssa03	LG03	14364217	14364311	ssa3_43797683_43798381.maf
ssa03	LG03	14485706	14485800	ssa3_44020019_44020979.maf
ssa03	LG03	14649075	14649095	ssa3_44359559_44361141.maf
ssa03	LG03	14649109	14649122	ssa3_44359559_44361141.maf
ssa03	LG03	14649122	14649164	ssa3_44359559_44361141.maf
ssa03	LG03	14649164	14649216	ssa3_44359559_44361141.maf
ssa03	LG03	14649216	14649233	ssa3_44359559_44361141.maf
ssa03	LG03	14649300	14649310	ssa3_44359559_44361141.maf
ssa03	LG03	14649310	14649380	ssa3_44359559_44361141.maf
ssa03	LG03	14649402	14649415	ssa3_44359559_44361141.maf
ssa03	LG03	14649415	14649453	ssa3_44359559_44361141.maf
ssa03	LG03	14649453	14649477	ssa3_44359559_44361141.maf
ssa03	LG03	14649477	14649516	ssa3_44359559_44361141.maf
ssa03	LG03	14649516	14649562	ssa3_44359559_44361141.maf
ssa03	LG03	14881314	14881350	ssa3_44728444_44729041.maf
ssa03	LG03	14886750	14886852	ssa3_44735026_44735608.maf
ssa03	LG12	26696143	26696157	ssa3_45811170_45812129.maf
ssa03	LG12	26696198	26696209	ssa3_45811170_45812129.maf
ssa03	LG12	26696228	26696260	ssa3_45811170_45812129.maf
ssa03	LG12	26696263	26696293	ssa3_45811170_45812129.maf
ssa03	LG12	26620149	26620162	ssa3_45901706_45902732.maf
ssa03	LG12	26620162	26620208	ssa3_45901706_45902732.maf
ssa03	LG12	26620224	26620248	ssa3_45901706_45902732.maf
ssa03	LG12	26451451	26451461	ssa3_46330224_46330819.maf
ssa03	LG12	26451461	26451506	ssa3_46330224_46330819.maf
ssa03	LG12	26451506	26451545	ssa3_46330224_46330819.maf
ssa03	LG12	26435577	26435671	ssa3_46371087_46371587.maf
ssa03	LG12	26386379	26386394	ssa3_46453574_46454260.maf
ssa03	LG12	26386394	26386417	ssa3_46453574_46454260.maf
ssa03	LG12	26386509	26386571	ssa3_46453574_46454260.maf
ssa03	LG12	26386571	26386717	ssa3_46453574_46454260.maf
ssa03	LG12	26386790	26386859	ssa3_46453574_46454260.maf
ssa03	LG12	26306109	26306127	ssa3_46541695_46543156.maf
ssa03	LG12	26306132	26306184	ssa3_46541695_46543156.maf
ssa03	LG11	49231464	49231481	ssa3_51942271_51942750.maf
ssa03	LG11	46861244	46861261	ssa3_52217149_52218119.maf
ssa03	LG11	46861261	46861291	ssa3_52217149_52218119.maf
ssa03	LG11	46883364	46883375	ssa3_52230616_52231174.maf
ssa03	LG11	47798017	47798074	ssa3_53086806_53088134.maf
ssa03	LG11	47853113	47853165	ssa3_53161359_53162358.maf
ssa03	LG11	16535711	16535771	ssa3_56676461_56676788.maf
ssa03	LG11	16535833	16535892	ssa3_56676461_56676788.maf
ssa03	LG03	4512506	4512542	ssa3_5889858_5890242.maf
ssa03	LG11	7904018	7904042	ssa3_64940791_64941364.maf
ssa03	LG11	7868530	7868664	ssa3_64981574_64982389.maf
ssa03	LG11	7868664	7868691	ssa3_64981574_64982389.maf
ssa03	LG11	7868856	7868932	ssa3_64981574_64982389.maf
ssa03	LG11	5939662	5939683	ssa3_67031706_67032578.maf
ssa03	LG11	5700692	5700704	ssa3_67256022_67256282.maf
ssa03	LG11	5346786	5346813	ssa3_67505908_67507074.maf
ssa03	LG11	5347250	5347264	ssa3_67505908_67507074.maf
ssa03	LG11	5347264	5347307	ssa3_67505908_67507074.maf
ssa03	LG11	5155061	5155134	ssa3_67659319_67660291.maf
ssa03	LG11	5155134	5155178	ssa3_67659319_67660291.maf
ssa03	LG11	5156043	5156105	ssa3_67659319_67660291.maf
ssa03	LG11	19627018	19627110	ssa3_69037615_69038078.maf
ssa03	LG11	19627110	19627134	ssa3_69037615_69038078.maf
ssa03	LG11	30225327	30225417	ssa3_69572870_69573252.maf
ssa04	LG25	8850032	8850212	ssa4_12920981_12921867.maf
ssa04	LG25	8850212	8850236	ssa4_12920981_12921867.maf
ssa04	LG25	8850236	8850247	ssa4_12920981_12921867.maf
ssa04	LG25	8850247	8850382	ssa4_12920981_12921867.maf
ssa04	LG25	7506714	7506724	ssa4_14795735_14796236.maf
ssa04	LG25	7506812	7506866	ssa4_14795735_14796236.maf
ssa04	LG25	7506866	7506913	ssa4_14795735_14796236.maf
ssa04	LG25	7506913	7506924	ssa4_14795735_14796236.maf
ssa04	LG25	15769128	15769162	ssa4_24654665_24655614.maf
ssa04	LG25	15769162	15769186	ssa4_24654665_24655614.maf
ssa04	LG07	48694344	48694385	ssa4_35424076_35425131.maf
ssa04	LG07	48705511	48705530	ssa4_35436498_35437364.maf
ssa04	LG07	48705530	48705571	ssa4_35436498_35437364.maf
ssa04	LG07	48705571	48705675	ssa4_35436498_35437364.maf
ssa04	LG07	48705679	48705692	ssa4_35436498_35437364.maf
ssa04	LG07	48750211	48750311	ssa4_35475233_35476286.maf
ssa04	LG07	49366329	49366339	ssa4_36116084_36116603.maf
ssa04	LG07	49366339	49366400	ssa4_36116084_36116603.maf
ssa04	LG07	49366400	49366416	ssa4_36116084_36116603.maf
ssa04	LG07	49366416	49366432	ssa4_36116084_36116603.maf
ssa04	LG07	49371364	49371384	ssa4_36120874_36121327.maf
ssa04	LG07	49371384	49371403	ssa4_36120874_36121327.maf
ssa04	LG07	49371403	49371520	ssa4_36120874_36121327.maf
ssa04	LG07	49371626	49371643	ssa4_36120874_36121327.maf
ssa04	LG07	42194429	42194487	ssa4_37094376_37095088.maf
ssa04	LG07	42194487	42194505	ssa4_37094376_37095088.maf
ssa04	LG07	43441264	43441373	ssa4_38167246_38167586.maf
ssa04	LG07	43441390	43441422	ssa4_38167246_38167586.maf
ssa04	LG07	43654487	43654500	ssa4_38398347_38398788.maf
ssa04	LG07	40796725	40796759	ssa4_39529936_39531184.maf
ssa04	LG07	40797034	40797062	ssa4_39529936_39531184.maf
ssa04	LG07	40797100	40797135	ssa4_39529936_39531184.maf
ssa04	LG07	40797359	40797409	ssa4_39529936_39531184.maf
ssa04	LG07	40781569	40781618	ssa4_39533295_39534056.maf
ssa04	LG07	40781662	40781677	ssa4_39533295_39534056.maf
ssa04	LG07	40781735	40781839	ssa4_39533295_39534056.maf
ssa04	LG07	40715484	40715585	ssa4_39612559_39614163.maf
ssa04	LG07	40716312	40716326	ssa4_39612559_39614163.maf
ssa04	LG07	40716367	40716410	ssa4_39612559_39614163.maf
ssa04	LG07	40698654	40698683	ssa4_39624949_39625489.maf
ssa04	LG07	40698683	40698705	ssa4_39624949_39625489.maf
ssa04	LG07	40698705	40698716	ssa4_39624949_39625489.maf
ssa04	LG07	40699181	40699193	ssa4_39624949_39625489.maf
ssa04	LG07	40699193	40699266	ssa4_39624949_39625489.maf
ssa04	LG07	40699400	40699416	ssa4_39624949_39625489.maf
ssa04	LG07	40699440	40699458	ssa4_39624949_39625489.maf
ssa04	LG07	40638903	40638949	ssa4_39670966_39671513.maf
ssa04	LG07	40603260	40603344	ssa4_39709549_39710129.maf
ssa04	LG07	40603344	40603359	ssa4_39709549_39710129.maf
ssa04	LG07	40570363	40570442	ssa4_39743192_39743852.maf
ssa04	LG07	40477354	40477408	ssa4_39893850_39894740.maf
ssa04	LG07	40381374	40381387	ssa4_40064918_40066161.maf
ssa04	LG07	40381387	40381412	ssa4_40064918_40066161.maf
ssa04	LG07	40381421	40381433	ssa4_40064918_40066161.maf
ssa04	LG07	40381482	40381504	ssa4_40064918_40066161.maf
ssa04	LG07	40381504	40381604	ssa4_40064918_40066161.maf
ssa04	LG07	40381949	40382022	ssa4_40064918_40066161.maf
ssa04	LG07	40382022	40382084	ssa4_40064918_40066161.maf
ssa04	LG07	40382085	40382096	ssa4_40064918_40066161.maf
ssa04	LG07	40382162	40382181	ssa4_40064918_40066161.maf
ssa04	LG07	40366538	40366553	ssa4_40083299_40085809.maf
ssa04	LG07	40366633	40366653	ssa4_40083299_40085809.maf
ssa04	LG07	39063989	39064062	ssa4_41626375_41627292.maf
ssa04	LG07	39064339	39064469	ssa4_41626375_41627292.maf
ssa04	LG07	39058169	39058247	ssa4_41632358_41632744.maf
ssa04	LG07	39056926	39056936	ssa4_41633577_41634610.maf
ssa04	LG07	39056939	39057042	ssa4_41633577_41634610.maf
ssa04	LG07	39057308	39057345	ssa4_41633577_41634610.maf
ssa04	LG07	39057345	39057362	ssa4_41633577_41634610.maf
ssa04	LG07	39057523	39057540	ssa4_41633577_41634610.maf
ssa04	LG07	39038809	39038824	ssa4_41656998_41657888.maf
ssa04	LG07	39038824	39038903	ssa4_41656998_41657888.maf
ssa04	LG07	38751401	38751463	ssa4_41886623_41887144.maf
ssa04	LG07	38038235	38038256	ssa4_42569460_42570175.maf
ssa04	LG07	37821199	37821295	ssa4_42847210_42847438.maf
ssa04	LG07	37611575	37611641	ssa4_43044842_43045702.maf
ssa04	LG07	37451644	37451684	ssa4_43219256_43220484.maf
ssa04	LG07	37451684	37451715	ssa4_43219256_43220484.maf
ssa04	LG07	37452088	37452103	ssa4_43219256_43220484.maf
ssa04	LG07	37452111	37452212	ssa4_43219256_43220484.maf
ssa04	LG07	37452238	37452328	ssa4_43219256_43220484.maf
ssa04	LG07	37043378	37043399	ssa4_43596122_43596958.maf
ssa04	LG07	37043403	37043514	ssa4_43596122_43596958.maf
ssa04	LG07	37043528	37043574	ssa4_43596122_43596958.maf
ssa04	LG07	37043882	37043911	ssa4_43596122_43596958.maf
ssa04	LG07	37012967	37013068	ssa4_43659497_43659851.maf
ssa04	LG07	36821498	36821636	ssa4_43889169_43889519.maf
ssa04	LG07	36821636	36821658	ssa4_43889169_43889519.maf
ssa04	LG07	36815192	36815209	ssa4_43892117_43892902.maf
ssa04	LG07	36815209	36815248	ssa4_43892117_43892902.maf
ssa04	LG07	36625364	36625376	ssa4_44121532_44122966.maf
ssa04	LG07	36625385	36625400	ssa4_44121532_44122966.maf
ssa04	LG07	36625400	36625430	ssa4_44121532_44122966.maf
ssa04	LG07	36625430	36625453	ssa4_44121532_44122966.maf
ssa04	LG07	36625685	36625833	ssa4_44121532_44122966.maf
ssa04	LG07	36626870	36626965	ssa4_44121532_44122966.maf
ssa04	LG07	36626979	36626992	ssa4_44121532_44122966.maf
ssa04	LG07	36627001	36627018	ssa4_44121532_44122966.maf
ssa04	LG07	36186080	36186096	ssa4_44554093_44556261.maf
ssa04	LG07	36186263	36186287	ssa4_44554093_44556261.maf
ssa04	LG07	36186349	36186364	ssa4_44554093_44556261.maf
ssa04	LG07	36165852	36165880	ssa4_44583117_44584433.maf
ssa04	LG07	35947678	35947741	ssa4_44819300_44820285.maf
ssa04	LG07	35947743	35947762	ssa4_44819300_44820285.maf
ssa04	LG07	35947762	35947805	ssa4_44819300_44820285.maf
ssa04	LG07	35948307	35948411	ssa4_44819300_44820285.maf
ssa04	LG07	35837871	35837999	ssa4_44884888_44885684.maf
ssa04	LG07	35837999	35838016	ssa4_44884888_44885684.maf
ssa04	LG07	35667692	35667736	ssa4_45038060_45038719.maf
ssa04	LG07	35667742	35667796	ssa4_45038060_45038719.maf
ssa04	LG07	35667796	35667862	ssa4_45038060_45038719.maf
ssa04	LG07	35667866	35667885	ssa4_45038060_45038719.maf
ssa04	LG07	35667885	35667917	ssa4_45038060_45038719.maf
ssa04	LG07	35667917	35667940	ssa4_45038060_45038719.maf
ssa04	LG07	35667943	35667958	ssa4_45038060_45038719.maf
ssa04	LG07	35667958	35667973	ssa4_45038060_45038719.maf
ssa04	LG07	35523703	35523738	ssa4_45190366_45191124.maf
ssa04	LG07	35523738	35523830	ssa4_45190366_45191124.maf
ssa04	LG07	35233909	35234019	ssa4_45704320_45705127.maf
ssa04	LG07	35234019	35234038	ssa4_45704320_45705127.maf
ssa04	LG07	34861321	34861352	ssa4_46184241_46185203.maf
ssa04	LG07	34861517	34861548	ssa4_46184241_46185203.maf
ssa04	LG07	34858379	34858591	ssa4_46192851_46193872.maf
ssa04	LG07	34335943	34335997	ssa4_46992367_46992948.maf
ssa04	LG07	34335997	34336051	ssa4_46992367_46992948.maf
ssa04	LG07	34336051	34336080	ssa4_46992367_46992948.maf
ssa04	LG07	34336080	34336106	ssa4_46992367_46992948.maf
ssa04	LG07	34198374	34198419	ssa4_47195228_47195831.maf
ssa04	LG07	34198419	34198473	ssa4_47195228_47195831.maf
ssa04	LG07	34198473	34198498	ssa4_47195228_47195831.maf
ssa04	LG07	34198501	34198515	ssa4_47195228_47195831.maf
ssa04	LG07	33931252	33931264	ssa4_47527008_47527807.maf
ssa04	LG07	33931264	33931293	ssa4_47527008_47527807.maf
ssa04	LG07	33931295	33931328	ssa4_47527008_47527807.maf
ssa04	LG07	33931766	33931782	ssa4_47527008_47527807.maf
ssa04	LG07	33931782	33931830	ssa4_47527008_47527807.maf
ssa04	LG07	33918498	33918512	ssa4_47547278_47547935.maf
ssa04	LG07	33918512	33918551	ssa4_47547278_47547935.maf
ssa04	LG07	33918736	33918780	ssa4_47547278_47547935.maf
ssa04	LG07	33918784	33918797	ssa4_47547278_47547935.maf
ssa04	LG07	33865293	33865372	ssa4_47613306_47614220.maf
ssa04	LG07	33849699	33849810	ssa4_47628611_47629657.maf
ssa04	LG07	33850175	33850202	ssa4_47628611_47629657.maf
ssa04	LG07	33850202	33850273	ssa4_47628611_47629657.maf
ssa04	LG07	33850273	33850310	ssa4_47628611_47629657.maf
ssa04	LG07	33850310	33850331	ssa4_47628611_47629657.maf
ssa04	LG07	33571926	33571943	ssa4_47973254_47973575.maf
ssa04	LG07	33571943	33571978	ssa4_47973254_47973575.maf
ssa04	LG07	33572018	33572169	ssa4_47973254_47973575.maf
ssa04	LG07	33567435	33567452	ssa4_47975514_47975830.maf
ssa04	LG07	33567452	33567462	ssa4_47975514_47975830.maf
ssa04	LG07	33567505	33567517	ssa4_47975514_47975830.maf
ssa04	LG07	33567524	33567628	ssa4_47975514_47975830.maf
ssa04	LG07	33251632	33251719	ssa4_48412232_48413350.maf
ssa04	LG07	33251719	33252001	ssa4_48412232_48413350.maf
ssa04	LG07	33205398	33205410	ssa4_48532105_48532873.maf
ssa04	LG07	33205433	33205445	ssa4_48532105_48532873.maf
ssa04	LG07	33205445	33205519	ssa4_48532105_48532873.maf
ssa04	LG07	33205888	33205957	ssa4_48532105_48532873.maf
ssa04	LG07	33206037	33206085	ssa4_48532105_48532873.maf
ssa04	LG07	32815462	32815475	ssa4_49154655_49155011.maf
ssa04	LG07	32809561	32809573	ssa4_49158675_49159317.maf
ssa04	LG07	32809592	32809621	ssa4_49158675_49159317.maf
ssa04	LG07	32809621	32809664	ssa4_49158675_49159317.maf
ssa04	LG07	32769654	32769670	ssa4_49199837_49200293.maf
ssa04	LG07	32769670	32769747	ssa4_49199837_49200293.maf
ssa04	LG07	32769756	32769767	ssa4_49199837_49200293.maf
ssa04	LG07	32769771	32769789	ssa4_49199837_49200293.maf
ssa04	LG07	31847862	31847954	ssa4_49748463_49748950.maf
ssa04	LG07	31840292	31840571	ssa4_49753700_49754420.maf
ssa04	LG07	31474485	31474692	ssa4_50199325_50200149.maf
ssa04	LG07	30677892	30677930	ssa4_51182953_51183719.maf
ssa04	LG07	30677930	30677940	ssa4_51182953_51183719.maf
ssa04	LG07	30677940	30678035	ssa4_51182953_51183719.maf
ssa04	LG07	30678035	30678052	ssa4_51182953_51183719.maf
ssa04	LG07	30678371	30678444	ssa4_51182953_51183719.maf
ssa04	LG07	30678444	30678464	ssa4_51182953_51183719.maf
ssa04	LG07	30059990	30060001	ssa4_51860560_51862112.maf
ssa04	LG07	30060001	30060028	ssa4_51860560_51862112.maf
ssa04	LG07	30060028	30060048	ssa4_51860560_51862112.maf
ssa04	LG07	30042144	30042229	ssa4_51864676_51865530.maf
ssa04	LG07	30042239	30042251	ssa4_51864676_51865530.maf
ssa04	LG07	30025619	30025665	ssa4_51882732_51883474.maf
ssa04	LG07	30025665	30025720	ssa4_51882732_51883474.maf
ssa04	LG07	30025720	30025737	ssa4_51882732_51883474.maf
ssa04	LG07	30025826	30025843	ssa4_51882732_51883474.maf
ssa04	LG07	30025843	30025854	ssa4_51882732_51883474.maf
ssa04	LG07	30025854	30025890	ssa4_51882732_51883474.maf
ssa04	LG07	29685342	29685355	ssa4_52346228_52347173.maf
ssa04	LG07	29685355	29685377	ssa4_52346228_52347173.maf
ssa04	LG07	29685955	29685989	ssa4_52346228_52347173.maf
ssa04	LG07	29548919	29548930	ssa4_52489737_52490211.maf
ssa04	LG07	29549003	29549053	ssa4_52489737_52490211.maf
ssa04	LG07	29549053	29549129	ssa4_52489737_52490211.maf
ssa04	LG07	28841677	28841739	ssa4_53377919_53379153.maf
ssa04	LG07	28841896	28841910	ssa4_53377919_53379153.maf
ssa04	LG07	28841910	28841943	ssa4_53377919_53379153.maf
ssa04	LG07	28842165	28842200	ssa4_53377919_53379153.maf
ssa04	LG07	28842588	28842598	ssa4_53377919_53379153.maf
ssa04	LG07	28842664	28842718	ssa4_53377919_53379153.maf
ssa04	LG07	28813710	28813730	ssa4_53444547_53445017.maf
ssa04	LG07	28813730	28813750	ssa4_53444547_53445017.maf
ssa04	LG07	28813750	28813810	ssa4_53444547_53445017.maf
ssa04	LG07	28813810	28813824	ssa4_53444547_53445017.maf
ssa04	LG07	28813824	28813878	ssa4_53444547_53445017.maf
ssa04	LG07	28813878	28813895	ssa4_53444547_53445017.maf
ssa04	LG07	28813924	28813951	ssa4_53444547_53445017.maf
ssa04	LG07	28785102	28785112	ssa4_53473415_53474349.maf
ssa04	LG07	28785116	28785144	ssa4_53473415_53474349.maf
ssa04	LG07	28785144	28785167	ssa4_53473415_53474349.maf
ssa04	LG07	28785167	28785180	ssa4_53473415_53474349.maf
ssa04	LG07	28785180	28785191	ssa4_53473415_53474349.maf
ssa04	LG07	28785309	28785325	ssa4_53473415_53474349.maf
ssa04	LG07	28781347	28781360	ssa4_53475569_53476855.maf
ssa04	LG07	28781374	28781385	ssa4_53475569_53476855.maf
ssa04	LG07	28781426	28781482	ssa4_53475569_53476855.maf
ssa04	LG07	28781884	28781945	ssa4_53475569_53476855.maf
ssa04	LG07	28782273	28782312	ssa4_53475569_53476855.maf
ssa04	LG07	28782347	28782361	ssa4_53475569_53476855.maf
ssa04	LG07	28726868	28727071	ssa4_53537642_53538149.maf
ssa04	LG07	28487273	28487384	ssa4_53811128_53811758.maf
ssa04	LG07	28487721	28487783	ssa4_53811128_53811758.maf
ssa04	LG07	28411469	28411526	ssa4_53914210_53915656.maf
ssa04	LG07	28411533	28411646	ssa4_53914210_53915656.maf
ssa04	LG07	28411646	28411739	ssa4_53914210_53915656.maf
ssa04	LG07	28411739	28411766	ssa4_53914210_53915656.maf
ssa04	LG07	28412711	28412789	ssa4_53914210_53915656.maf
ssa04	LG07	28412789	28412799	ssa4_53914210_53915656.maf
ssa04	LG07	28412878	28412939	ssa4_53914210_53915656.maf
ssa04	LG07	28412939	28412951	ssa4_53914210_53915656.maf
ssa04	LG07	28412958	28413023	ssa4_53914210_53915656.maf
ssa04	LG07	28309405	28309482	ssa4_54054521_54055026.maf
ssa04	LG07	28168952	28168978	ssa4_54293278_54293614.maf
ssa04	LG07	28168978	28169048	ssa4_54293278_54293614.maf
ssa04	LG07	28169055	28169074	ssa4_54293278_54293614.maf
ssa04	LG07	27595947	27596007	ssa4_55033247_55034375.maf
ssa04	LG07	27585854	27585922	ssa4_55073226_55074570.maf
ssa04	LG07	27585922	27585954	ssa4_55073226_55074570.maf
ssa04	LG07	27530465	27530527	ssa4_55143367_55144370.maf
ssa04	LG07	27480961	27481016	ssa4_55201972_55202833.maf
ssa04	LG07	27481016	27481042	ssa4_55201972_55202833.maf
ssa04	LG07	27481111	27481135	ssa4_55201972_55202833.maf
ssa04	LG07	26684851	26684891	ssa4_56293599_56294684.maf
ssa04	LG07	26685349	26685373	ssa4_56293599_56294684.maf
ssa04	LG07	26685488	26685540	ssa4_56293599_56294684.maf
ssa04	LG07	26685547	26685645	ssa4_56293599_56294684.maf
ssa04	LG07	26669857	26669909	ssa4_56295534_56296091.maf
ssa04	LG07	26669909	26669959	ssa4_56295534_56296091.maf
ssa04	LG07	26647673	26647750	ssa4_56338950_56339827.maf
ssa04	LG07	26647997	26648067	ssa4_56338950_56339827.maf
ssa04	LG07	26648075	26648095	ssa4_56338950_56339827.maf
ssa04	LG07	26648095	26648147	ssa4_56338950_56339827.maf
ssa04	LG07	26187585	26187626	ssa4_57034522_57035291.maf
ssa04	LG07	26187679	26187697	ssa4_57034522_57035291.maf
ssa04	LG07	26187955	26187991	ssa4_57034522_57035291.maf
ssa04	LG07	26187991	26188001	ssa4_57034522_57035291.maf
ssa04	LG07	26188001	26188018	ssa4_57034522_57035291.maf
ssa04	LG07	26026854	26026921	ssa4_57241531_57242266.maf
ssa04	LG07	25983538	25983612	ssa4_57274424_57274798.maf
ssa04	LG07	25983612	25983629	ssa4_57274424_57274798.maf
ssa04	LG07	25941621	25941713	ssa4_57345667_57346624.maf
ssa04	LG07	25904980	25905004	ssa4_57364542_57364892.maf
ssa04	LG07	25709309	25709415	ssa4_57607233_57608049.maf
ssa04	LG07	14257767	14257777	ssa4_58728500_58728893.maf
ssa04	LG07	14257825	14257839	ssa4_58728500_58728893.maf
ssa04	LG07	14492237	14492304	ssa4_58964914_58965749.maf
ssa04	LG07	14521893	14521960	ssa4_59020051_59020305.maf
ssa04	LG07	14525810	14525834	ssa4_59022916_59023749.maf
ssa04	LG07	14525843	14525925	ssa4_59022916_59023749.maf
ssa04	LG07	14525925	14525937	ssa4_59022916_59023749.maf
ssa04	LG07	14526673	14526695	ssa4_59022916_59023749.maf
ssa04	LG07	14526695	14526729	ssa4_59022916_59023749.maf
ssa04	LG07	14620085	14620142	ssa4_59135654_59136742.maf
ssa04	LG07	14620352	14620431	ssa4_59135654_59136742.maf
ssa04	LG07	14656385	14656413	ssa4_59188490_59189007.maf
ssa04	LG07	14656419	14656469	ssa4_59188490_59189007.maf
ssa04	LG07	14710254	14710269	ssa4_59277836_59278895.maf
ssa04	LG07	14710321	14710419	ssa4_59277836_59278895.maf
ssa04	LG07	14710446	14710461	ssa4_59277836_59278895.maf
ssa04	LG07	14710478	14710606	ssa4_59277836_59278895.maf
ssa04	LG07	14710607	14710623	ssa4_59277836_59278895.maf
ssa04	LG07	14710625	14710639	ssa4_59277836_59278895.maf
ssa04	LG07	14719574	14719650	ssa4_59284949_59285573.maf
ssa04	LG07	14807070	14807106	ssa4_59458758_59459034.maf
ssa04	LG07	14807156	14807187	ssa4_59458758_59459034.maf
ssa04	LG07	14931077	14931167	ssa4_59676048_59677237.maf
ssa04	LG07	14962779	14962933	ssa4_59712382_59713244.maf
ssa04	LG07	14962933	14962944	ssa4_59712382_59713244.maf
ssa04	LG07	14962944	14962958	ssa4_59712382_59713244.maf
ssa04	LG07	14962975	14963073	ssa4_59712382_59713244.maf
ssa04	LG07	14967018	14967080	ssa4_59718547_59719085.maf
ssa04	LG07	15066179	15066402	ssa4_59844435_59845289.maf
ssa04	LG07	15066411	15066463	ssa4_59844435_59845289.maf
ssa04	LG07	15066463	15066500	ssa4_59844435_59845289.maf
ssa04	LG07	15240154	15240176	ssa4_60076883_60077722.maf
ssa04	LG07	15240267	15240278	ssa4_60076883_60077722.maf
ssa04	LG07	15240334	15240369	ssa4_60076883_60077722.maf
ssa04	LG07	15240976	15240995	ssa4_60079669_60080101.maf
ssa04	LG07	15241003	15241039	ssa4_60079669_60080101.maf
ssa04	LG07	15732463	15732486	ssa4_60907037_60907695.maf
ssa04	LG07	15908060	15908089	ssa4_61137405_61137966.maf
ssa04	LG07	15908089	15908151	ssa4_61137405_61137966.maf
ssa04	LG07	16402423	16402515	ssa4_61830880_61831222.maf
ssa04	LG07	16402522	16402608	ssa4_61830880_61831222.maf
ssa04	LG07	16711772	16711804	ssa4_62211687_62212458.maf
ssa04	LG07	16711804	16711928	ssa4_62211687_62212458.maf
ssa04	LG07	16711941	16711951	ssa4_62211687_62212458.maf
ssa04	LG07	16711951	16711965	ssa4_62211687_62212458.maf
ssa04	LG07	16711965	16712016	ssa4_62211687_62212458.maf
ssa04	LG07	16712099	16712120	ssa4_62211687_62212458.maf
ssa04	LG07	16753361	16753386	ssa4_62253647_62254420.maf
ssa04	LG07	16753386	16753531	ssa4_62253647_62254420.maf
ssa04	LG07	16755684	16755705	ssa4_62256132_62256925.maf
ssa04	LG07	16755705	16755825	ssa4_62256132_62256925.maf
ssa04	LG07	16755836	16755847	ssa4_62256132_62256925.maf
ssa04	LG07	16774541	16774568	ssa4_62275924_62277242.maf
ssa04	LG07	16775017	16775084	ssa4_62275924_62277242.maf
ssa04	LG07	16775084	16775096	ssa4_62275924_62277242.maf
ssa04	LG07	16775096	16775133	ssa4_62275924_62277242.maf
ssa04	LG07	16775133	16775147	ssa4_62275924_62277242.maf
ssa04	LG07	16775225	16775236	ssa4_62275924_62277242.maf
ssa04	LG07	16775236	16775289	ssa4_62275924_62277242.maf
ssa04	LG07	16775330	16775343	ssa4_62275924_62277242.maf
ssa04	LG07	16970714	16970737	ssa4_62529833_62530987.maf
ssa04	LG07	16977855	16977876	ssa4_62551943_62553022.maf
ssa04	LG07	16977876	16977902	ssa4_62551943_62553022.maf
ssa04	LG07	16977902	16977982	ssa4_62551943_62553022.maf
ssa04	LG07	17090241	17090264	ssa4_62683923_62684732.maf
ssa04	LG07	17090264	17090274	ssa4_62683923_62684732.maf
ssa04	LG07	17090281	17090312	ssa4_62683923_62684732.maf
ssa04	LG07	17090319	17090343	ssa4_62683923_62684732.maf
ssa04	LG07	17090343	17090354	ssa4_62683923_62684732.maf
ssa04	LG07	17090482	17090515	ssa4_62683923_62684732.maf
ssa04	LG07	17500582	17500662	ssa4_63420442_63421948.maf
ssa04	LG07	17500861	17500896	ssa4_63420442_63421948.maf
ssa04	LG07	17639536	17639546	ssa4_63620652_63621352.maf
ssa04	LG07	17639546	17639640	ssa4_63620652_63621352.maf
ssa04	LG07	18065182	18065235	ssa4_64277242_64278059.maf
ssa04	LG07	18065896	18065946	ssa4_64278466_64279081.maf
ssa04	LG07	18065946	18065974	ssa4_64278466_64279081.maf
ssa04	LG07	18065990	18066049	ssa4_64278466_64279081.maf
ssa04	LG07	18066123	18066156	ssa4_64278466_64279081.maf
ssa04	LG07	18641710	18641784	ssa4_65074422_65075501.maf
ssa04	LG07	18642697	18642769	ssa4_65074422_65075501.maf
ssa04	LG07	18653200	18653257	ssa4_65089864_65091407.maf
ssa04	LG07	18653542	18653601	ssa4_65089864_65091407.maf
ssa04	LG07	18653980	18653993	ssa4_65089864_65091407.maf
ssa04	LG07	18654014	18654064	ssa4_65089864_65091407.maf
ssa04	LG07	18654620	18654646	ssa4_65089864_65091407.maf
ssa04	LG07	18780116	18780143	ssa4_65217707_65218992.maf
ssa04	LG07	18780143	18780155	ssa4_65217707_65218992.maf
ssa04	LG07	18780155	18780269	ssa4_65217707_65218992.maf
ssa04	LG07	18780269	18780300	ssa4_65217707_65218992.maf
ssa04	LG07	18780321	18780335	ssa4_65217707_65218992.maf
ssa04	LG07	18780842	18780960	ssa4_65217707_65218992.maf
ssa04	LG07	18781114	18781148	ssa4_65217707_65218992.maf
ssa04	LG07	18784554	18784584	ssa4_65225381_65225882.maf
ssa04	LG07	18788542	18788644	ssa4_65228519_65229214.maf
ssa04	LG07	18788724	18788738	ssa4_65228519_65229214.maf
ssa04	LG07	18788847	18788864	ssa4_65228519_65229214.maf
ssa04	LG07	18788864	18788874	ssa4_65228519_65229214.maf
ssa04	LG07	18823717	18823803	ssa4_65268814_65269880.maf
ssa04	LG07	18823804	18823816	ssa4_65268814_65269880.maf
ssa04	LG07	18846928	18847033	ssa4_65284741_65285252.maf
ssa04	LG07	18847033	18847052	ssa4_65284741_65285252.maf
ssa04	LG07	20391402	20391438	ssa4_67178653_67179750.maf
ssa04	LG07	20391815	20391844	ssa4_67178653_67179750.maf
ssa04	LG07	20897834	20897900	ssa4_67836704_67837022.maf
ssa04	LG07	21572341	21572364	ssa4_68864631_68865096.maf
ssa04	LG07	21681835	21681927	ssa4_68994489_68995195.maf
ssa04	LG07	21707324	21707334	ssa4_69021600_69022911.maf
ssa04	LG07	21707334	21707345	ssa4_69021600_69022911.maf
ssa04	LG07	21707423	21707441	ssa4_69021600_69022911.maf
ssa04	LG07	21707441	21707457	ssa4_69021600_69022911.maf
ssa04	LG07	22815742	22815759	ssa4_70752351_70753177.maf
ssa04	LG07	22815759	22815809	ssa4_70752351_70753177.maf
ssa04	LG07	22815809	22815836	ssa4_70752351_70753177.maf
ssa04	LG07	22816093	22816215	ssa4_70752351_70753177.maf
ssa04	LG07	23803662	23803775	ssa4_72102573_72103142.maf
ssa04	LG07	23803775	23803792	ssa4_72102573_72103142.maf
ssa04	LG07	23803885	23803957	ssa4_72102573_72103142.maf
ssa04	LG07	24289464	24289580	ssa4_72928905_72929648.maf
ssa04	LG07	24455709	24455721	ssa4_73127342_73128613.maf
ssa04	LG07	24455721	24455738	ssa4_73127342_73128613.maf
ssa04	LG07	24971395	24971423	ssa4_74072903_74073818.maf
ssa04	LG07	24971426	24971496	ssa4_74072903_74073818.maf
ssa04	LG07	24971496	24971507	ssa4_74072903_74073818.maf
ssa04	LG07	24971515	24971526	ssa4_74072903_74073818.maf
ssa04	LG07	24971526	24971549	ssa4_74072903_74073818.maf
ssa04	LG07	25344645	25344751	ssa4_74691752_74692430.maf
ssa04	LG07	25370162	25370251	ssa4_74746618_74747415.maf
ssa04	LG07	25370251	25370262	ssa4_74746618_74747415.maf
ssa04	LG07	25509780	25509848	ssa4_75008748_75009356.maf
ssa04	LG07	7576341	7576356	ssa4_75442958_75443719.maf
ssa04	LG07	7565319	7565337	ssa4_75459616_75460288.maf
ssa04	LG07	7476712	7476739	ssa4_75555017_75555801.maf
ssa04	LG07	7476748	7476780	ssa4_75555017_75555801.maf
ssa04	LG07	7476888	7476903	ssa4_75555017_75555801.maf
ssa04	LG07	7476959	7476982	ssa4_75555017_75555801.maf
ssa04	LG07	7476986	7477032	ssa4_75555017_75555801.maf
ssa04	LG07	7397534	7397580	ssa4_75655241_75656137.maf
ssa04	LG07	7397710	7397741	ssa4_75655241_75656137.maf
ssa04	LG07	7397752	7397775	ssa4_75655241_75656137.maf
ssa04	LG07	7397775	7397859	ssa4_75655241_75656137.maf
ssa04	LG07	7368071	7368124	ssa4_75708848_75710366.maf
ssa04	LG07	7345976	7346043	ssa4_75736870_75738068.maf
ssa04	LG07	7346065	7346171	ssa4_75736870_75738068.maf
ssa04	LG07	7282140	7282190	ssa4_75836720_75837668.maf
ssa04	LG07	7282190	7282201	ssa4_75836720_75837668.maf
ssa04	LG07	7282898	7282925	ssa4_75836720_75837668.maf
ssa04	LG07	7277637	7277656	ssa4_75844796_75845615.maf
ssa04	LG07	7277656	7277673	ssa4_75844796_75845615.maf
ssa04	LG07	7277673	7277696	ssa4_75844796_75845615.maf
ssa04	LG07	7277696	7277756	ssa4_75844796_75845615.maf
ssa04	LG07	7277971	7278007	ssa4_75844796_75845615.maf
ssa04	LG07	7239752	7239831	ssa4_75907020_75907606.maf
ssa04	LG07	7234097	7234117	ssa4_75913576_75914153.maf
ssa04	LG07	7234117	7234148	ssa4_75913576_75914153.maf
ssa04	LG07	7228148	7228183	ssa4_75918506_75919568.maf
ssa04	LG07	7228297	7228370	ssa4_75918506_75919568.maf
ssa04	LG07	7228738	7228769	ssa4_75918506_75919568.maf
ssa04	LG07	7087792	7087861	ssa4_76056274_76056604.maf
ssa04	LG07	7087870	7087891	ssa4_76056274_76056604.maf
ssa04	LG07	7087891	7087906	ssa4_76056274_76056604.maf
ssa04	LG07	6872919	6872933	ssa4_76222928_76223626.maf
ssa04	LG07	6872933	6873011	ssa4_76222928_76223626.maf
ssa04	LG07	6809773	6809845	ssa4_76381688_76382483.maf
ssa04	LG07	6810174	6810225	ssa4_76381688_76382483.maf
ssa04	LG07	6810225	6810248	ssa4_76381688_76382483.maf
ssa04	LG07	6558276	6558328	ssa4_76841728_76842220.maf
ssa04	LG07	6556466	6556478	ssa4_76843540_76844177.maf
ssa04	LG07	6556508	6556641	ssa4_76843540_76844177.maf
ssa04	LG07	6452682	6452757	ssa4_77051826_77052540.maf
ssa04	LG07	6405793	6405803	ssa4_77116869_77117705.maf
ssa04	LG07	5740045	5740063	ssa4_78055384_78056175.maf
ssa04	LG07	5740063	5740073	ssa4_78055384_78056175.maf
ssa04	LG07	5740073	5740085	ssa4_78055384_78056175.maf
ssa04	LG07	5704588	5704636	ssa4_78099070_78099586.maf
ssa04	LG07	5676690	5676734	ssa4_78128748_78129503.maf
ssa04	LG07	5417951	5417965	ssa4_78556410_78556687.maf
ssa04	LG07	5417965	5417995	ssa4_78556410_78556687.maf
ssa04	LG07	5418071	5418101	ssa4_78556410_78556687.maf
ssa04	LG07	3413984	3414030	ssa4_81925693_81926343.maf
ssa04	LG07	3171635	3171743	ssa4_82531906_82532635.maf
ssa04	LG07	8265321	8265353	ssa4_84580350_84580591.maf
ssa04	LG07	8265353	8265376	ssa4_84580350_84580591.maf
ssa04	LG07	8266402	8266419	ssa4_84584757_84586435.maf
ssa05	LG04	25301933	25301946	ssa5_26754693_26755307.maf
ssa05	LG04	25301946	25301987	ssa5_26754693_26755307.maf
ssa05	LG04	25302098	25302218	ssa5_26754693_26755307.maf
ssa05	LG04	25302218	25302241	ssa5_26754693_26755307.maf
ssa05	LG04	25302511	25302521	ssa5_26754693_26755307.maf
ssa05	LG04	5627145	5627225	ssa5_31244656_31245653.maf
ssa05	LG04	5627225	5627249	ssa5_31244656_31245653.maf
ssa05	LG04	5627249	5627306	ssa5_31244656_31245653.maf
ssa05	LG04	5627306	5627329	ssa5_31244656_31245653.maf
ssa05	LG04	2286932	2286988	ssa5_35967071_35968473.maf
ssa05	LG04	2103586	2103605	ssa5_36223187_36224179.maf
ssa05	LG04	2103862	2104101	ssa5_36223187_36224179.maf
ssa05	LG04	11389187	11389197	ssa5_38577220_38577678.maf
ssa05	LG04	11389206	11389231	ssa5_38577220_38577678.maf
ssa05	LG04	11389231	11389301	ssa5_38577220_38577678.maf
ssa05	LG20	46205094	46205183	ssa5_47641349_47642229.maf
ssa05	LG20	46205183	46205205	ssa5_47641349_47642229.maf
ssa05	LG20	46205213	46205223	ssa5_47641349_47642229.maf
ssa05	LG20	45183223	45183245	ssa5_48017826_48018368.maf
ssa05	LG20	45183245	45183260	ssa5_48017826_48018368.maf
ssa05	LG20	44461799	44461821	ssa5_48373929_48375150.maf
ssa05	LG20	44461821	44461845	ssa5_48373929_48375150.maf
ssa05	LG20	44368622	44368649	ssa5_48429113_48429357.maf
ssa05	LG20	44305238	44305348	ssa5_48494481_48495623.maf
ssa05	LG20	44305358	44305408	ssa5_48494481_48495623.maf
ssa05	LG20	44199872	44199883	ssa5_48531121_48531762.maf
ssa05	LG20	44058719	44058741	ssa5_48564625_48565602.maf
ssa05	LG20	44058803	44058837	ssa5_48564625_48565602.maf
ssa05	LG20	43519178	43519203	ssa5_48848499_48849889.maf
ssa05	LG20	43515547	43515588	ssa5_48855313_48856346.maf
ssa05	LG20	43026275	43026297	ssa5_49137181_49137729.maf
ssa05	LG20	43026297	43026362	ssa5_49137181_49137729.maf
ssa05	LG20	43026362	43026380	ssa5_49137181_49137729.maf
ssa05	LG20	43026380	43026457	ssa5_49137181_49137729.maf
ssa05	LG20	43026491	43026550	ssa5_49137181_49137729.maf
ssa05	LG20	43026550	43026564	ssa5_49137181_49137729.maf
ssa05	LG20	43026564	43026577	ssa5_49137181_49137729.maf
ssa05	LG20	42733674	42733733	ssa5_49505400_49506179.maf
ssa05	LG20	42733733	42733753	ssa5_49505400_49506179.maf
ssa05	LG20	42658329	42658347	ssa5_49585098_49585687.maf
ssa05	LG20	42658352	42658368	ssa5_49585098_49585687.maf
ssa05	LG20	42658368	42658399	ssa5_49585098_49585687.maf
ssa05	LG20	41961689	41961702	ssa5_50056904_50057700.maf
ssa05	LG20	41961708	41961789	ssa5_50056904_50057700.maf
ssa05	LG20	41961789	41961814	ssa5_50056904_50057700.maf
ssa05	LG20	41962761	41962815	ssa5_50056904_50057700.maf
ssa05	LG20	41962815	41962830	ssa5_50056904_50057700.maf
ssa05	LG20	41962861	41962873	ssa5_50056904_50057700.maf
ssa05	LG20	41953329	41953350	ssa5_50068852_50069372.maf
ssa05	LG20	41013490	41013519	ssa5_50110606_50111312.maf
ssa05	LG20	41013519	41013546	ssa5_50110606_50111312.maf
ssa05	LG20	41013548	41013721	ssa5_50110606_50111312.maf
ssa05	LG20	41013726	41013767	ssa5_50110606_50111312.maf
ssa05	LG20	41013771	41013847	ssa5_50110606_50111312.maf
ssa05	LG20	41013847	41013887	ssa5_50110606_50111312.maf
ssa05	LG20	41013895	41013939	ssa5_50110606_50111312.maf
ssa05	LG20	41013973	41013993	ssa5_50110606_50111312.maf
ssa05	LG20	41013993	41014010	ssa5_50110606_50111312.maf
ssa05	LG20	41772116	41772176	ssa5_50720600_50721280.maf
ssa05	LG20	41772184	41772215	ssa5_50720600_50721280.maf
ssa05	LG20	41777633	41777701	ssa5_50734345_50735121.maf
ssa05	LG20	41777786	41777811	ssa5_50734345_50735121.maf
ssa05	LG20	41872661	41872672	ssa5_50829437_50830562.maf
ssa05	LG20	41872706	41872750	ssa5_50829437_50830562.maf
ssa05	LG20	41872755	41872765	ssa5_50829437_50830562.maf
ssa05	LG20	40763193	40763223	ssa5_50930753_50931122.maf
ssa05	LG20	40763223	40763237	ssa5_50930753_50931122.maf
ssa05	LG20	40763273	40763365	ssa5_50930753_50931122.maf
ssa05	LG20	40760644	40760660	ssa5_50933695_50934556.maf
ssa05	LG20	40760704	40760735	ssa5_50933695_50934556.maf
ssa05	LG20	40760865	40760877	ssa5_50933695_50934556.maf
ssa05	LG20	40760879	40760912	ssa5_50933695_50934556.maf
ssa05	LG20	40120435	40120604	ssa5_51521949_51522802.maf
ssa05	LG20	39999891	39999950	ssa5_51660649_51661688.maf
ssa05	LG20	39999950	40000002	ssa5_51660649_51661688.maf
ssa05	LG20	40000002	40000023	ssa5_51660649_51661688.maf
ssa05	LG20	40000232	40000273	ssa5_51660649_51661688.maf
ssa05	LG20	40000363	40000484	ssa5_51660649_51661688.maf
ssa05	LG20	39985876	39985910	ssa5_51668646_51670119.maf
ssa05	LG20	39986140	39986211	ssa5_51668646_51670119.maf
ssa05	LG20	39986462	39986494	ssa5_51668646_51670119.maf
ssa05	LG20	39986494	39986518	ssa5_51668646_51670119.maf
ssa05	LG20	39986518	39986604	ssa5_51668646_51670119.maf
ssa05	LG20	39986710	39986721	ssa5_51668646_51670119.maf
ssa05	LG20	39986721	39986775	ssa5_51668646_51670119.maf
ssa05	LG20	39986839	39986860	ssa5_51668646_51670119.maf
ssa05	LG20	39959610	39959620	ssa5_51709203_51709767.maf
ssa05	LG20	39959692	39959702	ssa5_51709203_51709767.maf
ssa05	LG20	39935974	39936043	ssa5_51746086_51746411.maf
ssa05	LG20	39936043	39936107	ssa5_51746086_51746411.maf
ssa05	LG20	39936116	39936183	ssa5_51746086_51746411.maf
ssa05	LG20	39936183	39936231	ssa5_51746086_51746411.maf
ssa05	LG20	39936231	39936257	ssa5_51746086_51746411.maf
ssa05	LG20	39928764	39928903	ssa5_51762195_51762845.maf
ssa05	LG20	39929021	39929055	ssa5_51762195_51762845.maf
ssa05	LG20	39873942	39873969	ssa5_51820216_51820878.maf
ssa05	LG20	39874094	39874104	ssa5_51820216_51820878.maf
ssa05	LG20	39874104	39874141	ssa5_51820216_51820878.maf
ssa05	LG20	39874142	39874175	ssa5_51820216_51820878.maf
ssa05	LG20	39874175	39874233	ssa5_51820216_51820878.maf
ssa05	LG20	39874233	39874286	ssa5_51820216_51820878.maf
ssa05	LG20	39874286	39874308	ssa5_51820216_51820878.maf
ssa05	LG20	39874578	39874618	ssa5_51820216_51820878.maf
ssa05	LG20	39874618	39874665	ssa5_51820216_51820878.maf
ssa05	LG20	39663638	39663654	ssa5_52078475_52078907.maf
ssa05	LG20	39657751	39657762	ssa5_52083356_52083814.maf
ssa05	LG20	39657837	39657866	ssa5_52083356_52083814.maf
ssa05	LG20	39657879	39657934	ssa5_52083356_52083814.maf
ssa05	LG20	39657934	39658003	ssa5_52083356_52083814.maf
ssa05	LG20	39626087	39626130	ssa5_52116477_52117147.maf
ssa05	LG20	39626137	39626153	ssa5_52116477_52117147.maf
ssa05	LG20	39167016	39167097	ssa5_52429774_52430683.maf
ssa05	LG20	39086545	39086577	ssa5_52546738_52547860.maf
ssa05	LG20	39086664	39086807	ssa5_52546738_52547860.maf
ssa05	LG20	39064066	39064140	ssa5_52563846_52564767.maf
ssa05	LG20	39064196	39064218	ssa5_52563846_52564767.maf
ssa05	LG20	39064218	39064231	ssa5_52563846_52564767.maf
ssa05	LG20	37653431	37653578	ssa5_52809023_52809429.maf
ssa05	LG20	38162051	38162063	ssa5_53228439_53229267.maf
ssa05	LG20	38162220	38162239	ssa5_53228439_53229267.maf
ssa05	LG20	38162245	38162366	ssa5_53228439_53229267.maf
ssa05	LG20	37576093	37576166	ssa5_53716454_53716924.maf
ssa05	LG20	37576202	37576226	ssa5_53716454_53716924.maf
ssa05	LG20	37569915	37570003	ssa5_53722613_53723577.maf
ssa05	LG20	37428493	37428638	ssa5_53873904_53874284.maf
ssa05	LG20	37428642	37428659	ssa5_53873904_53874284.maf
ssa05	LG20	37415674	37415720	ssa5_53885076_53885767.maf
ssa05	LG20	37415720	37415733	ssa5_53885076_53885767.maf
ssa05	LG20	37415733	37415749	ssa5_53885076_53885767.maf
ssa05	LG20	37415749	37415776	ssa5_53885076_53885767.maf
ssa05	LG20	37415776	37415842	ssa5_53885076_53885767.maf
ssa05	LG20	37212206	37212351	ssa5_54001085_54001469.maf
ssa05	LG20	37212351	37212405	ssa5_54001085_54001469.maf
ssa05	LG20	37198188	37198367	ssa5_54017134_54017946.maf
ssa05	LG20	36734328	36734359	ssa5_54558093_54559116.maf
ssa05	LG20	36734383	36734416	ssa5_54558093_54559116.maf
ssa05	LG20	36734416	36734456	ssa5_54558093_54559116.maf
ssa05	LG20	36734520	36734586	ssa5_54558093_54559116.maf
ssa05	LG20	36734912	36734986	ssa5_54558093_54559116.maf
ssa05	LG20	36729830	36729864	ssa5_54563786_54564587.maf
ssa05	LG20	36729877	36729935	ssa5_54563786_54564587.maf
ssa05	LG20	36729935	36729945	ssa5_54563786_54564587.maf
ssa05	LG20	36642462	36642474	ssa5_54637827_54639042.maf
ssa05	LG20	36642474	36642498	ssa5_54637827_54639042.maf
ssa05	LG20	36642498	36642515	ssa5_54637827_54639042.maf
ssa05	LG20	36642515	36642527	ssa5_54637827_54639042.maf
ssa05	LG20	36642534	36642590	ssa5_54637827_54639042.maf
ssa05	LG20	36642711	36642782	ssa5_54637827_54639042.maf
ssa05	LG20	36589762	36589793	ssa5_54704714_54705341.maf
ssa05	LG20	35924493	35924511	ssa5_55376965_55377514.maf
ssa05	LG20	35924518	35924537	ssa5_55376965_55377514.maf
ssa05	LG20	35924537	35924614	ssa5_55376965_55377514.maf
ssa05	LG20	35876256	35876305	ssa5_55418123_55419247.maf
ssa05	LG20	35876305	35876325	ssa5_55418123_55419247.maf
ssa05	LG20	35768349	35768371	ssa5_55528902_55529494.maf
ssa05	LG20	35768426	35768437	ssa5_55528902_55529494.maf
ssa05	LG20	35768458	35768469	ssa5_55528902_55529494.maf
ssa05	LG20	35768499	35768510	ssa5_55528902_55529494.maf
ssa05	LG20	35768510	35768521	ssa5_55528902_55529494.maf
ssa05	LG20	35306882	35306900	ssa5_55832439_55833332.maf
ssa05	LG20	35306925	35306991	ssa5_55832439_55833332.maf
ssa05	LG20	35259730	35259789	ssa5_55880580_55881288.maf
ssa05	LG20	35259789	35259826	ssa5_55880580_55881288.maf
ssa05	LG20	35260106	35260125	ssa5_55880580_55881288.maf
ssa05	LG20	35259138	35259170	ssa5_55881604_55882266.maf
ssa05	LG20	35259170	35259182	ssa5_55881604_55882266.maf
ssa05	LG20	34844857	34844867	ssa5_56200294_56200767.maf
ssa05	LG20	34844915	34844927	ssa5_56200294_56200767.maf
ssa05	LG20	34665930	34665941	ssa5_56483777_56484517.maf
ssa05	LG20	34665941	34666003	ssa5_56483777_56484517.maf
ssa05	LG20	34666003	34666030	ssa5_56483777_56484517.maf
ssa05	LG20	34666030	34666059	ssa5_56483777_56484517.maf
ssa05	LG20	34666080	34666095	ssa5_56483777_56484517.maf
ssa05	LG20	34665575	34665586	ssa5_56486619_56487334.maf
ssa05	LG20	34665587	34665664	ssa5_56486619_56487334.maf
ssa05	LG20	34663247	34663371	ssa5_56491272_56491567.maf
ssa05	LG20	34483818	34483828	ssa5_56702926_56703415.maf
ssa05	LG20	34483857	34483869	ssa5_56702926_56703415.maf
ssa05	LG20	34287380	34287437	ssa5_56843122_56843618.maf
ssa05	LG20	33899355	33899444	ssa5_57165913_57166980.maf
ssa05	LG20	33899444	33899469	ssa5_57165913_57166980.maf
ssa05	LG20	33899469	33899497	ssa5_57165913_57166980.maf
ssa05	LG20	33899773	33899851	ssa5_57165913_57166980.maf
ssa05	LG20	33883892	33883911	ssa5_57179988_57180502.maf
ssa05	LG20	33883979	33884019	ssa5_57179988_57180502.maf
ssa05	LG20	33881591	33881601	ssa5_57184174_57184623.maf
ssa05	LG20	33881702	33881810	ssa5_57184174_57184623.maf
ssa05	LG20	33879964	33879978	ssa5_57185863_57186965.maf
ssa05	LG20	33879978	33880069	ssa5_57185863_57186965.maf
ssa05	LG20	33880069	33880089	ssa5_57185863_57186965.maf
ssa05	LG20	33880089	33880121	ssa5_57185863_57186965.maf
ssa05	LG20	33875461	33875523	ssa5_57190787_57191323.maf
ssa05	LG20	33875584	33875596	ssa5_57190787_57191323.maf
ssa05	LG20	33718854	33718890	ssa5_57328953_57329896.maf
ssa05	LG20	33718899	33718920	ssa5_57328953_57329896.maf
ssa05	LG20	32934719	32934737	ssa5_57999644_58000727.maf
ssa05	LG20	32934747	32934767	ssa5_57999644_58000727.maf
ssa05	LG20	32935146	32935173	ssa5_57999644_58000727.maf
ssa05	LG20	32935516	32935535	ssa5_57999644_58000727.maf
ssa05	LG20	32923965	32924111	ssa5_58013896_58015075.maf
ssa05	LG20	32924111	32924123	ssa5_58013896_58015075.maf
ssa05	LG20	32860001	32860012	ssa5_58097155_58097474.maf
ssa05	LG20	32860071	32860143	ssa5_58097155_58097474.maf
ssa05	LG20	32691976	32691987	ssa5_58280853_58281651.maf
ssa05	LG20	32628703	32628794	ssa5_58313432_58313911.maf
ssa05	LG20	32628794	32628837	ssa5_58313432_58313911.maf
ssa05	LG20	32596125	32596140	ssa5_58339826_58340684.maf
ssa05	LG20	32596142	32596158	ssa5_58339826_58340684.maf
ssa05	LG20	32596158	32596200	ssa5_58339826_58340684.maf
ssa05	LG20	32597173	32597217	ssa5_58339826_58340684.maf
ssa05	LG20	32597223	32597235	ssa5_58339826_58340684.maf
ssa05	LG20	32597243	32597423	ssa5_58339826_58340684.maf
ssa05	LG20	32569825	32569867	ssa5_58349002_58349688.maf
ssa05	LG20	32302234	32302272	ssa5_58588534_58589093.maf
ssa05	LG20	32243317	32243339	ssa5_58668303_58668767.maf
ssa05	LG20	32215156	32215171	ssa5_58692046_58692627.maf
ssa05	LG20	32215171	32215186	ssa5_58692046_58692627.maf
ssa05	LG20	32215235	32215247	ssa5_58692046_58692627.maf
ssa05	LG20	32215251	32215368	ssa5_58692046_58692627.maf
ssa05	LG20	32215368	32215393	ssa5_58692046_58692627.maf
ssa05	LG20	32202650	32202669	ssa5_58700290_58701117.maf
ssa05	LG20	32202673	32202713	ssa5_58700290_58701117.maf
ssa05	LG20	32202812	32202864	ssa5_58700290_58701117.maf
ssa05	LG20	32192520	32192532	ssa5_58709529_58710370.maf
ssa05	LG20	32192532	32192572	ssa5_58709529_58710370.maf
ssa05	LG20	32192674	32192707	ssa5_58709529_58710370.maf
ssa05	LG20	32192709	32192740	ssa5_58709529_58710370.maf
ssa05	LG20	32192740	32192756	ssa5_58709529_58710370.maf
ssa05	LG20	32192756	32192867	ssa5_58709529_58710370.maf
ssa05	LG20	32192879	32192894	ssa5_58709529_58710370.maf
ssa05	LG20	32192894	32192964	ssa5_58709529_58710370.maf
ssa05	LG20	32192997	32193023	ssa5_58709529_58710370.maf
ssa05	LG20	32066340	32066356	ssa5_58882383_58883567.maf
ssa05	LG20	32066571	32066608	ssa5_58882383_58883567.maf
ssa05	LG20	31895532	31895555	ssa5_59068864_59069891.maf
ssa05	LG20	31708991	31709049	ssa5_59188918_59189478.maf
ssa05	LG20	31709175	31709192	ssa5_59188918_59189478.maf
ssa05	LG20	31709291	31709302	ssa5_59188918_59189478.maf
ssa05	LG20	31704299	31704344	ssa5_59189585_59191004.maf
ssa05	LG20	31704579	31704607	ssa5_59189585_59191004.maf
ssa05	LG20	31705278	31705311	ssa5_59189585_59191004.maf
ssa05	LG20	31705311	31705370	ssa5_59189585_59191004.maf
ssa05	LG20	31692996	31693032	ssa5_59209167_59210486.maf
ssa05	LG20	31693039	31693055	ssa5_59209167_59210486.maf
ssa05	LG20	31693075	31693087	ssa5_59209167_59210486.maf
ssa05	LG20	31693087	31693121	ssa5_59209167_59210486.maf
ssa05	LG20	31693729	31693756	ssa5_59209167_59210486.maf
ssa05	LG20	31687591	31687601	ssa5_59211988_59212829.maf
ssa05	LG20	31687601	31687615	ssa5_59211988_59212829.maf
ssa05	LG20	31687629	31687669	ssa5_59211988_59212829.maf
ssa05	LG20	31687873	31687898	ssa5_59211988_59212829.maf
ssa05	LG20	31687902	31687915	ssa5_59211988_59212829.maf
ssa05	LG20	31687917	31687936	ssa5_59211988_59212829.maf
ssa05	LG20	31687936	31687946	ssa5_59211988_59212829.maf
ssa05	LG20	31687969	31688041	ssa5_59211988_59212829.maf
ssa05	LG20	31677298	31677369	ssa5_59229041_59230116.maf
ssa05	LG20	31677369	31677424	ssa5_59229041_59230116.maf
ssa05	LG20	31654461	31654539	ssa5_59237849_59238604.maf
ssa05	LG20	31651054	31651072	ssa5_59243754_59244148.maf
ssa05	LG20	31651080	31651100	ssa5_59243754_59244148.maf
ssa05	LG20	31651100	31651275	ssa5_59243754_59244148.maf
ssa05	LG20	31651275	31651382	ssa5_59243754_59244148.maf
ssa05	LG20	31649599	31649638	ssa5_59245701_59246147.maf
ssa05	LG20	31649638	31649655	ssa5_59245701_59246147.maf
ssa05	LG20	31649655	31649695	ssa5_59245701_59246147.maf
ssa05	LG20	31634792	31634807	ssa5_59256195_59256637.maf
ssa05	LG20	31634807	31634879	ssa5_59256195_59256637.maf
ssa05	LG20	31634879	31634897	ssa5_59256195_59256637.maf
ssa05	LG20	31634897	31634959	ssa5_59256195_59256637.maf
ssa05	LG20	31622209	31622221	ssa5_59270495_59271385.maf
ssa05	LG20	31622221	31622247	ssa5_59270495_59271385.maf
ssa05	LG20	31622525	31622539	ssa5_59270495_59271385.maf
ssa05	LG20	31604253	31604290	ssa5_59296754_59297363.maf
ssa05	LG20	31589620	31589641	ssa5_59312076_59313020.maf
ssa05	LG20	31589641	31589868	ssa5_59312076_59313020.maf
ssa05	LG20	31587736	31587753	ssa5_59313571_59314731.maf
ssa05	LG20	31587753	31587766	ssa5_59313571_59314731.maf
ssa05	LG20	31587775	31587789	ssa5_59313571_59314731.maf
ssa05	LG20	31587866	31587896	ssa5_59313571_59314731.maf
ssa05	LG20	31587896	31587935	ssa5_59313571_59314731.maf
ssa05	LG20	31587935	31587959	ssa5_59313571_59314731.maf
ssa05	LG20	31587959	31588011	ssa5_59313571_59314731.maf
ssa05	LG20	31588371	31588397	ssa5_59313571_59314731.maf
ssa05	LG20	31588433	31588551	ssa5_59313571_59314731.maf
ssa05	LG20	31588606	31588618	ssa5_59313571_59314731.maf
ssa05	LG20	31164631	31164652	ssa5_59607129_59607993.maf
ssa05	LG20	31164652	31164667	ssa5_59607129_59607993.maf
ssa05	LG20	31164667	31164695	ssa5_59607129_59607993.maf
ssa05	LG20	31164695	31164730	ssa5_59607129_59607993.maf
ssa05	LG20	31164738	31164776	ssa5_59607129_59607993.maf
ssa05	LG20	31164784	31164805	ssa5_59607129_59607993.maf
ssa05	LG20	31164813	31164828	ssa5_59607129_59607993.maf
ssa05	LG20	31164838	31164884	ssa5_59607129_59607993.maf
ssa05	LG20	31164884	31164905	ssa5_59607129_59607993.maf
ssa05	LG20	31164936	31165036	ssa5_59607129_59607993.maf
ssa05	LG20	30904965	30905111	ssa5_59788652_59789196.maf
ssa05	LG20	30905219	30905295	ssa5_59788652_59789196.maf
ssa05	LG20	30905295	30905359	ssa5_59788652_59789196.maf
ssa05	LG20	30795860	30795870	ssa5_59879141_59880643.maf
ssa05	LG20	30795870	30795897	ssa5_59879141_59880643.maf
ssa05	LG20	30796033	30796084	ssa5_59879141_59880643.maf
ssa05	LG20	30778371	30778385	ssa5_59893236_59893798.maf
ssa05	LG20	30778439	30778454	ssa5_59893236_59893798.maf
ssa05	LG20	30778542	30778555	ssa5_59893236_59893798.maf
ssa05	LG20	30756992	30757007	ssa5_59914759_59915601.maf
ssa05	LG20	30757007	30757034	ssa5_59914759_59915601.maf
ssa05	LG20	30757034	30757050	ssa5_59914759_59915601.maf
ssa05	LG20	30579871	30579885	ssa5_60026615_60027494.maf
ssa05	LG20	30579938	30579949	ssa5_60026615_60027494.maf
ssa05	LG20	30580108	30580131	ssa5_60026615_60027494.maf
ssa05	LG20	30576801	30576817	ssa5_60029790_60030868.maf
ssa05	LG20	30574595	30574632	ssa5_60033770_60033968.maf
ssa05	LG20	30574632	30574692	ssa5_60033770_60033968.maf
ssa05	LG20	30560864	30560908	ssa5_60047941_60048828.maf
ssa05	LG20	30048284	30048301	ssa5_60613389_60614109.maf
ssa05	LG20	30048301	30048316	ssa5_60613389_60614109.maf
ssa05	LG20	30048317	30048340	ssa5_60613389_60614109.maf
ssa05	LG20	30048340	30048427	ssa5_60613389_60614109.maf
ssa05	LG20	30048427	30048457	ssa5_60613389_60614109.maf
ssa05	LG20	30048457	30048468	ssa5_60613389_60614109.maf
ssa05	LG20	30048485	30048535	ssa5_60613389_60614109.maf
ssa05	LG20	28867541	28867579	ssa5_61891796_61891986.maf
ssa05	LG20	28867579	28867650	ssa5_61891796_61891986.maf
ssa05	LG20	28865109	28865148	ssa5_61893610_61894950.maf
ssa05	LG20	28865897	28865941	ssa5_61893610_61894950.maf
ssa05	LG20	28750773	28750812	ssa5_62030515_62031108.maf
ssa05	LG20	28498010	28498085	ssa5_62286571_62287849.maf
ssa05	LG20	28498085	28498144	ssa5_62286571_62287849.maf
ssa05	LG20	28151929	28151980	ssa5_62794279_62794928.maf
ssa05	LG20	28152203	28152263	ssa5_62794279_62794928.maf
ssa05	LG20	28152263	28152295	ssa5_62794279_62794928.maf
ssa05	LG20	28010071	28010103	ssa5_62950578_62951041.maf
ssa05	LG20	28010103	28010122	ssa5_62950578_62951041.maf
ssa05	LG20	28010122	28010136	ssa5_62950578_62951041.maf
ssa05	LG20	28010136	28010167	ssa5_62950578_62951041.maf
ssa05	LG20	28005548	28005563	ssa5_62954293_62954953.maf
ssa05	LG20	28005569	28005688	ssa5_62954293_62954953.maf
ssa05	LG20	27843399	27843417	ssa5_63073790_63074242.maf
ssa05	LG20	27843417	27843455	ssa5_63073790_63074242.maf
ssa05	LG20	27843463	27843497	ssa5_63073790_63074242.maf
ssa05	LG20	27681735	27681750	ssa5_63180442_63181385.maf
ssa05	LG20	27681750	27681772	ssa5_63180442_63181385.maf
ssa05	LG20	27681772	27681782	ssa5_63180442_63181385.maf
ssa05	LG20	27681794	27681826	ssa5_63180442_63181385.maf
ssa05	LG20	27681830	27681963	ssa5_63180442_63181385.maf
ssa05	LG20	27681963	27681977	ssa5_63180442_63181385.maf
ssa05	LG20	27681989	27682029	ssa5_63180442_63181385.maf
ssa05	LG20	27633571	27633603	ssa5_63235352_63236144.maf
ssa05	LG20	27633759	27633811	ssa5_63235352_63236144.maf
ssa05	LG20	27357591	27357653	ssa5_63499588_63500154.maf
ssa05	LG20	27357712	27357769	ssa5_63499588_63500154.maf
ssa05	LG20	27357769	27357793	ssa5_63499588_63500154.maf
ssa05	LG20	27295273	27295345	ssa5_63586662_63587269.maf
ssa05	LG20	27295507	27295533	ssa5_63586662_63587269.maf
ssa05	LG20	27295542	27295556	ssa5_63586662_63587269.maf
ssa05	LG20	27295556	27295578	ssa5_63586662_63587269.maf
ssa05	LG20	27136223	27136264	ssa5_63766747_63767076.maf
ssa05	LG20	27114329	27114364	ssa5_63790042_63790760.maf
ssa05	LG20	27114364	27114421	ssa5_63790042_63790760.maf
ssa05	LG20	27114514	27114574	ssa5_63790042_63790760.maf
ssa05	LG20	27061101	27061122	ssa5_63844429_63845663.maf
ssa05	LG20	27061122	27061157	ssa5_63844429_63845663.maf
ssa05	LG20	27061157	27061232	ssa5_63844429_63845663.maf
ssa05	LG20	27061707	27061729	ssa5_63844429_63845663.maf
ssa05	LG20	26912403	26912432	ssa5_64006525_64007750.maf
ssa05	LG20	26912432	26912460	ssa5_64006525_64007750.maf
ssa05	LG20	26912460	26912509	ssa5_64006525_64007750.maf
ssa05	LG20	26912509	26912659	ssa5_64006525_64007750.maf
ssa05	LG20	26912659	26912695	ssa5_64006525_64007750.maf
ssa05	LG20	26912719	26912734	ssa5_64006525_64007750.maf
ssa05	LG20	26912736	26912784	ssa5_64006525_64007750.maf
ssa05	LG20	26903620	26903652	ssa5_64016643_64017633.maf
ssa05	LG20	26903652	26903671	ssa5_64016643_64017633.maf
ssa05	LG20	26903678	26903689	ssa5_64016643_64017633.maf
ssa05	LG20	26903689	26903720	ssa5_64016643_64017633.maf
ssa05	LG20	26903720	26903732	ssa5_64016643_64017633.maf
ssa05	LG20	26903732	26903818	ssa5_64016643_64017633.maf
ssa05	LG20	26903818	26903830	ssa5_64016643_64017633.maf
ssa05	LG20	26903830	26903843	ssa5_64016643_64017633.maf
ssa05	LG20	26903843	26903895	ssa5_64016643_64017633.maf
ssa05	LG20	26903895	26903942	ssa5_64016643_64017633.maf
ssa05	LG20	26903942	26903967	ssa5_64016643_64017633.maf
ssa05	LG20	26903978	26904004	ssa5_64016643_64017633.maf
ssa05	LG20	26904118	26904190	ssa5_64016643_64017633.maf
ssa05	LG20	26878275	26878286	ssa5_64051598_64052607.maf
ssa05	LG20	26878311	26878362	ssa5_64051598_64052607.maf
ssa05	LG20	26878367	26878411	ssa5_64051598_64052607.maf
ssa05	LG20	26879590	26879600	ssa5_64051598_64052607.maf
ssa05	LG20	26874658	26874669	ssa5_64058311_64059473.maf
ssa05	LG20	26874669	26874683	ssa5_64058311_64059473.maf
ssa05	LG20	26874683	26874694	ssa5_64058311_64059473.maf
ssa05	LG20	26874697	26874716	ssa5_64058311_64059473.maf
ssa05	LG20	26874716	26874985	ssa5_64058311_64059473.maf
ssa05	LG20	26875117	26875128	ssa5_64058311_64059473.maf
ssa05	LG20	26875128	26875200	ssa5_64058311_64059473.maf
ssa05	LG20	26875200	26875218	ssa5_64058311_64059473.maf
ssa05	LG20	26875218	26875231	ssa5_64058311_64059473.maf
ssa05	LG20	26875231	26875329	ssa5_64058311_64059473.maf
ssa05	LG20	26875329	26875340	ssa5_64058311_64059473.maf
ssa05	LG20	26875345	26875406	ssa5_64058311_64059473.maf
ssa05	LG20	26875406	26875418	ssa5_64058311_64059473.maf
ssa05	LG20	26875434	26875450	ssa5_64058311_64059473.maf
ssa05	LG20	26832905	26832926	ssa5_64105765_64106528.maf
ssa05	LG20	26832926	26832965	ssa5_64105765_64106528.maf
ssa05	LG20	26832965	26832979	ssa5_64105765_64106528.maf
ssa05	LG20	26832979	26833008	ssa5_64105765_64106528.maf
ssa05	LG20	26831466	26831654	ssa5_64107154_64107610.maf
ssa05	LG20	26831675	26831757	ssa5_64107154_64107610.maf
ssa05	LG20	26831764	26831824	ssa5_64107154_64107610.maf
ssa05	LG20	26831831	26831860	ssa5_64107154_64107610.maf
ssa05	LG20	26826345	26826515	ssa5_64112080_64113224.maf
ssa05	LG20	26826830	26826842	ssa5_64112080_64113224.maf
ssa05	LG20	26826881	26826935	ssa5_64112080_64113224.maf
ssa05	LG20	26826935	26827009	ssa5_64112080_64113224.maf
ssa05	LG20	26817478	26817495	ssa5_64124872_64125559.maf
ssa05	LG20	26817497	26817549	ssa5_64124872_64125559.maf
ssa05	LG20	26817549	26817583	ssa5_64124872_64125559.maf
ssa05	LG20	26817588	26817605	ssa5_64124872_64125559.maf
ssa05	LG20	26817605	26817800	ssa5_64124872_64125559.maf
ssa05	LG20	26817800	26817821	ssa5_64124872_64125559.maf
ssa05	LG20	26816524	26816565	ssa5_64125865_64126384.maf
ssa05	LG20	26816620	26816652	ssa5_64125865_64126384.maf
ssa05	LG20	26816752	26816838	ssa5_64125865_64126384.maf
ssa05	LG20	26816851	26816910	ssa5_64125865_64126384.maf
ssa05	LG20	26814497	26814552	ssa5_64127663_64128338.maf
ssa05	LG20	26814815	26814841	ssa5_64127663_64128338.maf
ssa05	LG20	26650398	26650465	ssa5_64277695_64279104.maf
ssa05	LG20	26646621	26646644	ssa5_64283770_64284658.maf
ssa05	LG20	26646644	26646667	ssa5_64283770_64284658.maf
ssa05	LG20	26646770	26646925	ssa5_64283770_64284658.maf
ssa05	LG20	26609771	26609802	ssa5_64308250_64309250.maf
ssa05	LG20	26609805	26609839	ssa5_64308250_64309250.maf
ssa05	LG20	26587959	26588003	ssa5_64334788_64335418.maf
ssa05	LG20	26588023	26588102	ssa5_64334788_64335418.maf
ssa05	LG20	26588213	26588243	ssa5_64334788_64335418.maf
ssa05	LG20	26568366	26568394	ssa5_64356909_64357630.maf
ssa05	LG20	26508876	26508928	ssa5_64419346_64420074.maf
ssa05	LG20	26200196	26200209	ssa5_64722740_64723553.maf
ssa05	LG20	26200209	26200253	ssa5_64722740_64723553.maf
ssa05	LG20	26200375	26200385	ssa5_64722740_64723553.maf
ssa05	LG20	26200463	26200477	ssa5_64722740_64723553.maf
ssa05	LG20	26200584	26200618	ssa5_64722740_64723553.maf
ssa05	LG20	26124851	26124914	ssa5_64848032_64849585.maf
ssa05	LG20	26064075	26064092	ssa5_64885869_64886218.maf
ssa05	LG20	25871161	25871195	ssa5_65042844_65043787.maf
ssa05	LG20	25871195	25871206	ssa5_65042844_65043787.maf
ssa05	LG20	25819235	25819253	ssa5_65090682_65092073.maf
ssa05	LG20	25819253	25819268	ssa5_65090682_65092073.maf
ssa05	LG20	25819268	25819280	ssa5_65090682_65092073.maf
ssa05	LG20	25819304	25819344	ssa5_65090682_65092073.maf
ssa05	LG20	25819344	25819454	ssa5_65090682_65092073.maf
ssa05	LG20	25115638	25115667	ssa5_65906453_65907639.maf
ssa05	LG20	25115933	25115962	ssa5_65906453_65907639.maf
ssa05	LG20	25115962	25116145	ssa5_65906453_65907639.maf
ssa05	LG20	25116180	25116205	ssa5_65906453_65907639.maf
ssa05	LG20	25116205	25116304	ssa5_65906453_65907639.maf
ssa05	LG20	25116335	25116362	ssa5_65906453_65907639.maf
ssa05	LG20	24742256	24742295	ssa5_66120731_66121468.maf
ssa05	LG20	24739615	24739662	ssa5_66124354_66125159.maf
ssa05	LG20	24517998	24518037	ssa5_66334233_66335208.maf
ssa05	LG20	24366642	24366676	ssa5_66442108_66442997.maf
ssa05	LG20	24366786	24366802	ssa5_66442108_66442997.maf
ssa05	LG20	24366802	24366831	ssa5_66442108_66442997.maf
ssa05	LG20	24366951	24366965	ssa5_66442108_66442997.maf
ssa05	LG20	24366971	24367002	ssa5_66442108_66442997.maf
ssa05	LG20	24367029	24367070	ssa5_66442108_66442997.maf
ssa05	LG20	24360035	24360087	ssa5_66451710_66452722.maf
ssa05	LG20	24360116	24360149	ssa5_66451710_66452722.maf
ssa05	LG20	23131499	23131546	ssa5_67488634_67489209.maf
ssa05	LG20	23131546	23131573	ssa5_67488634_67489209.maf
ssa05	LG20	23130663	23130713	ssa5_67489415_67490033.maf
ssa05	LG20	23120757	23120792	ssa5_67500986_67501671.maf
ssa05	LG20	23120805	23120836	ssa5_67500986_67501671.maf
ssa05	LG20	23120836	23120849	ssa5_67500986_67501671.maf
ssa05	LG20	23120853	23121058	ssa5_67500986_67501671.maf
ssa05	LG20	23121062	23121095	ssa5_67500986_67501671.maf
ssa05	LG20	22700294	22700378	ssa5_67970073_67971024.maf
ssa05	LG20	22484499	22484602	ssa5_68218710_68219761.maf
ssa05	LG20	22484760	22484787	ssa5_68218710_68219761.maf
ssa05	LG20	22484787	22484802	ssa5_68218710_68219761.maf
ssa05	LG20	22354268	22354321	ssa5_68341832_68342570.maf
ssa05	LG20	22337428	22337465	ssa5_68344231_68345539.maf
ssa05	LG20	22337465	22337486	ssa5_68344231_68345539.maf
ssa05	LG20	22337532	22337544	ssa5_68344231_68345539.maf
ssa05	LG20	22337546	22337603	ssa5_68344231_68345539.maf
ssa05	LG20	22337732	22337757	ssa5_68344231_68345539.maf
ssa05	LG20	22337757	22337806	ssa5_68344231_68345539.maf
ssa05	LG20	22337807	22337823	ssa5_68344231_68345539.maf
ssa05	LG20	22337852	22337884	ssa5_68344231_68345539.maf
ssa05	LG20	22280319	22280337	ssa5_68387596_68388028.maf
ssa05	LG20	22280478	22280491	ssa5_68387596_68388028.maf
ssa05	LG20	22280496	22280506	ssa5_68387596_68388028.maf
ssa05	LG20	22280506	22280542	ssa5_68387596_68388028.maf
ssa05	LG20	22280543	22280587	ssa5_68387596_68388028.maf
ssa05	LG20	22258546	22258556	ssa5_68416791_68417662.maf
ssa05	LG20	22258556	22258576	ssa5_68416791_68417662.maf
ssa05	LG20	22258576	22258591	ssa5_68416791_68417662.maf
ssa05	LG20	22258591	22258626	ssa5_68416791_68417662.maf
ssa05	LG20	22258731	22258744	ssa5_68416791_68417662.maf
ssa05	LG20	22258744	22258770	ssa5_68416791_68417662.maf
ssa05	LG20	22129206	22129307	ssa5_68543766_68544456.maf
ssa05	LG20	21766171	21766203	ssa5_69006126_69007037.maf
ssa05	LG20	21766203	21766319	ssa5_69006126_69007037.maf
ssa05	LG20	21752150	21752180	ssa5_69020762_69021582.maf
ssa05	LG20	21752180	21752216	ssa5_69020762_69021582.maf
ssa05	LG20	21340931	21340970	ssa5_69383449_69383926.maf
ssa05	LG20	21308217	21308233	ssa5_69433742_69434433.maf
ssa05	LG20	21308265	21308280	ssa5_69433742_69434433.maf
ssa05	LG20	21220931	21221005	ssa5_69542682_69543475.maf
ssa05	LG20	21211348	21211407	ssa5_69554804_69555353.maf
ssa05	LG20	21210364	21210380	ssa5_69556389_69556960.maf
ssa05	LG20	21197506	21197579	ssa5_69573555_69574852.maf
ssa05	LG20	21197579	21197594	ssa5_69573555_69574852.maf
ssa05	LG20	21197834	21197884	ssa5_69573555_69574852.maf
ssa05	LG20	21197917	21197961	ssa5_69573555_69574852.maf
ssa05	LG20	21198149	21198160	ssa5_69573555_69574852.maf
ssa05	LG20	21198160	21198185	ssa5_69573555_69574852.maf
ssa05	LG20	21198297	21198310	ssa5_69573555_69574852.maf
ssa05	LG20	21198310	21198332	ssa5_69573555_69574852.maf
ssa05	LG20	21130810	21130846	ssa5_69671219_69671499.maf
ssa05	LG20	21130888	21130960	ssa5_69671219_69671499.maf
ssa05	LG20	21123023	21123065	ssa5_69680407_69682997.maf
ssa05	LG20	21123073	21123102	ssa5_69680407_69682997.maf
ssa05	LG20	20915441	20915461	ssa5_69965498_69966262.maf
ssa05	LG20	20915461	20915500	ssa5_69965498_69966262.maf
ssa05	LG20	20288862	20288914	ssa5_71123393_71123975.maf
ssa05	LG20	20288917	20288935	ssa5_71123393_71123975.maf
ssa05	LG20	20288935	20289038	ssa5_71123393_71123975.maf
ssa05	LG20	20147060	20147096	ssa5_71338771_71339354.maf
ssa05	LG20	20071169	20071190	ssa5_71486365_71486703.maf
ssa05	LG20	20071190	20071204	ssa5_71486365_71486703.maf
ssa05	LG20	20071204	20071215	ssa5_71486365_71486703.maf
ssa05	LG20	20024497	20024517	ssa5_71536227_71538392.maf
ssa05	LG20	20025480	20025544	ssa5_71536227_71538392.maf
ssa05	LG20	20025573	20025646	ssa5_71536227_71538392.maf
ssa05	LG20	19619896	19619913	ssa5_72107823_72108578.maf
ssa05	LG20	19596125	19596138	ssa5_72135678_72136263.maf
ssa05	LG20	19596138	19596168	ssa5_72135678_72136263.maf
ssa05	LG20	19596175	19596188	ssa5_72135678_72136263.maf
ssa05	LG20	19596188	19596228	ssa5_72135678_72136263.maf
ssa05	LG20	19506918	19506928	ssa5_72246704_72248782.maf
ssa05	LG20	19439001	19439060	ssa5_72352765_72353204.maf
ssa05	LG20	19190560	19190602	ssa5_72684158_72684923.maf
ssa05	LG20	19190611	19190641	ssa5_72684158_72684923.maf
ssa05	LG20	19190641	19190712	ssa5_72684158_72684923.maf
ssa05	LG20	19138911	19138945	ssa5_72768991_72770022.maf
ssa05	LG20	19138945	19138963	ssa5_72768991_72770022.maf
ssa05	LG20	19139018	19139062	ssa5_72768991_72770022.maf
ssa05	LG20	19122608	19122623	ssa5_72800875_72801251.maf
ssa05	LG20	19122639	19122662	ssa5_72800875_72801251.maf
ssa05	LG20	19122849	19122861	ssa5_72800875_72801251.maf
ssa05	LG20	19010120	19010131	ssa5_72922218_72923180.maf
ssa05	LG20	19010131	19010206	ssa5_72922218_72923180.maf
ssa05	LG20	19010225	19010235	ssa5_72922218_72923180.maf
ssa05	LG20	19010259	19010270	ssa5_72922218_72923180.maf
ssa05	LG20	19010408	19010483	ssa5_72922218_72923180.maf
ssa05	LG20	18706260	18706275	ssa5_73423933_73424530.maf
ssa05	LG20	18706305	18706321	ssa5_73423933_73424530.maf
ssa05	LG20	18706321	18706371	ssa5_73423933_73424530.maf
ssa05	LG20	18706421	18706432	ssa5_73423933_73424530.maf
ssa05	LG20	18630852	18630912	ssa5_73513977_73515337.maf
ssa05	LG20	18630912	18630923	ssa5_73513977_73515337.maf
ssa05	LG20	18631267	18631363	ssa5_73513977_73515337.maf
ssa05	LG20	18631380	18631401	ssa5_73513977_73515337.maf
ssa05	LG20	18589243	18589399	ssa5_73565274_73566532.maf
ssa05	LG20	18419184	18419237	ssa5_73755936_73756610.maf
ssa05	LG20	18347019	18347031	ssa5_73845542_73846371.maf
ssa05	LG20	18347084	18347096	ssa5_73845542_73846371.maf
ssa05	LG20	18347134	18347214	ssa5_73845542_73846371.maf
ssa05	LG20	18040185	18040198	ssa5_74396558_74397204.maf
ssa05	LG20	18040198	18040209	ssa5_74396558_74397204.maf
ssa05	LG20	18040279	18040295	ssa5_74396558_74397204.maf
ssa05	LG20	17897683	17897702	ssa5_74582204_74582859.maf
ssa05	LG20	17897702	17897754	ssa5_74582204_74582859.maf
ssa05	LG20	17898072	17898123	ssa5_74582204_74582859.maf
ssa05	LG20	17898123	17898138	ssa5_74582204_74582859.maf
ssa05	LG20	17898138	17898166	ssa5_74582204_74582859.maf
ssa05	LG20	17895602	17895723	ssa5_74585696_74585882.maf
ssa05	LG20	17877573	17877590	ssa5_74740370_74741052.maf
ssa05	LG20	17877636	17877673	ssa5_74740370_74741052.maf
ssa05	LG20	17834201	17834238	ssa5_74806346_74806781.maf
ssa05	LG20	17799079	17799172	ssa5_74883256_74883963.maf
ssa05	LG20	17693090	17693111	ssa5_75006237_75006978.maf
ssa05	LG20	17693111	17693169	ssa5_75006237_75006978.maf
ssa05	LG20	17693169	17693211	ssa5_75006237_75006978.maf
ssa05	LG20	17693273	17693298	ssa5_75006237_75006978.maf
ssa05	LG20	17582191	17582246	ssa5_75148057_75148641.maf
ssa05	LG20	17554142	17554186	ssa5_75187265_75188856.maf
ssa05	LG20	17554186	17554228	ssa5_75187265_75188856.maf
ssa05	LG20	17554388	17554398	ssa5_75187265_75188856.maf
ssa05	LG20	17554398	17554408	ssa5_75187265_75188856.maf
ssa05	LG20	17555450	17555518	ssa5_75187265_75188856.maf
ssa05	LG20	17555518	17555530	ssa5_75187265_75188856.maf
ssa05	LG20	17260494	17260527	ssa5_75711108_75711781.maf
ssa05	LG20	17260593	17260612	ssa5_75711108_75711781.maf
ssa05	LG20	16878650	16878673	ssa5_76481369_76482327.maf
ssa05	LG20	16878673	16878683	ssa5_76481369_76482327.maf
ssa05	LG20	16878683	16878721	ssa5_76481369_76482327.maf
ssa05	LG20	16372875	16372955	ssa5_77348516_77349289.maf
ssa05	LG20	16368381	16368438	ssa5_77354782_77356190.maf
ssa05	LG20	16368505	16368520	ssa5_77354782_77356190.maf
ssa05	LG20	16368520	16368541	ssa5_77354782_77356190.maf
ssa05	LG20	16369121	16369136	ssa5_77354782_77356190.maf
ssa05	LG20	16369149	16369202	ssa5_77354782_77356190.maf
ssa05	LG20	16180104	16180155	ssa5_77616719_77617288.maf
ssa05	LG20	16169743	16169754	ssa5_77718336_77719712.maf
ssa05	LG20	16169754	16169792	ssa5_77718336_77719712.maf
ssa05	LG20	16169953	16170016	ssa5_77718336_77719712.maf
ssa05	LG20	16170016	16170104	ssa5_77718336_77719712.maf
ssa05	LG20	16170530	16170554	ssa5_77718336_77719712.maf
ssa05	LG20	16170554	16170572	ssa5_77718336_77719712.maf
ssa05	LG20	15849707	15849719	ssa5_78386355_78387147.maf
ssa05	LG20	15849725	15849740	ssa5_78386355_78387147.maf
ssa05	LG20	15649720	15649730	ssa5_78899540_78900105.maf
ssa05	LG20	15649730	15649766	ssa5_78899540_78900105.maf
ssa05	LG20	15632537	15632615	ssa5_78939736_78940792.maf
ssa05	LG20	15632678	15632694	ssa5_78939736_78940792.maf
ssa05	LG20	15633107	15633133	ssa5_78939736_78940792.maf
ssa05	LG20	14888142	14888219	ssa5_79703915_79707456.maf
ssa05	LG20	14826298	14826310	ssa5_79780649_79781361.maf
ssa05	LG20	14726520	14726593	ssa5_79959980_79960785.maf
ssa05	LG20	14665881	14665940	ssa5_80066641_80066956.maf
ssa05	LG20	14238459	14238539	ssa5_81274925_81275388.maf
ssa05	LG20	13934498	13934510	ssa5_81740241_81741761.maf
ssa05	LG20	13346933	13346949	ssa5_82632428_82632989.maf
ssa05	LG20	13346949	13346994	ssa5_82632428_82632989.maf
ssa05	LG20	13346996	13347039	ssa5_82632428_82632989.maf
ssa05	LG20	13347071	13347095	ssa5_82632428_82632989.maf
ssa05	LG20	13347095	13347243	ssa5_82632428_82632989.maf
ssa05	LG04	23003742	23003796	ssa5_8492968_8493346.maf
ssa05	LG04	23003796	23003844	ssa5_8492968_8493346.maf
ssa05	LG04	23003844	23003866	ssa5_8492968_8493346.maf
ssa05	LG04	23003881	23003896	ssa5_8492968_8493346.maf
ssa05	LG04	23003912	23003968	ssa5_8492968_8493346.maf
ssa05	LG04	23004005	23004035	ssa5_8492968_8493346.maf
ssa05	LG04	22274432	22274475	ssa5_9635995_9637542.maf
ssa05	LG04	22274475	22274492	ssa5_9635995_9637542.maf
ssa05	LG04	22274513	22274524	ssa5_9635995_9637542.maf
ssa06	LG11	38208876	38208887	ssa6_10575508_10576807.maf
ssa06	LG11	38208925	38209105	ssa6_10575508_10576807.maf
ssa06	LG11	38209110	38209147	ssa6_10575508_10576807.maf
ssa06	LG11	38209202	38209227	ssa6_10575508_10576807.maf
ssa06	LG11	38209239	38209273	ssa6_10575508_10576807.maf
ssa06	LG11	38152567	38152599	ssa6_10771770_10773092.maf
ssa06	LG11	38152599	38152663	ssa6_10771770_10773092.maf
ssa06	LG11	38153556	38153590	ssa6_10771770_10773092.maf
ssa06	LG11	38153798	38153821	ssa6_10771770_10773092.maf
ssa06	LG11	38153821	38153834	ssa6_10771770_10773092.maf
ssa06	LG11	38153834	38153857	ssa6_10771770_10773092.maf
ssa06	LG11	38153857	38153873	ssa6_10771770_10773092.maf
ssa06	LG11	38153888	38153915	ssa6_10771770_10773092.maf
ssa06	LG11	35525666	35525678	ssa6_13147360_13147802.maf
ssa06	LG11	35310012	35310046	ssa6_13674258_13674501.maf
ssa06	LG11	35125336	35125354	ssa6_13983074_13983756.maf
ssa06	LG11	35125591	35125626	ssa6_13983074_13983756.maf
ssa06	LG11	35125626	35125641	ssa6_13983074_13983756.maf
ssa06	LG11	35105064	35105119	ssa6_14006992_14007941.maf
ssa06	LG11	35105126	35105239	ssa6_14006992_14007941.maf
ssa06	LG11	35103876	35103927	ssa6_14008904_14010175.maf
ssa06	LG11	35103927	35103999	ssa6_14008904_14010175.maf
ssa06	LG11	35104587	35104613	ssa6_14008904_14010175.maf
ssa06	LG11	35104614	35104858	ssa6_14008904_14010175.maf
ssa06	LG11	35104858	35104871	ssa6_14008904_14010175.maf
ssa06	LG11	35104872	35104898	ssa6_14008904_14010175.maf
ssa06	LG11	35104898	35104913	ssa6_14008904_14010175.maf
ssa06	LG11	35104913	35104929	ssa6_14008904_14010175.maf
ssa06	LG11	34767129	34767192	ssa6_14707634_14708347.maf
ssa06	LG11	34767192	34767246	ssa6_14707634_14708347.maf
ssa06	LG11	34767246	34767291	ssa6_14707634_14708347.maf
ssa06	LG11	34740563	34740591	ssa6_14731561_14733484.maf
ssa06	LG11	34740671	34740701	ssa6_14731561_14733484.maf
ssa06	LG11	34740701	34740725	ssa6_14731561_14733484.maf
ssa06	LG11	34725670	34725689	ssa6_14742648_14743152.maf
ssa06	LG11	34725694	34725805	ssa6_14742648_14743152.maf
ssa06	LG11	34723478	34723545	ssa6_14746151_14747608.maf
ssa06	LG11	34606506	34606570	ssa6_14907538_14908590.maf
ssa06	LG11	34600852	34600874	ssa6_14909253_14909797.maf
ssa06	LG11	34221352	34221368	ssa6_15392131_15392651.maf
ssa06	LG11	34221368	34221427	ssa6_15392131_15392651.maf
ssa06	LG11	34221427	34221445	ssa6_15392131_15392651.maf
ssa06	LG11	34221457	34221469	ssa6_15392131_15392651.maf
ssa06	LG11	34221614	34221633	ssa6_15392131_15392651.maf
ssa06	LG11	34221633	34221649	ssa6_15392131_15392651.maf
ssa06	LG11	34221649	34221670	ssa6_15392131_15392651.maf
ssa06	LG11	34221670	34221684	ssa6_15392131_15392651.maf
ssa06	LG11	34049077	34049170	ssa6_15646890_15647492.maf
ssa06	LG11	33993738	33993765	ssa6_15761045_15761824.maf
ssa06	LG11	33993765	33993789	ssa6_15761045_15761824.maf
ssa06	LG11	33993865	33994014	ssa6_15761045_15761824.maf
ssa06	LG11	33994048	33994064	ssa6_15761045_15761824.maf
ssa06	LG11	33994107	33994177	ssa6_15761045_15761824.maf
ssa06	LG11	33994177	33994187	ssa6_15761045_15761824.maf
ssa06	LG11	33994203	33994246	ssa6_15761045_15761824.maf
ssa06	LG11	33861656	33861668	ssa6_15939133_15940043.maf
ssa06	LG11	33861674	33861802	ssa6_15939133_15940043.maf
ssa06	LG11	33862122	33862134	ssa6_15939133_15940043.maf
ssa06	LG11	33862134	33862336	ssa6_15939133_15940043.maf
ssa06	LG11	33778754	33778782	ssa6_16214070_16214784.maf
ssa06	LG11	33778790	33778833	ssa6_16214070_16214784.maf
ssa06	LG11	33778848	33778865	ssa6_16214070_16214784.maf
ssa06	LG11	33778865	33778945	ssa6_16214070_16214784.maf
ssa06	LG11	33778970	33779001	ssa6_16214070_16214784.maf
ssa06	LG11	33779057	33779148	ssa6_16214070_16214784.maf
ssa06	LG11	33565265	33565381	ssa6_16532895_16533929.maf
ssa06	LG11	33565381	33565393	ssa6_16532895_16533929.maf
ssa06	LG11	33281649	33281755	ssa6_16844881_16845501.maf
ssa06	LG11	33252143	33252207	ssa6_16867853_16868661.maf
ssa06	LG11	32465982	32466079	ssa6_18145631_18146000.maf
ssa06	LG11	32464990	32465017	ssa6_18146362_18147025.maf
ssa06	LG11	32465102	32465219	ssa6_18146362_18147025.maf
ssa06	LG11	32465273	32465295	ssa6_18146362_18147025.maf
ssa06	LG11	32465315	32465328	ssa6_18146362_18147025.maf
ssa06	LG11	32465331	32465348	ssa6_18146362_18147025.maf
ssa06	LG11	32374245	32374258	ssa6_18249589_18250303.maf
ssa06	LG11	32322123	32322137	ssa6_18353471_18353962.maf
ssa06	LG11	32322184	32322203	ssa6_18353471_18353962.maf
ssa06	LG11	32322266	32322276	ssa6_18353471_18353962.maf
ssa06	LG11	32322391	32322408	ssa6_18353471_18353962.maf
ssa06	LG11	32210027	32210092	ssa6_18523635_18524026.maf
ssa06	LG11	32210092	32210142	ssa6_18523635_18524026.maf
ssa06	LG11	32210142	32210161	ssa6_18523635_18524026.maf
ssa06	LG11	32210161	32210190	ssa6_18523635_18524026.maf
ssa06	LG11	32210190	32210200	ssa6_18523635_18524026.maf
ssa06	LG11	32197514	32197605	ssa6_18544815_18546127.maf
ssa06	LG11	32197605	32197656	ssa6_18544815_18546127.maf
ssa06	LG11	32197788	32197867	ssa6_18544815_18546127.maf
ssa06	LG11	32197992	32198020	ssa6_18544815_18546127.maf
ssa06	LG11	32198121	32198149	ssa6_18544815_18546127.maf
ssa06	LG11	32198344	32198356	ssa6_18544815_18546127.maf
ssa06	LG11	32154878	32154890	ssa6_18608359_18609004.maf
ssa06	LG11	32154892	32155113	ssa6_18608359_18609004.maf
ssa06	LG11	32155113	32155159	ssa6_18608359_18609004.maf
ssa06	LG11	32044185	32044256	ssa6_18753649_18754488.maf
ssa06	LG11	31988564	31988609	ssa6_18837290_18837571.maf
ssa06	LG11	31958260	31958292	ssa6_18886655_18887119.maf
ssa06	LG11	31937829	31937881	ssa6_18943598_18944829.maf
ssa06	LG11	31910119	31910130	ssa6_19021784_19022374.maf
ssa06	LG11	31910133	31910145	ssa6_19021784_19022374.maf
ssa06	LG11	31910146	31910204	ssa6_19021784_19022374.maf
ssa06	LG11	31910274	31910302	ssa6_19021784_19022374.maf
ssa06	LG11	31809391	31809414	ssa6_19221548_19223212.maf
ssa06	LG11	31809687	31809700	ssa6_19221548_19223212.maf
ssa06	LG11	31809700	31809724	ssa6_19221548_19223212.maf
ssa06	LG11	31801818	31801828	ssa6_19232466_19233147.maf
ssa06	LG11	31801834	31801852	ssa6_19232466_19233147.maf
ssa06	LG11	31801852	31801866	ssa6_19232466_19233147.maf
ssa06	LG11	31801866	31801900	ssa6_19232466_19233147.maf
ssa06	LG11	31801900	31801938	ssa6_19232466_19233147.maf
ssa06	LG11	31801938	31801953	ssa6_19232466_19233147.maf
ssa06	LG11	31802033	31802090	ssa6_19232466_19233147.maf
ssa06	LG11	31802144	31802170	ssa6_19232466_19233147.maf
ssa06	LG11	31704489	31704516	ssa6_19401509_19402102.maf
ssa06	LG11	31704516	31704556	ssa6_19401509_19402102.maf
ssa06	LG11	30903450	30903509	ssa6_20061218_20061832.maf
ssa06	LG11	30900865	30900891	ssa6_20064387_20065320.maf
ssa06	LG11	30900893	30900963	ssa6_20064387_20065320.maf
ssa06	LG11	30901022	30901035	ssa6_20064387_20065320.maf
ssa06	LG11	30901035	30901078	ssa6_20064387_20065320.maf
ssa06	LG11	30901078	30901091	ssa6_20064387_20065320.maf
ssa06	LG11	30899331	30899368	ssa6_20066665_20067533.maf
ssa06	LG11	30899368	30899433	ssa6_20066665_20067533.maf
ssa06	LG11	30830185	30830213	ssa6_20163507_20164317.maf
ssa06	LG11	30533670	30533712	ssa6_20493409_20494625.maf
ssa06	LG11	30533721	30533820	ssa6_20493409_20494625.maf
ssa06	LG11	30533829	30533862	ssa6_20493409_20494625.maf
ssa06	LG11	30522108	30522130	ssa6_20501531_20502306.maf
ssa06	LG11	30522130	30522161	ssa6_20501531_20502306.maf
ssa06	LG11	30522312	30522322	ssa6_20501531_20502306.maf
ssa06	LG11	30522696	30522738	ssa6_20501531_20502306.maf
ssa06	LG11	30522745	30522827	ssa6_20501531_20502306.maf
ssa06	LG11	30514306	30514323	ssa6_20507832_20508349.maf
ssa06	LG11	20147968	20147986	ssa6_20841007_20841829.maf
ssa06	LG11	20153008	20153045	ssa6_20860122_20860881.maf
ssa06	LG11	20153340	20153386	ssa6_20860122_20860881.maf
ssa06	LG11	20154024	20154136	ssa6_20860122_20860881.maf
ssa06	LG11	20167961	20168018	ssa6_20873801_20874664.maf
ssa06	LG11	20168022	20168082	ssa6_20873801_20874664.maf
ssa06	LG11	20242478	20242494	ssa6_20976624_20977869.maf
ssa06	LG11	20242494	20242569	ssa6_20976624_20977869.maf
ssa06	LG11	20242876	20243005	ssa6_20976624_20977869.maf
ssa06	LG11	20455959	20456041	ssa6_21209896_21211323.maf
ssa06	LG11	20475155	20475179	ssa6_21252960_21253481.maf
ssa06	LG11	20640181	20640194	ssa6_21489430_21490471.maf
ssa06	LG11	20641330	20641368	ssa6_21500675_21501748.maf
ssa06	LG11	20641368	20641404	ssa6_21500675_21501748.maf
ssa06	LG11	20647960	20647973	ssa6_21511550_21512191.maf
ssa06	LG11	20648210	20648242	ssa6_21511550_21512191.maf
ssa06	LG11	20654853	20654884	ssa6_21520321_21520733.maf
ssa06	LG11	20654884	20654908	ssa6_21520321_21520733.maf
ssa06	LG11	20655059	20655095	ssa6_21520321_21520733.maf
ssa06	LG11	20656647	20656658	ssa6_21523521_21524718.maf
ssa06	LG11	20656658	20656716	ssa6_21523521_21524718.maf
ssa06	LG11	20662854	20662919	ssa6_21528685_21530356.maf
ssa06	LG11	20662933	20662982	ssa6_21528685_21530356.maf
ssa06	LG11	20663175	20663248	ssa6_21528685_21530356.maf
ssa06	LG11	20699653	20699669	ssa6_21679261_21679745.maf
ssa06	LG11	21249814	21249830	ssa6_22288921_22289633.maf
ssa06	LG11	21249892	21249903	ssa6_22288921_22289633.maf
ssa06	LG11	21543365	21543393	ssa6_23024301_23024929.maf
ssa06	LG11	21543444	21543491	ssa6_23024301_23024929.maf
ssa06	LG11	21624501	21624522	ssa6_23105910_23106994.maf
ssa06	LG11	21703544	21703576	ssa6_23358828_23359402.maf
ssa06	LG11	21800207	21800232	ssa6_23455512_23456333.maf
ssa06	LG11	21800239	21800335	ssa6_23455512_23456333.maf
ssa06	LG11	21800392	21800460	ssa6_23455512_23456333.maf
ssa06	LG11	21800460	21800490	ssa6_23455512_23456333.maf
ssa06	LG11	21800526	21800536	ssa6_23455512_23456333.maf
ssa06	LG11	21811983	21812040	ssa6_23469904_23470802.maf
ssa06	LG11	21812040	21812079	ssa6_23469904_23470802.maf
ssa06	LG11	21831886	21832007	ssa6_23490187_23491253.maf
ssa06	LG11	21832007	21832028	ssa6_23490187_23491253.maf
ssa06	LG11	21832028	21832077	ssa6_23490187_23491253.maf
ssa06	LG11	22351566	22351658	ssa6_24151916_24153104.maf
ssa06	LG11	22351788	22351845	ssa6_24151916_24153104.maf
ssa06	LG11	22511825	22511852	ssa6_24579159_24580601.maf
ssa06	LG11	22511914	22511953	ssa6_24579159_24580601.maf
ssa06	LG11	22512822	22512833	ssa6_24581157_24581932.maf
ssa06	LG11	22512848	22512915	ssa6_24581157_24581932.maf
ssa06	LG11	22513106	22513193	ssa6_24581157_24581932.maf
ssa06	LG11	22513194	22513239	ssa6_24581157_24581932.maf
ssa06	LG11	22529389	22529483	ssa6_24603852_24604841.maf
ssa06	LG11	22529483	22529494	ssa6_24603852_24604841.maf
ssa06	LG11	22545430	22545473	ssa6_24618383_24618904.maf
ssa06	LG11	22545487	22545522	ssa6_24618383_24618904.maf
ssa06	LG11	22545522	22545608	ssa6_24618383_24618904.maf
ssa06	LG11	22545608	22545649	ssa6_24618383_24618904.maf
ssa06	LG11	22545649	22545665	ssa6_24618383_24618904.maf
ssa06	LG11	22545665	22545679	ssa6_24618383_24618904.maf
ssa06	LG11	22557935	22557974	ssa6_24628304_24629569.maf
ssa06	LG11	22557978	22558204	ssa6_24628304_24629569.maf
ssa06	LG11	22558204	22558275	ssa6_24628304_24629569.maf
ssa06	LG11	22565803	22565820	ssa6_24644465_24645347.maf
ssa06	LG11	22565820	22565880	ssa6_24644465_24645347.maf
ssa06	LG11	22594580	22594642	ssa6_24670228_24670684.maf
ssa06	LG11	22620457	22620501	ssa6_24691181_24692339.maf
ssa06	LG11	22640707	22640733	ssa6_24702345_24702912.maf
ssa06	LG11	22640733	22640752	ssa6_24702345_24702912.maf
ssa06	LG11	22734448	22734468	ssa6_24847401_24848084.maf
ssa06	LG11	22734468	22734498	ssa6_24847401_24848084.maf
ssa06	LG11	23212915	23212980	ssa6_25386628_25387742.maf
ssa06	LG11	23213080	23213204	ssa6_25386628_25387742.maf
ssa06	LG11	23213226	23213266	ssa6_25386628_25387742.maf
ssa06	LG11	23213266	23213293	ssa6_25386628_25387742.maf
ssa06	LG11	23400670	23400739	ssa6_25650016_25651685.maf
ssa06	LG11	23400764	23400809	ssa6_25650016_25651685.maf
ssa06	LG11	23404950	23404964	ssa6_25652592_25653021.maf
ssa06	LG11	23421478	23421512	ssa6_25665279_25666136.maf
ssa06	LG11	23421512	23421601	ssa6_25665279_25666136.maf
ssa06	LG11	23428567	23428661	ssa6_25670767_25671745.maf
ssa06	LG11	23467255	23467267	ssa6_25706495_25707067.maf
ssa06	LG11	23467280	23467311	ssa6_25706495_25707067.maf
ssa06	LG11	23474908	23474943	ssa6_25726586_25727277.maf
ssa06	LG11	23475004	23475044	ssa6_25726586_25727277.maf
ssa06	LG11	23475245	23475278	ssa6_25726586_25727277.maf
ssa06	LG11	23475280	23475299	ssa6_25726586_25727277.maf
ssa06	LG11	24749606	24749627	ssa6_26308553_26309247.maf
ssa06	LG11	24749627	24749647	ssa6_26308553_26309247.maf
ssa06	LG11	25213569	25213598	ssa6_26843850_26844360.maf
ssa06	LG11	25213637	25213653	ssa6_26843850_26844360.maf
ssa06	LG11	25213656	25213667	ssa6_26843850_26844360.maf
ssa06	LG11	25227143	25227155	ssa6_26857525_26858716.maf
ssa06	LG11	25227657	25227690	ssa6_26857525_26858716.maf
ssa06	LG11	25228118	25228276	ssa6_26857525_26858716.maf
ssa06	LG11	25228276	25228290	ssa6_26857525_26858716.maf
ssa06	LG11	25333444	25333472	ssa6_26963518_26964532.maf
ssa06	LG11	25333472	25333493	ssa6_26963518_26964532.maf
ssa06	LG11	25333493	25333531	ssa6_26963518_26964532.maf
ssa06	LG11	25497478	25497499	ssa6_27187055_27187848.maf
ssa06	LG11	25497643	25497768	ssa6_27187055_27187848.maf
ssa06	LG11	25500142	25500179	ssa6_27188214_27188806.maf
ssa06	LG11	25500232	25500245	ssa6_27188214_27188806.maf
ssa06	LG11	25589812	25589831	ssa6_27296075_27296899.maf
ssa06	LG11	25589831	25589872	ssa6_27296075_27296899.maf
ssa06	LG11	26152069	26152121	ssa6_27891748_27892954.maf
ssa06	LG11	26152255	26152331	ssa6_27891748_27892954.maf
ssa06	LG11	26193050	26193127	ssa6_27914066_27915112.maf
ssa06	LG11	26214431	26214453	ssa6_27934048_27935306.maf
ssa06	LG11	26214453	26214492	ssa6_27934048_27935306.maf
ssa06	LG11	26214749	26214760	ssa6_27934048_27935306.maf
ssa06	LG11	26227559	26227598	ssa6_27955087_27955429.maf
ssa06	LG11	26227598	26227609	ssa6_27955087_27955429.maf
ssa06	LG11	26227609	26227653	ssa6_27955087_27955429.maf
ssa06	LG11	26227653	26227672	ssa6_27955087_27955429.maf
ssa06	LG11	26276040	26276127	ssa6_27990907_27991932.maf
ssa06	LG11	26276127	26276167	ssa6_27990907_27991932.maf
ssa06	LG11	26428782	26428924	ssa6_28235900_28236387.maf
ssa06	LG11	26428924	26428934	ssa6_28235900_28236387.maf
ssa06	LG11	26903997	26904051	ssa6_28734851_28737663.maf
ssa06	LG11	26910583	26910647	ssa6_28745760_28747037.maf
ssa06	LG11	26926636	26926646	ssa6_28757258_28757813.maf
ssa06	LG11	26926649	26926703	ssa6_28757258_28757813.maf
ssa06	LG11	26926710	26926845	ssa6_28757258_28757813.maf
ssa06	LG11	27391129	27391213	ssa6_29370714_29371495.maf
ssa06	LG11	27487581	27487623	ssa6_29457120_29457889.maf
ssa06	LG11	27487623	27487640	ssa6_29457120_29457889.maf
ssa06	LG11	27487640	27487650	ssa6_29457120_29457889.maf
ssa06	LG11	27487656	27487758	ssa6_29457120_29457889.maf
ssa06	LG11	27487844	27487937	ssa6_29457120_29457889.maf
ssa06	LG11	27521915	27521933	ssa6_29494249_29495200.maf
ssa06	LG11	27521933	27521951	ssa6_29494249_29495200.maf
ssa06	LG11	27521951	27521964	ssa6_29494249_29495200.maf
ssa06	LG11	27522102	27522129	ssa6_29494249_29495200.maf
ssa06	LG11	27522141	27522168	ssa6_29494249_29495200.maf
ssa06	LG11	27522168	27522185	ssa6_29494249_29495200.maf
ssa06	LG11	27545633	27545668	ssa6_29522726_29523616.maf
ssa06	LG11	27631490	27631572	ssa6_29618547_29619512.maf
ssa06	LG11	27631585	27631667	ssa6_29618547_29619512.maf
ssa06	LG11	27631667	27631688	ssa6_29618547_29619512.maf
ssa06	LG11	27632342	27632401	ssa6_29618547_29619512.maf
ssa06	LG11	27633117	27633202	ssa6_29619770_29620377.maf
ssa06	LG11	27633282	27633296	ssa6_29619770_29620377.maf
ssa06	LG11	27704432	27704451	ssa6_29713709_29714444.maf
ssa06	LG11	27704542	27704554	ssa6_29713709_29714444.maf
ssa06	LG11	27704554	27704571	ssa6_29713709_29714444.maf
ssa06	LG11	27704578	27704602	ssa6_29713709_29714444.maf
ssa06	LG11	27783686	27783698	ssa6_29795781_29796497.maf
ssa06	LG11	27783747	27783757	ssa6_29795781_29796497.maf
ssa06	LG11	27783803	27783844	ssa6_29795781_29796497.maf
ssa06	LG11	27898405	27898415	ssa6_29900002_29901124.maf
ssa06	LG11	27898551	27898584	ssa6_29900002_29901124.maf
ssa06	LG11	27934320	27934330	ssa6_29931138_29931812.maf
ssa06	LG11	27934575	27934617	ssa6_29931138_29931812.maf
ssa06	LG11	27934617	27934644	ssa6_29931138_29931812.maf
ssa06	LG11	27934657	27934711	ssa6_29931138_29931812.maf
ssa06	LG11	27961972	27962012	ssa6_29951024_29951809.maf
ssa06	LG11	27962228	27962251	ssa6_29951024_29951809.maf
ssa06	LG11	27962268	27962285	ssa6_29951024_29951809.maf
ssa06	LG11	27962296	27962327	ssa6_29951024_29951809.maf
ssa06	LG11	27962623	27962636	ssa6_29951024_29951809.maf
ssa06	LG11	27962644	27962668	ssa6_29951024_29951809.maf
ssa06	LG11	27992608	27992666	ssa6_29987899_29989142.maf
ssa06	LG11	27993039	27993069	ssa6_29987899_29989142.maf
ssa06	LG11	28193139	28193151	ssa6_30221181_30221732.maf
ssa06	LG11	28507988	28507999	ssa6_30501711_30502593.maf
ssa06	LG11	28799911	28799970	ssa6_30761134_30762328.maf
ssa06	LG11	29071996	29072012	ssa6_30966298_30966902.maf
ssa06	LG11	29072019	29072046	ssa6_30966298_30966902.maf
ssa06	LG11	29072377	29072400	ssa6_30966298_30966902.maf
ssa06	LG11	29072400	29072436	ssa6_30966298_30966902.maf
ssa06	LG11	29125111	29125151	ssa6_31023815_31024423.maf
ssa06	LG11	29125279	29125290	ssa6_31023815_31024423.maf
ssa06	LG11	29125299	29125406	ssa6_31023815_31024423.maf
ssa06	LG11	29129026	29129053	ssa6_31025232_31025827.maf
ssa06	LG11	29129076	29129115	ssa6_31025232_31025827.maf
ssa06	LG11	29129115	29129125	ssa6_31025232_31025827.maf
ssa06	LG11	29129132	29129151	ssa6_31025232_31025827.maf
ssa06	LG11	29129155	29129177	ssa6_31025232_31025827.maf
ssa06	LG11	29129177	29129255	ssa6_31025232_31025827.maf
ssa06	LG11	29133804	29133867	ssa6_31027643_31028739.maf
ssa06	LG11	29133867	29133881	ssa6_31027643_31028739.maf
ssa06	LG11	29133881	29133897	ssa6_31027643_31028739.maf
ssa06	LG11	29133897	29133933	ssa6_31027643_31028739.maf
ssa06	LG11	29134032	29134075	ssa6_31027643_31028739.maf
ssa06	LG11	29134077	29134188	ssa6_31027643_31028739.maf
ssa06	LG11	29134188	29134202	ssa6_31027643_31028739.maf
ssa06	LG11	29134208	29134293	ssa6_31027643_31028739.maf
ssa06	LG11	29134300	29134346	ssa6_31027643_31028739.maf
ssa06	LG11	29134416	29134624	ssa6_31027643_31028739.maf
ssa06	LG11	29134624	29134663	ssa6_31027643_31028739.maf
ssa06	LG11	29135200	29135210	ssa6_31034384_31034616.maf
ssa06	LG11	29135213	29135227	ssa6_31034384_31034616.maf
ssa06	LG11	29135227	29135264	ssa6_31034384_31034616.maf
ssa06	LG11	29135264	29135291	ssa6_31034384_31034616.maf
ssa06	LG11	29135291	29135344	ssa6_31034384_31034616.maf
ssa06	LG11	29139996	29140007	ssa6_31037705_31038301.maf
ssa06	LG11	29140066	29140109	ssa6_31037705_31038301.maf
ssa06	LG11	29140109	29140125	ssa6_31037705_31038301.maf
ssa06	LG11	29140138	29140153	ssa6_31037705_31038301.maf
ssa06	LG11	29140153	29140180	ssa6_31037705_31038301.maf
ssa06	LG11	29140180	29140203	ssa6_31037705_31038301.maf
ssa06	LG11	29140203	29140224	ssa6_31037705_31038301.maf
ssa06	LG11	29140224	29140272	ssa6_31037705_31038301.maf
ssa06	LG11	29140272	29140287	ssa6_31037705_31038301.maf
ssa06	LG11	29140290	29140302	ssa6_31037705_31038301.maf
ssa06	LG11	29140302	29140334	ssa6_31037705_31038301.maf
ssa06	LG11	29140334	29140414	ssa6_31037705_31038301.maf
ssa06	LG11	29140414	29140486	ssa6_31037705_31038301.maf
ssa06	LG11	29140508	29140523	ssa6_31037705_31038301.maf
ssa06	LG11	29151046	29151078	ssa6_31044129_31044765.maf
ssa06	LG11	29151078	29151140	ssa6_31044129_31044765.maf
ssa06	LG11	29151140	29151389	ssa6_31044129_31044765.maf
ssa06	LG11	29151396	29151429	ssa6_31044129_31044765.maf
ssa06	LG11	29151429	29151501	ssa6_31044129_31044765.maf
ssa06	LG11	29151522	29151564	ssa6_31044129_31044765.maf
ssa06	LG11	29164458	29164489	ssa6_31052059_31053568.maf
ssa06	LG11	29164489	29164510	ssa6_31052059_31053568.maf
ssa06	LG11	29164510	29164548	ssa6_31052059_31053568.maf
ssa06	LG11	29165178	29165248	ssa6_31052059_31053568.maf
ssa06	LG11	29165439	29165465	ssa6_31052059_31053568.maf
ssa06	LG11	29165465	29165475	ssa6_31052059_31053568.maf
ssa06	LG11	29165475	29165525	ssa6_31052059_31053568.maf
ssa06	LG11	29165525	29165554	ssa6_31052059_31053568.maf
ssa06	LG11	29165595	29165719	ssa6_31052059_31053568.maf
ssa06	LG11	29165795	29165881	ssa6_31052059_31053568.maf
ssa06	LG11	29165881	29165939	ssa6_31052059_31053568.maf
ssa06	LG11	29171343	29171386	ssa6_31057452_31057970.maf
ssa06	LG11	29171429	29171461	ssa6_31057452_31057970.maf
ssa06	LG11	29172197	29172292	ssa6_31057452_31057970.maf
ssa06	LG11	29210314	29210390	ssa6_31092291_31092689.maf
ssa06	LG11	29210390	29210422	ssa6_31092291_31092689.maf
ssa06	LG11	29210423	29210448	ssa6_31092291_31092689.maf
ssa06	LG11	29216848	29216966	ssa6_31096428_31097965.maf
ssa06	LG11	29216997	29217007	ssa6_31096428_31097965.maf
ssa06	LG11	29217007	29217023	ssa6_31096428_31097965.maf
ssa06	LG11	29217061	29217081	ssa6_31096428_31097965.maf
ssa06	LG11	29217081	29217097	ssa6_31096428_31097965.maf
ssa06	LG11	29217274	29217323	ssa6_31096428_31097965.maf
ssa06	LG11	29217323	29217341	ssa6_31096428_31097965.maf
ssa06	LG11	29217341	29217351	ssa6_31096428_31097965.maf
ssa06	LG11	29217351	29217419	ssa6_31096428_31097965.maf
ssa06	LG11	29217419	29217438	ssa6_31096428_31097965.maf
ssa06	LG11	29217438	29217453	ssa6_31096428_31097965.maf
ssa06	LG11	29217453	29217515	ssa6_31096428_31097965.maf
ssa06	LG11	29217515	29217757	ssa6_31096428_31097965.maf
ssa06	LG11	29217764	29217774	ssa6_31096428_31097965.maf
ssa06	LG11	29217774	29217792	ssa6_31096428_31097965.maf
ssa06	LG11	29442834	29442898	ssa6_31332657_31334365.maf
ssa06	LG11	29442898	29442924	ssa6_31332657_31334365.maf
ssa06	LG11	29443090	29443112	ssa6_31332657_31334365.maf
ssa06	LG11	29443112	29443162	ssa6_31332657_31334365.maf
ssa06	LG11	29443199	29443210	ssa6_31332657_31334365.maf
ssa06	LG11	29443436	29443510	ssa6_31332657_31334365.maf
ssa06	LG11	29443679	29443717	ssa6_31332657_31334365.maf
ssa06	LG11	29443717	29443759	ssa6_31332657_31334365.maf
ssa06	LG11	29443792	29443856	ssa6_31332657_31334365.maf
ssa06	LG11	29483734	29483747	ssa6_31366765_31367522.maf
ssa06	LG11	29483747	29483776	ssa6_31366765_31367522.maf
ssa06	LG11	29506428	29506527	ssa6_31377267_31378248.maf
ssa06	LG11	29528397	29528455	ssa6_31393810_31394394.maf
ssa06	LG11	29528467	29528525	ssa6_31393810_31394394.maf
ssa06	LG11	29585369	29585421	ssa6_31470172_31471535.maf
ssa06	LG11	29585678	29585735	ssa6_31470172_31471535.maf
ssa06	LG11	29630226	29630276	ssa6_31496741_31498017.maf
ssa06	LG11	29630540	29630588	ssa6_31496741_31498017.maf
ssa06	LG11	29642573	29642621	ssa6_31517678_31518535.maf
ssa06	LG11	29660291	29660307	ssa6_31539320_31540351.maf
ssa06	LG11	29660567	29660579	ssa6_31539320_31540351.maf
ssa06	LG11	29693243	29693264	ssa6_31618023_31618764.maf
ssa06	LG11	29693264	29693284	ssa6_31618023_31618764.maf
ssa06	LG11	29693396	29693468	ssa6_31618023_31618764.maf
ssa06	LG11	29761807	29761887	ssa6_31706159_31707134.maf
ssa06	LG11	29762324	29762345	ssa6_31706159_31707134.maf
ssa06	LG11	29762345	29762381	ssa6_31706159_31707134.maf
ssa06	LG11	29764493	29764543	ssa6_31707359_31708031.maf
ssa06	LG11	29764543	29764601	ssa6_31707359_31708031.maf
ssa06	LG11	29764601	29764615	ssa6_31707359_31708031.maf
ssa06	LG11	29773382	29773441	ssa6_31720539_31721025.maf
ssa06	LG11	29812405	29812452	ssa6_31785992_31787814.maf
ssa06	LG11	29816886	29816904	ssa6_31795697_31796056.maf
ssa06	LG11	29819204	29819221	ssa6_31797708_31798292.maf
ssa06	LG11	29819221	29819272	ssa6_31797708_31798292.maf
ssa06	LG11	29819453	29819477	ssa6_31797708_31798292.maf
ssa06	LG11	29851302	29851359	ssa6_31820895_31821663.maf
ssa06	LG11	30028140	30028150	ssa6_32013131_32013620.maf
ssa06	LG11	30028205	30028220	ssa6_32013131_32013620.maf
ssa06	LG11	30028220	30028276	ssa6_32013131_32013620.maf
ssa06	LG11	30028309	30028319	ssa6_32013131_32013620.maf
ssa06	LG11	30031909	30031930	ssa6_32017630_32018199.maf
ssa06	LG11	30031930	30031981	ssa6_32017630_32018199.maf
ssa06	LG11	30138662	30138745	ssa6_32128197_32129240.maf
ssa06	LG11	30138787	30138844	ssa6_32128197_32129240.maf
ssa06	LG11	30272097	30272171	ssa6_32271659_32272809.maf
ssa06	LG11	19882744	19882778	ssa6_32464042_32464736.maf
ssa06	LG11	19882778	19882788	ssa6_32464042_32464736.maf
ssa06	LG11	19882788	19882798	ssa6_32464042_32464736.maf
ssa06	LG11	19717192	19717287	ssa6_32622087_32623037.maf
ssa06	LG11	19442550	19442562	ssa6_32936856_32938100.maf
ssa06	LG11	19442638	19442650	ssa6_32936856_32938100.maf
ssa06	LG11	19442651	19442662	ssa6_32936856_32938100.maf
ssa06	LG11	19442717	19442733	ssa6_32936856_32938100.maf
ssa06	LG11	19442811	19442824	ssa6_32936856_32938100.maf
ssa06	LG11	19442884	19442949	ssa6_32936856_32938100.maf
ssa06	LG11	19443123	19443206	ssa6_32936856_32938100.maf
ssa06	LG11	19443320	19443369	ssa6_32936856_32938100.maf
ssa06	LG11	19443369	19443379	ssa6_32936856_32938100.maf
ssa06	LG11	19443379	19443411	ssa6_32936856_32938100.maf
ssa06	LG11	19443930	19443969	ssa6_32936856_32938100.maf
ssa06	LG11	19443969	19444013	ssa6_32936856_32938100.maf
ssa06	LG11	19209851	19209906	ssa6_33204090_33205015.maf
ssa06	LG11	4496175	4496225	ssa6_33358942_33359822.maf
ssa06	LG11	4545090	4545105	ssa6_33423487_33424506.maf
ssa06	LG11	4545105	4545157	ssa6_33423487_33424506.maf
ssa06	LG11	4545177	4545196	ssa6_33423487_33424506.maf
ssa06	LG11	4545369	4545387	ssa6_33423487_33424506.maf
ssa06	LG11	4545528	4545584	ssa6_33423487_33424506.maf
ssa06	LG11	4556550	4556587	ssa6_33434474_33436056.maf
ssa06	LG11	4556599	4556612	ssa6_33434474_33436056.maf
ssa06	LG11	4556612	4556626	ssa6_33434474_33436056.maf
ssa06	LG11	4556658	4556711	ssa6_33434474_33436056.maf
ssa06	LG11	4556879	4556895	ssa6_33434474_33436056.maf
ssa06	LG11	4556929	4556977	ssa6_33434474_33436056.maf
ssa06	LG11	4557837	4557866	ssa6_33434474_33436056.maf
ssa06	LG11	4557866	4557893	ssa6_33434474_33436056.maf
ssa06	LG11	4557895	4557924	ssa6_33434474_33436056.maf
ssa06	LG11	4557924	4557967	ssa6_33434474_33436056.maf
ssa06	LG11	4560874	4560957	ssa6_33436496_33437094.maf
ssa06	LG11	4560983	4561038	ssa6_33436496_33437094.maf
ssa06	LG11	4645581	4645659	ssa6_33520627_33521218.maf
ssa06	LG11	4772448	4772465	ssa6_33649841_33650678.maf
ssa06	LG11	4772465	4772512	ssa6_33649841_33650678.maf
ssa06	LG11	4785427	4785439	ssa6_33660881_33661678.maf
ssa06	LG11	4785439	4785555	ssa6_33660881_33661678.maf
ssa06	LG11	4785558	4785611	ssa6_33660881_33661678.maf
ssa06	LG11	4785631	4785687	ssa6_33660881_33661678.maf
ssa06	LG11	4792881	4792944	ssa6_33670403_33671119.maf
ssa06	LG11	5102007	5102020	ssa6_34000548_34002629.maf
ssa06	LG11	5102026	5102136	ssa6_34000548_34002629.maf
ssa06	LG11	5102523	5102547	ssa6_34000548_34002629.maf
ssa06	LG11	5102547	5102595	ssa6_34000548_34002629.maf
ssa06	LG11	5131211	5131268	ssa6_34035193_34035996.maf
ssa06	LG11	5237679	5237783	ssa6_34136922_34137892.maf
ssa06	LG11	5238167	5238246	ssa6_34136922_34137892.maf
ssa06	LG11	5258829	5258840	ssa6_34162531_34163031.maf
ssa06	LG11	5258840	5258908	ssa6_34162531_34163031.maf
ssa06	LG11	5259366	5259466	ssa6_34169445_34170104.maf
ssa06	LG11	5299949	5299959	ssa6_34194311_34195206.maf
ssa06	LG11	5299959	5300001	ssa6_34194311_34195206.maf
ssa06	LG11	5300016	5300026	ssa6_34194311_34195206.maf
ssa06	LG11	5300028	5300050	ssa6_34194311_34195206.maf
ssa06	LG11	5300078	5300257	ssa6_34194311_34195206.maf
ssa06	LG11	5300636	5300673	ssa6_34194311_34195206.maf
ssa06	LG11	5300673	5300703	ssa6_34194311_34195206.maf
ssa06	LG11	5300703	5300740	ssa6_34194311_34195206.maf
ssa06	LG11	5309249	5309307	ssa6_34203898_34204924.maf
ssa06	LG11	5309367	5309489	ssa6_34203898_34204924.maf
ssa06	LG11	5309492	5309531	ssa6_34203898_34204924.maf
ssa06	LG11	5310115	5310174	ssa6_34203898_34204924.maf
ssa06	LG11	5320779	5320791	ssa6_34209367_34210089.maf
ssa06	LG11	5320791	5320806	ssa6_34209367_34210089.maf
ssa06	LG11	5320806	5320952	ssa6_34209367_34210089.maf
ssa06	LG11	5321338	5321389	ssa6_34209367_34210089.maf
ssa06	LG11	5330714	5330749	ssa6_34210975_34211544.maf
ssa06	LG11	5330752	5330779	ssa6_34210975_34211544.maf
ssa06	LG11	5330801	5330877	ssa6_34210975_34211544.maf
ssa06	LG11	5331080	5331094	ssa6_34210975_34211544.maf
ssa06	LG11	5602662	5602690	ssa6_34354932_34355459.maf
ssa06	LG11	5605315	5605328	ssa6_34360068_34360898.maf
ssa06	LG11	5605328	5605348	ssa6_34360068_34360898.maf
ssa06	LG11	5605348	5605384	ssa6_34360068_34360898.maf
ssa06	LG11	5605384	5605396	ssa6_34360068_34360898.maf
ssa06	LG11	5605396	5605418	ssa6_34360068_34360898.maf
ssa06	LG11	5605702	5605712	ssa6_34360068_34360898.maf
ssa06	LG11	5605741	5605752	ssa6_34360068_34360898.maf
ssa06	LG11	5605833	5605847	ssa6_34360068_34360898.maf
ssa06	LG11	5654019	5654029	ssa6_34412866_34413100.maf
ssa06	LG11	5654029	5654056	ssa6_34412866_34413100.maf
ssa06	LG11	5654056	5654114	ssa6_34412866_34413100.maf
ssa06	LG11	5654114	5654128	ssa6_34412866_34413100.maf
ssa06	LG11	5656152	5656187	ssa6_34415360_34416320.maf
ssa06	LG11	5656666	5656806	ssa6_34415360_34416320.maf
ssa06	LG11	5666230	5666254	ssa6_34423951_34425090.maf
ssa06	LG11	5666261	5666299	ssa6_34423951_34425090.maf
ssa06	LG11	5666759	5666791	ssa6_34423951_34425090.maf
ssa06	LG11	5666791	5666837	ssa6_34423951_34425090.maf
ssa06	LG11	5680925	5680937	ssa6_34431813_34432344.maf
ssa06	LG11	5681235	5681274	ssa6_34431813_34432344.maf
ssa06	LG11	5687863	5687878	ssa6_34443665_34445160.maf
ssa06	LG11	5687879	5687892	ssa6_34443665_34445160.maf
ssa06	LG11	5706771	5706786	ssa6_34459341_34460434.maf
ssa06	LG11	5706786	5706798	ssa6_34459341_34460434.maf
ssa06	LG11	5706842	5706854	ssa6_34459341_34460434.maf
ssa06	LG11	5706879	5706891	ssa6_34459341_34460434.maf
ssa06	LG11	5717154	5717182	ssa6_34464936_34465952.maf
ssa06	LG11	5717223	5717242	ssa6_34464936_34465952.maf
ssa06	LG11	5717388	5717414	ssa6_34464936_34465952.maf
ssa06	LG11	5717457	5717479	ssa6_34464936_34465952.maf
ssa06	LG11	5717605	5717655	ssa6_34464936_34465952.maf
ssa06	LG11	5727307	5727334	ssa6_34471549_34473147.maf
ssa06	LG11	5727469	5727534	ssa6_34471549_34473147.maf
ssa06	LG11	5727988	5728050	ssa6_34471549_34473147.maf
ssa06	LG11	5728060	5728079	ssa6_34471549_34473147.maf
ssa06	LG11	5728176	5728197	ssa6_34471549_34473147.maf
ssa06	LG11	5728197	5728222	ssa6_34471549_34473147.maf
ssa06	LG11	5728583	5728640	ssa6_34471549_34473147.maf
ssa06	LG11	5728651	5728663	ssa6_34471549_34473147.maf
ssa06	LG11	5728663	5728681	ssa6_34471549_34473147.maf
ssa06	LG11	5728708	5728775	ssa6_34471549_34473147.maf
ssa06	LG11	5739013	5739066	ssa6_34483917_34485345.maf
ssa06	LG11	5739066	5739076	ssa6_34483917_34485345.maf
ssa06	LG11	5740004	5740078	ssa6_34483917_34485345.maf
ssa06	LG11	5804527	5804544	ssa6_34635005_34635960.maf
ssa06	LG11	5804544	5804584	ssa6_34635005_34635960.maf
ssa06	LG11	5810640	5810671	ssa6_34639548_34640785.maf
ssa06	LG11	5810827	5810856	ssa6_34639548_34640785.maf
ssa06	LG11	5810856	5810898	ssa6_34639548_34640785.maf
ssa06	LG11	5810901	5810931	ssa6_34639548_34640785.maf
ssa06	LG11	5810931	5810981	ssa6_34639548_34640785.maf
ssa06	LG11	5811097	5811141	ssa6_34639548_34640785.maf
ssa06	LG11	5811148	5811191	ssa6_34639548_34640785.maf
ssa06	LG11	5811192	5811208	ssa6_34639548_34640785.maf
ssa06	LG11	5811221	5811297	ssa6_34639548_34640785.maf
ssa06	LG11	5816873	5816883	ssa6_34642286_34642938.maf
ssa06	LG11	5817065	5817145	ssa6_34642286_34642938.maf
ssa06	LG11	5818681	5818695	ssa6_34645060_34645913.maf
ssa06	LG11	5818813	5818830	ssa6_34645060_34645913.maf
ssa06	LG11	5819466	5819524	ssa6_34645060_34645913.maf
ssa06	LG11	5826562	5826601	ssa6_34654987_34655262.maf
ssa06	LG11	5826601	5826645	ssa6_34654987_34655262.maf
ssa06	LG11	5826651	5826662	ssa6_34654987_34655262.maf
ssa06	LG11	5827540	5827602	ssa6_34656102_34656709.maf
ssa06	LG11	5944827	5944867	ssa6_34768348_34769035.maf
ssa06	LG11	5944935	5945009	ssa6_34768348_34769035.maf
ssa06	LG11	6023058	6023070	ssa6_34813717_34814397.maf
ssa06	LG11	6023070	6023180	ssa6_34813717_34814397.maf
ssa06	LG11	6089239	6089260	ssa6_34867914_34868816.maf
ssa06	LG11	6089304	6089386	ssa6_34867914_34868816.maf
ssa06	LG11	6138063	6138074	ssa6_34903224_34903748.maf
ssa06	LG11	6138074	6138084	ssa6_34903224_34903748.maf
ssa06	LG11	6138232	6138293	ssa6_34903224_34903748.maf
ssa06	LG11	6154002	6154031	ssa6_34917900_34918342.maf
ssa06	LG11	6183466	6183485	ssa6_34940780_34941522.maf
ssa06	LG11	6183498	6183509	ssa6_34940780_34941522.maf
ssa06	LG11	6590469	6590492	ssa6_35321477_35322148.maf
ssa06	LG11	6590572	6590584	ssa6_35321477_35322148.maf
ssa06	LG11	6590584	6590597	ssa6_35321477_35322148.maf
ssa06	LG11	6590601	6590619	ssa6_35321477_35322148.maf
ssa06	LG11	6590619	6590651	ssa6_35321477_35322148.maf
ssa06	LG11	7081282	7081339	ssa6_35887450_35888784.maf
ssa06	LG11	7081643	7081667	ssa6_35887450_35888784.maf
ssa06	LG11	7081667	7081696	ssa6_35887450_35888784.maf
ssa06	LG11	7081973	7082052	ssa6_35887450_35888784.maf
ssa06	LG11	7173625	7173678	ssa6_35982538_35983665.maf
ssa06	LG11	7179431	7179491	ssa6_35989616_35990551.maf
ssa06	LG11	7179498	7179511	ssa6_35989616_35990551.maf
ssa06	LG11	7253779	7253861	ssa6_36061551_36061999.maf
ssa06	LG11	7255383	7255409	ssa6_36063792_36064559.maf
ssa06	LG11	7255409	7255428	ssa6_36063792_36064559.maf
ssa06	LG11	7255513	7255532	ssa6_36063792_36064559.maf
ssa06	LG11	7255532	7255546	ssa6_36063792_36064559.maf
ssa06	LG11	7255546	7255595	ssa6_36063792_36064559.maf
ssa06	LG11	7255778	7255835	ssa6_36063792_36064559.maf
ssa06	LG11	7255867	7255916	ssa6_36063792_36064559.maf
ssa06	LG11	7258499	7258559	ssa6_36075225_36075444.maf
ssa06	LG11	7278935	7279030	ssa6_36095286_36095606.maf
ssa06	LG11	7306634	7306687	ssa6_36110395_36110853.maf
ssa06	LG11	7353598	7353630	ssa6_36186376_36186911.maf
ssa06	LG11	7373059	7373174	ssa6_36209597_36210852.maf
ssa06	LG11	7373520	7373587	ssa6_36209597_36210852.maf
ssa06	LG11	7373648	7373705	ssa6_36209597_36210852.maf
ssa06	LG11	7373755	7373809	ssa6_36209597_36210852.maf
ssa06	LG11	7386943	7386954	ssa6_36222546_36223307.maf
ssa06	LG11	7386954	7386996	ssa6_36222546_36223307.maf
ssa06	LG11	7387050	7387083	ssa6_36222546_36223307.maf
ssa06	LG11	7387540	7387606	ssa6_36222546_36223307.maf
ssa06	LG11	7388147	7388223	ssa6_36224442_36225199.maf
ssa06	LG11	7388260	7388343	ssa6_36224442_36225199.maf
ssa06	LG11	7411974	7412038	ssa6_36253784_36254898.maf
ssa06	LG11	7412038	7412069	ssa6_36253784_36254898.maf
ssa06	LG11	7449885	7450014	ssa6_36285187_36286452.maf
ssa06	LG11	7507358	7507455	ssa6_36379103_36380080.maf
ssa06	LG11	7507641	7507712	ssa6_36379103_36380080.maf
ssa06	LG11	7507715	7507760	ssa6_36379103_36380080.maf
ssa06	LG11	7647171	7647301	ssa6_36563862_36564413.maf
ssa06	LG11	7647314	7647425	ssa6_36563862_36564413.maf
ssa06	LG11	7651639	7651694	ssa6_36570965_36571919.maf
ssa06	LG11	7673873	7673941	ssa6_36595309_36596500.maf
ssa06	LG11	7673976	7674100	ssa6_36595309_36596500.maf
ssa06	LG11	7674374	7674429	ssa6_36595309_36596500.maf
ssa06	LG11	7860901	7860915	ssa6_36788092_36788853.maf
ssa06	LG11	7860977	7861010	ssa6_36788092_36788853.maf
ssa06	LG11	7883287	7883307	ssa6_36807048_36807415.maf
ssa06	LG11	7883307	7883353	ssa6_36807048_36807415.maf
ssa06	LG11	7887488	7887723	ssa6_36812536_36813301.maf
ssa06	LG11	7887787	7887809	ssa6_36812536_36813301.maf
ssa06	LG11	7908576	7908635	ssa6_36842650_36843150.maf
ssa06	LG11	7908635	7908654	ssa6_36842650_36843150.maf
ssa06	LG11	7908654	7908697	ssa6_36842650_36843150.maf
ssa06	LG11	8231182	8231204	ssa6_37139006_37139624.maf
ssa06	LG11	8231204	8231215	ssa6_37139006_37139624.maf
ssa06	LG11	8231215	8231240	ssa6_37139006_37139624.maf
ssa06	LG11	8372316	8372346	ssa6_37211819_37212837.maf
ssa06	LG11	8372610	8372629	ssa6_37211819_37212837.maf
ssa06	LG11	8372635	8372661	ssa6_37211819_37212837.maf
ssa06	LG11	8372661	8372688	ssa6_37211819_37212837.maf
ssa06	LG11	8372688	8372700	ssa6_37211819_37212837.maf
ssa06	LG11	8372700	8372720	ssa6_37211819_37212837.maf
ssa06	LG11	8375938	8375997	ssa6_37219464_37219983.maf
ssa06	LG11	8431527	8431610	ssa6_37256051_37257111.maf
ssa06	LG11	8431848	8431878	ssa6_37256051_37257111.maf
ssa06	LG11	8431884	8431896	ssa6_37256051_37257111.maf
ssa06	LG11	8431896	8431923	ssa6_37256051_37257111.maf
ssa06	LG11	8432093	8432144	ssa6_37256051_37257111.maf
ssa06	LG11	8432166	8432210	ssa6_37256051_37257111.maf
ssa06	LG11	8437540	8437673	ssa6_37259779_37260261.maf
ssa06	LG11	8437997	8438111	ssa6_37260772_37260987.maf
ssa06	LG11	8438121	8438136	ssa6_37260772_37260987.maf
ssa06	LG11	8448079	8448216	ssa6_37279649_37280813.maf
ssa06	LG11	8492499	8492563	ssa6_37303781_37304588.maf
ssa06	LG11	8492566	8492676	ssa6_37303781_37304588.maf
ssa06	LG11	8612115	8612153	ssa6_37400254_37401373.maf
ssa06	LG11	8612153	8612173	ssa6_37400254_37401373.maf
ssa06	LG11	8612173	8612185	ssa6_37400254_37401373.maf
ssa06	LG11	8629711	8629733	ssa6_37416150_37416965.maf
ssa06	LG11	8629733	8629789	ssa6_37416150_37416965.maf
ssa06	LG11	8629792	8629882	ssa6_37416150_37416965.maf
ssa06	LG11	8668348	8668489	ssa6_37451714_37452758.maf
ssa06	LG11	8749932	8749956	ssa6_37533937_37535064.maf
ssa06	LG11	8750323	8750342	ssa6_37535278_37535944.maf
ssa06	LG11	8750342	8750366	ssa6_37535278_37535944.maf
ssa06	LG11	8750602	8750619	ssa6_37535278_37535944.maf
ssa06	LG11	8963829	8963856	ssa6_37749541_37750115.maf
ssa06	LG11	8963856	8963873	ssa6_37749541_37750115.maf
ssa06	LG11	8966477	8966509	ssa6_37753524_37755240.maf
ssa06	LG11	8966509	8966528	ssa6_37753524_37755240.maf
ssa06	LG11	8966797	8966838	ssa6_37753524_37755240.maf
ssa06	LG11	8966858	8966885	ssa6_37753524_37755240.maf
ssa06	LG11	8966885	8966907	ssa6_37753524_37755240.maf
ssa06	LG11	9029217	9029246	ssa6_37835827_37836186.maf
ssa06	LG11	9029246	9029290	ssa6_37835827_37836186.maf
ssa06	LG11	9098887	9098904	ssa6_37887274_37888098.maf
ssa06	LG11	9098904	9098962	ssa6_37887274_37888098.maf
ssa06	LG11	9099097	9099170	ssa6_37887274_37888098.maf
ssa06	LG11	9099265	9099327	ssa6_37887274_37888098.maf
ssa06	LG11	9131951	9131966	ssa6_37924873_37926369.maf
ssa06	LG11	9131966	9131977	ssa6_37924873_37926369.maf
ssa06	LG11	9131977	9131996	ssa6_37924873_37926369.maf
ssa06	LG11	9131996	9132039	ssa6_37924873_37926369.maf
ssa06	LG11	9222342	9222519	ssa6_38001627_38002364.maf
ssa06	LG11	9222600	9222668	ssa6_38001627_38002364.maf
ssa06	LG11	9222668	9222715	ssa6_38001627_38002364.maf
ssa06	LG11	9222715	9222772	ssa6_38001627_38002364.maf
ssa06	LG11	9265930	9266016	ssa6_38034368_38035023.maf
ssa06	LG11	9575270	9575328	ssa6_38258645_38259587.maf
ssa06	LG11	9598110	9598139	ssa6_38267406_38268102.maf
ssa06	LG11	9598139	9598157	ssa6_38267406_38268102.maf
ssa06	LG11	10752640	10752773	ssa6_39033284_39033639.maf
ssa06	LG11	10918270	10918316	ssa6_39145069_39145547.maf
ssa06	LG11	10918357	10918378	ssa6_39145069_39145547.maf
ssa06	LG11	10918404	10918443	ssa6_39145069_39145547.maf
ssa06	LG11	10972390	10972459	ssa6_39178407_39179069.maf
ssa06	LG11	10972625	10972720	ssa6_39178407_39179069.maf
ssa06	LG11	10972720	10972776	ssa6_39178407_39179069.maf
ssa06	LG11	10972782	10972792	ssa6_39178407_39179069.maf
ssa06	LG11	10972827	10972847	ssa6_39178407_39179069.maf
ssa06	LG11	11062859	11062899	ssa6_39245086_39245688.maf
ssa06	LG11	11062899	11062949	ssa6_39245086_39245688.maf
ssa06	LG11	11062952	11062989	ssa6_39245086_39245688.maf
ssa06	LG11	11062996	11063013	ssa6_39245086_39245688.maf
ssa06	LG11	11063013	11063041	ssa6_39245086_39245688.maf
ssa06	LG11	11063041	11063065	ssa6_39245086_39245688.maf
ssa06	LG11	11654116	11654188	ssa6_39731535_39732324.maf
ssa06	LG11	11654232	11654292	ssa6_39731535_39732324.maf
ssa06	LG11	11654302	11654373	ssa6_39731535_39732324.maf
ssa06	LG11	11682317	11682338	ssa6_39794792_39795638.maf
ssa06	LG11	11689320	11689361	ssa6_39803477_39803992.maf
ssa06	LG11	11722123	11722141	ssa6_39834600_39835639.maf
ssa06	LG11	11731049	11731081	ssa6_39841999_39842915.maf
ssa06	LG11	11731090	11731144	ssa6_39841999_39842915.maf
ssa06	LG11	11731144	11731184	ssa6_39841999_39842915.maf
ssa06	LG11	11731184	11731240	ssa6_39841999_39842915.maf
ssa06	LG11	11731377	11731394	ssa6_39841999_39842915.maf
ssa06	LG11	11814045	11814168	ssa6_39931325_39932029.maf
ssa06	LG11	11814168	11814185	ssa6_39931325_39932029.maf
ssa06	LG11	11819391	11819414	ssa6_39943921_39944588.maf
ssa06	LG11	11819414	11819455	ssa6_39943921_39944588.maf
ssa06	LG11	11819455	11819541	ssa6_39943921_39944588.maf
ssa06	LG11	11819569	11819593	ssa6_39943921_39944588.maf
ssa06	LG11	11819593	11819604	ssa6_39943921_39944588.maf
ssa06	LG11	11842914	11842969	ssa6_39964415_39965523.maf
ssa06	LG11	11864855	11864888	ssa6_39997709_39998333.maf
ssa06	LG11	11865200	11865268	ssa6_39998616_39999197.maf
ssa06	LG11	11932455	11932466	ssa6_40060582_40061975.maf
ssa06	LG11	11932466	11932548	ssa6_40060582_40061975.maf
ssa06	LG11	11932548	11932640	ssa6_40060582_40061975.maf
ssa06	LG11	11932791	11932899	ssa6_40060582_40061975.maf
ssa06	LG11	12046528	12046544	ssa6_40162597_40163690.maf
ssa06	LG11	12046630	12046705	ssa6_40162597_40163690.maf
ssa06	LG11	12046705	12046781	ssa6_40162597_40163690.maf
ssa06	LG11	12046781	12046795	ssa6_40162597_40163690.maf
ssa06	LG11	12046795	12046805	ssa6_40162597_40163690.maf
ssa06	LG11	12075166	12075241	ssa6_40202717_40203326.maf
ssa06	LG11	12075600	12075610	ssa6_40202717_40203326.maf
ssa06	LG11	12075610	12075680	ssa6_40202717_40203326.maf
ssa06	LG11	12075680	12075694	ssa6_40202717_40203326.maf
ssa06	LG11	12075694	12075718	ssa6_40202717_40203326.maf
ssa06	LG11	12118912	12118947	ssa6_40250036_40251352.maf
ssa06	LG11	12119094	12119155	ssa6_40250036_40251352.maf
ssa06	LG11	12119155	12119225	ssa6_40250036_40251352.maf
ssa06	LG11	12223837	12223892	ssa6_40325472_40325895.maf
ssa06	LG11	12560370	12560385	ssa6_40621758_40622572.maf
ssa06	LG11	12560385	12560398	ssa6_40621758_40622572.maf
ssa06	LG11	12612186	12612260	ssa6_40670007_40671542.maf
ssa06	LG11	12612418	12612475	ssa6_40670007_40671542.maf
ssa06	LG11	12613112	12613198	ssa6_40670007_40671542.maf
ssa06	LG11	12628800	12628882	ssa6_40689687_40689940.maf
ssa06	LG11	12631957	12631978	ssa6_40690126_40690530.maf
ssa06	LG11	12632016	12632026	ssa6_40690126_40690530.maf
ssa06	LG11	12637120	12637159	ssa6_40696089_40696903.maf
ssa06	LG11	12637215	12637327	ssa6_40696089_40696903.maf
ssa06	LG11	12637327	12637345	ssa6_40696089_40696903.maf
ssa06	LG11	12641736	12641784	ssa6_40701725_40702141.maf
ssa06	LG11	12641791	12641801	ssa6_40701725_40702141.maf
ssa06	LG11	12641813	12641828	ssa6_40701725_40702141.maf
ssa06	LG11	12641887	12641938	ssa6_40701725_40702141.maf
ssa06	LG11	12701570	12701682	ssa6_40773278_40774188.maf
ssa06	LG11	12832261	12832321	ssa6_40899800_40900519.maf
ssa06	LG11	12833126	12833151	ssa6_40900905_40901368.maf
ssa06	LG11	12833153	12833278	ssa6_40900905_40901368.maf
ssa06	LG11	12833278	12833332	ssa6_40900905_40901368.maf
ssa06	LG11	12833332	12833355	ssa6_40900905_40901368.maf
ssa06	LG11	12833355	12833376	ssa6_40900905_40901368.maf
ssa06	LG11	12833387	12833440	ssa6_40900905_40901368.maf
ssa06	LG11	12833440	12833481	ssa6_40900905_40901368.maf
ssa06	LG11	12833489	12833502	ssa6_40900905_40901368.maf
ssa06	LG11	12865135	12865168	ssa6_40932144_40933659.maf
ssa06	LG11	12865515	12865541	ssa6_40932144_40933659.maf
ssa06	LG11	12954604	12954627	ssa6_41017133_41017992.maf
ssa06	LG11	12992085	12992150	ssa6_41040859_41041645.maf
ssa06	LG11	13301153	13301185	ssa6_41457667_41458383.maf
ssa06	LG11	13383939	13384012	ssa6_41538966_41539577.maf
ssa06	LG11	13458994	13459032	ssa6_41619527_41621353.maf
ssa06	LG11	13459188	13459198	ssa6_41619527_41621353.maf
ssa06	LG11	13459198	13459245	ssa6_41619527_41621353.maf
ssa06	LG11	13460595	13460626	ssa6_41619527_41621353.maf
ssa06	LG11	13460658	13460669	ssa6_41619527_41621353.maf
ssa06	LG11	13490634	13490658	ssa6_41652972_41653541.maf
ssa06	LG11	13490668	13490698	ssa6_41652972_41653541.maf
ssa06	LG11	13490965	13491001	ssa6_41652972_41653541.maf
ssa06	LG11	13491001	13491029	ssa6_41652972_41653541.maf
ssa06	LG11	13591456	13591481	ssa6_41806233_41807110.maf
ssa06	LG11	13591481	13591523	ssa6_41806233_41807110.maf
ssa06	LG11	13591523	13591543	ssa6_41806233_41807110.maf
ssa06	LG11	13591697	13591718	ssa6_41806233_41807110.maf
ssa06	LG11	13591718	13591736	ssa6_41806233_41807110.maf
ssa06	LG11	13591736	13591760	ssa6_41806233_41807110.maf
ssa06	LG11	13591760	13591818	ssa6_41806233_41807110.maf
ssa06	LG11	13616308	13616377	ssa6_41831163_41831744.maf
ssa06	LG11	13616618	13616675	ssa6_41831163_41831744.maf
ssa06	LG11	13704318	13704329	ssa6_41943658_41944851.maf
ssa06	LG11	13704495	13704507	ssa6_41943658_41944851.maf
ssa06	LG11	13704623	13704684	ssa6_41943658_41944851.maf
ssa06	LG11	13704704	13704714	ssa6_41943658_41944851.maf
ssa06	LG11	13704870	13704901	ssa6_41943658_41944851.maf
ssa06	LG11	13711388	13711476	ssa6_41952931_41954573.maf
ssa06	LG11	13754057	13754133	ssa6_42025110_42025996.maf
ssa06	LG11	13754323	13754347	ssa6_42025110_42025996.maf
ssa06	LG11	13754596	13754616	ssa6_42026633_42026980.maf
ssa06	LG11	13754617	13754637	ssa6_42026633_42026980.maf
ssa06	LG11	13754654	13754715	ssa6_42026633_42026980.maf
ssa06	LG11	13754723	13754785	ssa6_42026633_42026980.maf
ssa06	LG11	13761187	13761200	ssa6_42029106_42029921.maf
ssa06	LG11	13761203	13761256	ssa6_42029106_42029921.maf
ssa06	LG11	13766129	13766161	ssa6_42035090_42035507.maf
ssa06	LG11	13960723	13960768	ssa6_42244835_42245398.maf
ssa06	LG11	13960783	13960793	ssa6_42244835_42245398.maf
ssa06	LG11	13962086	13962148	ssa6_42245989_42246575.maf
ssa06	LG11	13963036	13963059	ssa6_42245989_42246575.maf
ssa06	LG11	13986984	13987006	ssa6_42279776_42280128.maf
ssa06	LG11	14042235	14042251	ssa6_42330580_42331555.maf
ssa06	LG11	14042303	14042318	ssa6_42330580_42331555.maf
ssa06	LG11	14051011	14051028	ssa6_42339825_42341085.maf
ssa06	LG11	14051028	14051040	ssa6_42339825_42341085.maf
ssa06	LG11	14051040	14051076	ssa6_42339825_42341085.maf
ssa06	LG11	14051489	14051517	ssa6_42339825_42341085.maf
ssa06	LG11	14157899	14157951	ssa6_42423134_42423829.maf
ssa06	LG11	14158041	14158056	ssa6_42423134_42423829.maf
ssa06	LG11	14163946	14163987	ssa6_42430314_42431694.maf
ssa06	LG11	14163987	14164017	ssa6_42430314_42431694.maf
ssa06	LG11	14164017	14164030	ssa6_42430314_42431694.maf
ssa06	LG11	14178006	14178059	ssa6_42455488_42456887.maf
ssa06	LG11	14178059	14178082	ssa6_42455488_42456887.maf
ssa06	LG11	14178082	14178097	ssa6_42455488_42456887.maf
ssa06	LG11	14178852	14178889	ssa6_42455488_42456887.maf
ssa06	LG11	14220150	14220174	ssa6_42491518_42492785.maf
ssa06	LG11	14220174	14220198	ssa6_42491518_42492785.maf
ssa06	LG11	14220247	14220259	ssa6_42491518_42492785.maf
ssa06	LG11	14461497	14461561	ssa6_42837648_42838203.maf
ssa06	LG11	14809332	14809348	ssa6_43243964_43244566.maf
ssa06	LG11	14809348	14809390	ssa6_43243964_43244566.maf
ssa06	LG11	14809558	14809615	ssa6_43243964_43244566.maf
ssa06	LG11	14995182	14995243	ssa6_43517625_43518577.maf
ssa06	LG11	15005736	15005818	ssa6_43523773_43525348.maf
ssa06	LG11	15005818	15005842	ssa6_43523773_43525348.maf
ssa06	LG11	15005842	15005875	ssa6_43523773_43525348.maf
ssa06	LG11	15006171	15006240	ssa6_43523773_43525348.maf
ssa06	LG11	15112438	15112462	ssa6_43621428_43622319.maf
ssa06	LG11	15203308	15203372	ssa6_43730809_43733332.maf
ssa06	LG11	15236104	15236131	ssa6_43763710_43765702.maf
ssa06	LG11	15236171	15236184	ssa6_43763710_43765702.maf
ssa06	LG11	15236714	15236750	ssa6_43763710_43765702.maf
ssa06	LG11	15237302	15237340	ssa6_43763710_43765702.maf
ssa06	LG11	15237340	15237353	ssa6_43763710_43765702.maf
ssa06	LG11	15422422	15422499	ssa6_43963607_43964756.maf
ssa06	LG11	15755750	15755762	ssa6_44418432_44419199.maf
ssa06	LG11	15755777	15755800	ssa6_44418432_44419199.maf
ssa06	LG11	15780314	15780356	ssa6_44443579_44444620.maf
ssa06	LG11	15971015	15971070	ssa6_44706605_44708375.maf
ssa06	LG11	15971099	15971152	ssa6_44706605_44708375.maf
ssa06	LG11	15985169	15985201	ssa6_44721852_44722945.maf
ssa06	LG11	16557329	16557400	ssa6_45095938_45097183.maf
ssa06	LG11	16557643	16557713	ssa6_45095938_45097183.maf
ssa06	LG11	16576218	16576273	ssa6_45121988_45122844.maf
ssa06	LG11	16607752	16607788	ssa6_45163403_45164750.maf
ssa06	LG11	16607788	16607801	ssa6_45163403_45164750.maf
ssa06	LG11	17076570	17076608	ssa6_45697493_45698013.maf
ssa06	LG11	17076610	17076621	ssa6_45697493_45698013.maf
ssa06	LG11	17175468	17175536	ssa6_45809661_45810708.maf
ssa06	LG11	17175579	17175631	ssa6_45809661_45810708.maf
ssa06	LG11	17181946	17182010	ssa6_45818294_45818938.maf
ssa06	LG11	17194238	17194292	ssa6_45835357_45836179.maf
ssa06	LG11	17201801	17201872	ssa6_45848083_45849429.maf
ssa06	LG11	17372952	17373012	ssa6_46074218_46074775.maf
ssa06	LG11	17665399	17665485	ssa6_46533322_46534653.maf
ssa06	LG11	18030271	18030319	ssa6_47395036_47395904.maf
ssa06	LG11	18030643	18030655	ssa6_47395036_47395904.maf
ssa06	LG11	18030655	18030711	ssa6_47395036_47395904.maf
ssa06	LG11	18030711	18030733	ssa6_47395036_47395904.maf
ssa06	LG11	18030733	18030789	ssa6_47395036_47395904.maf
ssa06	LG11	18030801	18030816	ssa6_47395036_47395904.maf
ssa06	LG11	18030833	18030847	ssa6_47395036_47395904.maf
ssa06	LG11	18030847	18030863	ssa6_47395036_47395904.maf
ssa06	LG11	18030977	18030991	ssa6_47395036_47395904.maf
ssa06	LG11	18021970	18022017	ssa6_47415045_47415679.maf
ssa06	LG11	18022061	18022120	ssa6_47415045_47415679.maf
ssa06	LG11	18015773	18015787	ssa6_47418515_47419221.maf
ssa06	LG11	18015861	18015978	ssa6_47418515_47419221.maf
ssa06	LG11	18015991	18016004	ssa6_47418515_47419221.maf
ssa06	LG14	3873891	3873903	ssa6_49964401_49965298.maf
ssa06	LG14	3874457	3874484	ssa6_49964401_49965298.maf
ssa06	LG14	4726752	4726784	ssa6_51769201_51769804.maf
ssa06	LG14	4726790	4726822	ssa6_51769201_51769804.maf
ssa06	LG14	4726822	4726886	ssa6_51769201_51769804.maf
ssa06	LG14	4726886	4726913	ssa6_51769201_51769804.maf
ssa06	LG14	5153427	5153441	ssa6_52466618_52466975.maf
ssa06	LG14	5153520	5153580	ssa6_52466618_52466975.maf
ssa06	LG14	5371970	5371989	ssa6_53010360_53012427.maf
ssa06	LG14	5371989	5372037	ssa6_53010360_53012427.maf
ssa06	LG14	5372037	5372074	ssa6_53010360_53012427.maf
ssa06	LG14	5372081	5372111	ssa6_53010360_53012427.maf
ssa06	LG14	5373152	5373212	ssa6_53010360_53012427.maf
ssa06	LG14	5373729	5373758	ssa6_53010360_53012427.maf
ssa06	LG14	5373778	5373821	ssa6_53010360_53012427.maf
ssa06	LG14	5402513	5402587	ssa6_53086229_53087006.maf
ssa06	LG14	5402587	5402626	ssa6_53086229_53087006.maf
ssa06	LG14	5402670	5402698	ssa6_53086229_53087006.maf
ssa06	LG14	5402706	5402836	ssa6_53086229_53087006.maf
ssa06	LG14	5450696	5450747	ssa6_53202876_53203782.maf
ssa06	LG14	5450748	5450798	ssa6_53202876_53203782.maf
ssa06	LG14	5450798	5450822	ssa6_53202876_53203782.maf
ssa06	LG14	5450824	5450868	ssa6_53202876_53203782.maf
ssa06	LG14	5450868	5450895	ssa6_53202876_53203782.maf
ssa06	LG14	5450895	5450942	ssa6_53202876_53203782.maf
ssa06	LG14	5451000	5451027	ssa6_53202876_53203782.maf
ssa06	LG14	5451027	5451053	ssa6_53202876_53203782.maf
ssa06	LG14	5451053	5451073	ssa6_53202876_53203782.maf
ssa06	LG14	5457348	5457364	ssa6_53219053_53219996.maf
ssa06	LG14	5457433	5457553	ssa6_53219053_53219996.maf
ssa06	LG14	5457982	5457994	ssa6_53219053_53219996.maf
ssa06	LG14	5458001	5458063	ssa6_53219053_53219996.maf
ssa06	LG14	5458140	5458164	ssa6_53219053_53219996.maf
ssa06	LG14	5458164	5458201	ssa6_53219053_53219996.maf
ssa06	LG14	5458208	5458222	ssa6_53219053_53219996.maf
ssa06	LG14	5458222	5458242	ssa6_53219053_53219996.maf
ssa06	LG14	5458242	5458355	ssa6_53219053_53219996.maf
ssa06	LG14	5467538	5467589	ssa6_53240436_53241296.maf
ssa06	LG14	5467726	5467757	ssa6_53240436_53241296.maf
ssa06	LG14	5467758	5467822	ssa6_53240436_53241296.maf
ssa06	LG14	5467822	5467857	ssa6_53240436_53241296.maf
ssa06	LG14	5468090	5468100	ssa6_53240436_53241296.maf
ssa06	LG14	5468100	5468115	ssa6_53240436_53241296.maf
ssa06	LG14	3563820	3563865	ssa6_55067265_55068518.maf
ssa06	LG14	3555088	3555176	ssa6_55076987_55077267.maf
ssa06	LG14	3537346	3537460	ssa6_55127630_55129273.maf
ssa06	LG14	3538495	3538579	ssa6_55127630_55129273.maf
ssa06	LG14	3538588	3538625	ssa6_55127630_55129273.maf
ssa06	LG14	3437079	3437246	ssa6_55402203_55403145.maf
ssa06	LG14	3437263	3437328	ssa6_55402203_55403145.maf
ssa06	LG18	6524344	6524405	ssa6_55873295_55873878.maf
ssa06	LG18	6524469	6524503	ssa6_55873295_55873878.maf
ssa06	LG18	6561505	6561605	ssa6_55954934_55955943.maf
ssa06	LG18	6687036	6687134	ssa6_56141416_56142640.maf
ssa06	LG18	6698300	6698360	ssa6_56172549_56174228.maf
ssa06	LG18	6901807	6901849	ssa6_56476276_56476721.maf
ssa06	LG18	6901892	6901942	ssa6_56476276_56476721.maf
ssa06	LG18	7771806	7771854	ssa6_57880994_57882041.maf
ssa06	LG18	7771865	7771911	ssa6_57880994_57882041.maf
ssa06	LG18	7771911	7771946	ssa6_57880994_57882041.maf
ssa06	LG18	7772337	7772364	ssa6_57880994_57882041.maf
ssa06	LG18	7772375	7772410	ssa6_57880994_57882041.maf
ssa06	LG18	8068657	8068709	ssa6_58323042_58325225.maf
ssa06	LG18	8068713	8068733	ssa6_58323042_58325225.maf
ssa06	LG18	8069067	8069079	ssa6_58323042_58325225.maf
ssa06	LG18	8069325	8069367	ssa6_58323042_58325225.maf
ssa06	LG18	8069367	8069412	ssa6_58323042_58325225.maf
ssa06	LG18	8839758	8839776	ssa6_59472704_59473635.maf
ssa06	LG18	8839839	8839852	ssa6_59472704_59473635.maf
ssa06	LG18	8839861	8839901	ssa6_59472704_59473635.maf
ssa06	LG18	8839908	8840071	ssa6_59472704_59473635.maf
ssa06	LG18	8840071	8840081	ssa6_59472704_59473635.maf
ssa06	LG18	8921311	8921323	ssa6_59568063_59568701.maf
ssa06	LG18	8921325	8921339	ssa6_59568063_59568701.maf
ssa06	LG18	8921344	8921387	ssa6_59568063_59568701.maf
ssa06	LG18	8921583	8921648	ssa6_59568063_59568701.maf
ssa06	LG18	8921648	8921666	ssa6_59568063_59568701.maf
ssa06	LG18	8921667	8921698	ssa6_59568063_59568701.maf
ssa06	LG18	8936242	8936253	ssa6_59589722_59590177.maf
ssa06	LG18	8936253	8936299	ssa6_59589722_59590177.maf
ssa06	LG18	8936299	8936310	ssa6_59589722_59590177.maf
ssa06	LG18	8936310	8936339	ssa6_59589722_59590177.maf
ssa06	LG18	8951204	8951214	ssa6_59621254_59621736.maf
ssa06	LG18	8951221	8951290	ssa6_59621254_59621736.maf
ssa06	LG18	8956032	8956047	ssa6_59627745_59629909.maf
ssa06	LG18	8956266	8956306	ssa6_59627745_59629909.maf
ssa06	LG18	8956306	8956449	ssa6_59627745_59629909.maf
ssa06	LG18	8956449	8956467	ssa6_59627745_59629909.maf
ssa06	LG18	8956467	8956488	ssa6_59627745_59629909.maf
ssa06	LG18	8956986	8957008	ssa6_59627745_59629909.maf
ssa06	LG18	8957024	8957044	ssa6_59627745_59629909.maf
ssa06	LG18	8957085	8957110	ssa6_59627745_59629909.maf
ssa06	LG18	8957458	8957572	ssa6_59627745_59629909.maf
ssa06	LG18	8957572	8957590	ssa6_59627745_59629909.maf
ssa06	LG18	8960376	8960387	ssa6_59638086_59639165.maf
ssa06	LG18	8960389	8960461	ssa6_59638086_59639165.maf
ssa06	LG18	8960860	8961074	ssa6_59638086_59639165.maf
ssa06	LG18	8961074	8961112	ssa6_59638086_59639165.maf
ssa06	LG18	8973337	8973349	ssa6_59655689_59656622.maf
ssa06	LG18	8973349	8973377	ssa6_59655689_59656622.maf
ssa06	LG18	9063171	9063230	ssa6_59791779_59792208.maf
ssa06	LG18	9063230	9063312	ssa6_59791779_59792208.maf
ssa06	LG18	9063378	9063398	ssa6_59791779_59792208.maf
ssa06	LG18	9093151	9093167	ssa6_59826779_59827458.maf
ssa06	LG18	9138509	9138524	ssa6_59867664_59868575.maf
ssa06	LG18	9138524	9138548	ssa6_59867664_59868575.maf
ssa06	LG18	9151632	9151720	ssa6_59879413_59880430.maf
ssa06	LG18	9152125	9152181	ssa6_59879413_59880430.maf
ssa06	LG18	9152181	9152218	ssa6_59879413_59880430.maf
ssa06	LG18	9206037	9206087	ssa6_59934448_59935246.maf
ssa06	LG18	9253743	9253793	ssa6_60040144_60040843.maf
ssa06	LG18	9253794	9253809	ssa6_60040144_60040843.maf
ssa06	LG18	9254479	9254532	ssa6_60040144_60040843.maf
ssa06	LG18	9302681	9302691	ssa6_60107033_60107794.maf
ssa06	LG18	9302691	9302713	ssa6_60107033_60107794.maf
ssa06	LG18	9302725	9302893	ssa6_60107033_60107794.maf
ssa06	LG18	9327179	9327202	ssa6_60158284_60158629.maf
ssa06	LG18	9491365	9491477	ssa6_60402148_60403169.maf
ssa06	LG18	9492352	9492515	ssa6_60402148_60403169.maf
ssa06	LG18	10138030	10138102	ssa6_61376617_61377368.maf
ssa06	LG18	10138125	10138144	ssa6_61376617_61377368.maf
ssa06	LG18	10160441	10160589	ssa6_61424073_61425276.maf
ssa06	LG18	10360438	10360504	ssa6_61729548_61729958.maf
ssa06	LG18	10527868	10527906	ssa6_61937346_61938064.maf
ssa06	LG18	10527906	10527924	ssa6_61937346_61938064.maf
ssa06	LG18	11075307	11075349	ssa6_62646092_62646768.maf
ssa06	LG18	11075353	11075382	ssa6_62646092_62646768.maf
ssa06	LG18	11282295	11282305	ssa6_63024261_63024813.maf
ssa06	LG18	11282357	11282390	ssa6_63024261_63024813.maf
ssa06	LG18	11282427	11282486	ssa6_63024261_63024813.maf
ssa06	LG18	11282511	11282537	ssa6_63024261_63024813.maf
ssa06	LG18	11377198	11377224	ssa6_63169196_63170429.maf
ssa06	LG18	11377268	11377284	ssa6_63169196_63170429.maf
ssa06	LG18	11377875	11377977	ssa6_63169196_63170429.maf
ssa06	LG18	12060710	12060760	ssa6_63997220_63997944.maf
ssa06	LG18	12140385	12140395	ssa6_64097813_64098303.maf
ssa06	LG18	12140397	12140439	ssa6_64097813_64098303.maf
ssa06	LG18	12346941	12346976	ssa6_64432354_64433056.maf
ssa06	LG18	12349957	12350032	ssa6_64439348_64439965.maf
ssa06	LG18	12399742	12399786	ssa6_64499966_64501287.maf
ssa06	LG18	12413274	12413298	ssa6_64512396_64513038.maf
ssa06	LG18	12413407	12413433	ssa6_64512396_64513038.maf
ssa06	LG18	12413433	12413503	ssa6_64512396_64513038.maf
ssa06	LG18	12422996	12423164	ssa6_64521058_64521716.maf
ssa06	LG18	12469452	12469483	ssa6_64591128_64592220.maf
ssa06	LG18	12473262	12473278	ssa6_64596462_64597145.maf
ssa06	LG18	12473294	12473331	ssa6_64596462_64597145.maf
ssa06	LG18	12473402	12473466	ssa6_64596462_64597145.maf
ssa06	LG18	12473763	12473806	ssa6_64596462_64597145.maf
ssa06	LG18	12473943	12474017	ssa6_64596462_64597145.maf
ssa06	LG18	12477482	12477559	ssa6_64599079_64599967.maf
ssa06	LG18	12477665	12477751	ssa6_64599079_64599967.maf
ssa06	LG18	12490895	12491034	ssa6_64608583_64608971.maf
ssa06	LG18	12491034	12491044	ssa6_64608583_64608971.maf
ssa06	LG18	12509915	12509940	ssa6_64636597_64637267.maf
ssa06	LG18	12509940	12509981	ssa6_64636597_64637267.maf
ssa06	LG18	12510094	12510177	ssa6_64636597_64637267.maf
ssa06	LG18	12510177	12510194	ssa6_64636597_64637267.maf
ssa06	LG18	12563283	12563386	ssa6_64712436_64712995.maf
ssa06	LG18	12563401	12563428	ssa6_64712436_64712995.maf
ssa06	LG18	12563428	12563484	ssa6_64712436_64712995.maf
ssa06	LG11	1161995	1162088	ssa6_6473611_6474647.maf
ssa06	LG11	1166285	1166322	ssa6_6479916_6480191.maf
ssa06	LG18	12681116	12681210	ssa6_64899967_64900821.maf
ssa06	LG18	12763872	12763896	ssa6_65046994_65047579.maf
ssa06	LG18	12763896	12763930	ssa6_65046994_65047579.maf
ssa06	LG18	12763948	12763965	ssa6_65046994_65047579.maf
ssa06	LG18	12763998	12764045	ssa6_65046994_65047579.maf
ssa06	LG18	12764047	12764059	ssa6_65046994_65047579.maf
ssa06	LG18	12764067	12764077	ssa6_65046994_65047579.maf
ssa06	LG18	12764077	12764106	ssa6_65046994_65047579.maf
ssa06	LG18	12764106	12764151	ssa6_65046994_65047579.maf
ssa06	LG18	12764151	12764172	ssa6_65046994_65047579.maf
ssa06	LG18	13002054	13002075	ssa6_65553150_65554085.maf
ssa06	LG18	13002122	13002195	ssa6_65553150_65554085.maf
ssa06	LG18	13002195	13002254	ssa6_65553150_65554085.maf
ssa06	LG18	13012250	13012267	ssa6_65562952_65563276.maf
ssa06	LG18	13014074	13014118	ssa6_65566955_65567908.maf
ssa06	LG18	13016646	13016788	ssa6_65575828_65576950.maf
ssa06	LG18	13017385	13017466	ssa6_65575828_65576950.maf
ssa06	LG18	13032983	13032998	ssa6_65589414_65590131.maf
ssa06	LG18	13033077	13033098	ssa6_65589414_65590131.maf
ssa06	LG18	13033098	13033132	ssa6_65589414_65590131.maf
ssa06	LG18	13036571	13036583	ssa6_65596328_65597054.maf
ssa06	LG18	13036674	13036704	ssa6_65596328_65597054.maf
ssa06	LG18	13036705	13036721	ssa6_65596328_65597054.maf
ssa06	LG18	13040621	13040699	ssa6_65605438_65606171.maf
ssa06	LG18	13040699	13040713	ssa6_65605438_65606171.maf
ssa06	LG18	13040746	13040783	ssa6_65605438_65606171.maf
ssa06	LG18	13040793	13040824	ssa6_65605438_65606171.maf
ssa06	LG18	13043640	13043654	ssa6_65610994_65611236.maf
ssa06	LG18	13043654	13043708	ssa6_65610994_65611236.maf
ssa06	LG18	13046097	13046171	ssa6_65615513_65616596.maf
ssa06	LG18	13069652	13069706	ssa6_65659262_65660214.maf
ssa06	LG18	13096309	13096328	ssa6_65723006_65723660.maf
ssa06	LG18	13096328	13096370	ssa6_65723006_65723660.maf
ssa06	LG18	13096370	13096393	ssa6_65723006_65723660.maf
ssa06	LG18	13096393	13096418	ssa6_65723006_65723660.maf
ssa06	LG18	13096418	13096542	ssa6_65723006_65723660.maf
ssa06	LG18	13149298	13149315	ssa6_65838918_65839813.maf
ssa06	LG18	13149315	13149448	ssa6_65838918_65839813.maf
ssa06	LG18	13149649	13149865	ssa6_65838918_65839813.maf
ssa06	LG18	13164445	13164515	ssa6_65858384_65859196.maf
ssa06	LG18	13190570	13190679	ssa6_65922192_65922891.maf
ssa06	LG18	13190938	13190949	ssa6_65922192_65922891.maf
ssa06	LG18	13190949	13191006	ssa6_65922192_65922891.maf
ssa06	LG18	13264303	13264354	ssa6_66099020_66100063.maf
ssa06	LG18	13280832	13280910	ssa6_66130625_66132183.maf
ssa06	LG18	13305972	13306002	ssa6_66167615_66168243.maf
ssa06	LG18	13584485	13584518	ssa6_66540481_66541521.maf
ssa06	LG18	13584871	13584892	ssa6_66540481_66541521.maf
ssa06	LG18	13668621	13668660	ssa6_66739009_66739536.maf
ssa06	LG18	13718944	13718957	ssa6_66802308_66803174.maf
ssa06	LG18	13719085	13719118	ssa6_66802308_66803174.maf
ssa06	LG18	14274523	14274578	ssa6_67549951_67550150.maf
ssa06	LG18	14382437	14382492	ssa6_67755733_67757487.maf
ssa06	LG18	14382581	14382627	ssa6_67755733_67757487.maf
ssa06	LG18	14382961	14382971	ssa6_67755733_67757487.maf
ssa06	LG18	14383070	14383090	ssa6_67755733_67757487.maf
ssa06	LG18	14383155	14383174	ssa6_67755733_67757487.maf
ssa06	LG18	14383181	14383195	ssa6_67755733_67757487.maf
ssa06	LG18	14383216	14383271	ssa6_67755733_67757487.maf
ssa06	LG18	14418588	14418632	ssa6_67802671_67803749.maf
ssa06	LG18	14418633	14418686	ssa6_67802671_67803749.maf
ssa06	LG18	14418857	14418871	ssa6_67802671_67803749.maf
ssa06	LG18	14418871	14418904	ssa6_67802671_67803749.maf
ssa06	LG18	14418924	14418954	ssa6_67802671_67803749.maf
ssa06	LG18	14434473	14434501	ssa6_67878780_67880336.maf
ssa06	LG18	14434501	14434527	ssa6_67878780_67880336.maf
ssa06	LG18	14434622	14434677	ssa6_67878780_67880336.maf
ssa06	LG18	14434677	14434741	ssa6_67878780_67880336.maf
ssa06	LG18	14434741	14434767	ssa6_67878780_67880336.maf
ssa06	LG18	14442566	14442578	ssa6_67885575_67886144.maf
ssa06	LG18	14443177	14443277	ssa6_67885575_67886144.maf
ssa06	LG18	14443277	14443289	ssa6_67885575_67886144.maf
ssa06	LG18	14443295	14443308	ssa6_67885575_67886144.maf
ssa06	LG18	14443339	14443351	ssa6_67885575_67886144.maf
ssa06	LG18	14498295	14498309	ssa6_67973792_67974304.maf
ssa06	LG18	14506471	14506488	ssa6_67991643_67992359.maf
ssa06	LG18	24631708	24631747	ssa6_71264502_71264827.maf
ssa06	LG18	24631747	24631809	ssa6_71264502_71264827.maf
ssa06	LG18	24091625	24091701	ssa6_71843407_71844432.maf
ssa06	LG18	24091701	24091733	ssa6_71843407_71844432.maf
ssa06	LG18	24091735	24091759	ssa6_71843407_71844432.maf
ssa06	LG18	24091759	24091787	ssa6_71843407_71844432.maf
ssa06	LG18	24066194	24066296	ssa6_71889595_71890697.maf
ssa06	LG18	23680834	23680951	ssa6_72389993_72390932.maf
ssa06	LG18	23680963	23681079	ssa6_72389993_72390932.maf
ssa06	LG18	23375190	23375261	ssa6_72696585_72697019.maf
ssa06	LG18	23375268	23375322	ssa6_72696585_72697019.maf
ssa06	LG18	23375322	23375349	ssa6_72696585_72697019.maf
ssa06	LG18	23375366	23375379	ssa6_72696585_72697019.maf
ssa06	LG18	23375414	23375425	ssa6_72696585_72697019.maf
ssa06	LG18	23373685	23373707	ssa6_72698078_72698490.maf
ssa06	LG18	23373786	23373818	ssa6_72698078_72698490.maf
ssa06	LG18	23373876	23373956	ssa6_72698078_72698490.maf
ssa06	LG18	23373961	23373978	ssa6_72698078_72698490.maf
ssa06	LG18	23373978	23373989	ssa6_72698078_72698490.maf
ssa06	LG18	23374028	23374039	ssa6_72698078_72698490.maf
ssa06	LG18	23260504	23260568	ssa6_72815082_72815845.maf
ssa06	LG18	23260741	23260756	ssa6_72815082_72815845.maf
ssa06	LG18	23260756	23260769	ssa6_72815082_72815845.maf
ssa06	LG18	23260795	23260872	ssa6_72815082_72815845.maf
ssa06	LG18	23115334	23115417	ssa6_73008714_73010416.maf
ssa06	LG18	23115800	23115902	ssa6_73008714_73010416.maf
ssa06	LG18	22164974	22165058	ssa6_73796464_73796800.maf
ssa06	LG18	21954297	21954312	ssa6_74093949_74094434.maf
ssa06	LG18	21954313	21954443	ssa6_74093949_74094434.maf
ssa06	LG18	21747565	21747775	ssa6_74442576_74443578.maf
ssa06	LG18	21747775	21747837	ssa6_74442576_74443578.maf
ssa06	LG18	21747837	21747850	ssa6_74442576_74443578.maf
ssa06	LG18	21747850	21747870	ssa6_74442576_74443578.maf
ssa06	LG18	21701032	21701043	ssa6_74520554_74521154.maf
ssa06	LG18	21677691	21677742	ssa6_74580910_74581725.maf
ssa06	LG18	21677742	21677752	ssa6_74580910_74581725.maf
ssa06	LG18	21677752	21677800	ssa6_74580910_74581725.maf
ssa06	LG18	21160654	21160681	ssa6_75463341_75464394.maf
ssa06	LG18	20971460	20971487	ssa6_75765919_75766415.maf
ssa06	LG18	20931177	20931217	ssa6_75882809_75883501.maf
ssa06	LG18	20525296	20525344	ssa6_76575721_76576831.maf
ssa06	LG18	20525344	20525370	ssa6_76575721_76576831.maf
ssa06	LG18	20525424	20525624	ssa6_76575721_76576831.maf
ssa06	LG18	20506557	20506625	ssa6_76635006_76636066.maf
ssa06	LG18	20506745	20506845	ssa6_76635006_76636066.maf
ssa06	LG18	19552849	19552939	ssa6_77386627_77387642.maf
ssa06	LG18	19149855	19149869	ssa6_77961836_77962945.maf
ssa06	LG18	19150114	19150125	ssa6_77961836_77962945.maf
ssa06	LG18	19150125	19150141	ssa6_77961836_77962945.maf
ssa06	LG18	19150148	19150167	ssa6_77961836_77962945.maf
ssa06	LG18	19150172	19150204	ssa6_77961836_77962945.maf
ssa06	LG18	19147380	19147458	ssa6_77968925_77969521.maf
ssa06	LG18	19147458	19147493	ssa6_77968925_77969521.maf
ssa06	LG18	18297616	18297676	ssa6_79159093_79159502.maf
ssa06	LG18	18297676	18297687	ssa6_79159093_79159502.maf
ssa06	LG11	2161729	2161750	ssa6_7936658_7937731.maf
ssa06	LG18	18036117	18036151	ssa6_80440367_80441128.maf
ssa06	LG18	18036151	18036186	ssa6_80440367_80441128.maf
ssa06	LG18	18036186	18036231	ssa6_80440367_80441128.maf
ssa06	LG18	18036297	18036343	ssa6_80440367_80441128.maf
ssa06	LG18	17692646	17692831	ssa6_81051013_81051711.maf
ssa06	LG18	17647673	17647729	ssa6_81104343_81105225.maf
ssa06	LG18	17647729	17647789	ssa6_81104343_81105225.maf
ssa06	LG18	17648115	17648207	ssa6_81104343_81105225.maf
ssa06	LG18	17648207	17648217	ssa6_81104343_81105225.maf
ssa06	LG18	17640492	17640502	ssa6_81111488_81112178.maf
ssa06	LG18	17640502	17640584	ssa6_81111488_81112178.maf
ssa06	LG18	17212722	17212772	ssa6_81696533_81697370.maf
ssa06	LG18	17212772	17212826	ssa6_81696533_81697370.maf
ssa06	LG18	17212922	17213030	ssa6_81696533_81697370.maf
ssa06	LG18	17213089	17213186	ssa6_81696533_81697370.maf
ssa06	LG18	17197010	17197105	ssa6_81732893_81733358.maf
ssa06	LG18	17088962	17088982	ssa6_81956189_81957001.maf
ssa06	LG18	17089431	17089494	ssa6_81956189_81957001.maf
ssa06	LG18	17083253	17083329	ssa6_81978806_81979884.maf
ssa06	LG18	17083329	17083354	ssa6_81978806_81979884.maf
ssa06	LG18	17083354	17083369	ssa6_81978806_81979884.maf
ssa06	LG18	17083369	17083382	ssa6_81978806_81979884.maf
ssa06	LG18	17083382	17083417	ssa6_81978806_81979884.maf
ssa06	LG18	17084396	17084416	ssa6_81978806_81979884.maf
ssa06	LG18	17084426	17084440	ssa6_81978806_81979884.maf
ssa06	LG18	17084440	17084468	ssa6_81978806_81979884.maf
ssa06	LG18	16561454	16561563	ssa6_83012284_83013611.maf
ssa06	LG18	16561674	16561698	ssa6_83012284_83013611.maf
ssa06	LG18	16561698	16561752	ssa6_83012284_83013611.maf
ssa06	LG18	16561980	16562172	ssa6_83012284_83013611.maf
ssa06	LG18	16562172	16562192	ssa6_83012284_83013611.maf
ssa06	LG18	16415774	16415804	ssa6_83339895_83340510.maf
ssa06	LG18	16415804	16415820	ssa6_83339895_83340510.maf
ssa06	LG18	16415820	16415857	ssa6_83339895_83340510.maf
ssa06	LG18	16367174	16367188	ssa6_83430395_83431140.maf
ssa06	LG18	16367188	16367215	ssa6_83430395_83431140.maf
ssa06	LG18	16367218	16367257	ssa6_83430395_83431140.maf
ssa06	LG18	16367257	16367277	ssa6_83430395_83431140.maf
ssa06	LG18	16367279	16367300	ssa6_83430395_83431140.maf
ssa06	LG18	16364080	16364107	ssa6_83437739_83438453.maf
ssa06	LG18	16364107	16364138	ssa6_83437739_83438453.maf
ssa06	LG18	16336739	16336847	ssa6_83475822_83476722.maf
ssa06	LG18	16336850	16336873	ssa6_83475822_83476722.maf
ssa06	LG18	16336965	16336976	ssa6_83475822_83476722.maf
ssa06	LG18	16336976	16337026	ssa6_83475822_83476722.maf
ssa06	LG18	16281438	16281528	ssa6_83574853_83575873.maf
ssa06	LG18	16281528	16281574	ssa6_83574853_83575873.maf
ssa06	LG18	16281634	16281702	ssa6_83574853_83575873.maf
ssa06	LG18	16281702	16281719	ssa6_83574853_83575873.maf
ssa06	LG18	16281719	16281734	ssa6_83574853_83575873.maf
ssa06	LG18	16281735	16281745	ssa6_83574853_83575873.maf
ssa06	LG18	16281746	16281756	ssa6_83574853_83575873.maf
ssa06	LG18	15951511	15951532	ssa6_84149095_84150368.maf
ssa06	LG18	15951540	15951574	ssa6_84149095_84150368.maf
ssa06	LG23	4875931	4875945	ssa6_85490451_85491474.maf
ssa06	LG23	4875998	4876010	ssa6_85490451_85491474.maf
ssa06	LG23	5181165	5181179	ssa6_86268631_86269386.maf
ssa06	LG23	5181179	5181231	ssa6_86268631_86269386.maf
ssa06	LG23	5330035	5330117	ssa6_86521356_86521920.maf
ssa06	LG23	5332820	5332840	ssa6_86524569_86526783.maf
ssa06	LG18	541775	541852	ssa6_90449963_90450317.maf
ssa06	LG18	541852	541867	ssa6_90449963_90450317.maf
ssa06	LG18	560813	560843	ssa6_90470533_90471897.maf
ssa06	LG18	560871	560884	ssa6_90470533_90471897.maf
ssa06	LG18	560890	560908	ssa6_90470533_90471897.maf
ssa06	LG18	560908	561063	ssa6_90470533_90471897.maf
ssa06	LG18	561072	561125	ssa6_90470533_90471897.maf
ssa06	LG18	561410	561598	ssa6_90470533_90471897.maf
ssa06	LG18	561731	561750	ssa6_90470533_90471897.maf
ssa07	LG24	7222066	7222145	ssa7_10800808_10801336.maf
ssa07	LG24	7222157	7222187	ssa7_10800808_10801336.maf
ssa07	LG24	7303396	7303417	ssa7_10963745_10964935.maf
ssa07	LG24	7326589	7326610	ssa7_10990540_10991392.maf
ssa07	LG24	7326610	7326821	ssa7_10990540_10991392.maf
ssa07	LG24	7326821	7326851	ssa7_10990540_10991392.maf
ssa07	LG24	7825323	7825338	ssa7_12054897_12056249.maf
ssa07	LG24	7825338	7825399	ssa7_12054897_12056249.maf
ssa07	LG24	7983018	7983028	ssa7_12418590_12419442.maf
ssa07	LG24	7983028	7983044	ssa7_12418590_12419442.maf
ssa07	LG24	7983044	7983108	ssa7_12418590_12419442.maf
ssa07	LG24	7983108	7983118	ssa7_12418590_12419442.maf
ssa07	LG24	8101583	8101611	ssa7_12646373_12647170.maf
ssa07	LG24	8101611	8101633	ssa7_12646373_12647170.maf
ssa07	LG24	8182504	8182535	ssa7_12841210_12842237.maf
ssa07	LG24	8182540	8182554	ssa7_12841210_12842237.maf
ssa07	LG24	8182903	8182960	ssa7_12841210_12842237.maf
ssa07	LG24	8182960	8182971	ssa7_12841210_12842237.maf
ssa07	LG24	8182974	8183001	ssa7_12841210_12842237.maf
ssa07	LG24	8505900	8505915	ssa7_13244169_13245783.maf
ssa07	LG24	8506013	8506043	ssa7_13244169_13245783.maf
ssa07	LG24	8507588	8507646	ssa7_13246225_13246964.maf
ssa07	LG24	8522838	8522865	ssa7_13267881_13269399.maf
ssa07	LG24	9019673	9019706	ssa7_14116579_14117710.maf
ssa07	LG24	9019960	9020056	ssa7_14116579_14117710.maf
ssa07	LG24	9192981	9193060	ssa7_14451534_14452497.maf
ssa07	LG24	9503009	9503021	ssa7_14977525_14978875.maf
ssa07	LG24	9503029	9503043	ssa7_14977525_14978875.maf
ssa07	LG24	9533900	9533926	ssa7_15018413_15019216.maf
ssa07	LG24	9533926	9533977	ssa7_15018413_15019216.maf
ssa07	LG24	9534080	9534156	ssa7_15018413_15019216.maf
ssa07	LG24	9741599	9741610	ssa7_15330891_15331656.maf
ssa07	LG24	9741720	9741760	ssa7_15330891_15331656.maf
ssa07	LG24	9747523	9747535	ssa7_15337536_15338226.maf
ssa07	LG24	10208732	10208775	ssa7_16082108_16082399.maf
ssa07	LG24	10584920	10584951	ssa7_16352118_16353061.maf
ssa07	LG24	10584951	10584996	ssa7_16352118_16353061.maf
ssa07	LG24	10510431	10510496	ssa7_16455664_16456789.maf
ssa07	LG24	10510545	10510557	ssa7_16455664_16456789.maf
ssa07	LG24	10510557	10510624	ssa7_16455664_16456789.maf
ssa07	LG24	10498593	10498654	ssa7_16475099_16475484.maf
ssa07	LG24	10467049	10467149	ssa7_16529530_16530113.maf
ssa07	LG24	10467152	10467183	ssa7_16529530_16530113.maf
ssa07	LG24	10467183	10467194	ssa7_16529530_16530113.maf
ssa07	LG24	10457497	10457609	ssa7_16537100_16537655.maf
ssa07	LG24	10446350	10446366	ssa7_16556991_16558046.maf
ssa07	LG24	10446366	10446404	ssa7_16556991_16558046.maf
ssa07	LG24	10447719	10447778	ssa7_16556991_16558046.maf
ssa07	LG24	10448069	10448156	ssa7_16556991_16558046.maf
ssa07	LG24	10448222	10448239	ssa7_16556991_16558046.maf
ssa07	LG24	10448239	10448284	ssa7_16556991_16558046.maf
ssa07	LG24	10448289	10448304	ssa7_16556991_16558046.maf
ssa07	LG24	10448304	10448329	ssa7_16556991_16558046.maf
ssa07	LG24	10425944	10426037	ssa7_16613393_16614101.maf
ssa07	LG24	10421386	10421450	ssa7_16616968_16617479.maf
ssa07	LG24	10421483	10421507	ssa7_16616968_16617479.maf
ssa07	LG24	10421507	10421539	ssa7_16616968_16617479.maf
ssa07	LG24	10421544	10421560	ssa7_16616968_16617479.maf
ssa07	LG24	10325948	10326047	ssa7_16794496_16795257.maf
ssa07	LG24	10326055	10326131	ssa7_16794496_16795257.maf
ssa07	LG24	10326131	10326252	ssa7_16794496_16795257.maf
ssa07	LG24	10326252	10326267	ssa7_16794496_16795257.maf
ssa07	LG24	10314137	10314266	ssa7_16824169_16824778.maf
ssa07	LG24	10314266	10314295	ssa7_16824169_16824778.maf
ssa07	LG24	10314300	10314335	ssa7_16824169_16824778.maf
ssa07	LG24	10314337	10314377	ssa7_16824169_16824778.maf
ssa07	LG24	10314379	10314408	ssa7_16824169_16824778.maf
ssa07	LG24	10314462	10314477	ssa7_16824169_16824778.maf
ssa07	LG24	10314477	10314522	ssa7_16824169_16824778.maf
ssa07	LG24	10292319	10292426	ssa7_16851501_16852122.maf
ssa07	LG24	10292426	10292471	ssa7_16851501_16852122.maf
ssa07	LG24	10278119	10278136	ssa7_16865827_16866592.maf
ssa07	LG24	10278265	10278275	ssa7_16865827_16866592.maf
ssa07	LG24	10278364	10278380	ssa7_16865827_16866592.maf
ssa07	LG24	10899068	10899102	ssa7_17142011_17142938.maf
ssa07	LG24	10899102	10899117	ssa7_17142011_17142938.maf
ssa07	LG24	10899523	10899547	ssa7_17142011_17142938.maf
ssa07	LG24	11068145	11068232	ssa7_17377137_17377783.maf
ssa07	LG24	11521604	11521640	ssa7_18113448_18113756.maf
ssa07	LG24	11595007	11595031	ssa7_18213787_18214881.maf
ssa07	LG24	12005097	12005110	ssa7_18803608_18804258.maf
ssa07	LG24	12005128	12005203	ssa7_18803608_18804258.maf
ssa07	LG24	12093972	12094006	ssa7_18912913_18913608.maf
ssa07	LG24	12094006	12094017	ssa7_18912913_18913608.maf
ssa07	LG24	12094017	12094041	ssa7_18912913_18913608.maf
ssa07	LG24	12094041	12094082	ssa7_18912913_18913608.maf
ssa07	LG24	12094082	12094106	ssa7_18912913_18913608.maf
ssa07	LG24	12591087	12591114	ssa7_19561369_19562827.maf
ssa07	LG24	12591128	12591147	ssa7_19561369_19562827.maf
ssa07	LG24	12591147	12591158	ssa7_19561369_19562827.maf
ssa07	LG24	12591158	12591171	ssa7_19561369_19562827.maf
ssa07	LG24	12591171	12591188	ssa7_19561369_19562827.maf
ssa07	LG24	12591188	12591204	ssa7_19561369_19562827.maf
ssa07	LG24	12591209	12591231	ssa7_19561369_19562827.maf
ssa07	LG24	12632144	12632170	ssa7_19609591_19611041.maf
ssa07	LG24	12632215	12632344	ssa7_19609591_19611041.maf
ssa07	LG24	12632386	12632397	ssa7_19609591_19611041.maf
ssa07	LG24	12632733	12632745	ssa7_19609591_19611041.maf
ssa07	LG24	12632751	12632817	ssa7_19609591_19611041.maf
ssa07	LG24	12633314	12633342	ssa7_19609591_19611041.maf
ssa07	LG24	12667721	12667763	ssa7_19650950_19652175.maf
ssa07	LG24	12690012	12690027	ssa7_19670501_19671956.maf
ssa07	LG24	12690027	12690095	ssa7_19670501_19671956.maf
ssa07	LG24	12690427	12690727	ssa7_19670501_19671956.maf
ssa07	LG24	12690988	12691007	ssa7_19670501_19671956.maf
ssa07	LG24	12691007	12691044	ssa7_19670501_19671956.maf
ssa07	LG24	13302266	13302286	ssa7_20678036_20678593.maf
ssa07	LG24	13302507	13302546	ssa7_20678036_20678593.maf
ssa07	LG24	13645251	13645285	ssa7_20885059_20885270.maf
ssa07	LG24	13793363	13793430	ssa7_21152163_21152997.maf
ssa07	LG24	13793437	13793452	ssa7_21152163_21152997.maf
ssa07	LG24	13793488	13793524	ssa7_21152163_21152997.maf
ssa07	LG24	14033883	14033900	ssa7_21479466_21480715.maf
ssa07	LG24	14033937	14033992	ssa7_21479466_21480715.maf
ssa07	LG24	14034156	14034166	ssa7_21479466_21480715.maf
ssa07	LG24	14034264	14034288	ssa7_21479466_21480715.maf
ssa07	LG24	14034288	14034300	ssa7_21479466_21480715.maf
ssa07	LG24	14034300	14034327	ssa7_21479466_21480715.maf
ssa07	LG24	14042366	14042378	ssa7_21493265_21494213.maf
ssa07	LG24	14042388	14042426	ssa7_21493265_21494213.maf
ssa07	LG24	14042542	14042572	ssa7_21493265_21494213.maf
ssa07	LG24	14042577	14042628	ssa7_21493265_21494213.maf
ssa07	LG24	14043932	14043942	ssa7_21494996_21495451.maf
ssa07	LG24	14043942	14044024	ssa7_21494996_21495451.maf
ssa07	LG24	14044032	14044077	ssa7_21494996_21495451.maf
ssa07	LG24	14044077	14044087	ssa7_21494996_21495451.maf
ssa07	LG24	14758906	14758917	ssa7_22136316_22136700.maf
ssa07	LG24	14766347	14766403	ssa7_22144550_22145426.maf
ssa07	LG24	14766441	14766454	ssa7_22144550_22145426.maf
ssa07	LG24	15143404	15143437	ssa7_22693414_22693937.maf
ssa07	LG24	15143664	15143693	ssa7_22693414_22693937.maf
ssa07	LG24	15143693	15143704	ssa7_22693414_22693937.maf
ssa07	LG24	15167150	15167204	ssa7_22721653_22722601.maf
ssa07	LG24	15167528	15167575	ssa7_22721653_22722601.maf
ssa07	LG24	15167615	15167660	ssa7_22721653_22722601.maf
ssa07	LG24	15699298	15699337	ssa7_22940533_22941238.maf
ssa07	LG24	15699337	15699354	ssa7_22940533_22941238.maf
ssa07	LG24	15699354	15699377	ssa7_22940533_22941238.maf
ssa07	LG24	16077390	16077445	ssa7_23451281_23452554.maf
ssa07	LG24	16077704	16077714	ssa7_23451281_23452554.maf
ssa07	LG24	16077714	16077727	ssa7_23451281_23452554.maf
ssa07	LG24	16078222	16078325	ssa7_23451281_23452554.maf
ssa07	LG24	16143192	16143360	ssa7_23563293_23563996.maf
ssa07	LG24	16143431	16143447	ssa7_23563293_23563996.maf
ssa07	LG24	16143496	16143536	ssa7_23563293_23563996.maf
ssa07	LG24	16143538	16143550	ssa7_23563293_23563996.maf
ssa07	LG24	16184507	16184580	ssa7_23684026_23684378.maf
ssa07	LG24	16184580	16184594	ssa7_23684026_23684378.maf
ssa07	LG24	16545946	16545970	ssa7_24222998_24223192.maf
ssa07	LG24	16660803	16660822	ssa7_24363854_24364136.maf
ssa07	LG24	17646518	17646543	ssa7_25272877_25273806.maf
ssa07	LG24	17646543	17646563	ssa7_25272877_25273806.maf
ssa07	LG24	17646573	17646593	ssa7_25272877_25273806.maf
ssa07	LG24	17646808	17646850	ssa7_25272877_25273806.maf
ssa07	LG24	17646937	17646954	ssa7_25272877_25273806.maf
ssa07	LG24	17646980	17647002	ssa7_25272877_25273806.maf
ssa07	LG24	19674826	19674840	ssa7_26478481_26479529.maf
ssa07	LG24	19674852	19674865	ssa7_26478481_26479529.maf
ssa07	LG24	19674917	19674965	ssa7_26478481_26479529.maf
ssa07	LG24	22260776	22260836	ssa7_26890664_26891349.maf
ssa07	LG24	22260836	22260921	ssa7_26890664_26891349.maf
ssa07	LG24	22260982	22261000	ssa7_26890664_26891349.maf
ssa07	LG24	22262273	22262335	ssa7_26893333_26893764.maf
ssa07	LG24	22262350	22262408	ssa7_26893333_26893764.maf
ssa07	LG24	22262410	22262424	ssa7_26893333_26893764.maf
ssa07	LG24	22272720	22272762	ssa7_26905890_26907332.maf
ssa07	LG24	22272763	22272850	ssa7_26905890_26907332.maf
ssa07	LG24	22273667	22273677	ssa7_26905890_26907332.maf
ssa07	LG24	22316402	22316423	ssa7_26955513_26956735.maf
ssa07	LG24	22316423	22316438	ssa7_26955513_26956735.maf
ssa07	LG24	22468879	22468940	ssa7_27169713_27170407.maf
ssa07	LG24	23556245	23556268	ssa7_28219595_28220198.maf
ssa07	LG24	24133668	24133710	ssa7_28981489_28981975.maf
ssa07	LG24	24133710	24133721	ssa7_28981489_28981975.maf
ssa07	LG24	24133721	24133741	ssa7_28981489_28981975.maf
ssa07	LG24	24134025	24134055	ssa7_28981489_28981975.maf
ssa07	LG24	24148574	24148626	ssa7_28988364_28988948.maf
ssa07	LG24	24148626	24148663	ssa7_28988364_28988948.maf
ssa07	LG24	24148896	24148992	ssa7_28988364_28988948.maf
ssa07	LG24	24912046	24912117	ssa7_29692384_29692912.maf
ssa07	LG24	24912260	24912282	ssa7_29692384_29692912.maf
ssa07	LG24	24927403	24927433	ssa7_29704704_29705044.maf
ssa07	LG24	24927433	24927477	ssa7_29704704_29705044.maf
ssa07	LG24	24940400	24940464	ssa7_29727088_29727657.maf
ssa07	LG24	24996668	24996678	ssa7_29806925_29807753.maf
ssa07	LG24	24996678	24996711	ssa7_29806925_29807753.maf
ssa07	LG24	24996712	24996746	ssa7_29806925_29807753.maf
ssa07	LG24	24997085	24997145	ssa7_29806925_29807753.maf
ssa07	LG24	24997152	24997209	ssa7_29806925_29807753.maf
ssa07	LG24	24997228	24997261	ssa7_29806925_29807753.maf
ssa07	LG24	24997261	24997282	ssa7_29806925_29807753.maf
ssa07	LG24	25204178	25204233	ssa7_30131215_30131904.maf
ssa07	LG24	25204233	25204260	ssa7_30131215_30131904.maf
ssa07	LG24	25204311	25204370	ssa7_30131215_30131904.maf
ssa07	LG24	25420062	25420098	ssa7_30351183_30352040.maf
ssa07	LG24	25420098	25420136	ssa7_30351183_30352040.maf
ssa07	LG24	25420136	25420171	ssa7_30351183_30352040.maf
ssa07	LG24	26220100	26220122	ssa7_30879672_30880477.maf
ssa07	LG23	16025126	16025143	ssa7_33871257_33872293.maf
ssa07	LG23	16025143	16025161	ssa7_33871257_33872293.maf
ssa07	LG23	16025430	16025449	ssa7_33871257_33872293.maf
ssa07	LG23	16025449	16025467	ssa7_33871257_33872293.maf
ssa07	LG23	16025467	16025507	ssa7_33871257_33872293.maf
ssa07	LG23	16025507	16025548	ssa7_33871257_33872293.maf
ssa07	LG23	16063062	16063091	ssa7_33907075_33907635.maf
ssa07	LG23	16063160	16063193	ssa7_33907075_33907635.maf
ssa07	LG23	16074132	16074144	ssa7_33920583_33920862.maf
ssa07	LG23	16074146	16074164	ssa7_33920583_33920862.maf
ssa07	LG23	16074165	16074176	ssa7_33920583_33920862.maf
ssa07	LG23	16074176	16074257	ssa7_33920583_33920862.maf
ssa07	LG23	16074259	16074304	ssa7_33920583_33920862.maf
ssa07	LG23	16074304	16074320	ssa7_33920583_33920862.maf
ssa07	LG23	16074320	16074330	ssa7_33920583_33920862.maf
ssa07	LG23	16094463	16094501	ssa7_33947727_33948567.maf
ssa07	LG23	16094656	16094681	ssa7_33947727_33948567.maf
ssa07	LG23	16094743	16094789	ssa7_33947727_33948567.maf
ssa07	LG23	16094789	16094835	ssa7_33947727_33948567.maf
ssa07	LG23	16103176	16103230	ssa7_33965801_33966247.maf
ssa07	LG23	16103230	16103342	ssa7_33965801_33966247.maf
ssa07	LG23	16105770	16105863	ssa7_33967910_33968853.maf
ssa07	LG23	16105863	16105882	ssa7_33967910_33968853.maf
ssa07	LG23	16106308	16106385	ssa7_33967910_33968853.maf
ssa07	LG23	16319186	16319204	ssa7_34408212_34409389.maf
ssa07	LG23	16319204	16319240	ssa7_34408212_34409389.maf
ssa07	LG23	16319483	16319575	ssa7_34408212_34409389.maf
ssa07	LG23	16320682	16320834	ssa7_34445541_34446209.maf
ssa07	LG23	17251546	17251587	ssa7_35987994_35988639.maf
ssa07	LG23	17523809	17523843	ssa7_36443023_36443904.maf
ssa07	LG23	18423020	18423037	ssa7_37346751_37347430.maf
ssa07	LG23	18423037	18423093	ssa7_37346751_37347430.maf
ssa07	LG23	18423515	18423527	ssa7_37346751_37347430.maf
ssa07	LG23	18433611	18433633	ssa7_37364181_37364892.maf
ssa07	LG23	18433633	18433655	ssa7_37364181_37364892.maf
ssa07	LG23	18433655	18433734	ssa7_37364181_37364892.maf
ssa07	LG23	18563615	18563631	ssa7_37537716_37538450.maf
ssa07	LG23	18624214	18624238	ssa7_37627243_37627778.maf
ssa07	LG23	18624238	18624287	ssa7_37627243_37627778.maf
ssa07	LG23	18624373	18624415	ssa7_37627243_37627778.maf
ssa07	LG23	18624415	18624432	ssa7_37627243_37627778.maf
ssa07	LG23	18626053	18626147	ssa7_37628971_37629970.maf
ssa07	LG23	18626285	18626362	ssa7_37628971_37629970.maf
ssa07	LG23	18626691	18626704	ssa7_37628971_37629970.maf
ssa07	LG23	18626704	18626730	ssa7_37628971_37629970.maf
ssa07	LG23	18627161	18627200	ssa7_37628971_37629970.maf
ssa07	LG23	19655504	19655514	ssa7_38513762_38514468.maf
ssa07	LG23	19655721	19655852	ssa7_38513762_38514468.maf
ssa07	LG23	19681165	19681175	ssa7_38538423_38539032.maf
ssa07	LG23	19681175	19681199	ssa7_38538423_38539032.maf
ssa07	LG23	19681199	19681252	ssa7_38538423_38539032.maf
ssa07	LG23	19681259	19681279	ssa7_38538423_38539032.maf
ssa07	LG23	19681293	19681322	ssa7_38538423_38539032.maf
ssa07	LG23	19681322	19681335	ssa7_38538423_38539032.maf
ssa07	LG23	19687565	19687586	ssa7_38544179_38544438.maf
ssa07	LG23	19687586	19687612	ssa7_38544179_38544438.maf
ssa07	LG23	19695933	19695971	ssa7_38551903_38552976.maf
ssa07	LG23	19695971	19696026	ssa7_38551903_38552976.maf
ssa07	LG23	19696149	19696231	ssa7_38551903_38552976.maf
ssa07	LG23	19696240	19696257	ssa7_38551903_38552976.maf
ssa07	LG23	19768196	19768209	ssa7_38615682_38616639.maf
ssa07	LG23	19768244	19768266	ssa7_38615682_38616639.maf
ssa07	LG23	19768271	19768341	ssa7_38615682_38616639.maf
ssa07	LG23	19900434	19900449	ssa7_38695898_38696562.maf
ssa07	LG23	19900505	19900518	ssa7_38695898_38696562.maf
ssa07	LG23	19900518	19900536	ssa7_38695898_38696562.maf
ssa07	LG23	19900541	19900557	ssa7_38695898_38696562.maf
ssa07	LG23	19900625	19900733	ssa7_38695898_38696562.maf
ssa07	LG23	20290738	20290870	ssa7_39023665_39024947.maf
ssa07	LG23	20360346	20360374	ssa7_39123206_39123683.maf
ssa07	LG23	20581334	20581352	ssa7_39400997_39402096.maf
ssa07	LG23	20719092	20719105	ssa7_39605918_39606917.maf
ssa07	LG23	20719105	20719169	ssa7_39605918_39606917.maf
ssa07	LG23	20719185	20719258	ssa7_39605918_39606917.maf
ssa07	LG23	21285439	21285466	ssa7_40099768_40101032.maf
ssa07	LG23	21285473	21285532	ssa7_40099768_40101032.maf
ssa07	LG23	21455551	21455622	ssa7_40244745_40245351.maf
ssa07	LG23	21603841	21603918	ssa7_40458764_40459918.maf
ssa07	LG23	21603925	21603958	ssa7_40458764_40459918.maf
ssa07	LG23	21604615	21604658	ssa7_40458764_40459918.maf
ssa07	LG23	21943978	21944026	ssa7_40757285_40757856.maf
ssa07	LG23	22473571	22473604	ssa7_41097148_41098254.maf
ssa07	LG23	22527432	22527461	ssa7_41176248_41176710.maf
ssa07	LG23	22527461	22527473	ssa7_41176248_41176710.maf
ssa07	LG23	22527473	22527492	ssa7_41176248_41176710.maf
ssa07	LG23	22527492	22527546	ssa7_41176248_41176710.maf
ssa07	LG23	22527558	22527568	ssa7_41176248_41176710.maf
ssa07	LG23	22621057	22621086	ssa7_41278722_41279440.maf
ssa07	LG23	22621201	22621231	ssa7_41278722_41279440.maf
ssa07	LG23	22621231	22621268	ssa7_41278722_41279440.maf
ssa07	LG23	22621268	22621279	ssa7_41278722_41279440.maf
ssa07	LG23	22621413	22621512	ssa7_41278722_41279440.maf
ssa07	LG23	22621576	22621596	ssa7_41278722_41279440.maf
ssa07	LG23	22644282	22644294	ssa7_41301145_41302433.maf
ssa07	LG23	22644392	22644473	ssa7_41301145_41302433.maf
ssa07	LG23	22644491	22644598	ssa7_41301145_41302433.maf
ssa07	LG23	22644719	22644819	ssa7_41301145_41302433.maf
ssa07	LG23	22644995	22645087	ssa7_41301145_41302433.maf
ssa07	LG23	22659631	22659655	ssa7_41334444_41335533.maf
ssa07	LG23	22659741	22659776	ssa7_41334444_41335533.maf
ssa07	LG23	22659776	22659858	ssa7_41334444_41335533.maf
ssa07	LG23	22659913	22659930	ssa7_41334444_41335533.maf
ssa07	LG23	22660281	22660298	ssa7_41334444_41335533.maf
ssa07	LG23	22660327	22660343	ssa7_41334444_41335533.maf
ssa07	LG23	22672666	22672682	ssa7_41346218_41347013.maf
ssa07	LG23	22672756	22672817	ssa7_41346218_41347013.maf
ssa07	LG23	22672877	22672956	ssa7_41346218_41347013.maf
ssa07	LG23	22686708	22686718	ssa7_41360319_41361165.maf
ssa07	LG23	22686766	22686785	ssa7_41360319_41361165.maf
ssa07	LG23	22686834	22686863	ssa7_41360319_41361165.maf
ssa07	LG23	22695235	22695245	ssa7_41373121_41374070.maf
ssa07	LG23	22695245	22695268	ssa7_41373121_41374070.maf
ssa07	LG23	22695270	22695401	ssa7_41373121_41374070.maf
ssa07	LG23	22695401	22695492	ssa7_41373121_41374070.maf
ssa07	LG23	22695662	22695757	ssa7_41373121_41374070.maf
ssa07	LG23	22701767	22701801	ssa7_41380665_41382258.maf
ssa07	LG23	22701806	22701820	ssa7_41380665_41382258.maf
ssa07	LG23	22701820	22701833	ssa7_41380665_41382258.maf
ssa07	LG23	22701833	22701890	ssa7_41380665_41382258.maf
ssa07	LG23	22701977	22701998	ssa7_41380665_41382258.maf
ssa07	LG23	22701998	22702008	ssa7_41380665_41382258.maf
ssa07	LG23	22702115	22702156	ssa7_41380665_41382258.maf
ssa07	LG23	22704580	22704597	ssa7_41385937_41387007.maf
ssa07	LG23	22704791	22704818	ssa7_41385937_41387007.maf
ssa07	LG23	22704818	22704860	ssa7_41385937_41387007.maf
ssa07	LG23	22704860	22704894	ssa7_41385937_41387007.maf
ssa07	LG23	22704894	22704926	ssa7_41385937_41387007.maf
ssa07	LG23	22704932	22704955	ssa7_41385937_41387007.maf
ssa07	LG23	22705130	22705160	ssa7_41385937_41387007.maf
ssa07	LG23	22705160	22705211	ssa7_41385937_41387007.maf
ssa07	LG23	22705211	22705221	ssa7_41385937_41387007.maf
ssa07	LG23	22711409	22711437	ssa7_41395522_41396295.maf
ssa07	LG23	22711437	22711471	ssa7_41395522_41396295.maf
ssa07	LG23	22711505	22711531	ssa7_41395522_41396295.maf
ssa07	LG23	22711531	22711573	ssa7_41395522_41396295.maf
ssa07	LG23	22711592	22711606	ssa7_41395522_41396295.maf
ssa07	LG23	22711606	22711630	ssa7_41395522_41396295.maf
ssa07	LG23	22719617	22719640	ssa7_41407180_41408397.maf
ssa07	LG23	22719640	22719698	ssa7_41407180_41408397.maf
ssa07	LG23	22719715	22719732	ssa7_41407180_41408397.maf
ssa07	LG23	22719732	22719823	ssa7_41407180_41408397.maf
ssa07	LG23	22719909	22719931	ssa7_41407180_41408397.maf
ssa07	LG23	22719931	22719943	ssa7_41407180_41408397.maf
ssa07	LG23	22719948	22719974	ssa7_41407180_41408397.maf
ssa07	LG23	22720311	22720412	ssa7_41407180_41408397.maf
ssa07	LG23	23120288	23120336	ssa7_41656122_41657390.maf
ssa07	LG23	23120336	23120353	ssa7_41656122_41657390.maf
ssa07	LG23	23120353	23120374	ssa7_41656122_41657390.maf
ssa07	LG23	23148714	23148726	ssa7_41667671_41669557.maf
ssa07	LG23	23148726	23148756	ssa7_41667671_41669557.maf
ssa07	LG23	23148756	23148784	ssa7_41667671_41669557.maf
ssa07	LG23	23149028	23149053	ssa7_41667671_41669557.maf
ssa07	LG23	23149054	23149160	ssa7_41667671_41669557.maf
ssa07	LG23	23149618	23149670	ssa7_41667671_41669557.maf
ssa07	LG23	23207465	23207492	ssa7_41685995_41687163.maf
ssa07	LG23	23207492	23207598	ssa7_41685995_41687163.maf
ssa07	LG23	23537142	23537213	ssa7_41964530_41965919.maf
ssa07	LG23	24715052	24715120	ssa7_42398241_42398870.maf
ssa07	LG23	24715123	24715133	ssa7_42398241_42398870.maf
ssa07	LG23	15582718	15582745	ssa7_43023464_43024072.maf
ssa07	LG23	15582745	15582793	ssa7_43023464_43024072.maf
ssa07	LG23	15578061	15578101	ssa7_43025163_43025786.maf
ssa07	LG23	15578101	15578137	ssa7_43025163_43025786.maf
ssa07	LG23	15578137	15578165	ssa7_43025163_43025786.maf
ssa07	LG23	15578209	15578316	ssa7_43025163_43025786.maf
ssa07	LG23	15374980	15375042	ssa7_43216262_43216865.maf
ssa07	LG23	15118635	15118672	ssa7_43564477_43564966.maf
ssa07	LG23	15118677	15118740	ssa7_43564477_43564966.maf
ssa07	LG23	15020362	15020391	ssa7_43677126_43677967.maf
ssa07	LG23	15020391	15020429	ssa7_43677126_43677967.maf
ssa07	LG23	15020492	15020509	ssa7_43677126_43677967.maf
ssa07	LG23	15020693	15020718	ssa7_43677126_43677967.maf
ssa07	LG23	15020718	15020738	ssa7_43677126_43677967.maf
ssa07	LG23	15020738	15020756	ssa7_43677126_43677967.maf
ssa07	LG23	15020757	15020768	ssa7_43677126_43677967.maf
ssa07	LG23	15020821	15020832	ssa7_43677126_43677967.maf
ssa07	LG23	15020832	15020853	ssa7_43677126_43677967.maf
ssa07	LG23	15020853	15020887	ssa7_43677126_43677967.maf
ssa07	LG23	15020891	15020908	ssa7_43677126_43677967.maf
ssa07	LG23	15020908	15020955	ssa7_43677126_43677967.maf
ssa07	LG23	14968732	14968755	ssa7_43790806_43792010.maf
ssa07	LG23	14968869	14968891	ssa7_43790806_43792010.maf
ssa07	LG23	14968891	14968943	ssa7_43790806_43792010.maf
ssa07	LG23	14968967	14969038	ssa7_43790806_43792010.maf
ssa07	LG23	14969038	14969132	ssa7_43790806_43792010.maf
ssa07	LG23	14969132	14969222	ssa7_43790806_43792010.maf
ssa07	LG23	14969222	14969247	ssa7_43790806_43792010.maf
ssa07	LG23	14969398	14969408	ssa7_43790806_43792010.maf
ssa07	LG23	14969408	14969430	ssa7_43790806_43792010.maf
ssa07	LG23	14969430	14969483	ssa7_43790806_43792010.maf
ssa07	LG23	14969483	14969494	ssa7_43790806_43792010.maf
ssa07	LG23	14800984	14801028	ssa7_44021666_44022212.maf
ssa07	LG23	14801307	14801353	ssa7_44021666_44022212.maf
ssa07	LG23	14801353	14801380	ssa7_44021666_44022212.maf
ssa07	LG23	14801387	14801411	ssa7_44021666_44022212.maf
ssa07	LG23	14793201	14793214	ssa7_44029368_44029890.maf
ssa07	LG23	14793274	14793343	ssa7_44029368_44029890.maf
ssa07	LG23	14793390	14793411	ssa7_44029368_44029890.maf
ssa07	LG23	14676942	14676952	ssa7_44169692_44170613.maf
ssa07	LG23	14676952	14677092	ssa7_44169692_44170613.maf
ssa07	LG23	14677092	14677252	ssa7_44169692_44170613.maf
ssa07	LG23	14655292	14655363	ssa7_44192676_44193849.maf
ssa07	LG23	14655503	14655526	ssa7_44192676_44193849.maf
ssa07	LG23	14656108	14656123	ssa7_44192676_44193849.maf
ssa07	LG23	14656128	14656138	ssa7_44192676_44193849.maf
ssa07	LG23	14656138	14656165	ssa7_44192676_44193849.maf
ssa07	LG23	14509077	14509171	ssa7_44408716_44409700.maf
ssa07	LG23	14509177	14509193	ssa7_44408716_44409700.maf
ssa07	LG23	14509193	14509250	ssa7_44408716_44409700.maf
ssa07	LG23	14483958	14484009	ssa7_44440763_44441484.maf
ssa07	LG23	14431592	14431620	ssa7_44520116_44521152.maf
ssa07	LG23	14431620	14431683	ssa7_44520116_44521152.maf
ssa07	LG23	14261151	14261194	ssa7_44729595_44730965.maf
ssa07	LG23	14261368	14261389	ssa7_44729595_44730965.maf
ssa07	LG23	14261389	14261435	ssa7_44729595_44730965.maf
ssa07	LG23	14261438	14261482	ssa7_44729595_44730965.maf
ssa07	LG23	14261482	14261516	ssa7_44729595_44730965.maf
ssa07	LG23	14261516	14261527	ssa7_44729595_44730965.maf
ssa07	LG23	14261678	14261703	ssa7_44729595_44730965.maf
ssa07	LG23	14261703	14261732	ssa7_44729595_44730965.maf
ssa07	LG23	14261732	14261750	ssa7_44729595_44730965.maf
ssa07	LG23	14243294	14243323	ssa7_44749273_44750104.maf
ssa07	LG23	14172336	14172413	ssa7_44841577_44842329.maf
ssa07	LG23	14124959	14124977	ssa7_44900398_44901207.maf
ssa07	LG23	14124977	14125096	ssa7_44900398_44901207.maf
ssa07	LG23	14125103	14125216	ssa7_44900398_44901207.maf
ssa07	LG23	13839019	13839094	ssa7_45588169_45588990.maf
ssa07	LG23	13657101	13657198	ssa7_45729296_45729514.maf
ssa07	LG23	13657198	13657235	ssa7_45729296_45729514.maf
ssa07	LG23	13579321	13579338	ssa7_45795126_45796459.maf
ssa07	LG23	13579338	13579359	ssa7_45795126_45796459.maf
ssa07	LG23	13531493	13531526	ssa7_45858466_45859586.maf
ssa07	LG23	13531526	13531710	ssa7_45858466_45859586.maf
ssa07	LG23	13531710	13531756	ssa7_45858466_45859586.maf
ssa07	LG23	13531756	13531769	ssa7_45858466_45859586.maf
ssa07	LG23	13531934	13531947	ssa7_45858466_45859586.maf
ssa07	LG23	13531949	13531967	ssa7_45858466_45859586.maf
ssa07	LG23	13531972	13531983	ssa7_45858466_45859586.maf
ssa07	LG23	13526649	13526660	ssa7_45860936_45861876.maf
ssa07	LG23	13526729	13527074	ssa7_45860936_45861876.maf
ssa07	LG23	13389746	13389853	ssa7_46046148_46046605.maf
ssa07	LG23	13264674	13264718	ssa7_46204448_46204800.maf
ssa07	LG23	13264744	13264757	ssa7_46204448_46204800.maf
ssa07	LG23	13264774	13264794	ssa7_46204448_46204800.maf
ssa07	LG23	12836977	12837014	ssa7_46867805_46868956.maf
ssa07	LG23	12837015	12837028	ssa7_46867805_46868956.maf
ssa07	LG23	12807957	12808098	ssa7_46891005_46891833.maf
ssa07	LG23	12808237	12808261	ssa7_46891005_46891833.maf
ssa07	LG23	12808375	12808409	ssa7_46891005_46891833.maf
ssa07	LG23	12808505	12808550	ssa7_46891005_46891833.maf
ssa07	LG23	12740024	12740139	ssa7_47019119_47020069.maf
ssa07	LG23	12740139	12740157	ssa7_47019119_47020069.maf
ssa07	LG23	12731093	12731169	ssa7_47046627_47047242.maf
ssa07	LG23	12716155	12716244	ssa7_47063341_47064982.maf
ssa07	LG23	12716574	12716590	ssa7_47063341_47064982.maf
ssa07	LG23	12716590	12716728	ssa7_47063341_47064982.maf
ssa07	LG23	12643632	12643695	ssa7_47140453_47141217.maf
ssa07	LG23	12640317	12640357	ssa7_47145890_47146842.maf
ssa07	LG23	12640662	12640677	ssa7_47145890_47146842.maf
ssa07	LG23	12640677	12640724	ssa7_47145890_47146842.maf
ssa07	LG23	12640724	12640762	ssa7_47145890_47146842.maf
ssa07	LG23	12497499	12497593	ssa7_47280223_47281209.maf
ssa07	LG23	12497593	12497614	ssa7_47280223_47281209.maf
ssa07	LG23	12497614	12497636	ssa7_47280223_47281209.maf
ssa07	LG23	12497649	12497676	ssa7_47280223_47281209.maf
ssa07	LG23	12486819	12486867	ssa7_47300750_47301568.maf
ssa07	LG23	12398486	12398503	ssa7_47415888_47416722.maf
ssa07	LG23	12202255	12202313	ssa7_47639637_47640295.maf
ssa07	LG23	12072216	12072300	ssa7_47828004_47828786.maf
ssa07	LG23	11984547	11984599	ssa7_47938657_47939757.maf
ssa07	LG23	11984599	11984645	ssa7_47938657_47939757.maf
ssa07	LG23	11984645	11984677	ssa7_47938657_47939757.maf
ssa07	LG23	11984685	11984735	ssa7_47938657_47939757.maf
ssa07	LG23	11879080	11879104	ssa7_48125456_48125928.maf
ssa07	LG23	11658489	11658504	ssa7_48414298_48415650.maf
ssa07	LG23	11658763	11658788	ssa7_48414298_48415650.maf
ssa07	LG23	11658788	11658799	ssa7_48414298_48415650.maf
ssa07	LG23	11585550	11585575	ssa7_48495691_48496167.maf
ssa07	LG23	11585575	11585621	ssa7_48495691_48496167.maf
ssa07	LG23	11585668	11585686	ssa7_48495691_48496167.maf
ssa07	LG23	11533109	11533157	ssa7_48557656_48558308.maf
ssa07	LG23	11490766	11490780	ssa7_48594442_48595147.maf
ssa07	LG23	11490814	11490826	ssa7_48594442_48595147.maf
ssa07	LG23	11470138	11470167	ssa7_48619583_48620071.maf
ssa07	LG23	11220516	11220595	ssa7_48881814_48882828.maf
ssa07	LG23	11220597	11220693	ssa7_48881814_48882828.maf
ssa07	LG23	11004979	11004994	ssa7_49155993_49157031.maf
ssa07	LG23	10924176	10924202	ssa7_49247389_49248397.maf
ssa07	LG23	10924202	10924215	ssa7_49247389_49248397.maf
ssa07	LG23	10924215	10924239	ssa7_49247389_49248397.maf
ssa07	LG23	10924239	10924304	ssa7_49247389_49248397.maf
ssa07	LG23	10924304	10924317	ssa7_49247389_49248397.maf
ssa07	LG23	10924317	10924359	ssa7_49247389_49248397.maf
ssa07	LG23	10924387	10924397	ssa7_49247389_49248397.maf
ssa07	LG23	10924704	10924721	ssa7_49247389_49248397.maf
ssa07	LG23	10924721	10924778	ssa7_49247389_49248397.maf
ssa07	LG23	10815851	10816034	ssa7_49367785_49368693.maf
ssa07	LG23	10816293	10816399	ssa7_49367785_49368693.maf
ssa07	LG23	10816426	10816522	ssa7_49367785_49368693.maf
ssa07	LG23	10594232	10594328	ssa7_49587388_49588659.maf
ssa07	LG23	10257546	10257595	ssa7_50294070_50295248.maf
ssa07	LG23	10257595	10257643	ssa7_50294070_50295248.maf
ssa07	LG23	10240317	10240445	ssa7_50315413_50317083.maf
ssa07	LG23	10240445	10240455	ssa7_50315413_50317083.maf
ssa07	LG23	10225805	10225842	ssa7_50350991_50352022.maf
ssa07	LG23	10226015	10226025	ssa7_50350991_50352022.maf
ssa07	LG23	10226250	10226289	ssa7_50350991_50352022.maf
ssa07	LG23	10190491	10190506	ssa7_50431621_50433058.maf
ssa07	LG23	10190506	10190577	ssa7_50431621_50433058.maf
ssa07	LG23	10175631	10175663	ssa7_50470263_50471168.maf
ssa07	LG23	9909023	9909112	ssa7_51018013_51018880.maf
ssa07	LG23	9907433	9907567	ssa7_51034458_51035230.maf
ssa07	LG23	9851333	9851429	ssa7_51129485_51130596.maf
ssa07	LG23	9755039	9755127	ssa7_51327764_51329038.maf
ssa07	LG23	9640214	9640289	ssa7_51468694_51469094.maf
ssa07	LG23	9640314	9640467	ssa7_51468694_51469094.maf
ssa07	LG23	9316325	9316358	ssa7_51957964_51958754.maf
ssa07	LG23	9316368	9316395	ssa7_51957964_51958754.maf
ssa07	LG23	9316596	9316640	ssa7_51957964_51958754.maf
ssa07	LG23	9286597	9286730	ssa7_52000973_52002226.maf
ssa07	LG23	9283601	9283627	ssa7_52009972_52010788.maf
ssa07	LG23	9283627	9283677	ssa7_52009972_52010788.maf
ssa07	LG23	9062350	9062411	ssa7_52375560_52376046.maf
ssa07	LG23	9062411	9062508	ssa7_52375560_52376046.maf
ssa07	LG23	9062508	9062522	ssa7_52375560_52376046.maf
ssa07	LG23	9062522	9062551	ssa7_52375560_52376046.maf
ssa07	LG23	9038771	9038849	ssa7_52402364_52403653.maf
ssa07	LG23	8927024	8927046	ssa7_52564721_52565356.maf
ssa07	LG23	8869797	8869864	ssa7_52649844_52650281.maf
ssa07	LG23	8843920	8843951	ssa7_52682962_52683638.maf
ssa07	LG23	8617901	8617948	ssa7_53111502_53112508.maf
ssa07	LG23	8587768	8587788	ssa7_53160116_53160957.maf
ssa07	LG23	8574310	8574334	ssa7_53176905_53177571.maf
ssa07	LG23	8574421	8574489	ssa7_53176905_53177571.maf
ssa07	LG23	8573395	8573473	ssa7_53179381_53180280.maf
ssa07	LG23	8573473	8573483	ssa7_53179381_53180280.maf
ssa07	LG23	8547182	8547198	ssa7_53229209_53230019.maf
ssa07	LG23	8547198	8547257	ssa7_53229209_53230019.maf
ssa07	LG23	8347243	8347253	ssa7_53593196_53594439.maf
ssa07	LG23	8347253	8347269	ssa7_53593196_53594439.maf
ssa07	LG23	8347269	8347326	ssa7_53593196_53594439.maf
ssa07	LG23	8347332	8347348	ssa7_53593196_53594439.maf
ssa07	LG23	8347348	8347360	ssa7_53593196_53594439.maf
ssa07	LG23	8341393	8341463	ssa7_53599693_53600916.maf
ssa07	LG23	8341772	8341891	ssa7_53599693_53600916.maf
ssa07	LG23	8342234	8342265	ssa7_53599693_53600916.maf
ssa07	LG23	8342265	8342320	ssa7_53599693_53600916.maf
ssa07	LG23	8342320	8342338	ssa7_53599693_53600916.maf
ssa07	LG23	8342338	8342367	ssa7_53599693_53600916.maf
ssa07	LG23	8342367	8342379	ssa7_53599693_53600916.maf
ssa07	LG23	8342397	8342468	ssa7_53599693_53600916.maf
ssa07	LG23	8342475	8342496	ssa7_53599693_53600916.maf
ssa07	LG23	8216312	8216330	ssa7_53822953_53824640.maf
ssa07	LG23	8216330	8216393	ssa7_53822953_53824640.maf
ssa07	LG23	8216395	8216411	ssa7_53822953_53824640.maf
ssa07	LG23	8217050	8217075	ssa7_53822953_53824640.maf
ssa07	LG23	8217075	8217108	ssa7_53822953_53824640.maf
ssa07	LG23	8217108	8217127	ssa7_53822953_53824640.maf
ssa07	LG23	8217129	8217145	ssa7_53822953_53824640.maf
ssa07	LG23	8217467	8217573	ssa7_53822953_53824640.maf
ssa07	LG23	7781830	7781879	ssa7_54693555_54694728.maf
ssa07	LG23	7535221	7535333	ssa7_55094935_55095987.maf
ssa07	LG23	7484998	7485042	ssa7_55173042_55173983.maf
ssa07	LG23	7485046	7485064	ssa7_55173042_55173983.maf
ssa07	LG23	7485091	7485106	ssa7_55173042_55173983.maf
ssa07	LG23	7485106	7485120	ssa7_55173042_55173983.maf
ssa07	LG23	7364085	7364173	ssa7_55356163_55357001.maf
ssa07	LG23	7356964	7357171	ssa7_55365478_55366470.maf
ssa07	LG23	7357174	7357288	ssa7_55365478_55366470.maf
ssa07	LG23	7351025	7351099	ssa7_55372223_55373520.maf
ssa07	LG23	7351227	7351345	ssa7_55372223_55373520.maf
ssa07	LG23	7351547	7351658	ssa7_55372223_55373520.maf
ssa07	LG23	7341377	7341407	ssa7_55398838_55399998.maf
ssa07	LG23	7341571	7341596	ssa7_55398838_55399998.maf
ssa07	LG23	7341596	7341621	ssa7_55398838_55399998.maf
ssa07	LG23	7341624	7341683	ssa7_55398838_55399998.maf
ssa07	LG23	7341683	7341772	ssa7_55398838_55399998.maf
ssa07	LG23	7342102	7342126	ssa7_55398838_55399998.maf
ssa07	LG23	7342133	7342162	ssa7_55398838_55399998.maf
ssa07	LG23	7342217	7342258	ssa7_55398838_55399998.maf
ssa07	LG23	7342262	7342276	ssa7_55398838_55399998.maf
ssa07	LG23	7254333	7254577	ssa7_55557919_55559020.maf
ssa07	LG23	7254670	7254768	ssa7_55557919_55559020.maf
ssa07	LG23	7254768	7254823	ssa7_55557919_55559020.maf
ssa07	LG23	7206083	7206094	ssa7_55624921_55625559.maf
ssa07	LG23	7145711	7145773	ssa7_55768060_55768664.maf
ssa07	LG23	6988746	6988794	ssa7_56102883_56103731.maf
ssa07	LG23	6988794	6988834	ssa7_56102883_56103731.maf
ssa07	LG23	6935090	6935105	ssa7_56219322_56220334.maf
ssa07	LG23	6935404	6935449	ssa7_56219322_56220334.maf
ssa07	LG23	6935457	6935532	ssa7_56219322_56220334.maf
ssa07	LG23	6935532	6935542	ssa7_56219322_56220334.maf
ssa07	LG23	6935549	6935562	ssa7_56219322_56220334.maf
ssa07	LG23	6887232	6887253	ssa7_56302272_56303057.maf
ssa07	LG23	6887257	6887303	ssa7_56302272_56303057.maf
ssa07	LG23	6887323	6887362	ssa7_56302272_56303057.maf
ssa07	LG23	6879280	6879333	ssa7_56313910_56314762.maf
ssa07	LG23	6879434	6879452	ssa7_56313910_56314762.maf
ssa07	LG23	6867587	6867651	ssa7_56340410_56341155.maf
ssa07	LG23	6867706	6867753	ssa7_56340410_56341155.maf
ssa07	LG23	6867753	6867791	ssa7_56340410_56341155.maf
ssa07	LG23	6859448	6859490	ssa7_56353683_56354395.maf
ssa07	LG23	6859495	6859532	ssa7_56353683_56354395.maf
ssa07	LG23	6859532	6859589	ssa7_56353683_56354395.maf
ssa07	LG23	6859589	6859601	ssa7_56353683_56354395.maf
ssa07	LG23	6857966	6858056	ssa7_56356294_56356709.maf
ssa07	LG23	6830912	6830984	ssa7_56393799_56394516.maf
ssa07	LG23	6782152	6782173	ssa7_56473139_56474440.maf
ssa07	LG23	6782482	6782634	ssa7_56473139_56474440.maf
ssa07	LG23	6757164	6757192	ssa7_56509988_56510976.maf
ssa07	LG23	6575911	6575987	ssa7_56849969_56850840.maf
ssa07	LG23	6576083	6576153	ssa7_56849969_56850840.maf
ssa07	LG24	5012158	5012213	ssa7_5690964_5691688.maf
ssa07	LG23	6531776	6531870	ssa7_56923160_56923865.maf
ssa07	LG23	6531882	6531954	ssa7_56923160_56923865.maf
ssa07	LG23	6532092	6532191	ssa7_56923160_56923865.maf
ssa07	LG24	5919724	5919741	ssa7_7825131_7825584.maf
ssa08	LG25	12972386	12972469	ssa8_10172168_10172937.maf
ssa08	LG25	12972654	12972666	ssa8_10172168_10172937.maf
ssa08	LG25	12972666	12972692	ssa8_10172168_10172937.maf
ssa08	LG25	12972692	12972726	ssa8_10172168_10172937.maf
ssa08	LG25	20695688	20695766	ssa8_1025896_1026482.maf
ssa08	LG25	20695857	20695874	ssa8_1025896_1026482.maf
ssa08	LG25	12798102	12798113	ssa8_10430976_10432098.maf
ssa08	LG25	12798113	12798217	ssa8_10430976_10432098.maf
ssa08	LG25	12798329	12798398	ssa8_10430976_10432098.maf
ssa08	LG25	12798825	12798876	ssa8_10430976_10432098.maf
ssa08	LG25	20664822	20664835	ssa8_1043665_1044591.maf
ssa08	LG25	20664839	20664851	ssa8_1043665_1044591.maf
ssa08	LG25	20664851	20664862	ssa8_1043665_1044591.maf
ssa08	LG25	20664862	20664922	ssa8_1043665_1044591.maf
ssa08	LG25	12708637	12708706	ssa8_10588159_10589383.maf
ssa08	LG25	12306335	12306453	ssa8_11162990_11163512.maf
ssa08	LG25	12306578	12306649	ssa8_11162990_11163512.maf
ssa08	LG25	12301804	12301869	ssa8_11165950_11166968.maf
ssa08	LG25	12301952	12302015	ssa8_11165950_11166968.maf
ssa08	LG25	12114531	12114616	ssa8_11389586_11390473.maf
ssa08	LG25	12114616	12114640	ssa8_11389586_11390473.maf
ssa08	LG25	12114827	12114931	ssa8_11389586_11390473.maf
ssa08	LG25	12100194	12100213	ssa8_11409415_11410012.maf
ssa08	LG25	12097720	12097756	ssa8_11414458_11416052.maf
ssa08	LG25	12097759	12097790	ssa8_11414458_11416052.maf
ssa08	LG25	6817120	6817161	ssa8_12461203_12461856.maf
ssa08	LG25	6817257	6817279	ssa8_12461203_12461856.maf
ssa08	LG25	6849827	6849899	ssa8_12505386_12506117.maf
ssa08	LG25	6918784	6918865	ssa8_12608628_12609716.maf
ssa08	LG25	6918865	6918906	ssa8_12608628_12609716.maf
ssa08	LG25	6918906	6918917	ssa8_12608628_12609716.maf
ssa08	LG25	6918918	6918955	ssa8_12608628_12609716.maf
ssa08	LG25	6919160	6919211	ssa8_12608628_12609716.maf
ssa08	LG25	6919211	6919225	ssa8_12608628_12609716.maf
ssa08	LG25	6964005	6964017	ssa8_12676650_12677326.maf
ssa08	LG25	6964017	6964074	ssa8_12676650_12677326.maf
ssa08	LG25	7050115	7050181	ssa8_12806066_12807605.maf
ssa08	LG25	7051360	7051407	ssa8_12806066_12807605.maf
ssa08	LG25	7051407	7051421	ssa8_12806066_12807605.maf
ssa08	LG25	7051491	7051589	ssa8_12806066_12807605.maf
ssa08	LG25	7103357	7103399	ssa8_12878045_12878895.maf
ssa08	LG25	7110486	7110517	ssa8_12891248_12892077.maf
ssa08	LG25	7355520	7355730	ssa8_13243534_13243955.maf
ssa08	LG25	7390548	7390590	ssa8_13305209_13306383.maf
ssa08	LG25	7390590	7390603	ssa8_13305209_13306383.maf
ssa08	LG25	7469107	7469126	ssa8_13397245_13397443.maf
ssa08	LG25	7469133	7469227	ssa8_13397245_13397443.maf
ssa08	LG25	7481119	7481147	ssa8_13415155_13415627.maf
ssa08	LG25	7491767	7491830	ssa8_13430345_13431111.maf
ssa08	LG25	7491830	7491883	ssa8_13430345_13431111.maf
ssa08	LG25	7492090	7492100	ssa8_13430345_13431111.maf
ssa08	LG25	7492100	7492134	ssa8_13430345_13431111.maf
ssa08	LG25	7492134	7492144	ssa8_13430345_13431111.maf
ssa08	LG25	7492144	7492159	ssa8_13430345_13431111.maf
ssa08	LG25	7516671	7516751	ssa8_13457600_13458078.maf
ssa08	LG25	7517247	7517334	ssa8_13458820_13459203.maf
ssa08	LG25	7517334	7517346	ssa8_13458820_13459203.maf
ssa08	LG25	7550038	7550065	ssa8_13490617_13491364.maf
ssa08	LG25	7550371	7550389	ssa8_13490617_13491364.maf
ssa08	LG25	7550389	7550407	ssa8_13490617_13491364.maf
ssa08	LG25	7845879	7845896	ssa8_13975582_13976053.maf
ssa08	LG25	7845896	7845921	ssa8_13975582_13976053.maf
ssa08	LG25	7845926	7846028	ssa8_13975582_13976053.maf
ssa08	LG25	7848249	7848354	ssa8_13978608_13979003.maf
ssa08	LG25	7848442	7848467	ssa8_13978608_13979003.maf
ssa08	LG25	7848467	7848511	ssa8_13978608_13979003.maf
ssa08	LG25	7851471	7851481	ssa8_13981695_13982227.maf
ssa08	LG25	7851481	7851560	ssa8_13981695_13982227.maf
ssa08	LG25	7851593	7851626	ssa8_13981695_13982227.maf
ssa08	LG25	7851626	7851640	ssa8_13981695_13982227.maf
ssa08	LG25	7851640	7851678	ssa8_13981695_13982227.maf
ssa08	LG25	7861795	7861826	ssa8_14014431_14014880.maf
ssa08	LG25	7876831	7876876	ssa8_14041303_14042043.maf
ssa08	LG25	7876918	7876936	ssa8_14041303_14042043.maf
ssa08	LG25	7876964	7876975	ssa8_14041303_14042043.maf
ssa08	LG25	7883916	7883969	ssa8_14050051_14050810.maf
ssa08	LG25	7884185	7884211	ssa8_14050051_14050810.maf
ssa08	LG25	7884233	7884274	ssa8_14050051_14050810.maf
ssa08	LG25	7884346	7884386	ssa8_14050051_14050810.maf
ssa08	LG25	7884386	7884412	ssa8_14050051_14050810.maf
ssa08	LG25	7884412	7884506	ssa8_14050051_14050810.maf
ssa08	LG25	7925845	7925869	ssa8_14093834_14094882.maf
ssa08	LG25	7925869	7925889	ssa8_14093834_14094882.maf
ssa08	LG25	7938900	7938919	ssa8_14104914_14105785.maf
ssa08	LG25	7964190	7964340	ssa8_14148360_14149586.maf
ssa08	LG25	7964582	7964724	ssa8_14148360_14149586.maf
ssa08	LG25	7964879	7964919	ssa8_14148360_14149586.maf
ssa08	LG25	7964919	7965032	ssa8_14148360_14149586.maf
ssa08	LG25	7981393	7981416	ssa8_14177100_14177899.maf
ssa08	LG25	7981416	7981457	ssa8_14177100_14177899.maf
ssa08	LG25	7981600	7981620	ssa8_14177100_14177899.maf
ssa08	LG25	7981663	7981675	ssa8_14177100_14177899.maf
ssa08	LG25	7981766	7981818	ssa8_14177100_14177899.maf
ssa08	LG25	7981818	7981860	ssa8_14177100_14177899.maf
ssa08	LG25	7981902	7981927	ssa8_14177100_14177899.maf
ssa08	LG25	7981929	7981942	ssa8_14177100_14177899.maf
ssa08	LG25	7981950	7982017	ssa8_14177100_14177899.maf
ssa08	LG25	7982017	7982049	ssa8_14177100_14177899.maf
ssa08	LG25	7982049	7982067	ssa8_14177100_14177899.maf
ssa08	LG25	8059648	8059661	ssa8_14292169_14292936.maf
ssa08	LG25	8059862	8059882	ssa8_14292169_14292936.maf
ssa08	LG25	8059882	8059928	ssa8_14292169_14292936.maf
ssa08	LG25	8129185	8129233	ssa8_14397934_14398680.maf
ssa08	LG25	8129233	8129283	ssa8_14397934_14398680.maf
ssa08	LG25	8129283	8129308	ssa8_14397934_14398680.maf
ssa08	LG25	8129406	8129439	ssa8_14397934_14398680.maf
ssa08	LG25	8129439	8129449	ssa8_14397934_14398680.maf
ssa08	LG25	8129449	8129463	ssa8_14397934_14398680.maf
ssa08	LG25	8217342	8217369	ssa8_14489385_14490400.maf
ssa08	LG25	8217889	8218006	ssa8_14489385_14490400.maf
ssa08	LG25	8218006	8218031	ssa8_14489385_14490400.maf
ssa08	LG25	8224633	8224696	ssa8_14501228_14501685.maf
ssa08	LG25	8224701	8224716	ssa8_14501228_14501685.maf
ssa08	LG25	8224716	8224793	ssa8_14501228_14501685.maf
ssa08	LG25	8226388	8226457	ssa8_14502879_14503396.maf
ssa08	LG25	8443461	8443472	ssa8_14754303_14755341.maf
ssa08	LG25	8443524	8443536	ssa8_14754303_14755341.maf
ssa08	LG25	8443629	8443662	ssa8_14754303_14755341.maf
ssa08	LG25	8443662	8443689	ssa8_14754303_14755341.maf
ssa08	LG25	8562023	8562096	ssa8_14923399_14924409.maf
ssa08	LG25	8562606	8562667	ssa8_14923399_14924409.maf
ssa08	LG25	8574522	8574593	ssa8_14941481_14942126.maf
ssa08	LG25	8574768	8574791	ssa8_14941481_14942126.maf
ssa08	LG25	8574809	8574819	ssa8_14941481_14942126.maf
ssa08	LG25	8843842	8843910	ssa8_15395466_15396110.maf
ssa08	LG25	19528325	19528360	ssa8_1559953_1560476.maf
ssa08	LG25	19528360	19528396	ssa8_1559953_1560476.maf
ssa08	LG25	8949830	8949864	ssa8_15612666_15613648.maf
ssa08	LG25	8949873	8949920	ssa8_15612666_15613648.maf
ssa08	LG25	8949920	8949930	ssa8_15612666_15613648.maf
ssa08	LG25	8949930	8949945	ssa8_15612666_15613648.maf
ssa08	LG25	8949951	8949971	ssa8_15612666_15613648.maf
ssa08	LG25	9091498	9091587	ssa8_15829659_15831009.maf
ssa08	LG25	9091795	9091821	ssa8_15829659_15831009.maf
ssa08	LG25	9091821	9091895	ssa8_15829659_15831009.maf
ssa08	LG25	9092026	9092041	ssa8_15829659_15831009.maf
ssa08	LG25	9092094	9092105	ssa8_15829659_15831009.maf
ssa08	LG25	9092181	9092283	ssa8_15829659_15831009.maf
ssa08	LG25	9092284	9092295	ssa8_15829659_15831009.maf
ssa08	LG25	9092344	9092356	ssa8_15829659_15831009.maf
ssa08	LG25	9092356	9092377	ssa8_15829659_15831009.maf
ssa08	LG25	9476964	9476984	ssa8_16772350_16773227.maf
ssa08	LG25	9476984	9477037	ssa8_16772350_16773227.maf
ssa08	LG25	9477126	9477221	ssa8_16772350_16773227.maf
ssa08	LG25	9496400	9496471	ssa8_16795953_16797598.maf
ssa08	LG25	9496595	9496663	ssa8_16795953_16797598.maf
ssa08	LG25	9496742	9496752	ssa8_16795953_16797598.maf
ssa08	LG25	9496825	9496892	ssa8_16795953_16797598.maf
ssa08	LG25	9496892	9496920	ssa8_16795953_16797598.maf
ssa08	LG25	9497616	9497648	ssa8_16795953_16797598.maf
ssa08	LG25	9497648	9497663	ssa8_16795953_16797598.maf
ssa08	LG25	9510347	9510378	ssa8_16832040_16833383.maf
ssa08	LG25	9510517	9510569	ssa8_16832040_16833383.maf
ssa08	LG25	9510646	9510715	ssa8_16832040_16833383.maf
ssa08	LG25	9510845	9510857	ssa8_16832040_16833383.maf
ssa08	LG25	9510857	9510871	ssa8_16832040_16833383.maf
ssa08	LG25	9843812	9843839	ssa8_17267794_17268686.maf
ssa08	LG25	9843839	9843864	ssa8_17267794_17268686.maf
ssa08	LG25	9843864	9843920	ssa8_17267794_17268686.maf
ssa08	LG25	9860517	9860552	ssa8_17287992_17289035.maf
ssa08	LG25	9874920	9874987	ssa8_17302304_17302589.maf
ssa08	LG25	9991625	9991652	ssa8_17451014_17451708.maf
ssa08	LG25	9991652	9991684	ssa8_17451014_17451708.maf
ssa08	LG25	9991684	9991710	ssa8_17451014_17451708.maf
ssa08	LG25	9996182	9996221	ssa8_17457963_17459280.maf
ssa08	LG25	9996330	9996343	ssa8_17457963_17459280.maf
ssa08	LG25	9996358	9996392	ssa8_17457963_17459280.maf
ssa08	LG25	9996489	9996516	ssa8_17457963_17459280.maf
ssa08	LG25	9997791	9997915	ssa8_17460111_17460544.maf
ssa08	LG25	10006325	10006335	ssa8_17473075_17474127.maf
ssa08	LG25	10006641	10006766	ssa8_17473075_17474127.maf
ssa08	LG25	10006807	10006818	ssa8_17473075_17474127.maf
ssa08	LG25	10185706	10185772	ssa8_17836617_17837736.maf
ssa08	LG25	10204767	10204822	ssa8_17867472_17868540.maf
ssa08	LG25	10683753	10683863	ssa8_19056915_19057463.maf
ssa08	LG25	10707183	10707202	ssa8_19085339_19086044.maf
ssa08	LG25	10707300	10707363	ssa8_19085339_19086044.maf
ssa08	LG25	10740015	10740058	ssa8_19136610_19137439.maf
ssa08	LG25	10740075	10740085	ssa8_19136610_19137439.maf
ssa08	LG25	10800575	10800591	ssa8_19282382_19283490.maf
ssa08	LG25	10800707	10800726	ssa8_19282382_19283490.maf
ssa08	LG25	10823022	10823053	ssa8_19329135_19330319.maf
ssa08	LG25	10823053	10823097	ssa8_19329135_19330319.maf
ssa08	LG25	10937578	10937606	ssa8_19730879_19731880.maf
ssa08	LG25	10937849	10937881	ssa8_19730879_19731880.maf
ssa08	LG25	11010219	11010272	ssa8_19876636_19877548.maf
ssa08	LG25	11013635	11013676	ssa8_19881128_19881455.maf
ssa08	LG25	11013676	11013711	ssa8_19881128_19881455.maf
ssa08	LG25	11013748	11013760	ssa8_19881128_19881455.maf
ssa08	LG25	11013760	11013776	ssa8_19881128_19881455.maf
ssa08	LG25	11013782	11013863	ssa8_19881128_19881455.maf
ssa08	LG25	11035651	11035669	ssa8_19905743_19906317.maf
ssa08	LG25	11035676	11035725	ssa8_19905743_19906317.maf
ssa08	LG25	11035733	11035782	ssa8_19905743_19906317.maf
ssa08	LG25	17928062	17928161	ssa8_2808038_2808895.maf
ssa08	LG25	17928315	17928416	ssa8_2808038_2808895.maf
ssa08	LG25	17928416	17928430	ssa8_2808038_2808895.maf
ssa08	LG25	17147833	17147858	ssa8_3700620_3701324.maf
ssa08	LG25	17088252	17088325	ssa8_3788429_3789407.maf
ssa08	LG25	17088766	17088835	ssa8_3788429_3789407.maf
ssa08	LG25	16688090	16688154	ssa8_3861409_3862233.maf
ssa08	LG25	21953132	21953275	ssa8_439260_439681.maf
ssa08	LG25	14759543	14759600	ssa8_5136211_5137128.maf
ssa08	LG25	14392063	14392144	ssa8_5594017_5595348.maf
ssa08	LG25	14274660	14274692	ssa8_5760449_5761048.maf
ssa08	LG25	14274692	14274710	ssa8_5760449_5761048.maf
ssa08	LG25	14274749	14274764	ssa8_5760449_5761048.maf
ssa08	LG25	14244574	14244585	ssa8_5806619_5806874.maf
ssa08	LG25	14244587	14244638	ssa8_5806619_5806874.maf
ssa08	LG25	13906408	13906477	ssa8_6350174_6350796.maf
ssa08	LG25	13891185	13891229	ssa8_6364513_6364984.maf
ssa08	LG25	13891229	13891289	ssa8_6364513_6364984.maf
ssa08	LG25	21041361	21041387	ssa8_686996_687637.maf
ssa08	LG25	21041387	21041433	ssa8_686996_687637.maf
ssa08	LG25	13389477	13389551	ssa8_7423059_7423961.maf
ssa08	LG25	13389551	13389567	ssa8_7423059_7423961.maf
ssa08	LG25	13389779	13389829	ssa8_7423059_7423961.maf
ssa08	LG25	13389829	13389846	ssa8_7423059_7423961.maf
ssa09	LG15	1596503	1596608	ssa9_10007866_10009284.maf
ssa09	LG15	1596723	1596734	ssa9_10007866_10009284.maf
ssa09	LG15	1596734	1596746	ssa9_10007866_10009284.maf
ssa09	LG15	1596755	1597003	ssa9_10007866_10009284.maf
ssa09	LG15	1597004	1597051	ssa9_10007866_10009284.maf
ssa09	LG15	1597051	1597064	ssa9_10007866_10009284.maf
ssa09	LG15	1597064	1597194	ssa9_10007866_10009284.maf
ssa09	LG15	1597194	1597230	ssa9_10007866_10009284.maf
ssa09	LG15	1570931	1571054	ssa9_10058059_10058422.maf
ssa09	LG04	10151082	10151122	ssa9_101900903_101901654.maf
ssa09	LG15	1453994	1454167	ssa9_10270005_10270792.maf
ssa09	LG15	1454167	1454180	ssa9_10270005_10270792.maf
ssa09	LG15	1454180	1454192	ssa9_10270005_10270792.maf
ssa09	LG15	1454436	1454452	ssa9_10270005_10270792.maf
ssa09	LG15	1425672	1425733	ssa9_10303892_10304550.maf
ssa09	LG15	1425733	1425779	ssa9_10303892_10304550.maf
ssa09	LG15	1426077	1426129	ssa9_10303892_10304550.maf
ssa09	LG15	1426129	1426150	ssa9_10303892_10304550.maf
ssa09	LG15	1426150	1426166	ssa9_10303892_10304550.maf
ssa09	LG15	1426166	1426208	ssa9_10303892_10304550.maf
ssa09	LG15	1379446	1379471	ssa9_10336084_10336694.maf
ssa09	LG15	1379515	1379559	ssa9_10336084_10336694.maf
ssa09	LG15	1379559	1379585	ssa9_10336084_10336694.maf
ssa09	LG15	1379585	1379642	ssa9_10336084_10336694.maf
ssa09	LG15	1379642	1379656	ssa9_10336084_10336694.maf
ssa09	LG15	1379656	1379711	ssa9_10336084_10336694.maf
ssa09	LG15	1379711	1379731	ssa9_10336084_10336694.maf
ssa09	LG15	998720	998834	ssa9_10909429_10910033.maf
ssa09	LG15	998924	998945	ssa9_10909429_10910033.maf
ssa09	LG01	6973616	6973678	ssa9_110382463_110383679.maf
ssa09	LG01	6974443	6974486	ssa9_110382463_110383679.maf
ssa09	LG01	6974486	6974498	ssa9_110382463_110383679.maf
ssa09	LG01	6975207	6975237	ssa9_110384026_110384868.maf
ssa09	LG01	6975237	6975273	ssa9_110384026_110384868.maf
ssa09	LG01	7049707	7049725	ssa9_110534582_110535725.maf
ssa09	LG01	7049725	7049806	ssa9_110534582_110535725.maf
ssa09	LG01	7690068	7690103	ssa9_112309933_112310533.maf
ssa09	LG01	7690103	7690120	ssa9_112309933_112310533.maf
ssa09	LG01	7690120	7690144	ssa9_112309933_112310533.maf
ssa09	LG01	7690144	7690154	ssa9_112309933_112310533.maf
ssa09	LG01	7690180	7690194	ssa9_112309933_112310533.maf
ssa09	LG01	7926742	7926794	ssa9_112573266_112573901.maf
ssa09	LG01	7956733	7956765	ssa9_112609741_112610948.maf
ssa09	LG01	7958246	7958280	ssa9_112619302_112619806.maf
ssa09	LG01	8015001	8015041	ssa9_112696373_112697215.maf
ssa09	LG01	8015100	8015113	ssa9_112696373_112697215.maf
ssa09	LG01	8015190	8015205	ssa9_112696373_112697215.maf
ssa09	LG01	8019074	8019145	ssa9_112704019_112704880.maf
ssa09	LG15	672428	672480	ssa9_11362197_11362928.maf
ssa09	LG15	672480	672513	ssa9_11362197_11362928.maf
ssa09	LG01	9119678	9119773	ssa9_114188951_114189378.maf
ssa09	LG01	9424171	9424185	ssa9_114660686_114661249.maf
ssa09	LG01	9424195	9424354	ssa9_114660686_114661249.maf
ssa09	LG01	9424354	9424386	ssa9_114660686_114661249.maf
ssa09	LG01	9459868	9459963	ssa9_114701530_114701838.maf
ssa09	LG01	9459963	9460034	ssa9_114701530_114701838.maf
ssa09	LG01	9515145	9515198	ssa9_114767873_114768773.maf
ssa09	LG01	9515198	9515236	ssa9_114767873_114768773.maf
ssa09	LG01	9515409	9515419	ssa9_114767873_114768773.maf
ssa09	LG01	9515533	9515582	ssa9_114767873_114768773.maf
ssa09	LG01	9515583	9515612	ssa9_114767873_114768773.maf
ssa09	LG01	9778062	9778112	ssa9_115203544_115204529.maf
ssa09	LG01	9995929	9996025	ssa9_115364674_115364851.maf
ssa09	LG01	10092398	10092425	ssa9_115507979_115508238.maf
ssa09	LG01	10168756	10168829	ssa9_115615965_115616764.maf
ssa09	LG01	10181608	10181637	ssa9_115624893_115625933.maf
ssa09	LG01	10182383	10182523	ssa9_115624893_115625933.maf
ssa09	LG01	10182527	10182547	ssa9_115624893_115625933.maf
ssa09	LG01	10182787	10182856	ssa9_115624893_115625933.maf
ssa09	LG01	10182856	10182881	ssa9_115624893_115625933.maf
ssa09	LG01	10289616	10289661	ssa9_115799217_115800095.maf
ssa09	LG01	10289668	10289688	ssa9_115799217_115800095.maf
ssa09	LG01	10289688	10289782	ssa9_115799217_115800095.maf
ssa09	LG01	10289897	10289907	ssa9_115799217_115800095.maf
ssa09	LG01	10289931	10289945	ssa9_115799217_115800095.maf
ssa09	LG01	10289958	10290048	ssa9_115799217_115800095.maf
ssa09	LG01	10290375	10290397	ssa9_115799217_115800095.maf
ssa09	LG01	10616306	10616390	ssa9_116277612_116278656.maf
ssa09	LG01	10616390	10616400	ssa9_116277612_116278656.maf
ssa09	LG01	10617158	10617208	ssa9_116277612_116278656.maf
ssa09	LG01	10617208	10617233	ssa9_116277612_116278656.maf
ssa09	LG01	10799755	10799805	ssa9_116499147_116500154.maf
ssa09	LG01	10826840	10826931	ssa9_116534171_116535318.maf
ssa09	LG01	11472690	11472722	ssa9_117222578_117223741.maf
ssa09	LG01	11472729	11472741	ssa9_117222578_117223741.maf
ssa09	LG01	11472741	11472761	ssa9_117222578_117223741.maf
ssa09	LG01	11473086	11473164	ssa9_117222578_117223741.maf
ssa09	LG01	11479618	11479698	ssa9_117224261_117224985.maf
ssa09	LG01	11479723	11479834	ssa9_117224261_117224985.maf
ssa09	LG01	11503792	11503840	ssa9_117254898_117255245.maf
ssa09	LG01	11507160	11507187	ssa9_117269068_117270151.maf
ssa09	LG01	11507193	11507204	ssa9_117269068_117270151.maf
ssa09	LG01	11518082	11518154	ssa9_117284039_117284714.maf
ssa09	LG01	11528521	11528547	ssa9_117296732_117297267.maf
ssa09	LG01	11528917	11528977	ssa9_117296732_117297267.maf
ssa09	LG01	11528977	11528997	ssa9_117296732_117297267.maf
ssa09	LG01	11529062	11529125	ssa9_117296732_117297267.maf
ssa09	LG01	11529125	11529155	ssa9_117296732_117297267.maf
ssa09	LG01	11535645	11535656	ssa9_117310341_117311231.maf
ssa09	LG01	11540674	11540715	ssa9_117313745_117314520.maf
ssa09	LG01	11567778	11567839	ssa9_117344749_117345832.maf
ssa09	LG01	11567842	11567877	ssa9_117344749_117345832.maf
ssa09	LG01	11567877	11567896	ssa9_117344749_117345832.maf
ssa09	LG01	11568455	11568538	ssa9_117344749_117345832.maf
ssa09	LG01	11988954	11989023	ssa9_117825554_117826402.maf
ssa09	LG01	11989374	11989542	ssa9_117825554_117826402.maf
ssa09	LG01	11997057	11997139	ssa9_117826804_117828082.maf
ssa09	LG01	11997827	11997933	ssa9_117826804_117828082.maf
ssa09	LG01	11998134	11998212	ssa9_117826804_117828082.maf
ssa09	LG01	12050619	12050677	ssa9_117894539_117895229.maf
ssa09	LG01	12050739	12050778	ssa9_117894539_117895229.maf
ssa09	LG01	12050778	12050791	ssa9_117894539_117895229.maf
ssa09	LG01	12061994	12062037	ssa9_117904428_117904753.maf
ssa09	LG01	12411454	12411469	ssa9_118428147_118429093.maf
ssa09	LG01	12411469	12411540	ssa9_118428147_118429093.maf
ssa09	LG01	12450321	12450339	ssa9_118476333_118476776.maf
ssa09	LG01	12450339	12450397	ssa9_118476333_118476776.maf
ssa09	LG01	12450397	12450418	ssa9_118476333_118476776.maf
ssa09	LG01	12454316	12454377	ssa9_118478480_118479775.maf
ssa09	LG01	12454441	12454452	ssa9_118478480_118479775.maf
ssa09	LG01	12464283	12464312	ssa9_118497199_118497835.maf
ssa09	LG01	12474210	12474224	ssa9_118510623_118511347.maf
ssa09	LG01	12474254	12474275	ssa9_118510623_118511347.maf
ssa09	LG01	12474405	12474416	ssa9_118510623_118511347.maf
ssa09	LG01	12474485	12474517	ssa9_118510623_118511347.maf
ssa09	LG01	12474545	12474562	ssa9_118510623_118511347.maf
ssa09	LG01	12474726	12474769	ssa9_118510623_118511347.maf
ssa09	LG01	12475415	12475497	ssa9_118511527_118512272.maf
ssa09	LG01	12476823	12476859	ssa9_118513984_118515191.maf
ssa09	LG01	12476917	12476939	ssa9_118513984_118515191.maf
ssa09	LG01	12478903	12478915	ssa9_118515437_118516364.maf
ssa09	LG01	12478915	12478929	ssa9_118515437_118516364.maf
ssa09	LG01	12478947	12478961	ssa9_118515437_118516364.maf
ssa09	LG01	12478973	12479009	ssa9_118515437_118516364.maf
ssa09	LG01	12589591	12589610	ssa9_118612446_118613517.maf
ssa09	LG15	294509	294592	ssa9_11863378_11864189.maf
ssa09	LG01	12910786	12910804	ssa9_118931362_118932733.maf
ssa09	LG01	12910804	12910820	ssa9_118931362_118932733.maf
ssa09	LG01	12910820	12910849	ssa9_118931362_118932733.maf
ssa09	LG01	13239772	13239787	ssa9_119231123_119231898.maf
ssa09	LG01	13239787	13239811	ssa9_119231123_119231898.maf
ssa09	LG01	13239814	13239828	ssa9_119231123_119231898.maf
ssa09	LG01	13239947	13239960	ssa9_119231123_119231898.maf
ssa09	LG01	13239973	13239998	ssa9_119231123_119231898.maf
ssa09	LG01	13253514	13253553	ssa9_119249840_119250273.maf
ssa09	LG01	13573691	13573775	ssa9_119649370_119650549.maf
ssa09	LG01	13573793	13573849	ssa9_119649370_119650549.maf
ssa09	LG01	14353273	14353312	ssa9_121168734_121169109.maf
ssa09	LG01	14353321	14353334	ssa9_121168734_121169109.maf
ssa09	LG01	14353345	14353355	ssa9_121168734_121169109.maf
ssa09	LG01	14631060	14631072	ssa9_121407206_121408571.maf
ssa09	LG01	14631072	14631119	ssa9_121407206_121408571.maf
ssa09	LG01	5584896	5584953	ssa9_121749186_121749680.maf
ssa09	LG01	5584986	5585026	ssa9_121749186_121749680.maf
ssa09	LG01	5567187	5567274	ssa9_121763577_121764382.maf
ssa09	LG01	5567390	5567473	ssa9_121763577_121764382.maf
ssa09	LG01	5511335	5511375	ssa9_121834026_121834611.maf
ssa09	LG01	5511383	5511401	ssa9_121834026_121834611.maf
ssa09	LG01	6735160	6735182	ssa9_122430681_122431420.maf
ssa09	LG01	6728479	6728587	ssa9_122437132_122437969.maf
ssa09	LG01	6728632	6728645	ssa9_122437132_122437969.maf
ssa09	LG01	6606499	6606534	ssa9_122556250_122556773.maf
ssa09	LG01	6606534	6606584	ssa9_122556250_122556773.maf
ssa09	LG01	6548142	6548188	ssa9_122612060_122613302.maf
ssa09	LG01	6548189	6548199	ssa9_122612060_122613302.maf
ssa09	LG01	6548199	6548209	ssa9_122612060_122613302.maf
ssa09	LG01	6548218	6548266	ssa9_122612060_122613302.maf
ssa09	LG01	6473041	6473059	ssa9_122703729_122703964.maf
ssa09	LG01	6359994	6360052	ssa9_122857887_122858557.maf
ssa09	LG01	6360052	6360078	ssa9_122857887_122858557.maf
ssa09	LG01	6257965	6258003	ssa9_122963047_122964024.maf
ssa09	LG01	6258003	6258028	ssa9_122963047_122964024.maf
ssa09	LG01	6258035	6258081	ssa9_122963047_122964024.maf
ssa09	LG01	6258366	6258378	ssa9_122963047_122964024.maf
ssa09	LG01	6258378	6258405	ssa9_122963047_122964024.maf
ssa09	LG01	6258454	6258464	ssa9_122963047_122964024.maf
ssa09	LG01	6258500	6258586	ssa9_122963047_122964024.maf
ssa09	LG01	6247138	6247152	ssa9_122976405_122977417.maf
ssa09	LG01	6247152	6247210	ssa9_122976405_122977417.maf
ssa09	LG01	6247259	6247283	ssa9_122976405_122977417.maf
ssa09	LG01	6247289	6247302	ssa9_122976405_122977417.maf
ssa09	LG01	6247311	6247324	ssa9_122976405_122977417.maf
ssa09	LG01	6247400	6247411	ssa9_122976405_122977417.maf
ssa09	LG01	6247411	6247425	ssa9_122976405_122977417.maf
ssa09	LG01	6247434	6247534	ssa9_122976405_122977417.maf
ssa09	LG01	6073650	6073664	ssa9_123121213_123121689.maf
ssa09	LG01	6073670	6073692	ssa9_123121213_123121689.maf
ssa09	LG01	6073696	6073711	ssa9_123121213_123121689.maf
ssa09	LG01	6072385	6072466	ssa9_123122100_123122828.maf
ssa09	LG01	6072782	6072792	ssa9_123122100_123122828.maf
ssa09	LG01	6072793	6072811	ssa9_123122100_123122828.maf
ssa09	LG01	6072815	6072838	ssa9_123122100_123122828.maf
ssa09	LG01	6072848	6072876	ssa9_123122100_123122828.maf
ssa09	LG01	5987344	5987408	ssa9_123212525_123213136.maf
ssa09	LG01	5926048	5926078	ssa9_123291629_123292254.maf
ssa09	LG01	5845216	5845401	ssa9_123399765_123400359.maf
ssa09	LG01	5769728	5769777	ssa9_123472375_123472753.maf
ssa09	LG01	5769791	5769891	ssa9_123472375_123472753.maf
ssa09	LG01	5760539	5760618	ssa9_123476642_123477497.maf
ssa09	LG01	19496584	19496603	ssa9_123768695_123769257.maf
ssa09	LG01	19496680	19496711	ssa9_123768695_123769257.maf
ssa09	LG01	19496768	19496798	ssa9_123768695_123769257.maf
ssa09	LG01	19496798	19496841	ssa9_123768695_123769257.maf
ssa09	LG01	19293831	19293898	ssa9_124090858_124091263.maf
ssa09	LG01	19293927	19293960	ssa9_124090858_124091263.maf
ssa09	LG01	19221648	19221665	ssa9_124167078_124167748.maf
ssa09	LG01	19221665	19221682	ssa9_124167078_124167748.maf
ssa09	LG01	19221694	19221724	ssa9_124167078_124167748.maf
ssa09	LG01	19221724	19221742	ssa9_124167078_124167748.maf
ssa09	LG01	19216185	19216212	ssa9_124175017_124175160.maf
ssa09	LG01	19214060	19214087	ssa9_124176265_124177547.maf
ssa09	LG01	19214087	19214133	ssa9_124176265_124177547.maf
ssa09	LG01	19214769	19214783	ssa9_124176265_124177547.maf
ssa09	LG01	19214783	19214847	ssa9_124176265_124177547.maf
ssa09	LG01	19214847	19214871	ssa9_124176265_124177547.maf
ssa09	LG01	19208863	19208951	ssa9_124183867_124184324.maf
ssa09	LG01	19202105	19202210	ssa9_124193179_124194194.maf
ssa09	LG01	19202210	19202236	ssa9_124193179_124194194.maf
ssa09	LG01	19202472	19202592	ssa9_124193179_124194194.maf
ssa09	LG01	19191008	19191093	ssa9_124202390_124203553.maf
ssa09	LG01	19191093	19191105	ssa9_124202390_124203553.maf
ssa09	LG01	19191105	19191237	ssa9_124202390_124203553.maf
ssa09	LG01	19152904	19152941	ssa9_124220938_124221675.maf
ssa09	LG01	19134966	19134987	ssa9_124227919_124228515.maf
ssa09	LG01	19132188	19132224	ssa9_124229825_124230863.maf
ssa09	LG01	19132237	19132247	ssa9_124229825_124230863.maf
ssa09	LG01	19104828	19104976	ssa9_124251023_124251924.maf
ssa09	LG01	19104976	19105006	ssa9_124251023_124251924.maf
ssa09	LG01	19105006	19105016	ssa9_124251023_124251924.maf
ssa09	LG01	19105027	19105059	ssa9_124251023_124251924.maf
ssa09	LG01	19042317	19042370	ssa9_124277617_124279242.maf
ssa09	LG01	19042562	19042644	ssa9_124277617_124279242.maf
ssa09	LG01	18978027	18978084	ssa9_124349656_124350292.maf
ssa09	LG01	18978084	18978105	ssa9_124349656_124350292.maf
ssa09	LG01	18529972	18530051	ssa9_124952365_124953492.maf
ssa09	LG01	18221242	18221267	ssa9_125311336_125312826.maf
ssa09	LG01	18221378	18221424	ssa9_125311336_125312826.maf
ssa09	LG01	18221424	18221437	ssa9_125311336_125312826.maf
ssa09	LG01	18221437	18221471	ssa9_125311336_125312826.maf
ssa09	LG01	18221629	18221652	ssa9_125311336_125312826.maf
ssa09	LG01	18220748	18220873	ssa9_125313690_125313983.maf
ssa09	LG01	18137295	18137321	ssa9_125383044_125383816.maf
ssa09	LG01	18106777	18106788	ssa9_125405345_125406674.maf
ssa09	LG01	18106809	18106968	ssa9_125405345_125406674.maf
ssa09	LG01	18106968	18106989	ssa9_125405345_125406674.maf
ssa09	LG01	18106989	18107004	ssa9_125405345_125406674.maf
ssa09	LG01	18107600	18107625	ssa9_125405345_125406674.maf
ssa09	LG01	18107625	18107646	ssa9_125405345_125406674.maf
ssa09	LG01	18107653	18107741	ssa9_125405345_125406674.maf
ssa09	LG01	18057503	18057576	ssa9_125477992_125478912.maf
ssa09	LG01	18057576	18057618	ssa9_125477992_125478912.maf
ssa09	LG01	18057618	18057633	ssa9_125477992_125478912.maf
ssa09	LG01	18057637	18057657	ssa9_125477992_125478912.maf
ssa09	LG01	18057657	18057672	ssa9_125477992_125478912.maf
ssa09	LG01	18057672	18057695	ssa9_125477992_125478912.maf
ssa09	LG01	18057695	18057716	ssa9_125477992_125478912.maf
ssa09	LG01	18035310	18035330	ssa9_125495838_125497374.maf
ssa09	LG01	18035334	18035350	ssa9_125495838_125497374.maf
ssa09	LG01	18035505	18035520	ssa9_125495838_125497374.maf
ssa09	LG01	17936159	17936193	ssa9_125583319_125584217.maf
ssa09	LG15	9031622	9031689	ssa9_12567563_12568217.maf
ssa09	LG15	9031721	9031731	ssa9_12567563_12568217.maf
ssa09	LG15	9031748	9031782	ssa9_12567563_12568217.maf
ssa09	LG15	9031890	9031930	ssa9_12567563_12568217.maf
ssa09	LG01	17636363	17636396	ssa9_126161695_126162312.maf
ssa09	LG01	17566596	17566701	ssa9_126265568_126266661.maf
ssa09	LG01	17567107	17567192	ssa9_126265568_126266661.maf
ssa09	LG01	17567198	17567227	ssa9_126265568_126266661.maf
ssa09	LG01	17567227	17567335	ssa9_126265568_126266661.maf
ssa09	LG01	17549657	17549672	ssa9_126286240_126286555.maf
ssa09	LG01	17549721	17549748	ssa9_126286240_126286555.maf
ssa09	LG01	17541235	17541251	ssa9_126294849_126295542.maf
ssa09	LG01	17541255	17541315	ssa9_126294849_126295542.maf
ssa09	LG01	17541315	17541374	ssa9_126294849_126295542.maf
ssa09	LG01	17525808	17525820	ssa9_126322371_126323282.maf
ssa09	LG01	17342444	17342459	ssa9_126516896_126518582.maf
ssa09	LG01	17343126	17343212	ssa9_126516896_126518582.maf
ssa09	LG01	17340356	17340376	ssa9_126518821_126519005.maf
ssa09	LG01	17340376	17340415	ssa9_126518821_126519005.maf
ssa09	LG01	16921638	16921662	ssa9_127135413_127136159.maf
ssa09	LG01	16921773	16921789	ssa9_127135413_127136159.maf
ssa09	LG01	16833544	16833564	ssa9_127256854_127257752.maf
ssa09	LG01	16179819	16179831	ssa9_128123782_128124460.maf
ssa09	LG01	16179831	16179893	ssa9_128123782_128124460.maf
ssa09	LG01	16179893	16179912	ssa9_128123782_128124460.maf
ssa09	LG01	16180075	16180090	ssa9_128123782_128124460.maf
ssa09	LG01	16180090	16180114	ssa9_128123782_128124460.maf
ssa09	LG01	16180439	16180469	ssa9_128123782_128124460.maf
ssa09	LG01	15978950	15978993	ssa9_128376460_128377483.maf
ssa09	LG01	15971488	15971528	ssa9_128383575_128384114.maf
ssa09	LG01	15856489	15856518	ssa9_128640512_128641357.maf
ssa09	LG01	15856518	15856567	ssa9_128640512_128641357.maf
ssa09	LG01	15852453	15852526	ssa9_128646508_128646967.maf
ssa09	LG01	15852788	15852799	ssa9_128646508_128646967.maf
ssa09	LG01	15852804	15852921	ssa9_128646508_128646967.maf
ssa09	LG01	15852926	15852980	ssa9_128646508_128646967.maf
ssa09	LG01	15730848	15730860	ssa9_128748433_128749178.maf
ssa09	LG01	15731154	15731196	ssa9_128748433_128749178.maf
ssa09	LG01	15731201	15731231	ssa9_128748433_128749178.maf
ssa09	LG01	15731254	15731271	ssa9_128748433_128749178.maf
ssa09	LG01	15731419	15731430	ssa9_128748433_128749178.maf
ssa09	LG01	15594263	15594285	ssa9_128884976_128885612.maf
ssa09	LG01	15594296	15594332	ssa9_128884976_128885612.maf
ssa09	LG01	15594633	15594688	ssa9_128884976_128885612.maf
ssa09	LG01	15553755	15553799	ssa9_128948944_128950059.maf
ssa09	LG01	15553939	15553952	ssa9_128948944_128950059.maf
ssa09	LG01	15553952	15553990	ssa9_128948944_128950059.maf
ssa09	LG01	15554086	15554098	ssa9_128948944_128950059.maf
ssa09	LG01	15554098	15554109	ssa9_128948944_128950059.maf
ssa09	LG01	15554111	15554142	ssa9_128948944_128950059.maf
ssa09	LG01	15554142	15554170	ssa9_128948944_128950059.maf
ssa09	LG01	15554171	15554195	ssa9_128948944_128950059.maf
ssa09	LG01	15554195	15554230	ssa9_128948944_128950059.maf
ssa09	LG01	15554230	15554315	ssa9_128948944_128950059.maf
ssa09	LG01	15547216	15547263	ssa9_128956520_128957122.maf
ssa09	LG01	15547267	15547306	ssa9_128956520_128957122.maf
ssa09	LG01	15521333	15521378	ssa9_128987391_128988062.maf
ssa09	LG01	15435347	15435421	ssa9_129115726_129116367.maf
ssa09	LG01	15411048	15411075	ssa9_129154411_129155636.maf
ssa09	LG01	15411075	15411105	ssa9_129154411_129155636.maf
ssa09	LG01	15411113	15411124	ssa9_129154411_129155636.maf
ssa09	LG01	15411131	15411144	ssa9_129154411_129155636.maf
ssa09	LG01	15137243	15137296	ssa9_129491273_129491929.maf
ssa09	LG01	14979166	14979186	ssa9_129751597_129752625.maf
ssa09	LG01	19655192	19655249	ssa9_130018425_130019290.maf
ssa09	LG01	19655249	19655307	ssa9_130018425_130019290.maf
ssa09	LG01	19655307	19655317	ssa9_130018425_130019290.maf
ssa09	LG01	19928075	19928100	ssa9_130298499_130299194.maf
ssa09	LG01	19928100	19928121	ssa9_130298499_130299194.maf
ssa09	LG01	19928121	19928141	ssa9_130298499_130299194.maf
ssa09	LG01	19928156	19928179	ssa9_130298499_130299194.maf
ssa09	LG01	20062898	20062937	ssa9_130474733_130475289.maf
ssa09	LG01	20062937	20062994	ssa9_130474733_130475289.maf
ssa09	LG01	20063214	20063227	ssa9_130474733_130475289.maf
ssa09	LG01	20063227	20063269	ssa9_130474733_130475289.maf
ssa09	LG01	20063269	20063296	ssa9_130474733_130475289.maf
ssa09	LG01	20063296	20063311	ssa9_130474733_130475289.maf
ssa09	LG01	20075420	20075435	ssa9_130493020_130494189.maf
ssa09	LG01	20075435	20075448	ssa9_130493020_130494189.maf
ssa09	LG01	20075448	20075461	ssa9_130493020_130494189.maf
ssa09	LG01	20075502	20075521	ssa9_130493020_130494189.maf
ssa09	LG01	20075529	20075556	ssa9_130493020_130494189.maf
ssa09	LG01	20075556	20075587	ssa9_130493020_130494189.maf
ssa09	LG01	20075690	20075779	ssa9_130493020_130494189.maf
ssa09	LG01	20075779	20075813	ssa9_130493020_130494189.maf
ssa09	LG01	20259021	20259031	ssa9_130685628_130686121.maf
ssa09	LG01	20259057	20259092	ssa9_130685628_130686121.maf
ssa09	LG01	20259092	20259104	ssa9_130685628_130686121.maf
ssa09	LG01	20427109	20427168	ssa9_130882911_130883578.maf
ssa09	LG01	20427168	20427246	ssa9_130882911_130883578.maf
ssa09	LG01	20427419	20427430	ssa9_130882911_130883578.maf
ssa09	LG01	20440269	20440303	ssa9_130894951_130895850.maf
ssa09	LG01	20440303	20440326	ssa9_130894951_130895850.maf
ssa09	LG01	20440330	20440346	ssa9_130894951_130895850.maf
ssa09	LG01	20440346	20440397	ssa9_130894951_130895850.maf
ssa09	LG01	20440397	20440427	ssa9_130894951_130895850.maf
ssa09	LG01	20440427	20440473	ssa9_130894951_130895850.maf
ssa09	LG01	20440473	20440485	ssa9_130894951_130895850.maf
ssa09	LG01	20775667	20775742	ssa9_131300167_131300989.maf
ssa09	LG01	20781953	20782049	ssa9_131305373_131306528.maf
ssa09	LG01	20938044	20938063	ssa9_131515695_131516525.maf
ssa09	LG01	20938063	20938074	ssa9_131515695_131516525.maf
ssa09	LG01	21056942	21056954	ssa9_131762935_131763759.maf
ssa09	LG01	21056954	21057016	ssa9_131762935_131763759.maf
ssa09	LG01	21057016	21057072	ssa9_131762935_131763759.maf
ssa09	LG01	21215979	21216022	ssa9_131991901_131992309.maf
ssa09	LG01	21216022	21216070	ssa9_131991901_131992309.maf
ssa09	LG01	21609430	21609516	ssa9_132384857_132386011.maf
ssa09	LG01	21609516	21609602	ssa9_132384857_132386011.maf
ssa09	LG01	21609602	21609629	ssa9_132384857_132386011.maf
ssa09	LG01	21609629	21609675	ssa9_132384857_132386011.maf
ssa09	LG01	21609919	21609985	ssa9_132384857_132386011.maf
ssa09	LG01	21609986	21610015	ssa9_132384857_132386011.maf
ssa09	LG01	21610015	21610061	ssa9_132384857_132386011.maf
ssa09	LG01	21610068	21610121	ssa9_132384857_132386011.maf
ssa09	LG01	21610121	21610131	ssa9_132384857_132386011.maf
ssa09	LG01	21610156	21610167	ssa9_132384857_132386011.maf
ssa09	LG01	21617481	21617499	ssa9_132390059_132390468.maf
ssa09	LG01	21617501	21617522	ssa9_132390059_132390468.maf
ssa09	LG01	21617529	21617539	ssa9_132390059_132390468.maf
ssa09	LG01	21617547	21617571	ssa9_132390059_132390468.maf
ssa09	LG01	21617571	21617637	ssa9_132390059_132390468.maf
ssa09	LG01	21617637	21617665	ssa9_132390059_132390468.maf
ssa09	LG01	21619097	21619175	ssa9_132391678_132392021.maf
ssa09	LG01	21619175	21619204	ssa9_132391678_132392021.maf
ssa09	LG01	21621575	21621593	ssa9_132394221_132395348.maf
ssa09	LG01	21621655	21621757	ssa9_132394221_132395348.maf
ssa09	LG01	21621757	21621774	ssa9_132394221_132395348.maf
ssa09	LG01	21621774	21621798	ssa9_132394221_132395348.maf
ssa09	LG01	21690425	21690473	ssa9_132465486_132466516.maf
ssa09	LG01	21690473	21690499	ssa9_132465486_132466516.maf
ssa09	LG01	21690785	21690806	ssa9_132465486_132466516.maf
ssa09	LG01	21690812	21690854	ssa9_132465486_132466516.maf
ssa09	LG01	21690854	21690873	ssa9_132465486_132466516.maf
ssa09	LG01	22163232	22163257	ssa9_132858929_132860096.maf
ssa09	LG01	22163257	22163304	ssa9_132858929_132860096.maf
ssa09	LG01	22163304	22163341	ssa9_132858929_132860096.maf
ssa09	LG01	22163341	22163356	ssa9_132858929_132860096.maf
ssa09	LG01	22163356	22163436	ssa9_132858929_132860096.maf
ssa09	LG01	22163436	22163447	ssa9_132858929_132860096.maf
ssa09	LG01	22183863	22183883	ssa9_132893411_132893719.maf
ssa09	LG01	22183883	22183956	ssa9_132893411_132893719.maf
ssa09	LG01	22183956	22183990	ssa9_132893411_132893719.maf
ssa09	LG01	22183993	22184036	ssa9_132893411_132893719.maf
ssa09	LG01	22557954	22558162	ssa9_133336390_133337514.maf
ssa09	LG01	22558169	22558395	ssa9_133336390_133337514.maf
ssa09	LG01	22558395	22558527	ssa9_133336390_133337514.maf
ssa09	LG01	22949135	22949148	ssa9_133761335_133762408.maf
ssa09	LG01	22949520	22949560	ssa9_133761335_133762408.maf
ssa09	LG01	22949560	22949573	ssa9_133761335_133762408.maf
ssa09	LG01	22994850	22994920	ssa9_133800520_133801335.maf
ssa09	LG01	22994920	22994930	ssa9_133800520_133801335.maf
ssa09	LG01	22994940	22995083	ssa9_133800520_133801335.maf
ssa09	LG01	23298417	23298434	ssa9_134222843_134223324.maf
ssa09	LG01	23463716	23463732	ssa9_134357691_134357954.maf
ssa09	LG01	23463758	23463795	ssa9_134357691_134357954.maf
ssa09	LG01	23463795	23463824	ssa9_134357691_134357954.maf
ssa09	LG01	23567578	23567620	ssa9_134537644_134538406.maf
ssa09	LG01	23567620	23567669	ssa9_134537644_134538406.maf
ssa09	LG01	23660171	23660186	ssa9_134735315_134736344.maf
ssa09	LG01	23660640	23660650	ssa9_134735315_134736344.maf
ssa09	LG01	23660650	23660669	ssa9_134735315_134736344.maf
ssa09	LG01	23660669	23660680	ssa9_134735315_134736344.maf
ssa09	LG01	23660680	23660702	ssa9_134735315_134736344.maf
ssa09	LG01	23707397	23707451	ssa9_134779280_134779866.maf
ssa09	LG01	23707451	23707481	ssa9_134779280_134779866.maf
ssa09	LG01	23707481	23707493	ssa9_134779280_134779866.maf
ssa09	LG01	23707493	23707516	ssa9_134779280_134779866.maf
ssa09	LG01	24274258	24274292	ssa9_135737950_135738168.maf
ssa09	LG01	24650345	24650364	ssa9_136248836_136249427.maf
ssa09	LG01	24650370	24650397	ssa9_136248836_136249427.maf
ssa09	LG01	24650425	24650491	ssa9_136248836_136249427.maf
ssa09	LG15	9827177	9827228	ssa9_13721020_13721687.maf
ssa09	LG01	25467425	25467435	ssa9_137487279_137488419.maf
ssa09	LG01	25467435	25467472	ssa9_137487279_137488419.maf
ssa09	LG01	25467472	25467493	ssa9_137487279_137488419.maf
ssa09	LG01	25467493	25467509	ssa9_137487279_137488419.maf
ssa09	LG01	25467509	25467521	ssa9_137487279_137488419.maf
ssa09	LG01	25467521	25467537	ssa9_137487279_137488419.maf
ssa09	LG01	25467537	25467554	ssa9_137487279_137488419.maf
ssa09	LG01	25467554	25467566	ssa9_137487279_137488419.maf
ssa09	LG01	25580271	25580327	ssa9_137661969_137662875.maf
ssa09	LG01	25580327	25580345	ssa9_137661969_137662875.maf
ssa09	LG01	25580498	25580538	ssa9_137661969_137662875.maf
ssa09	LG01	25729241	25729269	ssa9_137944610_137945457.maf
ssa09	LG01	25729269	25729283	ssa9_137944610_137945457.maf
ssa09	LG01	25729446	25729461	ssa9_137944610_137945457.maf
ssa09	LG01	25729461	25729482	ssa9_137944610_137945457.maf
ssa09	LG01	25729591	25729632	ssa9_137944610_137945457.maf
ssa09	LG01	25729974	25729984	ssa9_137944610_137945457.maf
ssa09	LG01	25729988	25730038	ssa9_137944610_137945457.maf
ssa09	LG01	25834368	25834388	ssa9_138086008_138086689.maf
ssa09	LG01	25834395	25834407	ssa9_138086008_138086689.maf
ssa09	LG01	25943433	25943485	ssa9_138225460_138226450.maf
ssa09	LG01	25943485	25943506	ssa9_138225460_138226450.maf
ssa09	LG01	25943506	25943521	ssa9_138225460_138226450.maf
ssa09	LG01	25943521	25943538	ssa9_138225460_138226450.maf
ssa09	LG01	25943547	25943578	ssa9_138225460_138226450.maf
ssa09	LG01	26054728	26054761	ssa9_138369222_138370028.maf
ssa09	LG01	26054761	26054774	ssa9_138369222_138370028.maf
ssa09	LG01	26054848	26054870	ssa9_138369222_138370028.maf
ssa09	LG01	26054876	26054921	ssa9_138369222_138370028.maf
ssa09	LG01	26352486	26352528	ssa9_138644036_138644350.maf
ssa09	LG01	26905483	26905508	ssa9_139668864_139669665.maf
ssa09	LG01	27385794	27385812	ssa9_140223061_140223690.maf
ssa09	LG01	27385820	27385931	ssa9_140223061_140223690.maf
ssa09	LG01	27385931	27385957	ssa9_140223061_140223690.maf
ssa09	LG01	27385962	27385972	ssa9_140223061_140223690.maf
ssa09	LG01	27437137	27437156	ssa9_140293678_140294874.maf
ssa09	LG01	27437722	27437749	ssa9_140293678_140294874.maf
ssa09	LG01	27437749	27437784	ssa9_140293678_140294874.maf
ssa09	LG01	27437784	27437840	ssa9_140293678_140294874.maf
ssa09	LG01	27668447	27668458	ssa9_140665050_140665611.maf
ssa09	LG01	27673272	27673370	ssa9_140669010_140669607.maf
ssa09	LG01	27673378	27673389	ssa9_140669010_140669607.maf
ssa09	LG01	27673391	27673473	ssa9_140669010_140669607.maf
ssa09	LG01	27673473	27673530	ssa9_140669010_140669607.maf
ssa09	LG01	27673549	27673568	ssa9_140669010_140669607.maf
ssa09	LG01	27807119	27807161	ssa9_140910483_140911260.maf
ssa09	LG01	27807165	27807175	ssa9_140910483_140911260.maf
ssa09	LG01	28158708	28158720	ssa9_141549773_141550684.maf
ssa09	LG01	28158870	28158927	ssa9_141549773_141550684.maf
ssa09	LG01	28276062	28276180	ssa9_141774038_141774547.maf
ssa09	LG01	28285490	28285510	ssa9_141790308_141791035.maf
ssa09	LG01	28285621	28285679	ssa9_141790308_141791035.maf
ssa09	LG01	28496150	28496219	ssa9_142033306_142034176.maf
ssa09	LG01	28496680	28496749	ssa9_142033306_142034176.maf
ssa09	LG15	10177153	10177205	ssa9_14384675_14386029.maf
ssa09	LG15	10178318	10178329	ssa9_14384675_14386029.maf
ssa09	LG15	10178359	10178396	ssa9_14384675_14386029.maf
ssa09	LG01	29771104	29771139	ssa9_143846957_143847792.maf
ssa09	LG01	30090792	30090903	ssa9_144319679_144320969.maf
ssa09	LG01	30090974	30090991	ssa9_144319679_144320969.maf
ssa09	LG01	30091911	30091931	ssa9_144319679_144320969.maf
ssa09	LG01	30091931	30092048	ssa9_144319679_144320969.maf
ssa09	LG01	30092055	30092079	ssa9_144319679_144320969.maf
ssa09	LG01	30122541	30122596	ssa9_144376123_144377321.maf
ssa09	LG01	30177686	30177717	ssa9_144482814_144483808.maf
ssa09	LG01	30177717	30177787	ssa9_144482814_144483808.maf
ssa09	LG01	30177852	30177899	ssa9_144482814_144483808.maf
ssa09	LG01	30177906	30177917	ssa9_144482814_144483808.maf
ssa09	LG01	30177931	30177957	ssa9_144482814_144483808.maf
ssa09	LG01	30178111	30178165	ssa9_144482814_144483808.maf
ssa09	LG01	30178165	30178191	ssa9_144482814_144483808.maf
ssa09	LG01	30178207	30178277	ssa9_144482814_144483808.maf
ssa09	LG15	10230094	10230214	ssa9_14482749_14483555.maf
ssa09	LG15	10230453	10230522	ssa9_14482749_14483555.maf
ssa09	LG01	30359321	30359367	ssa9_144835682_144836303.maf
ssa09	LG01	30552512	30552527	ssa9_145219032_145219827.maf
ssa09	LG01	30552527	30552542	ssa9_145219032_145219827.maf
ssa09	LG01	30552542	30552594	ssa9_145219032_145219827.maf
ssa09	LG01	30552624	30552654	ssa9_145219032_145219827.maf
ssa09	LG01	30552665	30552916	ssa9_145219032_145219827.maf
ssa09	LG01	30552916	30552934	ssa9_145219032_145219827.maf
ssa09	LG01	31383918	31383988	ssa9_145760759_145761250.maf
ssa09	LG15	10294286	10294316	ssa9_14599305_14599788.maf
ssa09	LG01	31968418	31968496	ssa9_146656191_146656656.maf
ssa09	LG01	32020614	32020638	ssa9_146777527_146778182.maf
ssa09	LG01	32020645	32020678	ssa9_146777527_146778182.maf
ssa09	LG01	32020678	32020718	ssa9_146777527_146778182.maf
ssa09	LG01	32020783	32020798	ssa9_146777527_146778182.maf
ssa09	LG01	32167306	32167324	ssa9_147068157_147068819.maf
ssa09	LG01	32167324	32167341	ssa9_147068157_147068819.maf
ssa09	LG01	32167372	32167452	ssa9_147068157_147068819.maf
ssa09	LG01	32167651	32167710	ssa9_147068157_147068819.maf
ssa09	LG01	32167769	32167786	ssa9_147068157_147068819.maf
ssa09	LG01	32167786	32167813	ssa9_147068157_147068819.maf
ssa09	LG01	32167813	32167853	ssa9_147068157_147068819.maf
ssa09	LG01	32543791	32543854	ssa9_147522313_147523799.maf
ssa09	LG01	32543854	32543899	ssa9_147522313_147523799.maf
ssa09	LG01	33878097	33878126	ssa9_150181563_150182436.maf
ssa09	LG01	33878126	33878192	ssa9_150181563_150182436.maf
ssa09	LG01	33878199	33878245	ssa9_150181563_150182436.maf
ssa09	LG15	10651382	10651407	ssa9_15170325_15171411.maf
ssa09	LG15	10651541	10651552	ssa9_15170325_15171411.maf
ssa09	LG15	10793048	10793063	ssa9_15350637_15351305.maf
ssa09	LG01	38460047	38460114	ssa9_154418687_154419792.maf
ssa09	LG01	38460114	38460130	ssa9_154418687_154419792.maf
ssa09	LG01	38460320	38460345	ssa9_154418687_154419792.maf
ssa09	LG01	38460351	38460380	ssa9_154418687_154419792.maf
ssa09	LG15	10949478	10949510	ssa9_15622057_15623178.maf
ssa09	LG15	10949510	10949531	ssa9_15622057_15623178.maf
ssa09	LG15	10949546	10949591	ssa9_15622057_15623178.maf
ssa09	LG15	10949591	10949601	ssa9_15622057_15623178.maf
ssa09	LG15	11171459	11171488	ssa9_15940006_15940696.maf
ssa09	LG15	11171488	11171510	ssa9_15940006_15940696.maf
ssa09	LG15	11201462	11201474	ssa9_15982188_15982726.maf
ssa09	LG15	11201474	11201518	ssa9_15982188_15982726.maf
ssa09	LG15	11431517	11431528	ssa9_16270990_16271291.maf
ssa09	LG15	11431571	11431581	ssa9_16270990_16271291.maf
ssa09	LG15	11431742	11431794	ssa9_16270990_16271291.maf
ssa09	LG15	11432820	11432837	ssa9_16271928_16272434.maf
ssa09	LG15	11432839	11432858	ssa9_16271928_16272434.maf
ssa09	LG15	11432858	11432889	ssa9_16271928_16272434.maf
ssa09	LG15	11432889	11432938	ssa9_16271928_16272434.maf
ssa09	LG15	11730280	11730341	ssa9_16672394_16672704.maf
ssa09	LG15	11776057	11776068	ssa9_16728147_16728725.maf
ssa09	LG15	11776075	11776243	ssa9_16728147_16728725.maf
ssa09	LG15	11786587	11786613	ssa9_16756562_16757047.maf
ssa09	LG15	11786613	11786670	ssa9_16756562_16757047.maf
ssa09	LG15	11786740	11786753	ssa9_16756562_16757047.maf
ssa09	LG15	12090397	12090410	ssa9_17190738_17191213.maf
ssa09	LG15	12543960	12544019	ssa9_17855225_17855696.maf
ssa09	LG15	12544075	12544087	ssa9_17855225_17855696.maf
ssa09	LG15	12544089	12544102	ssa9_17855225_17855696.maf
ssa09	LG15	12594316	12594372	ssa9_17986326_17987310.maf
ssa09	LG15	12594372	12594389	ssa9_17986326_17987310.maf
ssa09	LG15	12594389	12594408	ssa9_17986326_17987310.maf
ssa09	LG15	12594679	12594705	ssa9_17986326_17987310.maf
ssa09	LG15	12594707	12594717	ssa9_17986326_17987310.maf
ssa09	LG15	12594835	12594852	ssa9_17986326_17987310.maf
ssa09	LG15	12594852	12594869	ssa9_17986326_17987310.maf
ssa09	LG15	12594894	12594910	ssa9_17986326_17987310.maf
ssa09	LG15	12605610	12605637	ssa9_18009939_18011020.maf
ssa09	LG15	12605650	12605680	ssa9_18009939_18011020.maf
ssa09	LG15	12605680	12605743	ssa9_18009939_18011020.maf
ssa09	LG15	12605816	12605831	ssa9_18009939_18011020.maf
ssa09	LG15	12663981	12664000	ssa9_18070465_18071818.maf
ssa09	LG15	12664001	12664037	ssa9_18070465_18071818.maf
ssa09	LG15	12664228	12664299	ssa9_18070465_18071818.maf
ssa09	LG15	12664301	12664313	ssa9_18070465_18071818.maf
ssa09	LG15	12664810	12664896	ssa9_18070465_18071818.maf
ssa09	LG15	12664896	12664912	ssa9_18070465_18071818.maf
ssa09	LG15	12664912	12664940	ssa9_18070465_18071818.maf
ssa09	LG15	12664940	12664951	ssa9_18070465_18071818.maf
ssa09	LG15	12733007	12733074	ssa9_18226634_18226963.maf
ssa09	LG15	13135672	13135698	ssa9_18905904_18906982.maf
ssa09	LG15	13135711	13135725	ssa9_18905904_18906982.maf
ssa09	LG15	13135785	13135821	ssa9_18905904_18906982.maf
ssa09	LG15	13365346	13365413	ssa9_19181022_19181942.maf
ssa09	LG15	13365629	13365646	ssa9_19181022_19181942.maf
ssa09	LG15	13841529	13841569	ssa9_19931747_19932454.maf
ssa09	LG15	13841590	13841671	ssa9_19931747_19932454.maf
ssa09	LG15	13841694	13841720	ssa9_19931747_19932454.maf
ssa09	LG15	14134801	14134812	ssa9_20468778_20469384.maf
ssa09	LG15	14135128	14135141	ssa9_20468778_20469384.maf
ssa09	LG15	14203885	14203899	ssa9_20569974_20571422.maf
ssa09	LG15	14204105	14204116	ssa9_20569974_20571422.maf
ssa09	LG15	14204123	14204192	ssa9_20569974_20571422.maf
ssa09	LG15	14204835	14204856	ssa9_20569974_20571422.maf
ssa09	LG15	14204891	14204947	ssa9_20569974_20571422.maf
ssa09	LG15	14204949	14205007	ssa9_20569974_20571422.maf
ssa09	LG15	14205184	14205213	ssa9_20569974_20571422.maf
ssa09	LG15	14205216	14205230	ssa9_20569974_20571422.maf
ssa09	LG15	14205234	14205245	ssa9_20569974_20571422.maf
ssa09	LG15	15182008	15182050	ssa9_21883906_21884223.maf
ssa09	LG15	15362257	15362276	ssa9_22168351_22169395.maf
ssa09	LG15	15362278	15362297	ssa9_22168351_22169395.maf
ssa09	LG15	15362302	15362340	ssa9_22168351_22169395.maf
ssa09	LG15	15362340	15362358	ssa9_22168351_22169395.maf
ssa09	LG15	15362375	15362386	ssa9_22168351_22169395.maf
ssa09	LG15	15362417	15362431	ssa9_22168351_22169395.maf
ssa09	LG15	15362836	15362869	ssa9_22168351_22169395.maf
ssa09	LG15	15363053	15363070	ssa9_22168351_22169395.maf
ssa09	LG15	15363070	15363124	ssa9_22168351_22169395.maf
ssa09	LG15	15363124	15363138	ssa9_22168351_22169395.maf
ssa09	LG15	15477429	15477474	ssa9_22291389_22292284.maf
ssa09	LG15	15912840	15912853	ssa9_22949063_22950179.maf
ssa09	LG15	15912908	15912985	ssa9_22949063_22950179.maf
ssa09	LG15	16021440	16021487	ssa9_23075918_23077009.maf
ssa09	LG15	16021508	16021519	ssa9_23075918_23077009.maf
ssa09	LG15	16021767	16021824	ssa9_23075918_23077009.maf
ssa09	LG15	16021828	16021889	ssa9_23075918_23077009.maf
ssa09	LG15	16021889	16022039	ssa9_23075918_23077009.maf
ssa09	LG15	16022039	16022051	ssa9_23075918_23077009.maf
ssa09	LG15	16022051	16022064	ssa9_23075918_23077009.maf
ssa09	LG15	16022070	16022113	ssa9_23075918_23077009.maf
ssa09	LG15	16022113	16022132	ssa9_23075918_23077009.maf
ssa09	LG15	16022186	16022222	ssa9_23075918_23077009.maf
ssa09	LG15	16022231	16022263	ssa9_23075918_23077009.maf
ssa09	LG15	16022267	16022316	ssa9_23075918_23077009.maf
ssa09	LG15	16049992	16050006	ssa9_23109760_23110264.maf
ssa09	LG15	16084713	16084740	ssa9_23178570_23180196.maf
ssa09	LG15	16140737	16140751	ssa9_23279542_23280291.maf
ssa09	LG15	16140751	16140854	ssa9_23279542_23280291.maf
ssa09	LG15	16141014	16141030	ssa9_23279542_23280291.maf
ssa09	LG15	16243978	16244012	ssa9_23434192_23434432.maf
ssa09	LG15	16244012	16244032	ssa9_23434192_23434432.maf
ssa09	LG15	16244032	16244043	ssa9_23434192_23434432.maf
ssa09	LG15	16245213	16245236	ssa9_23436004_23436640.maf
ssa09	LG15	16245236	16245255	ssa9_23436004_23436640.maf
ssa09	LG15	16245255	16245279	ssa9_23436004_23436640.maf
ssa09	LG15	16285851	16286005	ssa9_23507926_23508352.maf
ssa09	LG15	16286005	16286023	ssa9_23507926_23508352.maf
ssa09	LG15	16286023	16286040	ssa9_23507926_23508352.maf
ssa09	LG15	16286541	16286562	ssa9_23508627_23508819.maf
ssa09	LG15	16286590	16286610	ssa9_23508627_23508819.maf
ssa09	LG15	16292940	16292962	ssa9_23523965_23524294.maf
ssa09	LG15	16292962	16292981	ssa9_23523965_23524294.maf
ssa09	LG15	16292981	16293002	ssa9_23523965_23524294.maf
ssa09	LG15	16293055	16293080	ssa9_23523965_23524294.maf
ssa09	LG15	16293082	16293102	ssa9_23523965_23524294.maf
ssa09	LG15	16516579	16516592	ssa9_23893037_23893878.maf
ssa09	LG15	16516608	16516640	ssa9_23893037_23893878.maf
ssa09	LG15	16516640	16516705	ssa9_23893037_23893878.maf
ssa09	LG15	16516707	16516718	ssa9_23893037_23893878.maf
ssa09	LG15	16516718	16516732	ssa9_23893037_23893878.maf
ssa09	LG15	16552807	16552818	ssa9_23918363_23918725.maf
ssa09	LG15	16552833	16552913	ssa9_23918363_23918725.maf
ssa09	LG15	16600398	16600482	ssa9_23984478_23985575.maf
ssa09	LG15	18700203	18700302	ssa9_2419732_2420488.maf
ssa09	LG15	17011002	17011025	ssa9_24672167_24673919.maf
ssa09	LG15	17011025	17011043	ssa9_24672167_24673919.maf
ssa09	LG15	17011043	17011088	ssa9_24672167_24673919.maf
ssa09	LG15	17011091	17011127	ssa9_24672167_24673919.maf
ssa09	LG15	17011127	17011164	ssa9_24672167_24673919.maf
ssa09	LG15	17011164	17011196	ssa9_24672167_24673919.maf
ssa09	LG15	17011402	17011487	ssa9_24672167_24673919.maf
ssa09	LG15	17012178	17012268	ssa9_24672167_24673919.maf
ssa09	LG15	17012268	17012303	ssa9_24672167_24673919.maf
ssa09	LG15	17012303	17012329	ssa9_24672167_24673919.maf
ssa09	LG15	17049306	17049374	ssa9_24747956_24748386.maf
ssa09	LG15	17052210	17052295	ssa9_24750548_24751049.maf
ssa09	LG15	17110321	17110418	ssa9_24873127_24874391.maf
ssa09	LG15	17110418	17110433	ssa9_24873127_24874391.maf
ssa09	LG15	17111111	17111258	ssa9_24873127_24874391.maf
ssa09	LG15	18208711	18208791	ssa9_26205860_26206505.maf
ssa09	LG15	29920872	29920884	ssa9_26329858_26330394.maf
ssa09	LG15	29920898	29920966	ssa9_26329858_26330394.maf
ssa09	LG15	29920966	29921020	ssa9_26329858_26330394.maf
ssa09	LG15	29874965	29874988	ssa9_26359652_26360120.maf
ssa09	LG15	29874988	29875017	ssa9_26359652_26360120.maf
ssa09	LG15	29875020	29875040	ssa9_26359652_26360120.maf
ssa09	LG15	29875042	29875056	ssa9_26359652_26360120.maf
ssa09	LG15	29875066	29875095	ssa9_26359652_26360120.maf
ssa09	LG15	29875222	29875265	ssa9_26359652_26360120.maf
ssa09	LG15	29875268	29875281	ssa9_26359652_26360120.maf
ssa09	LG15	29864726	29864746	ssa9_26366174_26367556.maf
ssa09	LG15	29864829	29864858	ssa9_26366174_26367556.maf
ssa09	LG15	29864875	29864955	ssa9_26366174_26367556.maf
ssa09	LG15	29864955	29864983	ssa9_26366174_26367556.maf
ssa09	LG15	29864983	29865002	ssa9_26366174_26367556.maf
ssa09	LG15	29865002	29865030	ssa9_26366174_26367556.maf
ssa09	LG15	29865030	29865040	ssa9_26366174_26367556.maf
ssa09	LG15	29865040	29865071	ssa9_26366174_26367556.maf
ssa09	LG15	29865071	29865141	ssa9_26366174_26367556.maf
ssa09	LG15	29865477	29865506	ssa9_26366174_26367556.maf
ssa09	LG15	29865506	29865557	ssa9_26366174_26367556.maf
ssa09	LG15	29830611	29830627	ssa9_26393909_26395220.maf
ssa09	LG15	29830645	29830717	ssa9_26393909_26395220.maf
ssa09	LG15	29830717	29830732	ssa9_26393909_26395220.maf
ssa09	LG15	29830987	29830997	ssa9_26393909_26395220.maf
ssa09	LG15	29831057	29831073	ssa9_26393909_26395220.maf
ssa09	LG15	29405154	29405167	ssa9_26597350_26598036.maf
ssa09	LG15	29382175	29382195	ssa9_26616821_26617490.maf
ssa09	LG15	29382195	29382251	ssa9_26616821_26617490.maf
ssa09	LG15	29376693	29376771	ssa9_26626267_26627126.maf
ssa09	LG15	29377105	29377125	ssa9_26626267_26627126.maf
ssa09	LG15	29377147	29377190	ssa9_26626267_26627126.maf
ssa09	LG15	28710224	28710261	ssa9_27223588_27224802.maf
ssa09	LG15	28710261	28710279	ssa9_27223588_27224802.maf
ssa09	LG15	28710626	28710734	ssa9_27223588_27224802.maf
ssa09	LG15	28388904	28388928	ssa9_27746705_27747293.maf
ssa09	LG15	28388970	28389000	ssa9_27746705_27747293.maf
ssa09	LG15	28273521	28273531	ssa9_27927202_27927949.maf
ssa09	LG15	28273531	28273636	ssa9_27927202_27927949.maf
ssa09	LG15	28273636	28273765	ssa9_27927202_27927949.maf
ssa09	LG15	28269266	28269286	ssa9_27935551_27936147.maf
ssa09	LG15	28260644	28260690	ssa9_27946445_27947890.maf
ssa09	LG15	28260731	28260749	ssa9_27946445_27947890.maf
ssa09	LG15	28256212	28256281	ssa9_27956684_27957883.maf
ssa09	LG15	28256281	28256374	ssa9_27956684_27957883.maf
ssa09	LG15	28256374	28256395	ssa9_27956684_27957883.maf
ssa09	LG15	28256404	28256463	ssa9_27956684_27957883.maf
ssa09	LG15	28256662	28256678	ssa9_27956684_27957883.maf
ssa09	LG15	28257188	28257218	ssa9_27956684_27957883.maf
ssa09	LG15	28257227	28257263	ssa9_27956684_27957883.maf
ssa09	LG15	28257263	28257296	ssa9_27956684_27957883.maf
ssa09	LG15	28180446	28180582	ssa9_28063514_28063997.maf
ssa09	LG15	27919056	27919118	ssa9_28377157_28377907.maf
ssa09	LG15	27919118	27919154	ssa9_28377157_28377907.maf
ssa09	LG15	27919154	27919175	ssa9_28377157_28377907.maf
ssa09	LG15	27919175	27919199	ssa9_28377157_28377907.maf
ssa09	LG15	27919268	27919298	ssa9_28377157_28377907.maf
ssa09	LG15	27919370	27919527	ssa9_28377157_28377907.maf
ssa09	LG15	27890091	27890111	ssa9_28439452_28439895.maf
ssa09	LG15	27890111	27890193	ssa9_28439452_28439895.maf
ssa09	LG15	27890262	27890295	ssa9_28439452_28439895.maf
ssa09	LG15	27890295	27890313	ssa9_28439452_28439895.maf
ssa09	LG15	27490628	27490696	ssa9_28914428_28915288.maf
ssa09	LG15	26853302	26853345	ssa9_29711103_29712069.maf
ssa09	LG15	26853354	26853403	ssa9_29711103_29712069.maf
ssa09	LG15	26832932	26833115	ssa9_29725103_29726255.maf
ssa09	LG15	26771224	26771260	ssa9_29833396_29834703.maf
ssa09	LG15	26771273	26771333	ssa9_29833396_29834703.maf
ssa09	LG15	26648332	26648362	ssa9_30023406_30024365.maf
ssa09	LG15	25700344	25700387	ssa9_31314766_31315684.maf
ssa09	LG15	25700387	25700417	ssa9_31314766_31315684.maf
ssa09	LG15	25627815	25627906	ssa9_31407614_31408715.maf
ssa09	LG15	18290740	18290756	ssa9_3264477_3265188.maf
ssa09	LG15	18290761	18290797	ssa9_3264477_3265188.maf
ssa09	LG15	18290797	18290818	ssa9_3264477_3265188.maf
ssa09	LG15	18290958	18290980	ssa9_3264477_3265188.maf
ssa09	LG15	18290988	18291009	ssa9_3264477_3265188.maf
ssa09	LG15	18291068	18291182	ssa9_3264477_3265188.maf
ssa09	LG15	18291182	18291194	ssa9_3264477_3265188.maf
ssa09	LG15	18291194	18291246	ssa9_3264477_3265188.maf
ssa09	LG15	18291246	18291270	ssa9_3264477_3265188.maf
ssa09	LG15	24463571	24463585	ssa9_33218811_33219227.maf
ssa09	LG15	24463585	24463629	ssa9_33218811_33219227.maf
ssa09	LG15	24457188	24457282	ssa9_33224845_33225432.maf
ssa09	LG15	24351143	24351156	ssa9_33394682_33395012.maf
ssa09	LG15	24351187	24351238	ssa9_33394682_33395012.maf
ssa09	LG15	24351238	24351256	ssa9_33394682_33395012.maf
ssa09	LG15	24351256	24351278	ssa9_33394682_33395012.maf
ssa09	LG15	24351285	24351411	ssa9_33394682_33395012.maf
ssa09	LG15	24351411	24351449	ssa9_33394682_33395012.maf
ssa09	LG15	24337236	24337283	ssa9_33405781_33406617.maf
ssa09	LG15	24334235	24334285	ssa9_33410004_33410715.maf
ssa09	LG15	24334349	24334398	ssa9_33410004_33410715.maf
ssa09	LG15	24332721	24332760	ssa9_33411953_33412545.maf
ssa09	LG15	24332775	24332795	ssa9_33411953_33412545.maf
ssa09	LG15	24301757	24301778	ssa9_33456645_33457256.maf
ssa09	LG15	24301870	24301938	ssa9_33456645_33457256.maf
ssa09	LG15	24083489	24083601	ssa9_33811516_33813436.maf
ssa09	LG15	24083729	24083813	ssa9_33811516_33813436.maf
ssa09	LG15	23949789	23949874	ssa9_33969304_33970937.maf
ssa09	LG15	23949874	23949905	ssa9_33969304_33970937.maf
ssa09	LG15	23950188	23950219	ssa9_33969304_33970937.maf
ssa09	LG15	23950222	23950278	ssa9_33969304_33970937.maf
ssa09	LG15	23910462	23910499	ssa9_34058597_34059571.maf
ssa09	LG15	23024068	23024083	ssa9_35457973_35458953.maf
ssa09	LG15	23024246	23024291	ssa9_35457973_35458953.maf
ssa09	LG15	22341818	22341892	ssa9_36425386_36425796.maf
ssa09	LG15	21767932	21768000	ssa9_37698132_37699237.maf
ssa09	LG15	21757284	21757338	ssa9_37744353_37745171.maf
ssa09	LG15	21688768	21688863	ssa9_37884703_37885740.maf
ssa09	LG15	21688942	21688961	ssa9_37884703_37885740.maf
ssa09	LG15	21667053	21667085	ssa9_37920225_37921076.maf
ssa09	LG15	21667092	21667115	ssa9_37920225_37921076.maf
ssa09	LG15	21488002	21488032	ssa9_38287309_38287863.maf
ssa09	LG15	21488150	21488161	ssa9_38287309_38287863.maf
ssa09	LG15	21488161	21488238	ssa9_38287309_38287863.maf
ssa09	LG15	21156046	21156060	ssa9_38961065_38961701.maf
ssa09	LG15	21156107	21156144	ssa9_38961065_38961701.maf
ssa09	LG15	21156292	21156313	ssa9_38961065_38961701.maf
ssa09	LG15	21110300	21110311	ssa9_39036395_39037206.maf
ssa09	LG15	21110311	21110323	ssa9_39036395_39037206.maf
ssa09	LG15	21110397	21110473	ssa9_39036395_39037206.maf
ssa09	LG15	20464339	20464375	ssa9_40232364_40233173.maf
ssa09	LG15	20464375	20464455	ssa9_40232364_40233173.maf
ssa09	LG15	20464544	20464586	ssa9_40232364_40233173.maf
ssa09	LG15	20458730	20458752	ssa9_40243107_40243471.maf
ssa09	LG15	20458799	20458884	ssa9_40243107_40243471.maf
ssa09	LG15	20399195	20399250	ssa9_40368854_40369287.maf
ssa09	LG15	20399250	20399268	ssa9_40368854_40369287.maf
ssa09	LG15	20399273	20399307	ssa9_40368854_40369287.maf
ssa09	LG15	20047490	20047735	ssa9_41099221_41100353.maf
ssa09	LG15	4774208	4774234	ssa9_43947020_43947774.maf
ssa09	LG15	6827483	6827519	ssa9_47659392_47659855.maf
ssa09	LG15	6827519	6827536	ssa9_47659392_47659855.maf
ssa09	LG04	27975980	27976003	ssa9_56436323_56437062.maf
ssa09	LG04	27976009	27976026	ssa9_56436323_56437062.maf
ssa09	LG04	27976062	27976128	ssa9_56436323_56437062.maf
ssa09	LG04	27976154	27976169	ssa9_56436323_56437062.maf
ssa09	LG04	27976235	27976272	ssa9_56436323_56437062.maf
ssa09	LG04	27763205	27763222	ssa9_56772766_56773368.maf
ssa09	LG04	27763222	27763252	ssa9_56772766_56773368.maf
ssa09	LG04	27655121	27655145	ssa9_56952310_56953268.maf
ssa09	LG04	27655145	27655160	ssa9_56952310_56953268.maf
ssa09	LG04	27655160	27655170	ssa9_56952310_56953268.maf
ssa09	LG04	27655177	27655216	ssa9_56952310_56953268.maf
ssa09	LG04	27655216	27655235	ssa9_56952310_56953268.maf
ssa09	LG04	27655235	27655399	ssa9_56952310_56953268.maf
ssa09	LG04	27655405	27655443	ssa9_56952310_56953268.maf
ssa09	LG04	27655443	27655563	ssa9_56952310_56953268.maf
ssa09	LG04	27238645	27238735	ssa9_57289434_57290112.maf
ssa09	LG04	26815268	26815303	ssa9_57933468_57934237.maf
ssa09	LG04	26809500	26809577	ssa9_57940329_57940967.maf
ssa09	LG04	26804774	26804822	ssa9_57960605_57961587.maf
ssa09	LG04	26804822	26804837	ssa9_57960605_57961587.maf
ssa09	LG04	26805392	26805410	ssa9_57960605_57961587.maf
ssa09	LG04	26723859	26723894	ssa9_58122014_58122866.maf
ssa09	LG04	26723894	26723999	ssa9_58122014_58122866.maf
ssa09	LG04	26724022	26724037	ssa9_58122014_58122866.maf
ssa09	LG04	26724038	26724049	ssa9_58122014_58122866.maf
ssa09	LG04	26724582	26724603	ssa9_58122014_58122866.maf
ssa09	LG04	25296457	25296605	ssa9_59957097_59957870.maf
ssa09	LG04	25296619	25296633	ssa9_59957097_59957870.maf
ssa09	LG04	25296741	25296752	ssa9_59957097_59957870.maf
ssa09	LG04	25296786	25296802	ssa9_59957097_59957870.maf
ssa09	LG04	25296816	25296826	ssa9_59957097_59957870.maf
ssa09	LG04	25277302	25277372	ssa9_59976712_59977581.maf
ssa09	LG04	25025250	25025278	ssa9_60205968_60206376.maf
ssa09	LG04	25025278	25025299	ssa9_60205968_60206376.maf
ssa09	LG04	25025373	25025407	ssa9_60205968_60206376.maf
ssa09	LG04	25025412	25025423	ssa9_60205968_60206376.maf
ssa09	LG04	25025423	25025453	ssa9_60205968_60206376.maf
ssa09	LG04	8429338	8429366	ssa9_60396699_60397231.maf
ssa09	LG04	8429366	8429399	ssa9_60396699_60397231.maf
ssa09	LG04	8094433	8094565	ssa9_61037002_61038297.maf
ssa09	LG04	8095142	8095170	ssa9_61037002_61038297.maf
ssa09	LG04	7814957	7814972	ssa9_61552479_61553415.maf
ssa09	LG04	7815005	7815015	ssa9_61552479_61553415.maf
ssa09	LG04	7815015	7815031	ssa9_61552479_61553415.maf
ssa09	LG04	7815031	7815057	ssa9_61552479_61553415.maf
ssa09	LG04	7815057	7815160	ssa9_61552479_61553415.maf
ssa09	LG04	7815160	7815188	ssa9_61552479_61553415.maf
ssa09	LG04	7815188	7815236	ssa9_61552479_61553415.maf
ssa09	LG04	7815236	7815340	ssa9_61552479_61553415.maf
ssa09	LG04	7815340	7815366	ssa9_61552479_61553415.maf
ssa09	LG04	7815366	7815450	ssa9_61552479_61553415.maf
ssa09	LG04	7815450	7815460	ssa9_61552479_61553415.maf
ssa09	LG04	7815468	7815486	ssa9_61552479_61553415.maf
ssa09	LG04	7815502	7815608	ssa9_61552479_61553415.maf
ssa09	LG04	7815677	7815700	ssa9_61552479_61553415.maf
ssa09	LG04	7696149	7696189	ssa9_61811394_61812409.maf
ssa09	LG04	6494987	6495019	ssa9_63960506_63961752.maf
ssa09	LG04	6495029	6495044	ssa9_63960506_63961752.maf
ssa09	LG04	6280386	6280414	ssa9_64333899_64334638.maf
ssa09	LG04	6178107	6178169	ssa9_64489679_64490302.maf
ssa09	LG04	6178221	6178235	ssa9_64489679_64490302.maf
ssa09	LG04	6178235	6178246	ssa9_64489679_64490302.maf
ssa09	LG04	6178246	6178269	ssa9_64489679_64490302.maf
ssa09	LG04	6176115	6176137	ssa9_64498204_64498759.maf
ssa09	LG04	6176137	6176147	ssa9_64498204_64498759.maf
ssa09	LG04	6176147	6176231	ssa9_64498204_64498759.maf
ssa09	LG04	6176239	6176303	ssa9_64498204_64498759.maf
ssa09	LG04	6176421	6176434	ssa9_64498204_64498759.maf
ssa09	LG04	6043686	6043696	ssa9_64711661_64712726.maf
ssa09	LG04	6043721	6043732	ssa9_64711661_64712726.maf
ssa09	LG04	6043754	6043814	ssa9_64711661_64712726.maf
ssa09	LG04	6043855	6043980	ssa9_64711661_64712726.maf
ssa09	LG04	6043991	6044019	ssa9_64711661_64712726.maf
ssa09	LG04	5782772	5782828	ssa9_65098152_65098571.maf
ssa09	LG04	5759160	5759175	ssa9_65139232_65139825.maf
ssa09	LG04	5759175	5759185	ssa9_65139232_65139825.maf
ssa09	LG04	5759468	5759502	ssa9_65139232_65139825.maf
ssa09	LG04	5751660	5751702	ssa9_65150868_65151681.maf
ssa09	LG04	5751702	5751715	ssa9_65150868_65151681.maf
ssa09	LG04	5751715	5751736	ssa9_65150868_65151681.maf
ssa09	LG04	5679942	5680014	ssa9_65309438_65310755.maf
ssa09	LG04	5637343	5637354	ssa9_65379444_65380175.maf
ssa09	LG04	5637354	5637402	ssa9_65379444_65380175.maf
ssa09	LG04	5637550	5637565	ssa9_65379444_65380175.maf
ssa09	LG04	5637566	5637579	ssa9_65379444_65380175.maf
ssa09	LG04	5637612	5637639	ssa9_65379444_65380175.maf
ssa09	LG04	5637639	5637673	ssa9_65379444_65380175.maf
ssa09	LG04	5637673	5637716	ssa9_65379444_65380175.maf
ssa09	LG04	5625026	5625095	ssa9_65400207_65401063.maf
ssa09	LG04	5625095	5625108	ssa9_65400207_65401063.maf
ssa09	LG04	5560620	5560641	ssa9_65480167_65481435.maf
ssa09	LG04	5560702	5560750	ssa9_65480167_65481435.maf
ssa09	LG04	5560750	5560842	ssa9_65480167_65481435.maf
ssa09	LG04	5560857	5560890	ssa9_65480167_65481435.maf
ssa09	LG04	5560890	5560994	ssa9_65480167_65481435.maf
ssa09	LG04	5560994	5561008	ssa9_65480167_65481435.maf
ssa09	LG04	5561008	5561042	ssa9_65480167_65481435.maf
ssa09	LG04	5561042	5561054	ssa9_65480167_65481435.maf
ssa09	LG04	5561054	5561066	ssa9_65480167_65481435.maf
ssa09	LG04	5561066	5561124	ssa9_65480167_65481435.maf
ssa09	LG04	5561124	5561226	ssa9_65480167_65481435.maf
ssa09	LG04	5561226	5561257	ssa9_65480167_65481435.maf
ssa09	LG04	5561282	5561303	ssa9_65480167_65481435.maf
ssa09	LG04	5561303	5561337	ssa9_65480167_65481435.maf
ssa09	LG04	5561340	5561369	ssa9_65480167_65481435.maf
ssa09	LG04	5561369	5561404	ssa9_65480167_65481435.maf
ssa09	LG15	3581147	3581205	ssa9_6666138_6667088.maf
ssa09	LG15	4011285	4011378	ssa9_668378_669032.maf
ssa09	LG04	4287589	4287600	ssa9_67489420_67490765.maf
ssa09	LG04	4287609	4287623	ssa9_67489420_67490765.maf
ssa09	LG04	4288072	4288094	ssa9_67489420_67490765.maf
ssa09	LG04	3944428	3944678	ssa9_68072649_68073594.maf
ssa09	LG04	3944869	3944882	ssa9_68072649_68073594.maf
ssa09	LG04	3944889	3945015	ssa9_68072649_68073594.maf
ssa09	LG04	3945015	3945027	ssa9_68072649_68073594.maf
ssa09	LG15	3488984	3489070	ssa9_6839394_6839886.maf
ssa09	LG04	3614694	3614745	ssa9_68555555_68556973.maf
ssa09	LG04	3614745	3614755	ssa9_68555555_68556973.maf
ssa09	LG04	3614755	3614894	ssa9_68555555_68556973.maf
ssa09	LG04	3449469	3449498	ssa9_68774472_68775190.maf
ssa09	LG04	3449498	3449509	ssa9_68774472_68775190.maf
ssa09	LG04	3061379	3061428	ssa9_69499612_69499931.maf
ssa09	LG04	3038442	3038538	ssa9_69508149_69509235.maf
ssa09	LG04	2906957	2907002	ssa9_69659114_69660077.maf
ssa09	LG04	2907024	2907037	ssa9_69659114_69660077.maf
ssa09	LG04	2889727	2889750	ssa9_69675919_69676534.maf
ssa09	LG04	2881019	2881038	ssa9_69680198_69681465.maf
ssa09	LG04	2881470	2881481	ssa9_69680198_69681465.maf
ssa09	LG04	2881540	2881554	ssa9_69680198_69681465.maf
ssa09	LG04	2881554	2881566	ssa9_69680198_69681465.maf
ssa09	LG04	2881586	2881610	ssa9_69680198_69681465.maf
ssa09	LG04	2882011	2882082	ssa9_69680198_69681465.maf
ssa09	LG04	2609740	2609768	ssa9_70101615_70102380.maf
ssa09	LG04	2609781	2609795	ssa9_70101615_70102380.maf
ssa09	LG04	2609801	2609851	ssa9_70101615_70102380.maf
ssa09	LG04	2607385	2607402	ssa9_70104617_70105257.maf
ssa09	LG04	2607402	2607414	ssa9_70104617_70105257.maf
ssa09	LG04	2607460	2607546	ssa9_70104617_70105257.maf
ssa09	LG04	2607557	2607580	ssa9_70104617_70105257.maf
ssa09	LG04	2598626	2598664	ssa9_70123155_70123915.maf
ssa09	LG04	2401791	2401842	ssa9_70468640_70469863.maf
ssa09	LG04	2401954	2401968	ssa9_70468640_70469863.maf
ssa09	LG04	2402022	2402041	ssa9_70468640_70469863.maf
ssa09	LG04	2402041	2402061	ssa9_70468640_70469863.maf
ssa09	LG04	2402068	2402128	ssa9_70468640_70469863.maf
ssa09	LG04	2402128	2402187	ssa9_70468640_70469863.maf
ssa09	LG04	2402187	2402205	ssa9_70468640_70469863.maf
ssa09	LG04	2402234	2402604	ssa9_70468640_70469863.maf
ssa09	LG04	2275806	2275861	ssa9_70651104_70652388.maf
ssa09	LG15	4042410	4042430	ssa9_707693_708391.maf
ssa09	LG15	4042430	4042462	ssa9_707693_708391.maf
ssa09	LG04	2100455	2100480	ssa9_70914072_70914556.maf
ssa09	LG04	2100676	2100712	ssa9_70914072_70914556.maf
ssa09	LG04	2075551	2075563	ssa9_70932503_70933804.maf
ssa09	LG04	2075565	2075650	ssa9_70932503_70933804.maf
ssa09	LG04	2075657	2075669	ssa9_70932503_70933804.maf
ssa09	LG04	2065511	2065541	ssa9_70943622_70944877.maf
ssa09	LG04	2066134	2066157	ssa9_70943622_70944877.maf
ssa09	LG04	2066157	2066232	ssa9_70943622_70944877.maf
ssa09	LG04	2060920	2060959	ssa9_70950608_70951024.maf
ssa09	LG04	2060959	2060972	ssa9_70950608_70951024.maf
ssa09	LG04	2052342	2052356	ssa9_70954697_70955770.maf
ssa09	LG04	2052356	2052401	ssa9_70954697_70955770.maf
ssa09	LG04	2052401	2052445	ssa9_70954697_70955770.maf
ssa09	LG04	2052445	2052461	ssa9_70954697_70955770.maf
ssa09	LG04	2052461	2052506	ssa9_70954697_70955770.maf
ssa09	LG04	2027637	2027648	ssa9_70973509_70975627.maf
ssa09	LG04	2027656	2027674	ssa9_70973509_70975627.maf
ssa09	LG04	2027985	2028040	ssa9_70973509_70975627.maf
ssa09	LG04	2028063	2028075	ssa9_70973509_70975627.maf
ssa09	LG04	2028169	2028199	ssa9_70973509_70975627.maf
ssa09	LG04	2029330	2029373	ssa9_70973509_70975627.maf
ssa09	LG04	2029397	2029446	ssa9_70973509_70975627.maf
ssa09	LG04	2029446	2029456	ssa9_70973509_70975627.maf
ssa09	LG04	2029686	2029698	ssa9_70973509_70975627.maf
ssa09	LG04	1996243	1996269	ssa9_71011450_71011971.maf
ssa09	LG04	1996278	1996290	ssa9_71011450_71011971.maf
ssa09	LG04	1996328	1996340	ssa9_71011450_71011971.maf
ssa09	LG04	1996351	1996365	ssa9_71011450_71011971.maf
ssa09	LG04	1996379	1996394	ssa9_71011450_71011971.maf
ssa09	LG04	1995045	1995061	ssa9_71012686_71013648.maf
ssa09	LG04	1995453	1995498	ssa9_71012686_71013648.maf
ssa09	LG04	1961506	1961587	ssa9_71035748_71036526.maf
ssa09	LG04	1954737	1954824	ssa9_71049438_71050445.maf
ssa09	LG04	1955150	1955172	ssa9_71049438_71050445.maf
ssa09	LG04	1955172	1955225	ssa9_71049438_71050445.maf
ssa09	LG04	1955225	1955249	ssa9_71049438_71050445.maf
ssa09	LG04	1955249	1955333	ssa9_71049438_71050445.maf
ssa09	LG04	1955333	1955346	ssa9_71049438_71050445.maf
ssa09	LG04	1949279	1949296	ssa9_71052232_71052681.maf
ssa09	LG04	1949302	1949330	ssa9_71052232_71052681.maf
ssa09	LG04	1949338	1949354	ssa9_71052232_71052681.maf
ssa09	LG04	1949354	1949392	ssa9_71052232_71052681.maf
ssa09	LG04	1949392	1949402	ssa9_71052232_71052681.maf
ssa09	LG04	10674373	10674420	ssa9_72581649_72582710.maf
ssa09	LG04	10674531	10674548	ssa9_72581649_72582710.maf
ssa09	LG04	10674548	10674563	ssa9_72581649_72582710.maf
ssa09	LG04	10674563	10674606	ssa9_72581649_72582710.maf
ssa09	LG04	10975398	10975409	ssa9_73066546_73067456.maf
ssa09	LG04	10975410	10975470	ssa9_73066546_73067456.maf
ssa09	LG04	10975470	10975568	ssa9_73066546_73067456.maf
ssa09	LG04	10979525	10979583	ssa9_73071457_73072297.maf
ssa09	LG04	10979583	10979606	ssa9_73071457_73072297.maf
ssa09	LG04	11297326	11297378	ssa9_73469291_73470159.maf
ssa09	LG04	11300743	11300781	ssa9_73473537_73474392.maf
ssa09	LG04	11351880	11352002	ssa9_73568803_73570010.maf
ssa09	LG04	11356002	11356039	ssa9_73579603_73581244.maf
ssa09	LG04	11356047	11356059	ssa9_73579603_73581244.maf
ssa09	LG04	11356059	11356084	ssa9_73579603_73581244.maf
ssa09	LG04	11401586	11401701	ssa9_73679224_73680109.maf
ssa09	LG04	11401716	11401757	ssa9_73679224_73680109.maf
ssa09	LG04	11402118	11402177	ssa9_73679224_73680109.maf
ssa09	LG04	11725523	11725556	ssa9_74169135_74169942.maf
ssa09	LG04	11725585	11725610	ssa9_74169135_74169942.maf
ssa09	LG04	11725610	11725676	ssa9_74169135_74169942.maf
ssa09	LG04	11725718	11725756	ssa9_74169135_74169942.maf
ssa09	LG04	12244818	12244843	ssa9_75049345_75050010.maf
ssa09	LG04	12244843	12244864	ssa9_75049345_75050010.maf
ssa09	LG04	12245189	12245261	ssa9_75049345_75050010.maf
ssa09	LG04	12252071	12252084	ssa9_75094829_75095522.maf
ssa09	LG04	12252086	12252184	ssa9_75094829_75095522.maf
ssa09	LG04	12252199	12252328	ssa9_75094829_75095522.maf
ssa09	LG04	12252334	12252345	ssa9_75094829_75095522.maf
ssa09	LG15	3163371	3163450	ssa9_7526930_7527881.maf
ssa09	LG04	12789025	12789213	ssa9_75997577_75998596.maf
ssa09	LG04	12789448	12789461	ssa9_75997577_75998596.maf
ssa09	LG04	12789461	12789532	ssa9_75997577_75998596.maf
ssa09	LG04	12789579	12789590	ssa9_75997577_75998596.maf
ssa09	LG04	12789593	12789607	ssa9_75997577_75998596.maf
ssa09	LG04	12789607	12789620	ssa9_75997577_75998596.maf
ssa09	LG04	12825995	12826090	ssa9_76066646_76067617.maf
ssa09	LG04	12900963	12901012	ssa9_76214616_76216137.maf
ssa09	LG04	12901012	12901070	ssa9_76214616_76216137.maf
ssa09	LG04	12901750	12901766	ssa9_76214616_76216137.maf
ssa09	LG04	12901766	12901778	ssa9_76214616_76216137.maf
ssa09	LG04	12901778	12901860	ssa9_76214616_76216137.maf
ssa09	LG04	12901860	12901906	ssa9_76214616_76216137.maf
ssa09	LG15	3132975	3133009	ssa9_7624954_7626750.maf
ssa09	LG15	3133016	3133055	ssa9_7624954_7626750.maf
ssa09	LG15	3133310	3133361	ssa9_7624954_7626750.maf
ssa09	LG15	3133361	3133414	ssa9_7624954_7626750.maf
ssa09	LG15	3133917	3133929	ssa9_7624954_7626750.maf
ssa09	LG15	3134043	3134061	ssa9_7624954_7626750.maf
ssa09	LG15	3127709	3127728	ssa9_7640741_7642425.maf
ssa09	LG15	3127791	3127874	ssa9_7640741_7642425.maf
ssa09	LG04	13137004	13137018	ssa9_76581897_76582532.maf
ssa09	LG04	13137018	13137096	ssa9_76581897_76582532.maf
ssa09	LG04	13137096	13137119	ssa9_76581897_76582532.maf
ssa09	LG04	13137119	13137153	ssa9_76581897_76582532.maf
ssa09	LG04	13137153	13137174	ssa9_76581897_76582532.maf
ssa09	LG04	13137982	13138063	ssa9_76581897_76582532.maf
ssa09	LG04	13138069	13138122	ssa9_76581897_76582532.maf
ssa09	LG04	13140021	13140036	ssa9_76582804_76583401.maf
ssa09	LG04	13140036	13140075	ssa9_76582804_76583401.maf
ssa09	LG15	3078776	3078840	ssa9_7724488_7725209.maf
ssa09	LG04	13568885	13568899	ssa9_77380480_77380837.maf
ssa09	LG04	13932572	13932653	ssa9_78134837_78135654.maf
ssa09	LG04	13974743	13974806	ssa9_78193690_78194427.maf
ssa09	LG04	14033315	14033371	ssa9_78269073_78270017.maf
ssa09	LG04	14033371	14033391	ssa9_78269073_78270017.maf
ssa09	LG04	14033391	14033401	ssa9_78269073_78270017.maf
ssa09	LG04	14060993	14061010	ssa9_78305865_78306530.maf
ssa09	LG15	3023703	3023770	ssa9_7837737_7838962.maf
ssa09	LG15	3023787	3023808	ssa9_7837737_7838962.maf
ssa09	LG04	14250834	14250988	ssa9_78655981_78657221.maf
ssa09	LG15	2970113	2970129	ssa9_7906840_7907977.maf
ssa09	LG15	2970735	2970787	ssa9_7906840_7907977.maf
ssa09	LG15	2970787	2970828	ssa9_7906840_7907977.maf
ssa09	LG15	2949774	2949789	ssa9_7937332_7937860.maf
ssa09	LG15	2949789	2949829	ssa9_7937332_7937860.maf
ssa09	LG15	2927010	2927024	ssa9_7962611_7963439.maf
ssa09	LG15	2927307	2927320	ssa9_7962611_7963439.maf
ssa09	LG04	15037072	15037084	ssa9_80001836_80003119.maf
ssa09	LG04	15037084	15037160	ssa9_80001836_80003119.maf
ssa09	LG04	15037244	15037259	ssa9_80001836_80003119.maf
ssa09	LG04	15964734	15964821	ssa9_81249422_81250083.maf
ssa09	LG04	16235948	16235977	ssa9_81634909_81635455.maf
ssa09	LG04	17384239	17384251	ssa9_83677213_83677788.maf
ssa09	LG04	17384480	17384525	ssa9_83677213_83677788.maf
ssa09	LG04	17384525	17384570	ssa9_83677213_83677788.maf
ssa09	LG04	17384570	17384586	ssa9_83677213_83677788.maf
ssa09	LG04	17384595	17384608	ssa9_83677213_83677788.maf
ssa09	LG04	17384608	17384634	ssa9_83677213_83677788.maf
ssa09	LG04	17384634	17384646	ssa9_83677213_83677788.maf
ssa09	LG04	17384651	17384729	ssa9_83677213_83677788.maf
ssa09	LG04	17584200	17584213	ssa9_84075352_84075803.maf
ssa09	LG04	17584213	17584227	ssa9_84075352_84075803.maf
ssa09	LG04	17601503	17601534	ssa9_84108944_84109947.maf
ssa09	LG04	17601552	17601564	ssa9_84108944_84109947.maf
ssa09	LG15	2515160	2515226	ssa9_8520383_8521063.maf
ssa09	LG04	19527101	19527112	ssa9_85274612_85275166.maf
ssa09	LG04	19527112	19527144	ssa9_85274612_85275166.maf
ssa09	LG04	19527144	19527158	ssa9_85274612_85275166.maf
ssa09	LG04	21353329	21353376	ssa9_85807596_85808442.maf
ssa09	LG04	21353376	21353390	ssa9_85807596_85808442.maf
ssa09	LG04	21353496	21353515	ssa9_85807596_85808442.maf
ssa09	LG04	21353515	21353534	ssa9_85807596_85808442.maf
ssa09	LG04	21266979	21267018	ssa9_86091521_86092230.maf
ssa09	LG04	21267018	21267029	ssa9_86091521_86092230.maf
ssa09	LG04	21267029	21267127	ssa9_86091521_86092230.maf
ssa09	LG04	21267365	21267400	ssa9_86091521_86092230.maf
ssa09	LG04	21261585	21261625	ssa9_86117497_86118393.maf
ssa09	LG04	21261629	21261656	ssa9_86117497_86118393.maf
ssa09	LG04	21262107	21262171	ssa9_86117497_86118393.maf
ssa09	LG04	21133416	21133430	ssa9_86397706_86398505.maf
ssa09	LG04	20494574	20494684	ssa9_87444069_87444755.maf
ssa09	LG04	20098197	20098242	ssa9_88099083_88100212.maf
ssa09	LG04	20098245	20098264	ssa9_88099083_88100212.maf
ssa09	LG04	20098528	20098538	ssa9_88099083_88100212.maf
ssa09	LG04	20098538	20098572	ssa9_88099083_88100212.maf
ssa09	LG04	20098574	20098650	ssa9_88099083_88100212.maf
ssa09	LG04	20098650	20098680	ssa9_88099083_88100212.maf
ssa09	LG04	20098680	20098739	ssa9_88099083_88100212.maf
ssa09	LG04	20098739	20098755	ssa9_88099083_88100212.maf
ssa09	LG04	18245632	18245714	ssa9_89010905_89011899.maf
ssa09	LG04	19462932	19463001	ssa9_91065716_91066509.maf
ssa09	LG04	22116834	22116852	ssa9_91967491_91968340.maf
ssa09	LG04	22116852	22116887	ssa9_91967491_91968340.maf
ssa09	LG04	23000253	23000342	ssa9_93537472_93538667.maf
ssa09	LG04	23000417	23000506	ssa9_93537472_93538667.maf
ssa09	LG04	23000539	23000572	ssa9_93537472_93538667.maf
ssa09	LG04	23024852	23024900	ssa9_93556636_93557385.maf
ssa09	LG04	23025303	23025330	ssa9_93556636_93557385.maf
ssa09	LG04	23025330	23025371	ssa9_93556636_93557385.maf
ssa09	LG04	23025542	23025562	ssa9_93556636_93557385.maf
ssa09	LG04	23025564	23025593	ssa9_93556636_93557385.maf
ssa09	LG04	23025600	23025628	ssa9_93556636_93557385.maf
ssa09	LG04	23028126	23028139	ssa9_93562875_93564242.maf
ssa09	LG04	23499683	23499786	ssa9_94225202_94225824.maf
ssa09	LG04	23499798	23499819	ssa9_94225202_94225824.maf
ssa09	LG04	23738145	23738156	ssa9_94854072_94854486.maf
ssa09	LG04	23738160	23738215	ssa9_94854072_94854486.maf
ssa09	LG04	23738215	23738244	ssa9_94854072_94854486.maf
ssa09	LG04	24359257	24359292	ssa9_95601792_95602317.maf
ssa09	LG04	24359292	24359503	ssa9_95601792_95602317.maf
ssa09	LG04	24359505	24359544	ssa9_95601792_95602317.maf
ssa09	LG04	24359544	24359556	ssa9_95601792_95602317.maf
ssa09	LG04	24359556	24359574	ssa9_95601792_95602317.maf
ssa09	LG04	24359574	24359585	ssa9_95601792_95602317.maf
ssa09	LG04	24728561	24728575	ssa9_96114236_96114715.maf
ssa09	LG04	24728575	24728630	ssa9_96114236_96114715.maf
ssa09	LG04	24728658	24728686	ssa9_96114236_96114715.maf
ssa09	LG04	24743769	24743779	ssa9_96139148_96139836.maf
ssa09	LG04	24743907	24743980	ssa9_96139148_96139836.maf
ssa09	LG04	24743988	24744092	ssa9_96139148_96139836.maf
ssa09	LG15	1745304	1745357	ssa9_9714060_9714782.maf
ssa09	LG15	1745427	1745516	ssa9_9714060_9714782.maf
ssa09	LG15	1745516	1745559	ssa9_9714060_9714782.maf
ssa09	LG15	1745559	1745595	ssa9_9714060_9714782.maf
ssa09	LG15	1715006	1715020	ssa9_9767511_9768337.maf
ssa09	LG15	1715067	1715149	ssa9_9767511_9768337.maf
ssa09	LG15	1715263	1715280	ssa9_9767511_9768337.maf
ssa09	LG15	1715280	1715472	ssa9_9767511_9768337.maf
ssa09	LG15	1715538	1715583	ssa9_9767511_9768337.maf
